CAN ID,DLC,DATA[0],DATA[1],DATA[2],DATA[3],DATA[4],DATA[5],DATA[6],DATA[7],Flag
14,8,32,82,150,2,8,9,117,184,0
339,8,0,0,0,4,0,12,0,4,0
661,8,0,0,0,0,0,0,0,64,0
1634,8,78,224,0,0,64,0,0,0,0
412,8,8,246,32,0,2,0,40,192,0
208,8,34,119,4,96,248,0,0,0,0
51,8,0,7,192,0,13,0,7,208,0
628,8,0,242,36,251,80,124,129,221,0
192,8,0,0,0,0,0,0,0,0,0
778,8,64,45,80,1,211,42,50,0,0
403,8,0,8,8,3,232,136,0,0,0
526,8,78,32,3,160,0,63,111,255,0
1314,8,223,127,209,172,77,200,223,156,0
870,8,127,221,200,2,1,71,206,120,0
852,8,31,255,64,0,0,3,250,0,0
1505,8,137,63,224,11,10,0,0,128,0
651,8,0,0,0,0,0,0,0,0,0
1408,8,0,0,0,3,180,136,0,0,0
1076,8,3,130,160,160,0,0,0,0,0
1760,8,0,0,0,0,0,0,0,0,0
167,8,32,16,250,36,209,43,128,160,0
692,8,20,233,149,0,0,0,88,0,0
458,8,63,241,255,128,0,0,12,56,0
452,8,0,0,2,0,1,0,0,0,0
676,8,54,220,0,28,4,8,152,208,0
1176,8,135,255,191,252,238,128,0,14,0
813,8,128,0,4,32,172,1,0,32,0
1277,8,17,95,10,78,127,18,71,136,0
560,8,155,0,26,194,148,0,18,0,0
1694,8,4,64,4,127,31,192,19,226,0
293,8,144,0,64,159,66,190,49,96,0
14,8,32,82,150,2,8,9,117,178,0
208,8,42,119,4,96,247,0,0,0,0
51,8,0,7,184,0,13,64,7,208,0
1399,8,0,0,8,0,0,0,1,26,0
263,8,0,0,0,0,0,0,0,0,0
1760,8,0,0,0,0,0,0,0,0,0
737,8,0,0,0,0,0,0,0,4,0
852,8,31,255,64,0,0,3,235,0,0
1505,8,137,63,224,11,10,0,0,128,0
354,8,0,8,0,3,234,17,244,206,0
167,8,32,16,250,36,209,43,128,160,0
675,8,0,0,0,3,254,128,78,0,0
293,8,144,0,64,159,66,190,19,96,0
622,8,1,6,64,130,137,14,10,4,0
14,8,32,82,150,2,8,9,117,178,0
961,8,123,85,31,187,48,244,169,46,0
339,8,0,0,0,4,0,12,0,4,0
1634,8,78,224,0,0,64,0,0,0,0
412,8,12,242,32,0,2,0,40,192,0
208,8,50,119,4,96,246,0,0,0,0
51,8,0,7,176,0,13,128,7,208,0
628,8,0,242,38,249,80,124,129,221,0
192,8,0,0,0,0,0,0,0,0,0
37,8,0,0,2,136,64,62,34,1,0
403,8,0,8,8,3,232,136,0,0,0
526,8,78,32,3,160,0,63,143,255,0
1314,8,223,127,209,172,77,80,222,220,0
852,8,31,255,64,0,0,3,220,0,0
1505,8,137,63,224,11,10,0,0,128,0
651,8,0,0,0,0,0,0,0,0,0
870,8,127,221,200,2,1,71,206,120,0
1408,8,0,0,0,3,173,8,0,0,0
1076,8,3,170,160,160,0,0,0,0,0
1760,8,0,0,0,0,0,0,0,0,0
1788,8,0,0,7,91,18,183,88,32,0
167,8,32,16,250,36,209,43,128,160,0
569,8,0,0,0,125,0,0,66,0,0
1176,8,135,255,191,252,237,128,0,15,0
560,8,154,0,26,194,148,0,20,0,0
1694,8,4,64,4,127,32,0,19,226,0
293,8,144,0,64,159,66,189,245,96,0
14,8,32,82,150,2,8,9,117,172,0
661,8,0,0,0,0,0,0,0,64,0
208,8,58,119,4,96,245,0,0,0,0
51,8,0,7,168,0,13,192,7,208,0
263,8,0,0,0,0,0,0,0,0,0
186,8,5,216,147,132,16,0,6,30,0
215,8,0,0,2,0,128,0,0,0,0
1760,8,0,0,0,0,0,0,0,0,0
737,8,0,0,0,0,0,0,0,4,0
852,8,31,255,64,0,0,3,220,0,0
1505,8,137,63,224,11,10,0,0,128,0
354,8,0,8,0,3,234,17,244,206,0
167,8,32,16,250,36,209,43,128,160,0
1175,8,0,0,0,0,0,0,0,0,0
293,8,144,0,64,159,66,189,215,96,0
14,8,32,82,150,2,8,9,117,184,0
738,8,24,8,13,64,64,0,1,24,0
837,8,5,2,2,194,60,119,64,129,0
1072,8,0,48,68,139,224,128,16,160,0
304,8,0,1,80,0,0,0,0,0,0
339,8,0,0,0,4,0,12,0,4,0
1634,8,78,224,0,0,64,0,0,0,0
412,8,16,238,32,0,2,0,40,192,0
208,8,66,119,4,96,244,0,0,0,0
51,8,0,7,160,0,14,0,7,208,0
628,8,0,242,40,247,80,124,129,221,0
192,8,0,0,0,0,0,0,0,0,0
403,8,0,8,8,3,232,136,0,0,0
526,8,78,32,3,160,0,63,143,255,0
1314,8,223,127,209,172,76,216,222,28,0
870,8,127,221,200,2,1,71,206,120,0
852,8,31,255,64,0,0,3,212,128,0
1505,8,137,63,224,11,10,0,0,128,0
651,8,0,0,0,0,0,0,0,0,0
1408,8,0,0,0,3,165,136,0,0,0
1076,8,3,202,160,160,0,0,0,0,0
961,8,123,85,31,187,111,245,105,46,0
1760,8,0,0,0,0,0,0,0,0,0
167,8,32,16,250,36,193,43,128,160,0
722,8,0,0,24,0,0,0,0,0,0
1176,8,135,255,191,252,252,128,0,0,0
1124,8,0,2,64,0,0,144,26,147,0
560,8,153,0,26,194,148,0,22,0,0
244,8,154,12,1,2,4,177,2,64,0
1694,8,4,64,4,127,31,192,19,226,0
293,8,144,0,64,159,66,189,185,96,0
14,8,32,82,150,2,8,9,117,184,0
208,8,74,119,4,96,243,0,0,0,0
51,8,0,7,152,0,14,64,7,208,0
263,8,0,0,0,0,0,0,0,0,0
813,8,128,0,4,32,172,1,0,32,0
1760,8,0,0,0,0,0,0,0,0,0
1277,8,17,94,10,78,125,18,71,136,0
737,8,0,0,0,0,0,0,0,4,0
852,8,31,255,64,0,0,3,197,128,0
1505,8,137,63,224,11,10,0,0,128,0
354,8,0,8,0,3,234,17,244,206,0
167,8,32,16,250,36,193,43,128,160,0
293,8,144,0,64,159,66,189,155,96,0
1644,8,0,64,0,0,24,0,0,0,0
14,8,32,82,150,2,8,9,117,178,0
1255,8,0,0,0,20,3,103,0,0,0
339,8,0,0,0,4,0,12,0,4,0
661,8,0,0,0,0,0,0,0,64,0
1634,8,78,224,0,0,64,0,0,0,0
1668,8,76,213,128,25,65,84,16,30,0
1590,8,36,156,0,0,240,0,0,0,0
727,8,16,0,71,32,0,0,0,8,0
412,8,20,234,32,0,2,0,40,192,0
403,8,0,8,8,3,232,136,0,0,0
526,8,78,32,3,160,0,63,143,255,0
1314,8,223,127,209,172,76,96,221,92,0
208,8,82,119,4,96,242,0,0,0,0
852,8,31,255,64,0,0,3,197,128,0
1413,8,0,64,0,0,0,2,0,24,0
1505,8,137,63,224,11,10,0,0,128,0
651,8,0,0,0,0,0,0,0,0,0
51,8,0,7,144,0,14,128,7,208,0
628,8,0,242,42,245,80,124,129,221,0
870,8,127,221,200,2,1,71,206,120,0
1408,8,0,0,0,3,158,8,0,0,0
1076,8,3,234,160,160,0,0,0,0,0
1760,8,0,0,0,0,0,0,0,0,0
192,8,0,0,0,0,0,0,0,0,0
167,8,32,16,250,36,193,43,128,160,0
1031,8,64,0,223,240,20,192,189,224,0
60,8,0,0,4,0,42,0,0,0,0
1176,8,135,255,191,252,251,128,0,1,0
996,8,0,208,0,0,133,0,0,0,0
1694,8,4,64,4,127,32,0,20,2,0
1628,8,64,8,162,117,48,0,0,0,0
293,8,144,0,64,159,66,189,125,96,0
519,8,4,4,224,88,42,222,181,24,0
1225,8,1,249,21,130,13,2,246,75,0
470,8,2,11,128,128,48,36,5,128,0
1399,8,0,0,8,0,0,0,1,26,0
560,8,152,0,26,194,148,0,24,0,0
14,8,32,82,150,2,8,9,117,178,0
961,8,123,85,31,188,46,181,233,46,0
705,8,1,243,143,199,201,158,75,176,0
208,8,90,119,4,96,241,0,0,0,0
51,8,0,7,136,0,14,192,7,208,0
263,8,0,0,0,0,0,0,0,0,0
186,8,5,216,147,132,16,0,6,30,0
1760,8,0,0,0,0,0,0,0,0,0
737,8,0,0,0,0,0,0,0,4,0
852,8,31,255,64,0,0,3,190,0,0
1505,8,137,63,224,11,10,0,0,128,0
354,8,0,8,0,3,234,17,244,206,0
167,8,32,16,250,36,209,43,128,160,0
293,8,144,0,64,159,66,189,95,96,0
1227,8,128,0,0,0,0,0,0,0,0
640,8,24,224,2,112,0,0,0,0,0
6,8,8,0,0,100,0,0,0,0,0
14,8,32,82,150,2,8,9,117,178,0
339,8,0,0,0,4,0,12,0,4,0
1634,8,78,224,0,0,64,0,0,0,0
412,8,24,230,32,0,2,0,40,192,0
208,8,98,119,4,96,240,0,0,0,0
51,8,0,7,128,0,15,0,7,208,0
628,8,0,242,44,243,80,124,129,221,0
192,8,0,0,0,0,0,0,0,0,0
403,8,0,8,8,3,232,136,0,0,0
526,8,78,32,3,160,0,63,143,255,0
1314,8,223,127,209,172,75,232,220,92,0
870,8,127,221,200,2,1,71,206,120,0
852,8,31,255,64,0,0,3,190,0,0
1505,8,137,63,224,11,10,0,0,128,0
651,8,0,0,0,0,0,0,0,0,0
1408,8,0,0,0,3,150,136,0,0,0
1076,8,4,10,160,160,0,0,0,0,0
1760,8,0,0,0,0,0,0,0,0,0
167,8,32,16,250,36,209,43,128,160,0
61,8,0,0,1,128,0,0,0,0,0
1176,8,135,255,191,252,250,128,0,2,0
560,8,151,0,26,194,148,0,26,0,0
1694,8,4,64,4,127,31,192,20,2,0
293,8,144,0,64,159,66,191,33,96,0
14,8,32,82,150,2,8,9,117,172,0
661,8,0,0,0,0,0,0,0,64,0
208,8,106,119,4,96,239,0,0,0,0
51,8,0,7,120,0,15,64,7,208,0
263,8,0,0,0,0,0,0,0,0,0
1459,8,4,0,0,0,0,0,4,0,0
1760,8,0,0,0,0,0,0,0,0,0
737,8,0,0,0,0,0,0,0,4,0
852,8,31,255,64,0,0,3,175,0,0
1505,8,137,63,224,11,10,0,0,128,0
354,8,0,8,0,3,234,17,244,206,0
167,8,32,16,250,36,193,43,128,160,0
961,8,123,85,31,186,175,118,169,46,0
1372,8,16,27,0,0,65,130,48,0,0
293,8,144,0,64,159,66,191,3,96,0
14,8,32,82,150,2,8,9,117,172,0
339,8,0,0,0,4,0,12,0,4,0
1634,8,78,224,0,0,64,0,0,0,0
412,8,28,226,32,0,2,0,40,192,0
208,8,114,119,4,96,238,0,0,0,0
51,8,0,7,112,0,15,128,7,208,0
628,8,0,242,46,241,80,124,129,221,0
192,8,0,0,0,0,0,0,0,0,0
778,8,64,45,80,1,211,44,50,0,0
813,8,128,0,4,32,172,1,0,32,0
403,8,0,8,8,3,232,136,0,0,0
1277,8,17,101,10,78,135,19,71,136,0
526,8,78,31,255,160,0,63,143,255,0
1314,8,223,127,209,168,206,240,219,156,0
852,8,31,255,64,0,0,4,24,0,0
1505,8,137,63,224,11,10,0,0,128,0
651,8,0,0,0,0,0,0,0,0,0
870,8,127,221,200,2,1,71,206,120,0
1408,8,0,0,0,3,143,8,0,0,0
1076,8,4,42,160,160,0,0,0,0,0
1760,8,0,0,0,0,0,0,0,0,0
167,8,32,16,250,36,193,43,128,160,0
692,8,20,233,149,0,0,0,88,0,0
458,8,63,241,255,128,0,0,12,56,0
1176,8,135,255,191,252,249,128,0,3,0
560,8,150,0,26,194,148,0,28,0,0
1694,8,4,64,4,127,31,192,19,226,0
293,8,144,0,64,159,66,190,229,96,0
14,8,32,82,150,2,8,9,117,178,0
208,8,122,119,4,96,237,0,0,0,0
51,8,0,7,104,0,15,192,7,208,0
1399,8,0,0,8,0,0,0,1,32,0
263,8,0,0,0,0,0,0,0,0,0
186,8,5,216,150,132,16,0,6,30,0
1760,8,0,0,0,0,0,0,0,0,0
737,8,0,0,0,0,0,0,0,4,0
852,8,31,255,64,0,0,4,24,0,0
1505,8,137,63,224,11,10,0,0,128,0
354,8,0,8,0,3,234,17,244,206,0
167,8,32,16,250,36,209,43,128,160,0
675,8,0,0,0,3,254,128,79,128,0
622,8,1,6,64,130,137,14,10,4,0
293,8,144,0,64,159,66,190,199,96,0
14,8,32,82,150,2,8,9,117,178,0
961,8,123,85,31,187,46,119,41,46,0
339,8,0,0,0,4,0,12,0,4,0
661,8,0,0,0,0,0,0,0,64,0
1634,8,78,224,0,0,64,0,0,0,0
412,8,0,254,32,0,2,0,40,192,0
208,8,2,119,4,96,252,0,0,0,0
51,8,0,7,224,0,12,0,7,208,0
628,8,0,242,32,255,80,124,129,221,0
192,8,0,0,0,0,0,0,0,0,0
403,8,0,8,8,3,232,136,0,0,0
526,8,78,32,3,160,0,63,143,255,0
1314,8,223,127,209,168,206,120,219,28,0
870,8,127,221,200,2,1,71,206,120,0
852,8,31,255,64,0,0,4,16,128,0
1505,8,137,63,224,11,10,0,0,128,0
651,8,0,0,0,0,0,0,0,0,0
1408,8,0,0,0,3,135,136,0,0,0
1076,8,4,74,160,160,0,0,0,0,0
1760,8,0,0,0,0,0,0,0,0,0
1788,8,0,0,7,91,50,183,88,32,0
167,8,32,16,250,36,209,43,128,160,0
569,8,0,0,0,125,0,0,66,32,0
1176,8,135,255,191,252,248,128,0,4,0
560,8,156,0,26,138,156,0,30,0,0
1694,8,4,64,4,127,31,192,19,226,0
293,8,144,0,64,159,66,190,169,96,0
14,8,32,82,150,2,8,9,117,190,0
215,8,0,0,2,0,128,0,0,0,0
208,8,10,119,4,96,251,0,0,0,0
51,8,0,7,216,0,12,64,7,208,0
263,8,0,0,0,0,0,0,0,0,0
1760,8,0,0,0,0,0,0,0,0,0
737,8,0,0,0,0,0,0,0,4,0
852,8,31,255,64,0,0,4,1,128,0
1505,8,137,63,224,11,10,0,0,128,0
354,8,0,8,0,3,234,17,244,206,0
167,8,32,16,250,36,209,43,128,160,0
692,8,20,233,150,0,0,0,88,0,0
1175,8,0,0,0,0,0,0,0,0,0
293,8,144,0,64,159,66,190,139,96,0
14,8,32,82,150,2,8,9,117,196,0
738,8,24,8,13,64,64,0,1,24,0
837,8,5,2,2,194,60,119,64,129,0
1072,8,0,48,68,139,224,128,16,160,0
304,8,0,1,80,0,0,0,0,0,0
339,8,0,0,0,4,0,12,0,4,0
1634,8,78,224,0,0,64,0,0,0,0
412,8,4,250,32,0,2,0,40,192,0
208,8,18,119,4,96,250,0,0,0,0
51,8,0,7,208,0,12,128,7,208,0
628,8,0,242,34,253,80,124,129,221,0
192,8,0,0,0,0,0,0,0,0,0
403,8,0,8,8,3,232,136,0,0,0
526,8,78,32,3,160,0,63,143,255,0
1314,8,223,127,209,168,213,128,218,156,0
870,8,127,221,200,2,1,71,206,120,0
852,8,31,255,64,0,0,4,1,128,0
1505,8,137,63,224,11,10,0,0,128,0
651,8,0,0,0,0,0,0,0,0,0
1408,8,0,0,0,3,248,8,0,0,0
1076,8,4,104,0,160,0,0,0,0,0
961,8,123,85,31,187,109,119,233,46,0
1760,8,0,0,0,0,0,0,0,0,0
167,8,32,16,250,36,193,43,128,160,0
722,8,0,0,32,0,0,0,0,0,0
1176,8,135,255,191,252,247,128,0,5,0
1124,8,0,2,64,0,0,144,25,148,0
560,8,171,0,26,138,156,0,0,0,0
244,8,154,12,1,2,4,177,2,64,0
1694,8,4,64,4,127,31,192,19,226,0
293,8,144,0,64,159,66,190,109,96,0
14,8,32,82,150,2,8,9,117,228,0
661,8,0,0,0,0,0,0,0,64,0
208,8,26,119,4,96,249,0,0,0,0
51,8,0,7,200,0,12,192,7,208,0
263,8,0,0,0,0,0,0,0,0,0
186,8,5,232,151,4,16,0,6,30,0
1307,8,40,66,169,202,58,145,137,65,0
813,8,128,0,4,32,172,1,0,32,0
1760,8,0,0,0,0,0,0,0,0,0
1277,8,17,117,10,78,157,22,71,136,0
737,8,0,0,0,0,0,0,0,4,0
852,8,31,255,64,0,0,3,250,0,0
1505,8,137,63,224,11,10,0,0,128,0
354,8,0,8,0,3,234,17,244,206,0
167,8,32,16,250,36,193,43,128,160,0
293,8,144,0,64,159,66,190,79,96,0
1644,8,0,64,0,0,24,0,0,0,0
14,8,32,82,150,2,8,9,117,196,0
1255,8,0,0,0,20,3,103,0,0,0
339,8,0,0,0,4,0,12,0,4,0
1634,8,78,224,0,0,64,0,0,0,0
1668,8,76,213,128,25,65,84,16,30,0
1590,8,36,156,0,0,240,0,0,0,0
727,8,16,0,71,232,0,0,0,8,0
412,8,8,246,32,0,2,0,40,192,0
208,8,34,119,4,96,248,0,0,0,0
403,8,0,8,8,3,232,136,0,0,0
526,8,78,32,3,160,0,63,143,255,0
1314,8,223,127,209,168,213,8,218,28,0
51,8,0,7,192,0,13,0,7,208,0
1413,8,0,64,0,0,0,2,0,24,0
852,8,31,255,64,0,0,3,250,0,0
1505,8,137,63,224,11,10,0,0,128,0
651,8,0,0,0,0,0,0,0,0,0
628,8,0,242,36,251,80,124,129,221,0
870,8,127,221,200,2,1,71,206,120,0
1408,8,0,0,0,3,240,136,0,0,0
192,8,0,0,0,0,0,0,0,0,0
1076,8,0,136,224,160,0,0,0,0,0
167,8,32,16,250,36,209,43,128,160,0
1760,8,0,0,0,0,0,0,0,0,0
1031,8,64,0,223,240,20,192,189,224,0
60,8,0,0,4,0,40,0,0,0,0
1176,8,135,255,191,252,246,128,0,6,0
996,8,0,208,0,0,133,0,0,0,0
1628,8,64,8,162,117,48,0,0,0,0
519,8,4,4,96,72,42,222,181,24,0
1225,8,1,249,21,130,13,2,246,75,0
1694,8,4,64,4,127,31,192,20,2,0
293,8,144,0,64,159,66,190,49,96,0
470,8,2,15,130,128,48,36,5,128,0
1399,8,0,0,8,0,0,0,1,32,0
560,8,170,0,26,138,156,0,2,0,0
14,8,32,82,150,2,8,9,117,178,0
961,8,123,85,31,187,236,120,105,46,0
208,8,42,119,4,96,247,0,0,0,0
51,8,0,7,184,0,13,64,7,208,0
263,8,0,0,0,0,0,0,0,0,0
1760,8,0,0,0,0,0,0,0,0,0
737,8,0,0,0,0,0,0,0,4,0
852,8,31,255,64,0,0,3,235,0,0
1505,8,137,63,224,11,10,0,0,128,0
354,8,0,8,0,3,234,17,244,206,0
167,8,32,16,250,36,209,43,128,160,0
705,8,1,243,111,199,200,158,61,196,0
293,8,144,0,64,159,66,190,19,96,0
1398,8,127,248,0,0,63,252,31,192,0
14,8,32,82,150,2,8,9,117,190,0
339,8,0,0,0,4,0,12,0,4,0
661,8,0,0,0,0,0,0,0,64,0
1634,8,78,224,0,0,64,0,0,0,0
412,8,12,242,32,0,2,0,40,192,0
208,8,50,119,4,96,246,0,0,0,0
51,8,0,7,176,0,13,128,7,208,0
628,8,0,242,38,249,80,124,129,221,0
192,8,0,0,0,0,0,0,0,0,0
403,8,0,8,8,3,232,136,0,0,0
526,8,78,32,3,160,0,63,143,247,0
1314,8,223,127,209,164,216,144,217,156,0
870,8,127,221,200,2,1,71,206,120,0
852,8,31,255,64,0,0,3,220,0,0
1505,8,137,63,224,11,10,0,0,128,0
651,8,0,0,0,0,0,0,0,0,0
1408,8,0,0,0,3,233,8,0,0,0
1076,8,0,168,224,160,0,0,0,0,0
1760,8,0,0,0,0,0,0,0,0,0
167,8,32,16,250,36,193,43,128,160,0
61,8,0,0,1,128,0,0,0,0,0
1176,8,135,255,191,252,245,128,0,7,0
560,8,177,0,26,74,156,0,4,0,0
1694,8,4,64,4,127,31,192,20,2,0
293,8,144,0,64,159,66,189,245,96,0
14,8,32,82,150,2,8,9,117,178,0
208,8,58,119,4,96,245,0,0,0,0
51,8,0,7,168,0,13,192,7,208,0
263,8,0,0,0,0,0,0,0,0,0
186,8,5,232,151,196,16,0,6,30,0
1459,8,4,0,0,0,0,0,4,0,0
1760,8,0,0,0,0,0,0,0,0,0
737,8,0,0,0,0,0,0,0,4,0
852,8,31,255,64,0,0,3,220,0,0
1505,8,137,63,224,11,10,0,0,128,0
354,8,0,8,0,3,234,17,244,206,0
167,8,32,16,250,36,193,43,128,160,0
961,8,123,85,31,188,43,121,41,46,0
293,8,144,0,64,159,66,189,215,96,0
14,8,32,82,150,2,8,9,117,178,0
339,8,0,0,0,4,0,12,0,4,0
1634,8,78,224,0,0,64,0,0,0,0
412,8,16,238,32,0,2,0,40,192,0
208,8,66,119,4,96,244,0,0,0,0
51,8,0,7,160,0,14,0,7,208,0
628,8,0,242,40,247,80,124,129,221,0
192,8,0,0,0,0,0,0,0,0,0
813,8,128,0,4,32,172,1,0,32,0
403,8,0,8,8,3,232,136,0,0,0
1277,8,17,99,10,78,133,18,199,136,0
526,8,78,32,3,160,0,63,79,247,0
1314,8,223,127,209,161,91,152,217,28,0
852,8,31,255,64,0,0,3,212,128,0
1505,8,137,63,224,11,10,0,0,128,0
651,8,0,0,0,0,0,0,0,0,0
870,8,127,221,200,2,1,71,206,120,0
1408,8,0,0,0,3,225,136,0,0,0
1076,8,0,199,32,160,0,0,0,0,0
1760,8,0,0,0,0,0,0,0,0,0
167,8,32,16,250,36,193,43,128,160,0
692,8,20,233,150,0,0,0,88,0,0
458,8,63,241,255,128,0,0,12,56,0
560,8,183,0,26,18,156,0,6,0,0
1176,8,135,255,191,252,244,128,0,8,0
1694,8,4,64,4,127,31,192,20,34,0
293,8,144,0,64,159,66,189,185,96,0
14,8,32,82,150,2,8,9,117,178,0
661,8,0,0,0,0,0,0,0,64,0
208,8,74,119,4,96,243,0,0,0,0
51,8,0,7,152,0,14,64,7,208,0
263,8,0,0,0,0,0,0,0,0,0
1399,8,0,0,8,0,0,0,1,36,0
1760,8,0,0,0,0,0,0,0,0,0
737,8,0,0,0,0,0,0,0,4,0
852,8,31,255,64,0,0,3,197,128,0
1505,8,137,63,224,11,10,0,0,128,0
354,8,0,8,0,3,234,17,244,206,0
167,8,32,16,250,36,193,43,128,160,0
675,8,0,0,0,3,254,128,84,0,0
293,8,144,0,64,159,66,189,155,96,0
622,8,1,6,64,130,137,14,10,4,0
14,8,32,82,150,2,8,9,117,178,0
961,8,123,85,31,187,107,185,169,46,0
339,8,0,0,0,4,0,12,0,4,0
1634,8,78,224,0,0,64,0,0,0,0
412,8,20,234,32,0,2,0,40,192,0
208,8,82,119,4,96,242,0,0,0,0
51,8,0,7,144,0,14,128,7,208,0
628,8,0,242,42,245,80,124,129,221,0
192,8,0,0,0,0,0,0,0,0,0
403,8,0,8,8,3,232,136,0,0,0
526,8,78,32,3,160,0,63,111,255,0
1314,8,223,127,209,161,91,32,216,156,0
852,8,31,255,64,0,0,3,197,128,0
1505,8,137,63,224,11,10,0,0,128,0
651,8,0,0,0,0,0,0,0,0,0
870,8,127,221,200,2,1,71,206,120,0
1408,8,0,0,0,3,218,8,0,0,0
1076,8,0,231,0,160,0,0,0,0,0
1760,8,0,0,0,0,0,0,0,0,0
1788,8,0,0,7,92,82,183,88,32,0
167,8,32,16,250,36,209,43,128,160,0
569,8,0,0,0,125,0,0,66,32,0
1176,8,135,255,191,252,243,128,0,9,0
560,8,182,0,26,18,156,0,8,0,0
1694,8,4,64,4,127,31,192,20,34,0
293,8,144,0,64,159,66,189,125,96,0
14,8,32,82,150,2,8,9,117,178,0
215,8,0,0,2,0,128,0,0,0,0
208,8,90,119,4,96,241,0,0,0,0
51,8,0,7,136,0,14,192,7,208,0
263,8,0,0,0,0,0,0,0,0,0
186,8,5,232,152,68,16,0,6,30,0
1760,8,0,0,0,0,0,0,0,0,0
737,8,0,0,0,0,0,0,0,4,0
852,8,31,255,64,0,0,3,190,0,0
1505,8,137,63,224,11,10,0,0,128,0
354,8,0,8,0,3,234,17,244,206,0
167,8,32,16,250,36,193,43,128,160,0
695,8,0,32,40,64,0,0,128,64,0
1175,8,0,0,0,0,0,0,0,0,0
293,8,144,0,64,159,66,189,95,96,0
14,8,32,82,150,2,8,9,117,184,0
738,8,24,8,13,64,64,0,1,24,0
837,8,5,2,2,194,60,119,64,129,0
1072,8,0,48,68,139,224,128,16,160,0
304,8,0,1,80,0,0,0,0,0,0
339,8,0,0,0,4,0,12,0,4,0
661,8,0,0,0,0,0,0,0,64,0
1634,8,78,224,0,0,64,0,0,0,0
412,8,24,230,32,0,2,0,40,192,0
208,8,98,119,4,96,240,0,0,0,0
51,8,0,7,128,0,15,0,7,208,0
628,8,0,242,44,243,80,124,129,221,0
192,8,0,0,0,0,0,0,0,0,0
403,8,0,8,8,3,232,136,0,0,0
526,8,78,31,255,160,0,63,111,255,0
1314,8,223,127,209,161,90,168,216,28,0
870,8,127,221,200,2,1,71,206,120,0
852,8,31,255,64,0,0,3,190,0,0
1505,8,137,63,224,11,10,0,0,128,0
651,8,0,0,0,0,0,0,0,0,0
1408,8,0,0,0,3,210,136,0,0,0
1076,8,1,5,160,160,0,0,0,0,0
961,8,123,85,31,186,235,122,105,46,0
1760,8,0,0,0,0,0,0,0,0,0
167,8,32,16,250,36,193,43,128,160,0
722,8,0,0,40,0,0,0,0,0,0
1372,8,16,27,0,0,65,130,48,0,0
1176,8,135,255,191,252,242,128,0,10,0
1124,8,0,2,64,0,0,144,24,149,0
560,8,181,0,26,18,156,0,10,0,0
244,8,154,12,1,2,4,177,2,64,0
1694,8,4,64,4,127,31,192,20,34,0
293,8,144,0,64,159,66,191,33,96,0
14,8,32,82,150,2,8,9,117,190,0
208,8,106,119,4,96,239,0,0,0,0
51,8,0,7,120,0,15,64,7,208,0
263,8,0,0,0,0,0,0,0,0,0
452,8,0,0,2,0,1,64,0,0,0
676,8,78,30,1,28,4,8,152,208,0
813,8,128,0,4,32,172,1,0,32,0
1760,8,0,0,0,0,0,0,0,0,0
1277,8,17,112,10,78,149,21,72,8,0
737,8,0,0,0,0,0,0,0,4,0
852,8,31,255,64,0,0,3,175,0,0
1505,8,137,63,224,11,10,0,0,128,0
354,8,0,8,0,3,234,17,244,206,0
167,8,32,16,250,36,209,43,128,160,0
683,8,164,208,201,215,226,215,202,255,0
1751,8,65,2,207,2,112,7,34,60,0
293,8,144,0,64,159,66,191,3,96,0
300,8,121,6,224,0,0,1,253,208,0
1644,8,0,64,0,0,24,0,0,0,0
14,8,32,82,150,2,8,9,117,190,0
1255,8,0,0,0,20,3,103,0,0,0
339,8,0,0,0,4,0,12,0,4,0
1634,8,78,224,0,0,64,0,0,0,0
1668,8,76,213,128,25,65,84,16,30,0
1590,8,36,156,0,0,240,0,0,0,0
727,8,16,0,72,184,0,0,0,8,0
412,8,28,226,32,0,2,0,40,192,0
208,8,114,119,4,96,238,0,0,0,0
403,8,0,8,8,3,232,136,0,0,0
526,8,78,32,3,160,0,63,79,255,0
1314,8,223,127,209,161,90,48,215,156,0
51,8,0,7,112,0,15,128,7,208,0
1413,8,0,64,0,0,0,2,0,24,0
852,8,31,255,64,0,0,4,24,0,0
1505,8,137,63,224,11,10,0,0,128,0
651,8,0,0,0,0,0,0,0,0,0
628,8,0,242,46,241,80,124,129,221,0
870,8,127,221,200,2,1,71,206,120,0
1408,8,0,0,0,3,203,8,0,0,0
192,8,0,0,0,0,0,0,0,0,0
1076,8,1,38,32,160,0,0,0,0,0
167,8,32,16,250,36,209,43,128,160,0
1760,8,0,0,0,0,0,0,0,0,0
1031,8,64,0,223,240,20,192,189,224,0
60,8,0,0,4,0,41,0,0,0,0
1176,8,135,255,191,252,241,128,0,11,0
996,8,0,208,0,0,133,0,0,0,0
1628,8,64,8,162,117,48,0,0,0,0
519,8,4,4,96,72,42,222,181,24,0
1225,8,1,249,21,130,13,2,246,75,0
1694,8,4,64,4,127,31,192,20,66,0
293,8,144,0,64,159,66,190,229,96,0
470,8,6,11,128,128,48,36,5,128,0
1399,8,0,0,8,0,0,0,1,36,0
560,8,180,0,26,18,156,0,12,0,0
14,8,32,82,150,2,8,9,117,190,0
961,8,123,85,31,187,42,186,233,46,0
661,8,0,0,0,0,0,0,0,64,0
208,8,122,119,4,96,237,0,0,0,0
51,8,0,7,104,0,15,192,7,208,0
263,8,0,0,0,0,0,0,0,0,0
186,8,5,232,152,68,16,0,6,30,0
1760,8,0,0,0,0,0,0,0,0,0
737,8,0,0,0,0,0,0,0,4,0
852,8,31,255,64,0,0,4,24,0,0
1505,8,137,63,224,11,10,0,0,128,0
354,8,0,8,0,3,234,17,244,206,0
167,8,32,16,250,36,209,43,128,160,0
293,8,144,0,64,159,66,190,199,96,0
1227,8,128,0,0,0,0,0,0,0,0
640,8,24,224,2,112,0,0,0,0,0
14,8,32,82,150,2,8,9,117,184,0
705,8,1,243,79,199,200,158,43,216,0
339,8,0,0,0,4,0,12,0,4,0
1634,8,78,224,0,0,64,0,0,0,0
412,8,0,254,32,0,2,0,40,192,0
208,8,2,119,4,96,252,0,0,0,0
51,8,0,7,224,0,12,0,7,208,0
628,8,0,242,32,255,80,124,129,221,0
192,8,0,0,0,0,0,0,0,0,0
403,8,0,8,8,3,232,136,0,0,0
526,8,78,32,3,160,0,63,111,247,0
1314,8,223,127,209,157,93,184,214,220,0
870,8,127,221,200,2,1,71,206,120,0
852,8,31,255,64,0,0,4,16,128,0
1505,8,137,63,224,11,10,0,0,128,0
651,8,0,0,0,0,0,0,0,0,0
1408,8,0,0,0,3,195,136,0,0,0
1076,8,1,70,128,160,0,0,0,0,0
1760,8,0,0,0,0,0,0,0,0,0
167,8,32,16,250,36,209,43,128,160,0
61,8,0,0,1,128,0,0,0,0,0
1176,8,135,255,191,252,240,128,0,12,0
560,8,179,0,26,18,156,0,14,0,0
1694,8,4,64,4,127,31,192,20,66,0
293,8,144,0,64,159,66,190,169,96,0
14,8,32,82,150,2,8,9,117,184,0
208,8,10,119,4,96,251,0,0,0,0
51,8,0,7,216,0,12,64,7,208,0
263,8,0,0,0,0,0,0,0,0,0
1459,8,4,0,0,0,0,0,4,0,0
1760,8,0,0,0,0,0,0,0,0,0
737,8,0,0,0,0,0,0,0,4,0
852,8,31,255,64,0,0,4,1,128,0
1505,8,137,63,224,11,10,0,0,128,0
354,8,0,8,0,3,234,17,244,206,0
167,8,32,16,250,36,209,43,128,160,0
961,8,123,85,31,186,234,59,169,46,0
1649,8,231,135,251,213,219,221,191,250,0
293,8,144,0,64,159,66,190,139,96,0
14,8,32,82,150,2,8,9,117,190,0
339,8,0,0,0,4,0,12,0,4,0
661,8,0,0,0,0,0,0,0,64,0
1634,8,78,224,0,0,64,0,0,0,0
412,8,4,250,32,0,2,0,40,192,0
208,8,18,119,4,96,250,0,0,0,0
51,8,0,7,208,0,12,128,7,208,0
628,8,0,242,34,253,80,124,129,221,0
192,8,0,0,0,0,0,0,0,0,0
813,8,128,0,4,32,172,1,0,32,0
403,8,0,8,8,3,232,136,0,0,0
526,8,78,32,3,160,0,63,143,247,0
1314,8,223,127,209,157,93,64,214,92,0
870,8,127,221,200,2,1,71,206,120,0
852,8,31,255,64,0,0,4,1,128,0
1505,8,137,63,224,11,10,0,0,128,0
651,8,0,0,0,0,0,0,0,0,0
1408,8,0,0,0,3,188,8,0,0,0
1076,8,1,104,96,160,0,0,0,0,0
1760,8,0,0,0,0,0,0,0,0,0
167,8,32,16,250,36,193,43,128,160,0
692,8,20,233,150,0,0,0,88,0,0
458,8,63,241,255,128,0,0,12,56,0
1176,8,135,255,191,252,239,128,0,13,0
1277,8,17,99,10,78,133,19,72,8,0
560,8,186,0,25,210,156,0,16,0,0
1533,8,189,221,253,241,126,255,237,218,0
1694,8,4,64,4,127,31,192,20,66,0
293,8,144,0,64,159,66,190,109,96,0
14,8,32,82,150,2,8,9,117,178,0
208,8,26,119,4,96,249,0,0,0,0
51,8,0,7,200,0,12,192,7,208,0
1399,8,0,0,8,0,0,0,1,38,0
263,8,0,0,0,0,0,0,0,0,0
186,8,5,248,155,132,16,0,6,30,0
241,8,62,16,28,192,3,89,204,0,0
1760,8,0,0,0,0,0,0,0,0,0
737,8,0,0,0,0,0,0,0,4,0
852,8,31,255,64,0,0,3,250,0,0
1505,8,137,63,224,11,10,0,0,128,0
354,8,0,8,0,3,234,17,244,206,0
167,8,32,16,250,36,193,43,128,160,0
675,8,0,0,0,3,254,128,90,0,0
622,8,1,6,64,130,137,14,10,4,0
293,8,144,0,64,159,66,190,79,96,0
1049,8,10,155,70,77,4,95,194,207,0
14,8,32,82,150,2,8,9,117,178,0
961,8,123,85,31,187,232,188,41,46,0
339,8,0,0,0,4,0,12,0,4,0
1634,8,78,224,0,0,64,0,0,0,0
412,8,8,246,32,0,2,0,40,192,0
208,8,34,119,4,96,248,0,0,0,0
51,8,0,7,192,0,13,0,7,208,0
628,8,0,242,36,251,80,124,129,221,0
192,8,0,0,0,0,0,0,0,0,0
403,8,0,8,8,3,232,136,0,0,0
526,8,78,32,3,160,0,63,111,255,0
1314,8,223,127,209,157,92,200,213,220,0
870,8,127,221,200,2,1,71,206,120,0
852,8,31,255,64,0,0,3,250,0,0
1505,8,137,63,224,11,10,0,0,128,0
651,8,0,0,0,0,0,0,0,0,0
1408,8,0,0,0,3,180,136,0,0,0
1076,8,1,134,192,160,0,0,0,0,0
1760,8,0,0,0,0,0,0,0,0,0
1788,8,0,0,7,91,242,183,88,32,0
167,8,32,16,250,36,209,43,128,160,0
569,8,0,0,0,125,0,0,66,32,0
1176,8,135,255,191,252,238,128,0,14,0
560,8,185,0,25,210,156,0,18,0,0
1694,8,4,64,4,127,31,192,20,66,0
293,8,144,0,64,159,66,190,49,96,0
14,8,32,82,150,2,8,9,117,190,0
661,8,0,0,0,0,0,0,0,64,0
208,8,42,119,4,96,247,0,0,0,0
51,8,0,7,184,0,13,64,7,208,0
263,8,0,0,0,0,0,0,0,0,0
215,8,0,0,2,0,128,0,0,0,0
1760,8,0,0,0,0,0,0,0,0,0
737,8,0,0,0,0,0,0,0,4,0
852,8,31,255,64,0,0,3,235,0,0
1505,8,137,63,224,11,10,0,0,128,0
354,8,0,8,0,3,234,17,244,206,0
167,8,32,16,250,36,209,43,128,160,0
1175,8,0,0,0,0,0,0,0,0,0
293,8,144,0,64,159,66,190,19,96,0
14,8,32,82,150,2,8,9,117,166,0
738,8,24,8,13,64,64,0,1,24,0
837,8,5,2,2,194,60,119,64,129,0
1072,8,0,48,68,139,224,128,16,160,0
304,8,0,1,80,0,0,0,0,0,0
339,8,0,0,0,4,0,12,0,4,0
1634,8,78,224,0,0,64,0,0,0,0
412,8,12,242,32,0,2,0,40,192,0
208,8,50,119,4,96,246,0,0,0,0
51,8,0,7,176,0,13,128,7,208,0
628,8,0,242,38,249,80,124,129,221,0
192,8,0,0,0,0,0,0,0,0,0
403,8,0,8,8,3,232,136,0,0,0
526,8,78,32,3,160,0,63,143,247,0
1314,8,223,127,209,157,92,80,213,28,0
870,8,127,221,200,2,1,71,206,120,0
852,8,31,255,64,0,0,3,220,0,0
1505,8,137,63,224,11,10,0,0,128,0
651,8,0,0,0,0,0,0,0,0,0
1408,8,0,0,0,3,173,8,0,0,0
1076,8,1,166,0,160,0,0,0,0,0
961,8,123,85,31,187,104,124,233,46,0
1760,8,0,0,0,0,0,0,0,0,0
167,8,32,16,250,36,193,43,128,160,0
722,8,0,0,48,0,0,0,0,0,0
1176,8,135,255,191,252,237,128,0,15,0
1124,8,0,2,64,0,0,144,23,150,0
560,8,184,0,25,210,156,0,20,0,0
1694,8,4,64,4,127,31,192,20,66,0
244,8,154,12,1,2,4,177,2,64,0
293,8,144,0,64,159,66,189,245,96,0
14,8,32,82,150,2,8,9,117,184,0
208,8,58,119,4,96,245,0,0,0,0
51,8,0,7,168,0,13,192,7,208,0
263,8,0,0,0,0,0,0,0,0,0
186,8,5,248,156,196,16,0,6,30,0
663,8,17,0,0,32,0,2,81,16,0
1307,8,40,177,129,177,137,199,248,193,0
813,8,128,0,4,32,172,1,0,32,0
1760,8,0,0,0,0,0,0,0,0,0
1277,8,17,90,10,78,121,17,72,8,0
737,8,0,0,0,0,0,0,0,4,0
852,8,31,255,64,0,0,3,220,0,0
1505,8,137,63,224,11,10,0,0,128,0
354,8,0,8,0,3,234,17,244,206,0
167,8,32,16,250,36,193,43,128,160,0
293,8,144,0,64,159,66,189,215,96,0
1644,8,0,64,0,0,24,0,0,0,0
14,8,32,82,150,2,8,9,117,184,0
1255,8,0,0,0,20,3,103,0,0,0
339,8,0,0,0,4,0,12,0,4,0
661,8,0,0,0,0,0,0,0,64,0
1634,8,78,224,0,0,64,0,0,0,0
1668,8,76,213,128,25,65,84,16,30,0
1590,8,36,156,0,0,240,0,0,0,0
727,8,16,0,73,120,0,0,0,8,0
412,8,16,238,32,0,2,0,40,192,0
403,8,0,8,8,3,232,136,0,0,0
526,8,78,32,3,160,0,63,143,247,0
1314,8,223,127,209,157,91,216,212,156,0
208,8,66,119,4,96,244,0,0,0,0
1413,8,0,64,0,0,0,2,0,24,0
852,8,31,255,64,0,0,3,212,128,0
1505,8,137,63,224,11,10,0,0,128,0
651,8,0,0,0,0,0,0,0,0,0
51,8,0,7,160,0,14,0,7,208,0
628,8,0,242,40,247,80,124,129,221,0
870,8,127,221,200,2,1,71,206,120,0
1408,8,0,0,0,3,165,136,0,0,0
1076,8,1,198,64,160,0,0,0,0,0
1760,8,0,0,0,0,0,0,0,0,0
192,8,0,0,0,0,0,0,0,0,0
167,8,32,16,250,36,193,43,128,160,0
1031,8,64,0,223,240,20,192,189,224,0
60,8,0,0,4,0,40,0,0,0,0
1176,8,135,255,191,252,252,128,0,0,0
996,8,0,208,0,0,133,0,0,0,0
1694,8,4,64,4,127,31,192,20,66,0
1628,8,64,8,162,117,48,0,0,0,0
293,8,144,0,64,159,66,189,185,96,0
519,8,4,4,96,72,42,222,181,24,0
1225,8,1,249,21,130,13,2,246,75,0
470,8,2,15,130,128,48,36,5,128,0
1399,8,0,0,8,0,0,0,1,38,0
117,8,15,50,0,15,174,30,224,0,0
14,8,32,82,150,2,8,9,117,190,0
961,8,123,85,31,186,232,125,105,46,0
560,8,183,0,25,210,156,0,22,0,0
208,8,74,119,4,96,243,0,0,0,0
51,8,0,7,152,0,14,64,7,208,0
263,8,0,0,0,0,0,0,0,0,0
1760,8,0,0,0,0,0,0,0,0,0
737,8,0,0,0,0,0,0,0,4,0
852,8,31,255,64,0,0,3,197,128,0
1505,8,137,63,224,11,10,0,0,128,0
354,8,0,8,0,3,234,17,244,206,0
167,8,32,16,250,36,209,43,128,160,0
58,8,0,0,0,0,0,29,8,0,0
293,8,144,0,64,159,66,189,155,96,0
248,8,126,223,244,253,73,251,167,184,0
14,8,32,82,150,2,8,9,117,178,0
339,8,0,0,0,4,0,12,0,4,0
1634,8,78,224,0,0,64,0,0,0,0
412,8,20,234,32,0,2,0,40,192,0
208,8,82,119,4,96,242,0,0,0,0
51,8,0,7,144,0,14,128,7,208,0
628,8,0,242,42,245,80,124,129,221,0
192,8,0,0,0,0,0,0,0,0,0
403,8,0,8,8,3,232,136,0,0,0
526,8,78,32,3,160,0,63,143,247,0
1314,8,223,127,209,157,91,96,211,220,0
852,8,31,255,64,0,0,3,197,128,0
1505,8,137,63,224,11,10,0,0,128,0
651,8,0,0,0,0,0,0,0,0,0
870,8,127,221,200,2,1,71,206,120,0
1408,8,0,0,0,3,158,8,0,0,0
1076,8,1,229,160,160,0,0,0,0,0
705,8,1,243,175,199,202,30,9,238,0
1760,8,0,0,0,0,0,0,0,0,0
167,8,32,16,250,36,209,43,128,160,0
61,8,0,0,1,128,0,0,0,0,0
1176,8,135,255,191,252,251,128,0,1,0
560,8,182,0,25,210,156,0,24,0,0
1694,8,4,64,4,127,31,192,20,66,0
293,8,144,0,64,159,66,189,125,96,0
14,8,32,82,150,2,8,9,117,190,0
661,8,0,0,0,0,0,0,0,64,0
208,8,90,119,4,96,241,0,0,0,0
51,8,0,7,136,0,14,192,7,208,0
263,8,0,0,0,0,0,0,0,0,0
186,8,6,8,159,132,16,0,6,30,0
1459,8,4,0,0,0,0,0,4,0,0
1760,8,0,0,0,0,0,0,0,0,0
737,8,0,0,0,0,0,0,0,4,0
852,8,31,255,64,0,0,3,190,0,0
1505,8,137,63,224,11,10,0,0,128,0
354,8,0,8,0,3,234,17,244,206,0
167,8,32,16,250,36,193,43,128,160,0
961,8,123,85,31,187,166,254,41,46,0
1372,8,16,27,0,0,65,130,48,0,0
293,8,144,0,64,159,66,189,95,96,0
14,8,32,82,150,2,8,9,117,184,0
339,8,0,0,0,4,0,12,0,4,0
1634,8,78,224,0,0,64,0,0,0,0
412,8,24,230,32,0,2,0,40,192,0
208,8,98,119,4,96,240,0,0,0,0
51,8,0,7,128,0,15,0,7,208,0
628,8,0,242,44,243,80,124,129,221,0
192,8,0,0,0,0,0,0,0,0,0
813,8,128,0,4,32,172,1,0,32,0
403,8,0,8,8,3,232,136,0,0,0
1277,8,17,108,10,78,145,20,200,8,0
526,8,78,32,3,160,0,63,143,255,0
1314,8,223,127,209,157,90,232,211,92,0
852,8,31,255,64,0,0,3,190,0,0
1505,8,137,63,224,11,10,0,0,128,0
651,8,0,0,0,0,0,0,0,0,0
870,8,127,221,200,2,1,71,206,120,0
1408,8,0,0,0,3,150,136,0,0,0
1076,8,2,8,32,160,0,0,0,0,0
1760,8,0,0,0,0,0,0,0,0,0
167,8,32,16,250,36,193,43,128,160,0
692,8,20,233,150,0,0,0,88,0,0
458,8,63,241,255,128,0,0,12,56,0
1176,8,135,255,191,252,250,128,0,2,0
560,8,181,0,25,210,164,0,26,0,0
1694,8,4,64,4,127,31,192,20,66,0
293,8,144,0,64,159,66,191,33,96,0
14,8,32,82,150,2,8,9,117,184,0
208,8,106,119,4,96,239,0,0,0,0
51,8,0,7,120,0,15,64,7,208,0
1399,8,0,0,8,0,0,0,1,44,0
263,8,0,0,0,0,0,0,0,0,0
1760,8,0,0,0,0,0,0,0,0,0
737,8,0,0,0,0,0,0,0,4,0
852,8,31,255,64,0,0,3,175,0,0
1505,8,137,63,224,11,10,0,0,128,0
354,8,0,8,0,3,234,17,244,206,0
167,8,32,16,250,36,209,43,128,160,0
675,8,0,0,0,3,254,128,90,128,0
293,8,144,0,64,159,66,191,3,96,0
622,8,1,6,64,130,137,14,10,4,0
14,8,32,82,150,2,8,9,117,196,0
961,8,123,85,31,187,102,190,169,46,0
339,8,0,0,0,4,0,12,0,4,0
661,8,0,0,0,0,0,0,0,64,0
1634,8,78,224,0,0,64,0,0,0,0
412,8,28,226,32,0,2,0,40,192,0
208,8,114,119,4,96,238,0,0,0,0
51,8,0,7,112,0,15,128,7,208,0
628,8,0,242,46,241,80,124,129,221,0
192,8,0,0,0,0,0,0,0,0,0
403,8,0,8,8,3,232,136,0,0,0
526,8,78,32,3,160,0,63,143,255,0
1314,8,223,127,209,157,90,112,210,156,0
870,8,127,221,200,2,1,71,206,120,0
852,8,31,255,64,0,0,4,24,0,0
1505,8,137,63,224,11,10,0,0,128,0
651,8,0,0,0,0,0,0,0,0,0
1408,8,0,0,0,3,143,8,0,0,0
1076,8,2,40,32,160,0,0,0,0,0
1760,8,0,0,0,0,0,0,0,0,0
1788,8,0,0,7,91,18,183,88,32,0
167,8,32,16,250,36,193,43,128,160,0
569,8,0,0,0,125,0,0,66,64,0
1176,8,135,255,191,252,249,128,0,3,0
560,8,180,0,25,210,164,0,28,0,0
1694,8,4,64,4,127,31,192,20,66,0
293,8,144,0,64,159,66,190,229,96,0
14,8,32,82,150,2,8,9,117,196,0
215,8,0,0,2,0,128,0,0,0,0
208,8,122,119,4,96,237,0,0,0,0
51,8,0,7,104,0,15,192,7,208,0
263,8,0,0,0,0,0,0,0,0,0
186,8,6,8,160,4,16,0,6,30,0
1760,8,0,0,0,0,0,0,0,0,0
737,8,0,0,0,0,0,0,0,4,0
852,8,31,255,64,0,0,4,24,0,0
1505,8,137,63,224,11,10,0,0,128,0
354,8,0,8,0,3,234,17,244,206,0
167,8,32,16,250,36,209,43,128,160,0
1175,8,0,0,0,0,0,0,0,0,0
293,8,144,0,64,159,66,190,199,96,0
14,8,32,82,150,2,8,9,117,196,0
738,8,24,8,13,64,64,0,1,24,0
837,8,5,2,2,194,60,119,64,129,0
1072,8,0,48,68,139,224,128,16,160,0
304,8,0,1,80,0,0,0,0,0,0
339,8,0,0,0,4,0,12,0,4,0
1634,8,78,224,0,0,64,0,0,0,0
412,8,0,254,32,0,2,0,40,192,0
208,8,2,119,4,96,252,0,0,0,0
51,8,0,7,224,0,12,0,7,208,0
628,8,0,242,32,255,80,124,129,221,0
192,8,0,0,0,0,0,0,0,0,0
403,8,0,8,8,3,232,136,0,0,0
526,8,78,32,3,160,0,63,143,255,0
1314,8,223,127,209,157,89,248,210,92,0
870,8,127,221,200,2,1,71,206,120,0
852,8,31,255,64,0,0,4,16,128,0
1505,8,137,63,224,11,10,0,0,128,0
651,8,0,0,0,0,0,0,0,0,0
1408,8,0,0,0,3,135,136,0,0,0
1076,8,2,64,0,160,0,0,0,0,0
961,8,123,85,31,187,101,255,105,46,0
1760,8,0,0,0,0,0,0,0,0,0
167,8,32,16,250,36,193,43,128,160,0
722,8,0,0,56,0,0,0,0,0,0
1176,8,135,255,191,252,248,128,0,4,0
1124,8,0,2,64,0,0,144,22,151,0
560,8,179,0,25,210,164,0,30,0,0
1694,8,4,64,4,127,31,192,20,98,0
293,8,144,0,64,159,66,190,169,96,0
244,8,154,12,1,2,4,177,2,64,0
14,8,32,82,150,2,8,9,117,190,0
661,8,0,0,0,0,0,0,0,64,0
208,8,10,119,4,96,251,0,0,0,0
51,8,0,7,216,0,12,64,7,208,0
263,8,0,0,0,0,0,0,0,0,0
813,8,128,0,4,32,172,1,0,32,0
1760,8,0,0,0,0,0,0,0,0,0
1277,8,17,102,10,78,137,19,200,136,0
737,8,0,0,0,0,0,0,0,4,0
852,8,31,255,64,0,0,4,1,128,0
1505,8,137,63,224,11,10,0,0,128,0
354,8,0,8,0,3,234,17,244,206,0
167,8,32,16,250,36,193,43,128,160,0
293,8,144,0,64,159,66,190,139,96,0
1644,8,0,64,0,0,32,0,0,0,0
14,8,32,82,150,2,8,9,117,184,0
1255,8,0,0,0,20,3,103,0,0,0
339,8,0,0,0,4,0,12,0,4,0
1634,8,78,224,0,0,64,0,0,0,0
1668,8,76,213,128,25,65,84,16,30,0
1590,8,36,156,0,0,240,0,0,0,0
727,8,16,0,74,64,0,0,0,8,0
412,8,4,250,32,0,2,0,40,192,0
208,8,18,119,4,96,250,0,0,0,0
403,8,0,8,8,3,232,136,0,0,0
526,8,78,32,3,160,0,63,143,255,0
1314,8,223,127,209,157,97,0,209,220,0
51,8,0,7,208,0,12,128,7,208,0
1413,8,0,64,0,0,0,2,0,24,0
852,8,31,255,64,0,0,4,1,128,0
1505,8,137,63,224,11,10,0,0,128,0
651,8,0,0,0,0,0,0,0,0,0
628,8,0,242,34,253,80,124,129,221,0
870,8,127,221,200,2,1,71,206,120,0
1408,8,0,0,0,3,248,8,0,0,0
192,8,0,0,0,0,0,0,0,0,0
1076,8,2,96,0,160,0,0,0,0,0
167,8,32,16,250,36,209,43,128,160,0
1760,8,0,0,0,0,0,0,0,0,0
1031,8,64,0,223,240,20,192,189,224,0
60,8,0,0,4,0,41,0,0,0,0
1176,8,135,255,191,252,247,128,0,5,0
996,8,0,208,0,0,133,0,0,0,0
1628,8,64,8,178,117,48,0,0,0,0
519,8,4,4,96,72,42,222,181,24,0
1225,8,1,249,21,130,13,2,246,75,0
1694,8,4,64,4,127,31,192,20,98,0
293,8,144,0,64,159,66,190,109,96,0
470,8,2,11,128,128,48,36,5,128,0
1399,8,0,0,8,0,0,0,1,44,0
560,8,194,0,25,210,164,0,0,0,0
14,8,32,82,150,2,8,9,117,190,0
961,8,123,85,31,187,37,191,233,46,0
208,8,26,119,4,96,249,0,0,0,0
51,8,0,7,200,0,12,192,7,208,0
263,8,0,0,0,0,0,0,0,0,0
186,8,6,8,160,4,16,0,6,30,0
1760,8,0,0,0,0,0,0,0,0,0
737,8,0,0,0,0,0,0,0,4,0
852,8,31,255,64,0,0,3,250,0,0
1505,8,137,63,224,11,10,0,0,128,0
354,8,0,8,0,3,234,17,244,206,0
167,8,32,16,250,36,209,43,128,160,0
1649,8,231,191,251,213,219,221,191,251,0
293,8,144,0,64,159,66,190,79,96,0
1227,8,128,0,0,0,0,0,0,0,0
640,8,24,224,2,112,0,0,0,0,0
14,8,32,82,150,2,8,9,117,196,0
339,8,0,0,0,4,0,12,0,4,0
661,8,0,0,0,0,0,0,0,64,0
1634,8,78,224,0,0,64,0,0,0,0
412,8,8,246,32,0,2,0,40,192,0
208,8,34,119,4,96,248,0,0,0,0
51,8,0,7,192,0,13,0,7,208,0
628,8,0,242,36,251,80,124,129,221,0
192,8,0,0,0,0,0,0,0,0,0
403,8,0,8,8,3,232,136,0,0,0
526,8,78,32,3,160,0,63,143,255,0
1314,8,223,127,209,157,96,136,209,156,0
870,8,127,221,200,2,1,71,206,120,0
852,8,31,255,64,0,0,3,250,0,0
1505,8,137,63,224,11,10,0,0,128,0
651,8,0,0,0,0,0,0,0,0,0
1408,8,0,0,0,3,240,136,0,0,0
1076,8,2,138,160,160,0,0,0,0,0
1760,8,0,0,0,0,0,0,0,0,0
167,8,32,16,250,36,193,43,128,160,0
61,8,0,0,1,128,0,0,0,0,0
1176,8,135,255,191,252,246,128,0,6,0
560,8,193,0,25,210,164,0,2,0,0
1533,8,189,221,253,255,254,255,237,218,0
1694,8,4,64,4,127,31,192,20,130,0
293,8,144,0,64,159,66,190,49,96,0
14,8,32,82,150,2,8,9,117,190,0
705,8,1,243,111,199,201,159,250,2,0
208,8,42,119,4,96,247,0,0,0,0
51,8,0,7,184,0,13,64,7,208,0
263,8,0,0,0,0,0,0,0,0,0
1459,8,4,0,0,0,0,0,4,0,0
1760,8,0,0,0,0,0,0,0,0,0
737,8,0,0,0,0,0,0,0,4,0
852,8,31,255,64,0,0,3,235,0,0
1505,8,137,63,224,11,10,0,0,128,0
354,8,0,8,0,3,234,17,244,206,0
167,8,32,16,250,36,193,43,128,160,0
961,8,123,85,31,188,99,128,169,46,0
293,8,144,0,64,159,66,190,19,96,0
1331,8,237,127,207,126,255,246,239,127,0
14,8,32,82,150,2,8,9,117,196,0
339,8,0,0,0,4,0,12,0,4,0
1634,8,78,224,0,0,64,0,0,0,0
412,8,12,242,32,0,2,0,40,192,0
208,8,50,119,4,96,246,0,0,0,0
51,8,0,7,176,0,13,128,7,208,0
628,8,0,242,38,249,80,124,129,221,0
192,8,0,0,0,0,0,0,0,0,0
452,8,0,0,2,0,1,128,0,0,0
676,8,46,140,2,28,4,8,152,208,0
813,8,128,0,4,32,172,1,0,32,0
403,8,0,8,8,3,232,136,0,0,0
526,8,78,32,7,160,0,63,111,255,0
1314,8,223,127,209,157,96,16,209,92,0
852,8,31,255,64,0,0,3,220,0,0
1505,8,137,63,224,11,10,0,0,128,0
651,8,0,0,0,0,0,0,0,0,0
870,8,127,221,200,2,1,71,206,120,0
1408,8,0,0,0,3,233,8,0,0,0
1076,8,2,170,160,160,0,0,0,0,0
1760,8,0,0,0,0,0,0,0,0,0
167,8,32,16,250,36,193,43,128,160,0
692,8,20,233,150,0,0,0,88,0,0
458,8,63,241,255,128,0,0,12,56,0
1176,8,135,255,191,252,245,128,0,7,0
1277,8,17,96,10,78,127,18,72,136,0
560,8,192,0,25,210,164,0,4,0,0
1694,8,4,64,4,127,32,0,20,130,0
293,8,144,0,64,159,66,189,245,96,0
14,8,32,82,150,2,8,9,117,190,0
661,8,0,0,0,0,0,0,0,64,0
208,8,58,119,4,96,245,0,0,0,0
51,8,0,7,168,0,13,192,7,208,0
263,8,0,0,0,0,0,0,0,0,0
186,8,6,8,160,132,16,0,6,30,0
1399,8,0,0,8,0,0,0,1,48,0
1760,8,0,0,0,0,0,0,0,0,0
737,8,0,0,0,0,0,0,0,4,0
852,8,31,255,64,0,0,3,220,0,0
1505,8,137,63,224,11,10,0,0,128,0
354,8,0,8,0,3,234,17,244,206,0
167,8,32,16,250,36,193,43,128,160,0
675,8,0,0,0,3,254,128,90,0,0
293,8,144,0,64,159,66,189,215,96,0
622,8,1,6,64,130,137,14,10,4,0
961,8,123,85,31,187,100,1,41,46,0
14,8,32,82,150,2,8,9,117,190,0
339,8,0,0,0,4,0,12,0,4,0
1634,8,78,224,0,0,64,0,0,0,0
412,8,16,238,32,0,2,0,40,192,0
208,8,66,119,4,96,244,0,0,0,0
51,8,0,7,160,0,14,0,7,208,0
628,8,0,242,40,247,80,124,129,221,0
192,8,0,0,0,0,0,0,0,0,0
403,8,0,8,8,3,232,136,0,0,0
526,8,78,32,3,160,0,63,111,247,0
1314,8,223,127,209,157,95,152,209,28,0
870,8,127,221,200,2,1,71,206,120,0
852,8,31,255,64,0,0,3,212,128,0
1505,8,137,63,224,11,10,0,0,128,0
651,8,0,0,0,0,0,0,0,0,0
1408,8,0,0,0,3,225,136,0,0,0
1076,8,2,202,160,160,0,0,0,0,0
1760,8,0,0,0,0,0,0,0,0,0
1788,8,0,0,7,91,210,183,88,32,0
167,8,32,16,250,36,193,43,128,160,0
569,8,0,0,0,125,0,0,66,64,0
1176,8,135,255,191,252,244,128,0,8,0
560,8,191,0,25,210,164,0,6,0,0
1694,8,4,64,4,127,31,192,20,130,0
293,8,144,0,64,159,66,189,185,96,0
14,8,32,82,150,2,8,9,117,196,0
215,8,0,0,2,0,128,0,0,0,0
208,8,74,119,4,96,243,0,0,0,0
51,8,0,7,152,0,14,64,7,208,0
263,8,0,0,0,0,0,0,0,0,0
1621,8,104,3,252,0,48,0,0,0,0
1760,8,0,0,0,0,0,0,0,0,0
737,8,0,0,0,0,0,0,0,4,0
852,8,31,255,64,0,0,3,197,128,0
1505,8,137,63,224,11,10,0,0,128,0
354,8,0,8,0,3,234,17,244,206,0
167,8,32,16,250,36,193,43,128,160,0
1175,8,0,0,0,0,0,0,0,0,0
293,8,144,0,64,159,66,189,155,96,0
14,8,32,82,150,2,8,9,117,190,0
738,8,24,8,13,64,64,0,1,24,0
837,8,5,2,2,194,60,119,64,129,0
1072,8,0,48,68,139,224,128,16,160,0
304,8,0,1,80,0,0,0,0,0,0
339,8,0,0,0,4,0,12,0,4,0
661,8,0,0,0,0,0,0,0,64,0
1634,8,78,224,0,0,64,0,0,0,0
412,8,20,234,32,0,2,0,40,192,0
208,8,82,119,4,96,242,0,0,0,0
51,8,0,7,144,0,14,128,7,208,0
628,8,0,242,42,245,80,124,129,221,0
192,8,0,0,0,0,0,0,0,0,0
403,8,0,8,8,3,232,136,0,0,0
526,8,78,31,255,160,0,63,111,255,0
1314,8,223,127,209,157,95,32,208,220,0
870,8,127,221,200,2,1,71,206,120,0
852,8,31,255,64,0,0,3,197,128,0
1505,8,137,63,224,11,10,0,0,128,0
651,8,0,0,0,0,0,0,0,0,0
1408,8,0,0,0,3,218,8,0,0,0
1076,8,2,234,160,160,0,0,0,0,0
961,8,123,85,31,186,227,193,233,46,0
1760,8,0,0,0,0,0,0,0,0,0
167,8,32,16,250,36,193,43,128,160,0
722,8,0,0,64,0,0,0,0,0,0
1372,8,16,27,0,0,65,130,48,0,0
1176,8,135,255,191,252,243,128,0,9,0
1124,8,0,2,64,0,0,144,21,152,0
560,8,190,0,25,210,164,0,8,0,0
1694,8,4,64,4,127,31,192,20,130,0
293,8,144,0,64,159,66,189,125,96,0
244,8,154,12,1,2,4,177,2,64,0
14,8,32,82,150,2,8,9,117,184,0
208,8,90,119,4,96,241,0,0,0,0
51,8,0,7,136,0,14,192,7,208,0
263,8,0,0,0,0,0,0,0,0,0
186,8,6,24,160,196,16,0,6,30,0
1307,8,41,9,24,63,1,6,8,1,0
813,8,128,0,4,32,172,1,0,32,0
1760,8,0,0,0,0,0,0,0,0,0
1277,8,17,98,10,78,131,18,200,136,0
737,8,0,0,0,0,0,0,0,4,0
852,8,31,255,64,0,0,3,190,0,0
1505,8,137,63,224,11,10,0,0,128,0
354,8,0,8,0,3,234,17,244,206,0
167,8,32,16,250,36,193,43,128,160,0
293,8,144,0,64,159,66,189,95,96,0
1644,8,0,64,0,0,24,0,0,0,0
14,8,32,82,150,2,8,9,117,190,0
1255,8,0,0,0,20,3,103,0,0,0
339,8,0,0,0,4,0,12,0,4,0
1634,8,78,224,0,0,64,0,0,0,0
1668,8,76,213,128,25,65,84,16,30,0
1590,8,36,156,0,0,240,0,0,0,0
727,8,16,0,75,16,0,0,0,8,0
412,8,24,230,32,0,2,0,40,192,0
208,8,98,119,4,96,240,0,0,0,0
403,8,0,8,8,3,232,136,0,0,0
526,8,78,32,3,160,0,63,143,255,0
1314,8,223,127,209,157,94,168,208,156,0
51,8,0,7,128,0,15,0,7,208,0
1413,8,0,64,0,0,0,2,0,24,0
852,8,31,255,64,0,0,3,190,0,0
1505,8,137,63,224,11,10,0,0,128,0
651,8,0,0,0,0,0,0,0,0,0
628,8,0,242,44,243,80,124,129,221,0
870,8,127,221,200,2,1,71,206,120,0
1408,8,0,0,0,3,210,136,0,0,0
192,8,0,0,0,0,0,0,0,0,0
1076,8,3,10,128,160,0,0,0,0,0
167,8,32,16,250,36,193,43,128,160,0
1760,8,0,0,0,0,0,0,0,0,0
1031,8,64,0,223,240,20,192,189,224,0
60,8,0,0,4,0,43,0,0,0,0
1176,8,135,255,191,252,242,128,0,10,0
996,8,0,208,0,0,133,0,0,0,0
1628,8,64,8,178,117,48,0,0,0,0
519,8,4,4,96,72,42,222,181,24,0
1225,8,1,249,21,130,13,2,246,75,0
1694,8,4,64,4,127,31,192,20,130,0
293,8,144,0,64,159,66,191,33,96,0
470,8,2,15,130,128,48,36,5,128,0
1399,8,0,0,8,0,0,0,1,48,0
560,8,189,0,25,210,164,0,10,0,0
14,8,32,82,150,2,8,9,117,190,0
961,8,123,85,31,187,162,130,105,46,0
661,8,0,0,0,0,0,0,0,64,0
208,8,106,119,4,96,239,0,0,0,0
51,8,0,7,120,0,15,64,7,208,0
263,8,0,0,0,0,0,0,0,0,0
1760,8,0,0,0,0,0,0,0,0,0
737,8,0,0,0,0,0,0,0,4,0
852,8,31,255,64,0,0,3,175,0,0
1505,8,137,63,224,11,10,0,0,128,0
354,8,0,8,0,3,234,17,244,206,0
167,8,32,16,250,36,193,43,128,160,0
293,8,144,0,64,159,66,191,3,96,0
14,8,32,82,150,2,8,9,117,184,0
339,8,0,0,0,4,0,12,0,4,0
1634,8,78,224,0,0,64,0,0,0,0
412,8,28,226,32,0,2,0,40,192,0
208,8,114,119,4,96,238,0,0,0,0
51,8,0,7,112,0,15,128,7,208,0
628,8,0,242,46,241,80,124,129,221,0
192,8,0,0,0,0,0,0,0,0,0
403,8,0,8,8,3,232,136,0,0,0
526,8,78,32,3,160,0,63,143,255,0
1314,8,223,127,209,157,94,48,208,28,0
852,8,31,255,64,0,0,4,24,0,0
1505,8,137,63,224,11,10,0,0,128,0
651,8,0,0,0,0,0,0,0,0,0
870,8,127,221,200,2,1,71,206,120,0
1408,8,0,0,0,3,203,8,0,0,0
1076,8,3,42,0,160,0,0,0,0,0
1760,8,0,0,0,0,0,0,0,0,0
167,8,32,16,250,36,193,43,128,160,0
61,8,0,0,1,128,0,0,0,0,0
1176,8,135,255,191,252,241,128,0,11,0
560,8,188,0,25,210,164,0,12,0,0
1694,8,4,64,4,127,31,192,20,130,0
293,8,144,0,64,159,66,190,229,96,0
14,8,32,82,150,2,8,9,117,190,0
208,8,122,119,4,96,237,0,0,0,0
51,8,0,7,104,0,15,192,7,208,0
263,8,0,0,0,0,0,0,0,0,0
186,8,6,24,164,68,16,0,6,30,0
1459,8,4,0,0,0,0,0,4,0,0
1760,8,0,0,0,0,0,0,0,0,0
737,8,0,0,0,0,0,0,0,4,0
852,8,31,255,64,0,0,4,24,0,0
1505,8,137,63,224,11,10,0,0,128,0
354,8,0,8,0,3,234,17,244,206,0
167,8,32,16,250,36,193,43,128,160,0
961,8,123,85,31,187,98,3,41,46,0
705,8,1,243,79,199,201,159,230,24,0
293,8,144,0,64,159,66,190,199,96,0
14,8,32,82,150,2,8,9,117,184,0
339,8,0,0,0,4,0,12,0,4,0
661,8,0,0,0,0,0,0,0,64,0
1634,8,78,224,0,0,64,0,0,0,0
412,8,0,254,32,0,2,0,40,192,0
208,8,2,119,4,96,252,0,0,0,0
51,8,0,7,224,0,12,0,7,208,0
628,8,0,242,32,255,80,124,129,221,0
192,8,0,0,0,0,0,0,0,0,0
813,8,128,0,4,32,172,1,0,32,0
403,8,0,8,8,3,232,136,0,0,0
526,8,78,32,3,160,0,63,111,255,0
1314,8,223,127,209,157,93,184,207,156,0
870,8,127,221,200,2,1,71,206,120,0
852,8,31,255,64,0,0,4,16,128,0
1505,8,137,63,224,11,10,0,0,128,0
651,8,0,0,0,0,0,0,0,0,0
1408,8,0,0,0,3,195,136,0,0,0
1076,8,3,74,160,160,0,0,0,0,0
1760,8,0,0,0,0,0,0,0,0,0
167,8,32,16,250,36,193,43,128,160,0
692,8,20,233,150,0,0,0,88,0,0
458,8,63,241,255,128,0,0,12,56,0
1176,8,135,255,191,252,240,128,0,12,0
1277,8,17,99,10,78,131,18,200,136,0
560,8,187,0,25,210,164,0,14,0,0
1694,8,4,64,4,127,31,192,20,130,0
293,8,144,0,64,159,66,190,169,96,0
14,8,32,82,150,2,8,9,117,190,0
208,8,10,119,4,96,251,0,0,0,0
51,8,0,7,216,0,12,64,7,208,0
1399,8,0,0,8,0,0,0,1,50,0
263,8,0,0,0,0,0,0,0,0,0
1760,8,0,0,0,0,0,0,0,0,0
737,8,0,0,0,0,0,0,0,4,0
852,8,31,255,64,0,0,4,1,128,0
1505,8,137,63,224,11,10,0,0,128,0
354,8,0,8,0,3,234,17,244,206,0
167,8,32,16,250,36,193,43,128,160,0
675,8,0,0,0,3,254,128,90,128,0
293,8,144,0,64,159,66,190,139,96,0
622,8,1,6,64,130,137,14,10,4,0
961,8,123,85,31,186,226,3,169,46,0
14,8,32,82,150,2,8,9,117,184,0
339,8,0,0,0,4,0,12,0,4,0
1634,8,78,224,0,0,64,0,0,0,0
412,8,4,250,32,0,2,0,40,192,0
208,8,18,119,4,96,250,0,0,0,0
51,8,0,7,208,0,12,128,7,208,0
628,8,0,242,34,253,80,124,129,221,0
192,8,0,0,0,0,0,0,0,0,0
403,8,0,8,8,3,232,136,0,0,0
526,8,78,32,3,160,0,63,111,255,0
1314,8,223,127,209,157,93,64,207,92,0
852,8,31,255,64,0,0,4,1,128,0
1505,8,137,63,224,11,10,0,0,128,0
651,8,0,0,0,0,0,0,0,0,0
870,8,127,221,200,2,1,71,206,120,0
1408,8,0,0,0,3,188,8,0,0,0
1076,8,3,106,160,160,0,0,0,0,0
1760,8,0,0,0,0,0,0,0,0,0
1788,8,0,0,7,91,178,183,88,32,0
167,8,32,16,250,36,209,43,128,160,0
569,8,0,0,0,125,0,0,66,64,0
1176,8,135,255,191,252,239,128,0,13,0
560,8,186,0,25,210,164,0,16,0,0
1694,8,4,64,4,127,31,192,20,130,0
293,8,144,0,64,159,66,190,109,96,0
14,8,32,82,150,2,8,9,117,190,0
661,8,0,0,0,0,0,0,0,64,0
208,8,26,119,4,96,249,0,0,0,0
51,8,0,7,200,0,12,192,7,208,0
263,8,0,0,0,0,0,0,0,0,0
186,8,6,24,164,196,16,0,6,30,0
215,8,0,0,2,0,128,0,0,0,0
1760,8,0,0,0,0,0,0,0,0,0
737,8,0,0,0,0,0,0,0,4,0
852,8,31,255,64,0,0,3,250,0,0
1505,8,137,63,224,11,10,0,0,128,0
354,8,0,8,0,3,234,17,244,206,0
167,8,32,16,250,36,193,43,128,160,0
1175,8,0,0,0,0,0,0,0,0,0
293,8,144,0,64,159,66,190,79,96,0
14,8,32,82,150,2,8,9,117,196,0
738,8,24,8,13,64,64,0,1,24,0
837,8,5,2,2,194,60,119,64,129,0
1072,8,0,48,68,139,224,128,16,160,0
304,8,0,1,80,0,0,0,0,0,0
339,8,0,0,0,4,0,12,0,4,0
1634,8,78,224,0,0,64,0,0,0,0
412,8,8,246,32,0,2,0,40,192,0
208,8,34,119,4,96,248,0,0,0,0
51,8,0,7,192,0,13,0,7,208,0
628,8,0,242,36,251,80,124,129,221,0
192,8,0,0,0,0,0,0,0,0,0
403,8,0,8,8,3,232,136,0,0,0
526,8,78,32,3,160,0,63,111,255,0
1314,8,223,127,209,157,92,200,207,28,0
870,8,127,221,200,2,1,71,206,120,0
852,8,31,255,64,0,0,3,250,0,0
1505,8,137,63,224,11,10,0,0,128,0
651,8,0,0,0,0,0,0,0,0,0
1408,8,0,0,0,3,180,136,0,0,0
1076,8,3,130,160,160,0,0,0,0,0
961,8,123,85,31,188,32,4,105,46,0
1760,8,0,0,0,0,0,0,0,0,0
167,8,32,16,250,36,209,43,128,160,0
722,8,0,0,72,0,0,0,0,0,0
1176,8,135,255,191,252,238,128,0,14,0
1124,8,0,2,64,0,0,144,20,153,0
560,8,185,0,25,210,164,0,18,0,0
1694,8,4,64,4,127,31,192,20,162,0
293,8,144,0,64,159,66,190,49,96,0
244,8,154,12,1,2,4,177,2,64,0
14,8,32,82,150,2,8,9,117,190,0
208,8,42,119,4,96,247,0,0,0,0
51,8,0,7,184,0,13,64,7,208,0
263,8,0,0,0,0,0,0,0,0,0
813,8,128,0,4,32,172,1,0,32,0
1760,8,0,0,0,0,0,0,0,0,0
1277,8,17,106,10,78,141,20,73,8,0
737,8,0,0,0,0,0,0,0,4,0
852,8,31,255,64,0,0,3,235,0,0
1505,8,137,63,224,11,10,0,0,128,0
354,8,0,8,0,3,234,17,244,206,0
167,8,32,16,250,36,193,43,128,160,0
293,8,144,0,64,159,66,190,19,96,0
1644,8,0,64,0,0,24,0,0,0,0
14,8,32,82,150,2,8,9,117,190,0
1255,8,0,0,0,20,3,103,0,0,0
339,8,0,0,0,4,0,12,0,4,0
661,8,0,0,0,0,0,0,0,64,0
1634,8,78,224,0,0,64,0,0,0,0
1668,8,76,213,128,25,65,84,16,30,0
1590,8,36,156,0,0,240,0,0,0,0
727,8,16,0,75,208,0,0,0,8,0
412,8,12,242,32,0,2,0,40,192,0
403,8,0,8,8,3,232,136,0,0,0
526,8,78,32,3,160,0,63,143,255,0
1314,8,223,127,209,157,92,80,206,156,0
1413,8,0,64,0,0,0,2,0,24,0
852,8,31,255,64,0,0,3,220,0,0
1505,8,137,63,224,11,10,0,0,128,0
651,8,0,0,0,0,0,0,0,0,0
208,8,50,119,4,96,246,0,0,0,0
51,8,0,7,176,0,13,128,7,208,0
628,8,0,242,38,249,80,124,129,221,0
870,8,127,221,200,2,1,71,206,120,0
1408,8,0,0,0,3,173,8,0,0,0
1076,8,3,170,160,160,0,0,0,0,0
1760,8,0,0,0,0,0,0,0,0,0
192,8,0,0,0,0,0,0,0,0,0
167,8,32,16,250,36,193,43,128,160,0
1031,8,64,0,223,240,20,192,189,224,0
60,8,0,0,4,0,45,0,0,0,0
1176,8,135,255,191,252,237,128,0,15,0
996,8,0,208,0,0,133,0,0,0,0
1694,8,4,64,4,127,31,192,20,162,0
1628,8,64,8,178,117,48,0,0,0,0
293,8,144,0,64,159,66,189,245,96,0
519,8,4,4,96,72,42,222,181,24,0
1225,8,1,249,21,130,13,2,246,75,0
470,8,2,11,128,128,48,36,5,128,0
1399,8,0,0,8,0,0,0,1,50,0
560,8,184,0,25,210,172,0,20,0,0
961,8,123,85,31,187,223,196,233,46,0
14,8,32,82,150,2,8,9,117,190,0
208,8,58,119,4,96,245,0,0,0,0
51,8,0,7,168,0,13,192,7,208,0
263,8,0,0,0,0,0,0,0,0,0
186,8,6,24,164,196,16,0,6,30,0
1760,8,0,0,0,0,0,0,0,0,0
737,8,0,0,0,0,0,0,0,4,0
852,8,31,255,64,0,0,3,220,0,0
1505,8,137,63,224,11,10,0,0,128,0
354,8,0,8,0,3,234,17,244,206,0
167,8,32,16,250,36,193,43,128,160,0
293,8,144,0,64,159,66,189,215,96,0
1227,8,128,0,0,0,0,0,0,0,0
640,8,24,224,2,112,0,0,0,0,0
14,8,32,82,150,2,8,9,117,196,0
339,8,0,0,0,4,0,12,0,4,0
1634,8,78,224,0,0,64,0,0,0,0
412,8,16,238,32,0,2,0,40,192,0
208,8,66,119,4,96,244,0,0,0,0
51,8,0,7,160,0,14,0,7,208,0
628,8,0,242,40,247,80,124,129,221,0
192,8,0,0,0,0,0,0,0,0,0
403,8,0,8,8,3,232,136,0,0,0
526,8,78,32,3,160,0,63,143,255,0
1314,8,223,127,209,157,91,216,206,28,0
870,8,127,221,200,2,1,71,206,120,0
852,8,31,255,64,0,0,3,212,128,0
1505,8,137,63,224,11,10,0,0,128,0
651,8,0,0,0,0,0,0,0,0,0
1408,8,0,0,0,3,165,136,0,0,0
1076,8,3,202,160,160,0,0,0,0,0
1760,8,0,0,0,0,0,0,0,0,0
167,8,32,16,250,36,193,43,128,160,0
61,8,0,0,1,128,0,0,0,0,0
1176,8,135,255,191,252,252,128,0,0,0
560,8,183,0,25,210,172,0,22,0,0
1694,8,4,64,4,127,31,192,20,162,0
293,8,144,0,64,159,66,189,185,96,0
14,8,32,82,150,2,8,9,117,190,0
661,8,0,0,0,0,0,0,0,64,0
208,8,74,119,4,96,243,0,0,0,0
51,8,0,7,152,0,14,64,7,208,0
263,8,0,0,0,0,0,0,0,0,0
1459,8,4,0,0,0,0,0,4,0,0
1760,8,0,0,0,0,0,0,0,0,0
737,8,0,0,0,0,0,0,0,4,0
852,8,31,255,64,0,0,3,197,128,0
1505,8,137,63,224,11,10,0,0,128,0
354,8,0,8,0,3,234,17,244,206,0
167,8,32,16,250,36,209,43,128,160,0
961,8,123,85,31,186,224,5,169,46,0
1372,8,16,27,0,0,65,130,48,0,0
293,8,144,0,64,159,66,189,155,96,0
14,8,32,82,150,2,8,9,117,196,0
705,8,1,243,143,199,201,159,206,44,0
339,8,0,0,0,4,0,12,0,4,0
1634,8,78,224,0,0,64,0,0,0,0
412,8,20,234,32,0,2,0,40,192,0
208,8,82,119,4,96,242,0,0,0,0
51,8,0,7,144,0,14,128,7,208,0
628,8,0,242,42,245,80,124,129,221,0
192,8,0,0,0,0,0,0,0,0,0
813,8,128,0,4,32,172,1,0,32,0
1277,8,17,102,10,78,137,19,201,8,0
403,8,0,8,8,3,232,136,0,0,0
526,8,78,32,3,160,0,63,143,255,0
1314,8,223,127,209,157,91,96,205,220,0
852,8,31,255,64,0,0,3,197,128,0
1505,8,137,63,224,11,10,0,0,128,0
651,8,0,0,0,0,0,0,0,0,0
870,8,127,221,200,2,1,71,206,120,0
1408,8,0,0,0,3,158,8,0,0,0
1076,8,3,234,160,160,0,0,0,0,0
1760,8,0,0,0,0,0,0,0,0,0
167,8,32,16,250,36,193,43,128,160,0
692,8,20,233,150,0,0,0,88,0,0
458,8,63,241,255,128,0,0,12,56,0
1176,8,135,255,191,252,251,128,0,1,0
560,8,182,0,25,210,172,0,24,0,0
1694,8,4,64,4,127,31,192,20,162,0
293,8,144,0,64,159,66,189,125,96,0
14,8,32,82,150,2,8,9,117,196,0
208,8,90,119,4,96,241,0,0,0,0
51,8,0,7,136,0,14,192,7,208,0
1399,8,0,0,8,0,0,0,1,56,0
263,8,0,0,0,0,0,0,0,0,0
186,8,6,40,166,132,16,0,6,30,0
1760,8,0,0,0,0,0,0,0,0,0
737,8,0,0,0,0,0,0,0,4,0
852,8,31,255,64,0,0,3,190,0,0
1505,8,137,63,224,11,10,0,0,128,0
354,8,0,8,0,3,234,17,244,206,0
167,8,32,16,250,36,193,43,128,160,0
675,8,0,0,0,3,254,128,91,128,0
293,8,144,0,64,159,66,189,95,96,0
622,8,1,6,64,130,137,14,10,4,0
961,8,123,85,31,186,223,134,41,46,0
14,8,32,82,150,2,8,9,117,202,0
339,8,0,0,0,4,0,12,0,4,0
661,8,0,0,0,0,0,0,0,64,0
1634,8,78,224,0,0,64,0,0,0,0
412,8,24,230,32,0,2,0,40,192,0
208,8,98,119,4,96,240,0,0,0,0
51,8,0,7,128,0,15,0,7,208,0
628,8,0,242,44,243,80,124,129,221,0
192,8,0,0,0,0,0,0,0,0,0
403,8,0,8,8,3,232,136,0,0,0
526,8,78,32,3,160,0,63,143,247,0
1314,8,223,127,209,157,90,232,205,92,0
870,8,127,221,200,2,1,71,206,120,0
852,8,31,255,64,0,0,3,190,0,0
1505,8,137,63,224,11,10,0,0,128,0
651,8,0,0,0,0,0,0,0,0,0
1408,8,0,0,0,3,150,136,0,0,0
1076,8,4,10,160,160,0,0,0,0,0
1760,8,0,0,0,0,0,0,0,0,0
1788,8,0,0,7,92,18,183,88,32,0
167,8,32,16,250,36,193,43,128,160,0
569,8,0,0,0,125,0,0,66,64,0
1176,8,135,255,191,252,250,128,0,2,0
560,8,181,0,25,210,172,0,26,0,0
1694,8,4,64,4,127,31,192,20,162,0
293,8,144,0,64,159,66,191,33,96,0
14,8,32,82,150,2,8,9,117,196,0
215,8,0,0,2,0,128,0,0,0,0
208,8,106,119,4,96,239,0,0,0,0
51,8,0,7,120,0,15,64,7,208,0
263,8,0,0,0,0,0,0,0,0,0
1760,8,0,0,0,0,0,0,0,0,0
737,8,0,0,0,0,0,0,0,4,0
852,8,31,255,64,0,0,3,175,0,0
1505,8,137,63,224,11,10,0,0,128,0
354,8,0,8,0,3,234,17,244,206,0
167,8,32,16,250,36,193,43,128,160,0
1175,8,0,0,0,0,0,0,0,0,0
293,8,144,0,64,159,66,191,3,96,0
14,8,32,82,150,2,8,9,117,202,0
738,8,24,8,13,64,64,0,1,24,0
837,8,5,2,2,194,60,119,64,129,0
1072,8,0,48,68,139,224,128,16,160,0
304,8,0,1,80,0,0,0,0,0,0
339,8,0,0,0,4,0,12,0,4,0
1634,8,78,224,0,0,64,0,0,0,0
412,8,28,226,32,0,2,0,40,192,0
208,8,114,119,4,96,238,0,0,0,0
51,8,0,7,112,0,15,128,7,208,0
628,8,0,242,46,241,80,124,129,221,0
192,8,0,0,0,0,0,0,0,0,0
403,8,0,8,8,3,232,136,0,0,0
526,8,78,32,3,160,0,63,143,247,0
1314,8,223,127,209,157,90,112,204,220,0
870,8,127,221,200,2,1,71,206,120,0
852,8,31,255,64,0,0,4,24,0,0
1505,8,137,63,224,11,10,0,0,128,0
651,8,0,0,0,0,0,0,0,0,0
1408,8,0,0,0,3,143,8,0,0,0
1076,8,4,42,160,160,0,0,0,0,0
961,8,123,85,31,187,158,6,233,46,0
1760,8,0,0,0,0,0,0,0,0,0
167,8,32,16,250,36,209,43,128,160,0
722,8,0,0,80,0,0,0,0,0,0
1176,8,135,255,191,252,249,128,0,3,0
1124,8,0,2,64,0,0,144,19,154,0
560,8,180,0,25,210,172,0,28,0,0
1694,8,4,64,4,127,31,192,20,194,0
293,8,144,0,64,159,66,190,229,96,0
244,8,154,12,1,2,4,177,2,64,0
14,8,32,82,150,2,8,9,117,190,0
661,8,0,0,0,0,0,0,0,64,0
208,8,122,119,4,96,237,0,0,0,0
51,8,0,7,104,0,15,192,7,208,0
263,8,0,0,0,0,0,0,0,0,0
186,8,6,40,166,132,16,0,6,30,0
627,8,0,0,0,8,0,0,0,0,0
452,8,0,0,2,0,1,192,0,0,0
676,8,32,32,3,28,4,8,152,208,0
1760,8,0,0,0,0,0,0,0,0,0
881,8,1,6,0,0,0,0,8,128,0
1661,8,0,24,96,2,8,0,2,32,0
737,8,0,0,0,0,0,0,0,4,0
852,8,31,255,64,0,0,4,24,0,0
1505,8,137,63,224,11,10,0,0,128,0
354,8,0,8,0,3,234,17,244,206,0
167,8,32,16,250,36,193,43,128,160,0
1307,8,40,12,65,1,40,0,1,33,0
813,8,128,0,4,32,172,1,0,32,0
204,8,67,65,2,50,56,175,162,14,0
1277,8,17,105,10,78,141,20,73,8,0
1533,8,189,221,253,255,254,255,237,218,0
293,8,144,0,64,159,66,190,199,96,0
1644,8,0,64,0,0,24,0,0,0,0
14,8,32,82,150,2,8,9,117,202,0
1255,8,0,0,0,20,3,103,0,0,0
339,8,0,0,0,4,0,12,0,4,0
1634,8,78,224,0,0,64,0,0,0,0
1668,8,76,213,128,25,65,84,16,30,0
1590,8,36,156,0,0,240,0,0,0,0
727,8,16,0,76,152,0,0,0,8,0
412,8,0,254,32,0,2,0,40,192,0
208,8,2,119,4,96,252,0,0,0,0
403,8,0,8,8,3,232,136,0,0,0
526,8,78,32,3,160,0,63,143,255,0
1314,8,223,127,209,157,89,248,204,156,0
1413,8,0,64,0,0,0,2,0,24,0
852,8,31,255,64,0,0,4,16,128,0
1505,8,137,63,224,11,10,0,0,128,0
651,8,0,0,0,0,0,0,0,0,0
51,8,0,7,224,0,12,0,7,208,0
628,8,0,242,32,255,80,124,129,221,0
870,8,127,221,200,2,1,71,206,120,0
1408,8,0,0,0,3,135,136,0,0,0
1076,8,4,74,160,160,0,0,0,0,0
192,8,0,0,0,0,0,0,0,0,0
1760,8,0,0,0,0,0,0,0,0,0
167,8,32,16,250,36,193,43,128,160,0
253,8,0,0,1,0,128,16,0,0,0
1031,8,64,0,223,240,20,192,189,224,0
60,8,0,0,4,0,44,0,0,0,0
1176,8,135,255,191,252,248,128,0,4,0
1694,8,4,64,4,127,31,192,20,194,0
293,8,144,0,64,159,66,190,169,96,0
996,8,0,208,0,0,133,0,0,0,0
1628,8,64,8,178,117,48,0,0,0,0
519,8,4,4,96,72,42,222,181,24,0
1225,8,1,249,21,130,13,2,246,75,0
470,8,2,15,130,128,48,36,5,128,0
420,8,0,0,0,2,236,204,0,0,0
14,8,32,82,150,2,8,9,117,196,0
961,8,123,85,31,187,221,71,105,46,0
1399,8,0,0,8,0,0,0,1,56,0
560,8,179,0,25,210,172,0,30,0,0
208,8,10,119,4,96,251,0,0,0,0
51,8,0,7,216,0,12,64,7,208,0
263,8,0,0,0,0,0,0,0,0,0
1760,8,0,0,0,0,0,0,0,0,0
737,8,0,0,0,0,0,0,0,4,0
852,8,31,255,64,0,0,4,1,128,0
1505,8,137,63,224,11,10,0,0,128,0
354,8,0,8,0,3,234,17,244,206,0
167,8,32,16,250,36,209,43,128,160,0
293,8,144,0,64,159,66,190,139,96,0
14,8,32,82,150,2,8,9,117,202,0
339,8,0,0,0,4,0,12,0,4,0
661,8,0,0,0,0,0,0,0,64,0
1634,8,78,224,0,0,64,0,0,0,0
412,8,4,250,32,0,2,0,40,192,0
208,8,18,119,4,96,250,0,0,0,0
51,8,0,7,208,0,12,128,7,208,0
628,8,0,242,34,253,80,124,129,221,0
192,8,0,0,0,0,0,0,0,0,0
403,8,0,8,8,3,232,136,0,0,0
526,8,78,32,3,160,0,63,111,255,0
1314,8,223,127,209,157,97,0,204,156,0
870,8,127,221,200,2,1,71,206,120,0
852,8,31,255,64,0,0,4,1,128,0
1505,8,137,63,224,11,10,0,0,128,0
651,8,0,0,0,0,0,0,0,0,0
1408,8,0,0,0,3,248,8,0,0,0
1076,8,4,104,0,160,0,0,0,0,0
1760,8,0,0,0,0,0,0,0,0,0
167,8,32,16,250,36,209,43,128,160,0
61,8,0,0,2,0,0,0,0,0,0
1176,8,135,255,191,252,247,128,0,5,0
560,8,194,0,25,210,172,0,0,0,0
1694,8,4,64,4,127,32,0,20,194,0
293,8,144,0,64,159,66,190,109,96,0
14,8,32,82,150,2,8,9,117,196,0
208,8,26,119,4,96,249,0,0,0,0
51,8,0,7,200,0,12,192,7,208,0
263,8,0,0,0,0,0,0,0,0,0
186,8,6,40,168,4,16,0,6,30,0
1459,8,4,0,0,0,0,0,4,0,0
1760,8,0,0,0,0,0,0,0,0,0
737,8,0,0,0,0,0,0,0,4,0
852,8,31,255,64,0,0,3,250,0,0
1505,8,137,63,224,11,10,0,0,128,0
354,8,0,8,0,3,234,17,244,206,0
167,8,32,16,250,36,193,43,128,160,0
961,8,123,85,31,186,221,136,41,46,0
293,8,144,0,64,159,66,190,79,96,0
14,8,32,82,150,2,8,9,117,190,0
339,8,0,0,0,4,0,12,0,4,0
1634,8,78,224,0,0,64,0,0,0,0
412,8,8,246,32,0,2,0,40,192,0
208,8,34,119,4,96,248,0,0,0,0
51,8,0,7,192,0,13,0,7,208,0
628,8,0,242,36,251,80,124,129,221,0
192,8,0,0,0,0,0,0,0,0,0
485,8,1,70,4,5,168,65,163,224,0
813,8,128,0,4,32,172,1,0,32,0
1277,8,17,107,10,78,143,20,73,8,0
403,8,0,8,8,3,232,136,0,0,0
526,8,78,32,3,160,0,63,111,247,0
1314,8,223,127,209,157,96,136,204,92,0
852,8,31,255,64,0,0,3,250,0,0
1505,8,137,63,224,11,10,0,0,128,0
651,8,0,0,0,0,0,0,0,0,0
870,8,127,221,200,2,1,71,206,120,0
1408,8,0,0,0,3,240,136,0,0,0
705,8,1,243,111,199,201,31,188,66,0
1076,8,0,136,224,160,0,0,0,0,0
1760,8,0,0,0,0,0,0,0,0,0
167,8,32,16,250,36,193,43,128,160,0
692,8,20,233,150,0,0,0,88,0,0
458,8,63,241,255,128,0,0,12,56,0
1176,8,135,255,191,252,246,128,0,6,0
560,8,193,0,25,210,172,0,2,0,0
1694,8,4,64,4,127,31,192,20,194,0
293,8,144,0,64,159,66,190,49,96,0
14,8,32,82,150,2,8,9,117,196,0
661,8,0,0,0,0,0,0,0,64,0
208,8,42,119,4,96,247,0,0,0,0
51,8,0,7,184,0,13,64,7,208,0
263,8,0,0,0,0,0,0,0,0,0
241,8,62,16,28,192,3,89,204,0,0
1399,8,0,0,8,0,0,0,1,60,0
1760,8,0,0,0,0,0,0,0,0,0
737,8,0,0,0,0,0,0,0,4,0
852,8,31,255,64,0,0,3,235,0,0
1505,8,137,63,224,11,10,0,0,128,0
354,8,0,8,0,3,234,17,244,206,0
167,8,32,16,250,36,209,43,128,160,0
675,8,0,0,0,3,254,128,93,128,0
293,8,144,0,64,159,66,190,19,96,0
961,8,123,85,31,187,28,200,169,46,0
14,8,32,82,150,2,8,9,117,190,0
622,8,1,6,64,130,137,14,10,4,0
339,8,0,0,0,4,0,12,0,4,0
1634,8,78,224,0,0,64,0,0,0,0
412,8,12,242,32,0,2,0,40,192,0
208,8,50,119,4,96,246,0,0,0,0
51,8,0,7,176,0,13,128,7,208,0
628,8,0,242,38,249,80,124,129,221,0
192,8,0,0,0,0,0,0,0,0,0
403,8,0,8,8,3,232,136,0,0,0
526,8,78,32,3,160,0,63,143,247,0
1314,8,223,127,209,157,96,16,204,28,0
852,8,31,255,64,0,0,3,220,0,0
1505,8,137,63,224,11,10,0,0,128,0
651,8,0,0,0,0,0,0,0,0,0
870,8,127,221,200,2,1,71,206,120,0
1408,8,0,0,0,3,233,8,0,0,0
1076,8,0,168,224,160,0,0,0,0,0
1760,8,0,0,0,0,0,0,0,0,0
1788,8,0,0,7,92,82,183,88,32,0
167,8,32,16,250,36,209,43,128,160,0
569,8,0,0,0,125,0,0,66,96,0
1176,8,135,255,191,252,245,128,0,7,0
560,8,192,0,25,210,172,0,4,0,0
1694,8,4,64,4,127,31,192,20,194,0
293,8,144,0,64,159,66,189,245,96,0
14,8,32,82,150,2,8,9,117,202,0
215,8,0,0,2,0,128,0,0,0,0
208,8,58,119,4,96,245,0,0,0,0
51,8,0,7,168,0,13,192,7,208,0
263,8,0,0,0,0,0,0,0,0,0
186,8,6,56,168,68,16,0,6,30,0
65,8,128,34,0,32,1,0,0,0,0
1760,8,0,0,0,0,0,0,0,0,0
737,8,0,0,0,0,0,0,0,4,0
852,8,31,255,64,0,0,3,220,0,0
1505,8,137,63,224,11,10,0,0,128,0
354,8,0,8,0,3,234,17,244,206,0
167,8,32,16,250,36,193,43,128,160,0
1175,8,0,0,0,0,0,0,0,0,0
293,8,144,0,64,159,66,189,215,96,0
14,8,32,82,150,2,8,9,117,208,0
738,8,24,8,13,64,64,0,1,24,0
837,8,5,2,2,194,60,119,64,129,0
1072,8,0,48,68,139,224,128,16,160,0
304,8,0,1,80,0,0,0,0,0,0
339,8,0,0,0,4,0,12,0,4,0
661,8,0,0,0,0,0,0,0,64,0
1634,8,78,224,0,0,64,0,0,0,0
412,8,16,238,32,0,2,0,40,192,0
208,8,66,119,4,96,244,0,0,0,0
51,8,0,7,160,0,14,0,7,208,0
628,8,0,242,40,247,80,124,129,221,0
192,8,0,0,0,0,0,0,0,0,0
403,8,0,8,8,3,232,136,0,0,0
526,8,78,32,3,160,0,63,143,247,0
1314,8,223,127,209,157,95,152,204,28,0
870,8,127,221,200,2,1,71,206,120,0
852,8,31,255,64,0,0,3,212,128,0
1505,8,137,63,224,11,10,0,0,128,0
651,8,0,0,0,0,0,0,0,0,0
1408,8,0,0,0,3,225,136,0,0,0
1076,8,0,199,32,160,0,0,0,0,0
961,8,123,85,31,187,91,201,105,46,0
1760,8,0,0,0,0,0,0,0,0,0
167,8,32,16,250,36,193,43,128,160,0
722,8,0,0,8,0,0,0,0,0,0
1372,8,16,27,0,0,65,130,48,0,0
1176,8,135,255,191,252,244,128,0,8,0
1124,8,0,2,64,0,0,144,18,155,0
560,8,191,0,25,210,180,0,6,0,0
1694,8,4,64,4,127,31,192,20,226,0
293,8,144,0,64,159,66,189,185,96,0
244,8,154,12,1,2,4,177,2,64,0
14,8,32,82,150,2,8,9,117,202,0
208,8,74,119,4,96,243,0,0,0,0
51,8,0,7,152,0,14,64,7,208,0
263,8,0,0,0,0,0,0,0,0,0
663,8,17,0,0,32,0,2,81,16,0
1455,8,32,0,0,0,0,32,104,0,0
813,8,128,0,4,32,172,1,0,32,0
1277,8,17,107,10,78,143,20,73,136,0
1760,8,0,0,0,0,0,0,0,0,0
737,8,0,0,0,0,0,0,0,4,0
852,8,31,255,64,0,0,3,197,128,0
1505,8,137,63,224,11,10,0,0,128,0
354,8,0,8,0,3,234,17,244,206,0
167,8,32,16,250,36,209,43,128,160,0
293,8,144,0,64,159,66,189,155,96,0
1644,8,0,64,0,0,24,0,0,0,0
14,8,32,82,150,2,8,9,117,202,0
1255,8,0,0,0,20,3,103,0,0,0
339,8,0,0,0,4,0,12,0,4,0
1634,8,78,224,0,0,64,0,0,0,0
1668,8,76,213,128,25,65,84,16,30,0
1590,8,36,156,0,0,240,0,0,0,0
727,8,16,0,77,104,0,0,0,8,0
412,8,20,234,32,0,2,0,40,192,0
208,8,82,119,4,96,242,0,0,0,0
403,8,0,8,8,3,232,136,0,0,0
526,8,78,32,3,160,0,63,111,255,0
1314,8,223,127,209,157,95,32,203,220,0
51,8,0,7,144,0,14,128,7,208,0
852,8,31,255,64,0,0,3,197,128,0
1413,8,0,64,0,0,0,2,0,24,0
1505,8,137,63,224,11,10,0,0,128,0
651,8,0,0,0,0,0,0,0,0,0
628,8,0,242,42,245,80,124,129,221,0
870,8,127,221,200,2,1,71,206,120,0
192,8,0,0,0,0,0,0,0,0,0
167,8,32,16,250,36,193,43,128,160,0
1031,8,64,0,223,240,20,192,189,224,0
60,8,0,0,4,0,46,0,0,0,0
996,8,0,208,0,0,133,0,0,0,0
1408,8,0,0,0,3,218,8,0,0,0
1628,8,64,8,178,117,48,0,0,0,0
1076,8,0,231,0,160,0,0,0,0,0
519,8,4,4,96,72,42,222,181,24,0
1760,8,0,0,0,0,0,0,0,0,0
1694,8,4,64,4,127,31,192,20,226,0
293,8,144,0,64,159,66,189,125,96,0
1176,8,135,255,191,252,243,128,0,9,0
1225,8,1,249,21,130,13,2,246,75,0
470,8,2,11,128,128,48,36,5,128,0
1399,8,0,0,8,0,0,0,1,60,0
117,8,15,50,0,15,174,30,224,0,0
560,8,190,0,25,210,180,0,8,0,0
14,8,32,82,150,2,8,9,117,196,0
961,8,123,85,31,187,218,201,233,46,0
661,8,0,0,0,0,0,0,0,64,0
208,8,90,119,4,96,241,0,0,0,0
51,8,0,7,136,0,14,192,7,208,0
263,8,0,0,0,0,0,0,0,0,0
186,8,6,56,168,68,16,0,6,30,0
1760,8,0,0,0,0,0,0,0,0,0
737,8,0,0,0,0,0,0,0,4,0
852,8,31,255,64,0,0,3,190,0,0
1505,8,137,63,224,11,10,0,0,128,0
354,8,0,8,0,3,234,17,244,206,0
167,8,32,16,250,36,209,43,128,160,0
58,8,0,0,0,0,0,29,8,0,0
293,8,144,0,64,159,66,189,95,96,0
1227,8,128,0,0,0,0,0,0,0,0
640,8,24,224,2,112,0,0,0,0,0
14,8,32,82,150,2,8,9,117,202,0
339,8,0,0,0,4,0,12,0,4,0
1634,8,78,224,0,0,64,0,0,0,0
412,8,24,230,32,0,2,0,40,192,0
208,8,98,119,4,96,240,0,0,0,0
51,8,0,7,128,0,15,0,7,208,0
628,8,0,242,44,243,80,124,129,221,0
192,8,0,0,0,0,0,0,0,0,0
953,8,32,4,114,0,0,0,28,66,0
403,8,0,8,8,3,232,136,0,0,0
526,8,78,32,3,160,0,63,111,255,0
1314,8,223,127,209,157,94,168,203,220,0
870,8,127,221,200,2,1,71,206,120,0
852,8,31,255,64,0,0,3,190,0,0
1505,8,137,63,224,11,10,0,0,128,0
651,8,0,0,0,0,0,0,0,0,0
1408,8,0,0,0,3,210,136,0,0,0
1076,8,1,5,160,160,0,0,0,0,0
1760,8,0,0,0,0,0,0,0,0,0
167,8,32,16,250,36,209,43,128,160,0
61,8,0,0,2,0,0,0,0,0,0
541,8,0,0,0,0,0,1,0,0,0
1176,8,135,255,191,252,242,128,0,10,0
1262,8,160,0,13,8,240,76,64,8,0
560,8,189,0,25,210,180,0,10,0,0
1694,8,4,64,4,127,31,192,20,226,0
293,8,144,0,64,159,66,191,33,96,0
14,8,32,82,150,2,8,9,117,196,0
208,8,106,119,4,96,239,0,0,0,0
51,8,0,7,120,0,15,64,7,208,0
263,8,0,0,0,0,0,0,0,0,0
1459,8,4,0,0,0,0,0,4,0,0
1760,8,0,0,0,0,0,0,0,0,0
737,8,0,0,0,0,0,0,0,4,0
852,8,31,255,64,0,0,3,175,0,0
1505,8,137,63,224,11,10,0,0,128,0
354,8,0,8,0,3,234,17,244,206,0
961,8,123,85,31,187,26,202,169,46,0
167,8,32,16,250,36,209,43,128,160,0
1693,8,128,141,207,176,79,193,252,177,0
293,8,144,0,64,159,66,191,3,96,0
14,8,32,82,150,2,8,9,117,196,0
339,8,0,0,0,4,0,12,0,4,0
661,8,0,0,0,0,0,0,0,64,0
1634,8,78,224,0,0,64,0,0,0,0
412,8,28,226,32,0,2,0,40,192,0
208,8,114,119,4,96,238,0,0,0,0
51,8,0,7,112,0,15,128,7,208,0
628,8,0,242,46,241,80,124,129,221,0
192,8,0,0,0,0,0,0,0,0,0
813,8,128,0,4,32,172,1,0,32,0
403,8,0,8,8,3,232,136,0,0,0
526,8,78,32,3,160,0,63,143,247,0
1314,8,223,127,209,157,94,48,203,156,0
870,8,127,221,200,2,1,71,206,120,0
852,8,31,255,64,0,0,4,24,0,0
1505,8,137,63,224,11,10,0,0,128,0
651,8,0,0,0,0,0,0,0,0,0
1408,8,0,0,0,3,203,8,0,0,0
1076,8,1,38,32,160,0,0,0,0,0
1760,8,0,0,0,0,0,0,0,0,0
167,8,32,16,250,36,193,43,128,160,0
692,8,20,233,150,0,0,0,88,0,0
458,8,63,241,255,128,0,0,12,56,0
1176,8,135,255,191,252,241,128,0,11,0
1277,8,17,111,10,78,147,21,73,136,0
1512,8,0,0,2,4,0,57,176,0,0
560,8,188,0,25,210,180,0,12,0,0
1694,8,4,64,4,127,31,192,21,2,0
293,8,144,0,64,159,66,190,229,96,0
1049,8,10,155,70,77,4,95,194,239,0
14,8,32,82,150,2,8,9,117,196,0
705,8,1,243,79,199,202,31,166,86,0
208,8,122,119,4,96,237,0,0,0,0
51,8,0,7,104,0,15,192,7,208,0
1399,8,0,0,8,0,0,0,1,62,0
263,8,0,0,0,0,0,0,0,0,0
186,8,6,56,170,132,16,0,6,30,0
1760,8,0,0,0,0,0,0,0,0,0
737,8,0,0,0,0,0,0,0,4,0
852,8,31,255,64,0,0,4,24,0,0
1505,8,137,63,224,11,10,0,0,128,0
354,8,0,8,0,3,234,17,244,206,0
167,8,32,16,250,36,193,43,128,160,0
675,8,0,0,0,3,254,128,95,128,0
293,8,144,0,64,159,66,190,199,96,0
961,8,123,85,31,187,26,75,41,46,0
14,8,32,82,150,2,8,9,117,190,0
622,8,1,6,64,130,137,14,10,4,0
339,8,0,0,0,4,0,12,0,4,0
1634,8,78,224,0,0,64,0,0,0,0
412,8,0,254,32,0,2,0,40,192,0
208,8,2,119,4,96,252,0,0,0,0
51,8,0,7,224,0,12,0,7,208,0
628,8,0,242,32,255,80,124,129,221,0
192,8,0,0,0,0,0,0,0,0,0
403,8,0,8,8,3,232,136,0,0,0
526,8,78,32,3,160,0,63,111,255,0
1314,8,223,127,209,157,93,184,203,156,0
870,8,127,221,200,2,1,71,206,120,0
852,8,31,255,64,0,0,4,16,128,0
1505,8,137,63,224,11,10,0,0,128,0
651,8,0,0,0,0,0,0,0,0,0
1408,8,0,0,0,3,195,136,0,0,0
1076,8,1,70,128,160,0,0,0,0,0
1760,8,0,0,0,0,0,0,0,0,0
1788,8,0,0,7,92,114,183,88,32,0
167,8,32,16,250,36,193,43,128,160,0
569,8,0,0,0,125,0,0,66,96,0
1176,8,135,255,191,252,240,128,0,12,0
560,8,187,0,25,210,180,0,14,0,0
1694,8,4,64,4,127,31,192,20,226,0
293,8,144,0,64,159,66,190,169,96,0
14,8,32,82,150,2,8,9,117,196,0
661,8,0,0,0,0,0,0,0,64,0
208,8,10,119,4,96,251,0,0,0,0
51,8,0,7,216,0,12,64,7,208,0
263,8,0,0,0,0,0,0,0,0,0
215,8,0,0,2,0,128,0,0,0,0
1760,8,0,0,0,0,0,0,0,0,0
737,8,0,0,0,0,0,0,0,4,0
852,8,31,255,64,0,0,4,1,128,0
1505,8,137,63,224,11,10,0,0,128,0
354,8,0,8,0,3,234,17,244,206,0
167,8,32,16,250,36,193,43,128,160,0
1175,8,0,0,0,0,0,0,0,0,0
293,8,144,0,64,159,66,190,139,96,0
14,8,32,82,150,2,8,9,117,196,0
738,8,24,8,13,64,64,0,1,24,0
837,8,5,2,2,194,60,119,64,129,0
1072,8,0,48,68,139,224,128,16,160,0
304,8,0,1,80,0,0,0,0,0,0
339,8,0,0,0,4,0,12,0,4,0
1634,8,78,224,0,0,64,0,0,0,0
412,8,4,250,32,0,2,0,40,192,0
208,8,18,119,4,96,250,0,0,0,0
51,8,0,7,208,0,12,128,7,208,0
628,8,0,242,34,253,80,124,129,221,0
192,8,0,0,0,0,0,0,0,0,0
403,8,0,8,8,3,232,136,0,0,0
526,8,78,32,3,160,0,63,111,255,0
1314,8,223,127,209,157,93,64,203,156,0
870,8,127,221,200,2,1,71,206,120,0
852,8,31,255,64,0,0,4,1,128,0
1505,8,137,63,224,11,10,0,0,128,0
651,8,0,0,0,0,0,0,0,0,0
1408,8,0,0,0,3,188,8,0,0,0
1076,8,1,104,96,160,0,0,0,0,0
961,8,123,85,31,187,153,11,233,46,0
1760,8,0,0,0,0,0,0,0,0,0
167,8,32,16,250,36,209,43,128,160,0
722,8,0,0,16,0,0,0,0,0,0
1176,8,135,255,191,252,239,128,0,13,0
1124,8,0,2,64,0,0,144,17,156,0
631,8,30,1,128,0,0,0,1,8,0
560,8,186,0,25,210,180,0,16,0,0
1694,8,4,64,4,127,31,192,21,2,0
293,8,144,0,64,159,66,190,109,96,0
244,8,154,12,1,2,4,177,2,64,0
14,8,32,82,150,2,8,9,117,202,0
208,8,26,119,4,96,249,0,0,0,0
51,8,0,7,200,0,12,192,7,208,0
263,8,0,0,0,0,0,0,0,0,0
186,8,6,56,171,4,16,0,6,30,0
1307,8,8,2,135,77,91,144,0,1,0
813,8,128,0,4,32,172,1,0,32,0
1760,8,0,0,0,0,0,0,0,0,0
1277,8,17,104,10,78,139,19,201,136,0
737,8,0,0,0,0,0,0,0,4,0
852,8,31,255,64,0,0,3,250,0,0
1505,8,137,63,224,11,10,0,0,128,0
354,8,0,8,0,3,234,17,244,206,0
167,8,32,16,250,36,209,43,128,160,0
930,8,0,0,0,0,12,1,224,0,0
293,8,144,0,64,159,66,190,79,96,0
1644,8,0,64,0,0,24,0,0,0,0
1560,8,251,125,190,255,241,119,191,221,0
14,8,32,82,150,2,8,9,117,196,0
1255,8,0,0,0,20,3,103,0,0,0
339,8,0,0,0,4,0,12,0,4,0
661,8,0,0,0,0,0,0,0,64,0
1634,8,78,224,0,0,64,0,0,0,0
1668,8,76,213,128,25,65,84,16,30,0
1590,8,36,156,0,0,240,0,0,0,0
727,8,16,0,78,40,0,0,0,8,0
412,8,8,246,32,0,2,0,40,192,0
403,8,0,8,8,3,232,136,0,0,0
526,8,78,32,3,160,0,63,111,255,0
1314,8,223,127,209,157,92,200,203,156,0
1413,8,0,64,0,0,0,2,0,24,0
852,8,31,255,64,0,0,3,250,0,0
1505,8,137,63,224,11,10,0,0,128,0
651,8,0,0,0,0,0,0,0,0,0
208,8,34,119,4,96,248,0,0,0,0
51,8,0,7,192,0,13,0,7,208,0
628,8,0,242,36,251,80,124,129,221,0
870,8,127,221,200,2,1,71,206,120,0
1408,8,0,0,0,3,180,136,0,0,0
1076,8,1,134,192,160,0,0,0,0,0
1760,8,0,0,0,0,0,0,0,0,0
192,8,0,0,0,0,0,0,0,0,0
167,8,32,16,250,36,209,43,128,160,0
1031,8,64,0,223,240,20,192,189,224,0
60,8,0,0,4,0,45,0,0,0,0
1176,8,135,255,191,252,238,128,0,14,0
996,8,0,208,0,0,133,0,0,0,0
1694,8,4,64,4,127,31,192,21,2,0
1628,8,64,8,178,117,48,0,0,0,0
293,8,144,0,64,159,66,190,49,96,0
519,8,4,4,96,72,42,222,181,24,0
1225,8,1,248,213,130,13,3,246,75,0
470,8,2,143,194,128,52,116,5,144,0
1399,8,0,0,8,0,0,0,1,62,0
560,8,185,0,25,210,188,0,18,0,0
14,8,32,82,150,2,8,9,117,202,0
961,8,123,85,31,187,216,76,105,46,0
208,8,42,119,4,96,247,0,0,0,0
51,8,0,7,184,0,13,64,7,208,0
263,8,0,0,0,0,0,0,0,0,0
1760,8,0,0,0,0,0,0,0,0,0
737,8,0,0,0,0,0,0,0,4,0
852,8,31,255,64,0,0,3,235,0,0
1505,8,137,63,224,11,10,0,0,128,0
354,8,0,8,0,3,234,17,244,206,0
167,8,32,16,250,36,209,43,128,160,0
293,8,144,0,64,159,66,190,19,96,0
426,8,144,190,189,68,161,99,230,64,0
14,8,32,82,150,2,8,9,117,202,0
339,8,0,0,0,4,0,12,0,4,0
1634,8,78,224,0,0,64,0,0,0,0
412,8,12,242,32,0,2,0,40,192,0
208,8,50,119,4,96,246,0,0,0,0
51,8,0,7,176,0,13,128,7,208,0
628,8,0,242,38,249,80,124,129,221,0
192,8,0,0,0,0,0,0,0,0,0
403,8,0,8,8,3,232,136,0,0,0
526,8,78,32,3,160,0,63,111,255,0
1314,8,223,127,209,157,92,80,203,156,0
852,8,31,255,64,0,0,3,220,0,0
1505,8,137,63,224,11,10,0,0,128,0
651,8,0,0,0,0,0,0,0,0,0
870,8,127,221,200,2,1,71,206,120,0
1408,8,0,0,0,3,173,8,0,0,0
1076,8,1,166,0,160,0,0,0,0,0
1760,8,0,0,0,0,0,0,0,0,0
167,8,32,16,250,36,209,43,128,160,0
61,8,0,0,2,0,0,0,0,0,0
1176,8,135,255,191,252,237,128,0,15,0
560,8,184,0,25,210,188,0,20,0,0
1694,8,4,64,4,127,31,192,21,2,0
293,8,144,0,64,159,66,189,245,96,0
14,8,32,82,150,2,8,9,117,196,0
661,8,0,0,0,0,0,0,0,64,0
208,8,58,119,4,96,245,0,0,0,0
51,8,0,7,168,0,13,192,7,208,0
263,8,0,0,0,0,0,0,0,0,0
186,8,6,72,173,132,16,0,6,30,0
1459,8,4,0,0,0,0,0,4,0,0
1760,8,0,0,0,0,0,0,0,0,0
737,8,0,0,0,0,0,0,0,4,0
852,8,31,255,64,0,0,3,220,0,0
1505,8,137,63,224,11,10,0,0,128,0
354,8,0,8,0,3,234,17,244,206,0
961,8,123,85,31,187,151,205,41,46,0
167,8,32,16,250,36,193,43,128,160,0
1372,8,16,27,0,0,65,130,48,0,0
293,8,144,0,64,159,66,189,215,96,0
14,8,32,82,150,2,8,9,117,190,0
339,8,0,0,0,4,0,12,0,4,0
1634,8,78,224,0,0,64,0,0,0,0
412,8,16,238,32,0,2,0,40,192,0
208,8,66,119,4,96,244,0,0,0,0
51,8,0,7,160,0,14,0,7,208,0
628,8,0,242,40,247,80,124,129,221,0
192,8,0,0,0,0,0,0,0,0,0
778,8,64,45,80,1,211,44,50,0,0
452,8,0,0,2,0,2,0,0,0,0
676,8,54,220,0,28,4,8,152,208,0
403,8,0,8,8,3,232,136,0,0,0
526,8,78,32,3,160,0,63,143,247,0
1314,8,223,127,209,157,91,216,203,156,0
852,8,31,255,64,0,0,3,212,128,0
1505,8,137,63,224,11,10,0,0,128,0
651,8,0,0,0,0,0,0,0,0,0
870,8,127,221,200,2,1,71,206,120,0
1408,8,0,0,0,3,165,136,0,0,0
1076,8,1,198,64,160,0,0,0,0,0
1760,8,0,0,0,0,0,0,0,0,0
167,8,32,16,250,36,193,43,128,160,0
692,8,20,233,150,0,0,0,88,0,0
458,8,63,241,255,128,0,0,12,56,0
1176,8,135,255,191,252,252,128,0,0,0
813,8,128,0,4,32,172,1,0,32,0
1277,8,17,102,10,78,137,19,201,136,0
560,8,183,0,25,210,188,0,22,0,0
1694,8,4,64,4,127,32,0,21,2,0
293,8,144,0,64,159,66,189,185,96,0
1331,8,237,127,207,126,255,247,239,127,0
14,8,32,82,150,2,8,9,117,190,0
208,8,74,119,4,96,243,0,0,0,0
51,8,0,7,152,0,14,64,7,208,0
1399,8,0,0,8,0,0,0,1,68,0
263,8,0,0,0,0,0,0,0,0,0
1760,8,0,0,0,0,0,0,0,0,0
737,8,0,0,0,0,0,0,0,4,0
852,8,31,255,64,0,0,3,197,128,0
1505,8,137,63,224,11,10,0,0,128,0
354,8,0,8,0,3,234,17,244,206,0
705,8,1,243,79,199,201,159,146,108,0
167,8,32,16,250,36,193,43,128,160,0
675,8,0,0,0,3,254,128,96,0,0
293,8,144,0,64,159,66,189,155,96,0
961,8,123,85,31,188,22,205,169,46,0
14,8,32,82,150,2,8,9,117,190,0
339,8,0,0,0,4,0,12,0,4,0
661,8,0,0,0,0,0,0,0,64,0
1634,8,78,224,0,0,64,0,0,0,0
412,8,20,234,32,0,2,0,40,192,0
208,8,82,119,4,96,242,0,0,0,0
51,8,0,7,144,0,14,128,7,208,0
628,8,0,242,42,245,80,124,129,221,0
192,8,0,0,0,0,0,0,0,0,0
622,8,1,6,64,130,137,14,10,4,0
403,8,0,8,8,3,232,136,0,0,0
526,8,78,32,3,160,0,63,111,255,0
1314,8,223,127,209,157,91,96,203,156,0
870,8,127,221,200,2,1,71,206,120,0
852,8,31,255,64,0,0,3,197,128,0
1505,8,137,63,224,11,10,0,0,128,0
651,8,0,0,0,0,0,0,0,0,0
1408,8,0,0,0,3,158,8,0,0,0
1076,8,1,229,160,160,0,0,0,0,0
1760,8,0,0,0,0,0,0,0,0,0
1788,8,0,0,7,92,82,183,88,32,0
167,8,32,16,250,36,193,43,128,160,0
569,8,0,0,0,125,0,0,66,96,0
1176,8,135,255,191,252,251,128,0,1,0
560,8,182,0,25,210,188,0,24,0,0
1694,8,4,64,4,127,31,192,21,2,0
37,8,0,0,2,136,64,62,34,1,0
293,8,144,0,64,159,66,189,125,96,0
14,8,32,82,150,2,8,9,117,208,0
215,8,0,0,2,0,128,0,0,0,0
208,8,90,119,4,96,241,0,0,0,0
51,8,0,7,136,0,14,192,7,208,0
263,8,0,0,0,0,0,0,0,0,0
186,8,6,72,173,132,16,0,6,30,0
1760,8,0,0,0,0,0,0,0,0,0
737,8,0,0,0,0,0,0,0,4,0
852,8,31,255,64,0,0,3,190,0,0
1505,8,137,63,224,11,10,0,0,128,0
354,8,0,8,0,3,234,17,244,206,0
167,8,32,16,250,36,193,43,128,160,0
1175,8,0,0,0,0,0,0,0,0,0
293,8,144,0,64,159,66,189,95,96,0
14,8,32,82,150,2,8,9,117,208,0
738,8,24,8,13,64,64,0,1,24,0
837,8,5,2,2,194,60,119,64,129,0
1072,8,0,48,68,139,224,128,16,160,0
304,8,0,1,80,0,0,0,0,0,0
339,8,0,0,0,4,0,12,0,4,0
1634,8,78,224,0,0,64,0,0,0,0
412,8,24,230,32,0,2,0,40,192,0
208,8,98,119,4,96,240,0,0,0,0
51,8,0,7,128,0,15,0,7,208,0
628,8,0,242,44,243,80,124,129,221,0
192,8,0,0,0,0,0,0,0,0,0
403,8,0,8,8,3,232,136,0,0,0
526,8,78,32,3,160,0,63,111,255,0
1314,8,223,127,209,157,90,232,203,156,0
870,8,127,221,200,2,1,71,206,120,0
1408,8,0,0,0,3,150,136,0,0,0
852,8,31,255,64,0,0,3,190,0,0
1505,8,137,63,224,11,10,0,0,128,0
651,8,0,0,0,0,0,0,0,0,0
961,8,123,85,31,187,150,142,105,46,0
1076,8,2,8,32,160,0,0,0,0,0
1760,8,0,0,0,0,0,0,0,0,0
167,8,32,16,250,36,193,43,128,160,0
722,8,0,0,24,0,0,0,0,0,0
1176,8,135,255,191,252,250,128,0,2,0
1124,8,0,2,64,0,0,144,16,157,0
560,8,181,0,25,210,188,0,26,0,0
1694,8,4,64,4,127,31,192,21,34,0
293,8,144,0,64,159,66,191,33,96,0
244,8,154,12,1,2,4,177,2,64,0
14,8,32,82,150,2,8,9,117,208,0
661,8,0,0,0,0,0,0,0,64,0
208,8,106,119,4,96,239,0,0,0,0
51,8,0,7,120,0,15,64,7,208,0
263,8,0,0,0,0,0,0,0,0,0
813,8,128,0,4,32,172,1,0,32,0
1760,8,0,0,0,0,0,0,0,0,0
1277,8,17,117,10,78,157,22,74,8,0
737,8,0,0,0,0,0,0,0,4,0
852,8,31,255,64,0,0,3,175,0,0
1505,8,137,63,224,11,10,0,0,128,0
354,8,0,8,0,3,234,17,244,206,0
167,8,32,16,250,36,193,43,128,160,0
293,8,144,0,64,159,66,191,3,96,0
1644,8,0,64,0,0,24,0,0,0,0
14,8,32,82,150,2,8,9,117,208,0
1255,8,0,0,0,20,3,103,0,0,0
339,8,0,0,0,4,0,12,0,4,0
1634,8,78,224,0,0,64,0,0,0,0
1668,8,76,213,128,25,65,84,16,30,0
1590,8,36,156,0,0,240,0,0,0,0
727,8,16,0,78,240,0,0,0,8,0
412,8,28,226,32,0,2,0,40,192,0
208,8,114,119,4,96,238,0,0,0,0
403,8,0,8,8,3,232,136,0,0,0
526,8,78,32,3,160,0,63,111,255,0
1314,8,223,127,209,157,90,112,203,156,0
1413,8,0,64,0,0,0,2,0,24,0
852,8,31,255,64,0,0,4,24,0,0
1505,8,137,63,224,11,10,0,0,128,0
651,8,0,0,0,0,0,0,0,0,0
51,8,0,7,112,0,15,128,7,208,0
628,8,0,242,46,241,80,124,129,221,0
870,8,127,221,200,2,1,71,206,120,0
1408,8,0,0,0,3,143,8,0,0,0
1076,8,2,40,32,160,0,0,0,0,0
1760,8,0,0,0,0,0,0,0,0,0
192,8,0,0,0,0,0,0,0,0,0
167,8,32,16,250,36,193,43,128,160,0
1031,8,64,0,223,240,20,192,189,224,0
60,8,0,0,4,0,45,0,0,0,0
996,8,0,208,0,0,133,0,0,0,0
1176,8,135,255,191,252,249,128,0,3,0
1628,8,64,8,178,117,48,0,0,0,0
1694,8,4,64,4,127,31,192,21,34,0
519,8,4,4,224,88,42,222,181,24,0
293,8,144,0,64,159,66,190,229,96,0
1225,8,1,249,21,130,13,2,246,75,0
470,8,2,11,128,128,48,36,5,128,0
1399,8,0,0,8,0,0,0,1,68,0
560,8,180,0,25,210,188,0,28,0,0
961,8,123,85,31,187,22,142,233,46,0
14,8,32,82,150,2,8,9,117,208,0
208,8,122,119,4,96,237,0,0,0,0
51,8,0,7,104,0,15,192,7,208,0
263,8,0,0,0,0,0,0,0,0,0
186,8,6,72,173,132,16,0,6,30,0
1760,8,0,0,0,0,0,0,0,0,0
737,8,0,0,0,0,0,0,0,4,0
852,8,31,255,64,0,0,4,24,0,0
1505,8,137,63,224,11,10,0,0,128,0
354,8,0,8,0,3,234,17,244,206,0
167,8,32,16,250,36,209,43,128,160,0
293,8,144,0,64,159,66,190,199,96,0
1227,8,128,0,0,0,0,0,0,0,0
640,8,24,224,2,112,0,0,0,0,0
6,8,8,0,0,100,0,0,0,0,0
14,8,32,82,150,2,8,9,117,190,0
339,8,0,0,0,4,0,12,0,4,0
661,8,0,0,0,0,0,0,0,64,0
1634,8,78,224,0,0,64,0,0,0,0
412,8,0,254,32,0,2,0,40,192,0
208,8,2,119,4,96,252,0,0,0,0
51,8,0,7,224,0,12,0,7,208,0
628,8,0,242,32,255,80,124,129,221,0
192,8,0,0,0,0,0,0,0,0,0
403,8,0,8,8,3,232,136,0,0,0
526,8,78,32,3,160,0,63,143,255,0
1314,8,223,127,209,157,89,248,203,156,0
870,8,127,221,200,2,1,71,206,120,0
852,8,31,255,64,0,0,4,16,128,0
1505,8,137,63,224,11,10,0,0,128,0
651,8,0,0,0,0,0,0,0,0,0
1408,8,0,0,0,3,135,136,0,0,0
1076,8,2,64,0,160,0,0,0,0,0
1760,8,0,0,0,0,0,0,0,0,0
167,8,32,16,250,36,193,43,128,160,0
61,8,0,0,2,0,0,0,0,0,0
1176,8,135,255,191,252,248,128,0,4,0
560,8,179,0,25,210,188,0,30,0,0
1694,8,4,64,4,127,31,192,21,34,0
293,8,144,0,64,159,66,190,169,96,0
14,8,32,82,150,2,8,9,117,208,0
208,8,10,119,4,96,251,0,0,0,0
51,8,0,7,216,0,12,64,7,208,0
263,8,0,0,0,0,0,0,0,0,0
1459,8,4,0,0,0,0,0,4,0,0
1760,8,0,0,0,0,0,0,0,0,0
737,8,0,0,0,0,0,0,0,4,0
852,8,31,255,64,0,0,4,1,128,0
1505,8,137,63,224,11,10,0,0,128,0
354,8,0,8,0,3,234,17,244,206,0
961,8,123,85,31,187,21,207,169,46,0
167,8,32,16,250,36,193,43,128,160,0
293,8,144,0,64,159,66,190,139,96,0
14,8,32,82,150,2,8,9,117,202,0
339,8,0,0,0,4,0,12,0,4,0
1634,8,78,224,0,0,64,0,0,0,0
412,8,4,250,32,0,2,0,40,192,0
208,8,18,119,4,96,250,0,0,0,0
51,8,0,7,208,0,12,128,7,208,0
628,8,0,242,34,253,80,124,129,221,0
192,8,0,0,0,0,0,0,0,0,0
778,8,64,45,80,1,211,46,50,0,0
813,8,128,0,4,32,172,1,0,32,0
1277,8,17,111,10,78,147,21,74,8,0
403,8,0,8,8,3,232,136,0,0,0
526,8,78,32,3,160,0,63,111,255,0
1314,8,223,127,209,157,97,0,203,156,0
852,8,31,255,64,0,0,4,1,128,0
1505,8,137,63,224,11,10,0,0,128,0
651,8,0,0,0,0,0,0,0,0,0
870,8,127,221,200,2,1,71,206,120,0
1408,8,0,0,0,3,248,8,0,0,0
1076,8,2,96,0,160,0,0,0,0,0
1760,8,0,0,0,0,0,0,0,0,0
167,8,32,16,250,36,193,43,128,160,0
692,8,20,233,150,0,0,0,88,0,0
458,8,63,241,255,128,0,0,12,56,0
1176,8,135,255,191,252,247,128,0,5,0
560,8,194,0,25,210,196,0,0,0,0
1694,8,4,64,4,127,31,192,21,34,0
293,8,144,0,64,159,66,190,109,96,0
14,8,32,82,150,2,8,9,117,208,0
661,8,0,0,0,0,0,0,0,64,0
208,8,26,119,4,96,249,0,0,0,0
51,8,0,7,200,0,12,192,7,208,0
263,8,0,0,0,0,0,0,0,0,0
186,8,6,88,174,4,16,0,6,30,0
1399,8,0,0,8,0,0,0,1,72,0
1760,8,0,0,0,0,0,0,0,0,0
737,8,0,0,0,0,0,0,0,4,0
852,8,31,255,64,0,0,3,250,0,0
1505,8,137,63,224,11,10,0,0,128,0
354,8,0,8,0,3,234,17,244,206,0
167,8,32,16,250,36,193,43,128,160,0
675,8,0,0,0,3,254,128,98,128,0
293,8,144,0,64,159,66,190,79,96,0
961,8,123,85,31,187,148,208,41,46,0
14,8,32,82,150,2,8,9,117,196,0
705,8,1,243,15,199,201,159,130,128,0
339,8,0,0,0,4,0,12,0,4,0
1634,8,78,224,0,0,64,0,0,0,0
412,8,8,246,32,0,2,0,40,192,0
208,8,34,119,4,96,248,0,0,0,0
51,8,0,7,192,0,13,0,7,208,0
628,8,0,242,36,251,80,124,129,221,0
192,8,0,0,0,0,0,0,0,0,0
622,8,1,6,64,130,137,14,10,4,0
403,8,0,8,8,3,232,136,0,0,0
526,8,78,32,3,160,0,63,111,247,0
1314,8,223,127,209,157,96,136,203,156,0
870,8,127,221,200,2,1,71,206,120,0
852,8,31,255,64,0,0,3,250,0,0
1505,8,137,63,224,11,10,0,0,128,0
651,8,0,0,0,0,0,0,0,0,0
1408,8,0,0,0,3,240,136,0,0,0
1076,8,2,138,160,160,0,0,0,0,0
1760,8,0,0,0,0,0,0,0,0,0
1788,8,0,0,7,92,210,183,88,32,0
167,8,32,16,250,36,193,43,128,160,0
569,8,0,0,0,125,0,0,66,128,0
1176,8,135,255,191,252,246,128,0,6,0
560,8,193,0,25,210,196,0,2,0,0
1694,8,4,64,4,127,31,192,21,34,0
293,8,144,0,64,159,66,190,49,96,0
14,8,32,82,150,2,8,9,117,202,0
215,8,0,0,2,0,128,0,0,0,0
208,8,42,119,4,96,247,0,0,0,0
51,8,0,7,184,0,13,64,7,208,0
263,8,0,0,0,0,0,0,0,0,0
1760,8,0,0,0,0,0,0,0,0,0
737,8,0,0,0,0,0,0,0,4,0
852,8,31,255,64,0,0,3,235,0,0
1505,8,137,63,224,11,10,0,0,128,0
354,8,0,8,0,3,234,17,244,206,0
167,8,32,16,250,36,193,43,128,160,0
692,8,20,233,151,0,0,0,88,0,0
1175,8,0,0,0,0,0,0,0,0,0
293,8,144,0,64,159,66,190,19,96,0
14,8,32,82,150,2,8,9,117,202,0
738,8,24,8,13,64,64,0,1,24,0
837,8,5,2,2,194,60,119,64,129,0
1072,8,0,48,68,139,224,128,16,160,0
304,8,0,1,80,0,0,0,0,0,0
339,8,0,0,0,4,0,12,0,4,0
661,8,0,0,0,0,0,0,0,64,0
1634,8,78,224,0,0,64,0,0,0,0
412,8,12,242,32,0,2,0,40,192,0
208,8,50,119,4,96,246,0,0,0,0
51,8,0,7,176,0,13,128,7,208,0
628,8,0,242,38,249,80,124,129,221,0
192,8,0,0,0,0,0,0,0,0,0
403,8,0,8,8,3,232,136,0,0,0
526,8,78,32,3,160,0,63,111,255,0
1314,8,223,127,209,157,96,16,203,156,0
870,8,127,221,200,2,1,71,206,120,0
852,8,31,255,64,0,0,3,220,0,0
1505,8,137,63,224,11,10,0,0,128,0
651,8,0,0,0,0,0,0,0,0,0
1408,8,0,0,0,3,233,8,0,0,0
1076,8,2,170,160,160,0,0,0,0,0
961,8,123,85,31,187,148,16,233,46,0
1760,8,0,0,0,0,0,0,0,0,0
167,8,32,16,250,36,193,43,128,160,0
722,8,0,0,32,0,0,0,0,0,0
1372,8,16,27,0,0,65,130,48,0,0
1176,8,135,255,191,252,245,128,0,7,0
1124,8,0,2,64,0,0,144,15,158,0
560,8,192,0,25,210,196,0,4,0,0
1694,8,4,64,4,127,31,192,21,66,0
293,8,144,0,64,159,66,189,245,96,0
244,8,154,12,1,2,4,177,2,64,0
14,8,32,82,150,2,8,9,117,208,0
208,8,58,119,4,96,245,0,0,0,0
51,8,0,7,168,0,13,192,7,208,0
263,8,0,0,0,0,0,0,0,0,0
186,8,6,88,174,4,16,0,6,30,0
1307,8,40,26,50,9,178,129,128,193,0
813,8,128,0,4,32,172,1,0,32,0
1760,8,0,0,0,0,0,0,0,0,0
1277,8,17,110,10,78,147,20,202,8,0
737,8,0,0,0,0,0,0,0,4,0
852,8,31,255,64,0,0,3,220,0,0
1505,8,137,63,224,11,10,0,0,128,0
354,8,0,8,0,3,234,17,244,206,0
167,8,32,16,250,36,193,43,128,160,0
293,8,144,0,64,159,66,189,215,96,0
1644,8,0,64,0,0,24,0,0,0,0
14,8,32,82,150,2,8,9,117,190,0
1255,8,0,0,0,20,3,103,0,0,0
339,8,0,0,0,4,0,12,0,4,0
1634,8,78,224,0,0,64,0,0,0,0
1668,8,76,213,128,25,65,84,16,30,0
1590,8,36,156,0,0,240,0,0,0,0
727,8,16,0,79,192,0,0,0,8,0
412,8,16,238,32,0,2,0,40,192,0
208,8,66,119,4,96,244,0,0,0,0
403,8,0,8,8,3,232,136,0,0,0
526,8,78,32,3,160,0,63,111,255,0
1314,8,223,127,209,157,95,152,203,156,0
1413,8,0,64,0,0,0,2,0,24,0
852,8,31,255,64,0,0,3,212,128,0
1505,8,137,63,224,11,10,0,0,128,0
651,8,0,0,0,0,0,0,0,0,0
51,8,0,7,160,0,14,0,7,208,0
628,8,0,242,40,247,80,124,129,221,0
870,8,127,221,200,2,1,71,206,120,0
1408,8,0,0,0,3,225,136,0,0,0
1076,8,2,202,160,160,0,0,0,0,0
192,8,0,0,0,0,0,0,0,0,0
1760,8,0,0,0,0,0,0,0,0,0
167,8,32,16,250,36,193,43,128,160,0
1031,8,64,0,223,240,20,192,189,224,0
60,8,0,0,4,0,44,0,0,0,0
1176,8,135,255,191,252,244,128,0,8,0
996,8,0,208,0,0,133,0,0,0,0
1628,8,64,8,178,117,48,0,0,0,0
519,8,4,4,96,72,42,222,181,24,0
1225,8,1,249,21,130,13,2,246,75,0
1694,8,4,64,4,127,31,192,21,66,0
293,8,144,0,64,159,66,189,185,96,0
470,8,2,15,130,128,48,36,5,128,0
1399,8,0,0,8,0,0,0,1,72,0
560,8,191,0,25,210,196,0,6,0,0
961,8,123,85,31,187,211,81,105,46,0
14,8,32,82,150,2,8,9,117,208,0
661,8,0,0,0,0,0,0,0,64,0
208,8,74,119,4,96,243,0,0,0,0
51,8,0,7,152,0,14,64,7,208,0
263,8,0,0,0,0,0,0,0,0,0
1760,8,0,0,0,0,0,0,0,0,0
737,8,0,0,0,0,0,0,0,4,0
852,8,31,255,64,0,0,3,197,128,0
1505,8,137,63,224,11,10,0,0,128,0
354,8,0,8,0,3,234,17,244,206,0
167,8,32,16,250,36,193,43,128,160,0
293,8,144,0,64,159,66,189,155,96,0
1398,8,127,248,0,0,63,252,31,192,0
14,8,32,82,150,2,8,9,117,196,0
339,8,0,0,0,4,0,12,0,4,0
1634,8,78,224,0,0,64,0,0,0,0
412,8,20,234,32,0,2,0,40,192,0
208,8,82,119,4,96,242,0,0,0,0
51,8,0,7,144,0,14,128,7,208,0
628,8,0,242,42,245,80,124,129,221,0
192,8,0,0,0,0,0,0,0,0,0
403,8,0,8,8,3,232,136,0,0,0
526,8,78,32,3,160,0,63,143,247,0
1314,8,223,127,209,157,95,32,203,156,0
852,8,31,255,64,0,0,3,197,128,0
1505,8,137,63,224,11,10,0,0,128,0
651,8,0,0,0,0,0,0,0,0,0
870,8,127,221,200,2,1,71,206,120,0
1408,8,0,0,0,3,218,8,0,0,0
1076,8,2,234,160,160,0,0,0,0,0
1760,8,0,0,0,0,0,0,0,0,0
167,8,32,16,250,36,193,43,128,160,0
61,8,0,0,2,0,0,0,0,0,0
1176,8,135,255,191,252,243,128,0,9,0
560,8,190,0,25,210,196,0,8,0,0
1694,8,4,64,4,127,31,192,21,66,0
293,8,144,0,64,159,66,189,125,96,0
14,8,32,82,150,2,8,9,117,202,0
208,8,90,119,4,96,241,0,0,0,0
51,8,0,7,136,0,14,192,7,208,0
263,8,0,0,0,0,0,0,0,0,0
186,8,6,88,177,4,16,0,6,30,0
1459,8,4,0,0,0,0,0,4,0,0
1760,8,0,0,0,0,0,0,0,0,0
737,8,0,0,0,0,0,0,0,4,0
852,8,31,255,64,0,0,3,190,0,0
1505,8,137,63,224,11,10,0,0,128,0
354,8,0,8,0,3,234,17,244,206,0
961,8,123,85,31,187,146,210,41,46,0
167,8,32,16,250,36,193,43,128,160,0
293,8,144,0,64,159,66,189,95,96,0
14,8,32,82,150,2,8,9,117,208,0
339,8,0,0,0,4,0,12,0,4,0
661,8,0,0,0,0,0,0,0,64,0
1634,8,78,224,0,0,64,0,0,0,0
412,8,24,230,32,0,2,0,40,192,0
208,8,98,119,4,96,240,0,0,0,0
51,8,0,7,128,0,15,0,7,208,0
628,8,0,242,44,243,80,124,129,221,0
192,8,0,0,0,0,0,0,0,0,0
813,8,128,0,4,32,172,1,0,32,0
403,8,0,8,8,3,232,136,0,0,0
526,8,78,32,3,160,0,63,143,247,0
1314,8,223,127,209,157,94,168,203,156,0
870,8,127,221,200,2,1,71,206,120,0
852,8,31,255,64,0,0,3,190,0,0
1505,8,137,63,224,11,10,0,0,128,0
651,8,0,0,0,0,0,0,0,0,0
1408,8,0,0,0,3,210,136,0,0,0
1076,8,3,10,128,160,0,0,0,0,0
1760,8,0,0,0,0,0,0,0,0,0
167,8,32,16,250,36,193,43,128,160,0
692,8,20,233,151,0,0,0,88,0,0
458,8,63,241,255,128,0,0,12,56,0
1176,8,135,255,191,252,242,128,0,10,0
1277,8,17,104,10,78,139,19,202,8,0
560,8,189,0,25,210,196,0,10,0,0
1694,8,4,64,4,127,31,192,21,66,0
293,8,144,0,64,159,66,191,33,96,0
14,8,32,82,150,2,8,9,117,208,0
208,8,106,119,4,96,239,0,0,0,0
51,8,0,7,120,0,15,64,7,208,0
1399,8,0,0,8,0,0,0,1,74,0
263,8,0,0,0,0,0,0,0,0,0
1760,8,0,0,0,0,0,0,0,0,0
737,8,0,0,0,0,0,0,0,4,0
852,8,31,255,64,0,0,3,175,0,0
1505,8,137,63,224,11,10,0,0,128,0
354,8,0,8,0,3,234,17,244,206,0
167,8,32,16,250,36,193,43,128,160,0
675,8,0,0,0,3,254,128,101,128,0
519,8,4,4,96,72,42,222,149,24,0
293,8,144,0,64,159,66,191,3,96,0
961,8,123,85,31,187,210,18,169,46,0
14,8,32,82,150,2,8,9,117,202,0
339,8,0,0,0,4,0,12,0,4,0
1634,8,78,224,0,0,64,0,0,0,0
412,8,28,226,32,0,2,0,40,192,0
208,8,114,119,4,96,238,0,0,0,0
51,8,0,7,112,0,15,128,7,208,0
628,8,0,242,46,241,80,124,129,221,0
192,8,0,0,0,0,0,0,0,0,0
622,8,1,6,64,130,137,14,10,4,0
403,8,0,8,8,3,232,136,0,0,0
526,8,78,32,3,160,0,63,111,255,0
1314,8,223,127,209,157,94,48,203,220,0
852,8,31,255,64,0,0,4,24,0,0
1505,8,137,63,224,11,10,0,0,128,0
651,8,0,0,0,0,0,0,0,0,0
870,8,127,221,200,2,1,71,206,120,0
1408,8,0,0,0,3,203,8,0,0,0
705,8,1,243,47,199,201,159,106,150,0
1076,8,3,42,0,160,0,0,0,0,0
1760,8,0,0,0,0,0,0,0,0,0
1788,8,0,0,7,92,178,183,88,32,0
167,8,32,16,250,36,193,43,128,160,0
569,8,0,0,0,125,0,0,66,128,0
1176,8,135,255,191,252,241,128,0,11,0
560,8,188,0,25,210,196,0,12,0,0
1694,8,4,64,4,127,31,192,21,66,0
293,8,144,0,64,159,66,190,229,96,0
14,8,32,82,150,2,8,9,117,202,0
695,8,0,32,40,64,0,0,128,64,0
661,8,0,0,0,0,0,0,0,64,0
208,8,122,119,4,96,237,0,0,0,0
51,8,0,7,104,0,15,192,7,208,0
263,8,0,0,0,0,0,0,0,0,0
186,8,6,104,177,132,16,0,6,30,0
215,8,0,0,2,0,128,0,0,0,0
1760,8,0,0,0,0,0,0,0,0,0
737,8,0,0,0,0,0,0,0,4,0
852,8,31,255,64,0,0,4,24,0,0
1505,8,137,63,224,11,10,0,0,128,0
354,8,0,8,0,3,234,17,244,206,0
167,8,32,16,250,36,193,43,128,160,0
1175,8,0,0,0,0,0,0,0,0,0
293,8,144,0,64,159,66,190,199,96,0
14,8,32,82,150,2,8,9,117,208,0
738,8,24,8,13,64,64,0,1,24,0
837,8,5,2,2,194,60,119,64,129,0
1072,8,0,48,68,139,224,128,16,160,0
304,8,0,1,80,0,0,0,0,0,0
339,8,0,0,0,4,0,12,0,4,0
1634,8,78,224,0,0,64,0,0,0,0
412,8,0,254,32,0,2,0,40,192,0
208,8,2,119,4,96,252,0,0,0,0
51,8,0,7,224,0,12,0,7,208,0
628,8,0,242,32,255,80,124,129,221,0
192,8,0,0,0,0,0,0,0,0,0
403,8,0,8,8,3,232,136,0,0,0
526,8,78,32,3,160,0,63,79,255,0
1314,8,223,127,209,157,93,184,203,220,0
870,8,127,221,200,2,1,71,206,120,0
1408,8,0,0,0,3,195,136,0,0,0
852,8,31,255,64,0,0,4,16,128,0
1505,8,137,63,224,11,10,0,0,128,0
651,8,0,0,0,0,0,0,0,0,0
961,8,123,85,31,187,18,19,105,46,0
1076,8,3,74,160,160,0,0,0,0,0
1760,8,0,0,0,0,0,0,0,0,0
167,8,32,16,250,36,193,43,128,160,0
722,8,0,0,40,0,0,0,0,0,0
1176,8,135,255,191,252,240,128,0,12,0
1124,8,0,2,64,0,0,144,14,159,0
683,8,164,208,201,215,226,215,202,255,0
560,8,187,0,25,210,196,0,14,0,0
1694,8,4,64,4,127,32,0,21,66,0
293,8,144,0,64,159,66,190,169,96,0
1751,8,65,2,207,2,128,7,34,60,0
14,8,32,82,150,2,8,9,117,202,0
244,8,154,12,1,2,4,177,2,64,0
300,8,121,6,224,0,0,1,253,208,0
208,8,10,119,4,96,251,0,0,0,0
51,8,0,7,216,0,12,64,7,208,0
263,8,0,0,0,0,0,0,0,0,0
452,8,0,0,2,0,2,64,0,0,0
676,8,78,30,1,28,4,8,152,208,0
813,8,128,0,4,32,172,1,0,32,0
1760,8,0,0,0,0,0,0,0,0,0
1277,8,17,104,10,78,139,19,202,136,0
737,8,0,0,0,0,0,0,0,4,0
852,8,31,255,64,0,0,4,1,128,0
1505,8,137,63,224,11,10,0,0,128,0
354,8,0,8,0,3,234,17,244,206,0
167,8,32,16,250,36,193,43,128,160,0
293,8,144,0,64,159,66,190,139,96,0
1644,8,0,64,0,0,24,0,0,0,0
14,8,32,82,150,2,8,9,117,214,0
1255,8,0,0,0,20,3,103,0,0,0
339,8,0,0,0,4,0,12,0,4,0
661,8,0,0,0,0,0,0,0,64,0
1634,8,78,224,0,0,64,0,0,0,0
1668,8,76,213,128,25,65,84,16,30,0
1590,8,36,156,0,0,240,0,0,0,0
727,8,16,0,80,128,0,0,0,8,0
412,8,4,250,32,0,2,0,40,192,0
403,8,0,8,8,3,232,136,0,0,0
526,8,78,32,3,160,0,63,111,247,0
1314,8,223,127,209,157,93,64,203,220,0
1413,8,0,64,0,0,0,2,0,24,0
852,8,31,255,64,0,0,4,1,128,0
1505,8,137,63,224,11,10,0,0,128,0
651,8,0,0,0,0,0,0,0,0,0
208,8,18,119,4,96,250,0,0,0,0
51,8,0,7,208,0,12,128,7,208,0
628,8,0,242,34,253,80,124,129,221,0
870,8,127,221,200,2,1,71,206,120,0
1408,8,0,0,0,3,188,8,0,0,0
1076,8,3,106,160,160,0,0,0,0,0
1760,8,0,0,0,0,0,0,0,0,0
192,8,0,0,0,0,0,0,0,0,0
167,8,32,16,250,36,193,43,128,160,0
1031,8,64,0,223,240,20,192,189,224,0
60,8,0,0,4,0,43,0,0,0,0
1176,8,135,255,191,252,239,128,0,13,0
996,8,0,208,0,0,133,0,0,0,0
1694,8,4,64,4,127,31,192,21,98,0
1628,8,64,8,178,117,48,0,0,0,0
293,8,144,0,64,159,66,190,109,96,0
519,8,4,0,32,64,42,222,129,24,0
1225,8,1,248,213,130,13,2,246,75,0
470,8,6,11,128,128,48,36,5,128,0
1399,8,0,0,8,0,0,0,1,74,0
560,8,186,0,25,210,204,0,16,0,0
14,8,32,82,150,2,8,9,117,208,0
961,8,123,85,31,186,209,211,233,46,0
208,8,26,119,4,96,249,0,0,0,0
51,8,0,7,200,0,12,192,7,208,0
263,8,0,0,0,0,0,0,0,0,0
186,8,6,104,177,132,16,0,6,30,0
1760,8,0,0,0,0,0,0,0,0,0
737,8,0,0,0,0,0,0,0,4,0
852,8,31,255,64,0,0,3,250,0,0
1505,8,137,63,224,11,10,0,0,128,0
354,8,0,8,0,3,234,17,244,206,0
167,8,32,16,250,36,193,43,128,160,0
293,8,144,0,64,159,66,190,79,96,0
1227,8,128,0,0,0,0,0,0,0,0
640,8,24,224,2,112,0,0,0,0,0
14,8,32,82,150,2,8,9,117,208,0
339,8,0,0,0,4,0,12,0,4,0
1634,8,78,224,0,0,64,0,0,0,0
412,8,8,246,32,0,2,0,40,192,0
208,8,34,119,4,96,248,0,0,0,0
51,8,0,7,192,0,13,0,7,208,0
628,8,0,242,36,251,80,124,129,221,0
192,8,0,0,0,0,0,0,0,0,0
403,8,0,8,8,3,232,136,0,0,0
526,8,78,32,3,160,0,63,143,255,0
1314,8,223,127,209,157,92,200,203,220,0
870,8,127,221,200,2,1,71,206,120,0
852,8,31,255,64,0,0,3,250,0,0
1505,8,137,63,224,11,10,0,0,128,0
651,8,0,0,0,0,0,0,0,0,0
1408,8,0,0,0,3,180,136,0,0,0
1076,8,3,130,160,160,0,0,0,0,0
1760,8,0,0,0,0,0,0,0,0,0
167,8,32,16,250,36,193,43,128,160,0
61,8,0,0,2,0,0,0,0,0,0
1176,8,135,255,191,252,238,128,0,14,0
560,8,185,0,25,210,204,0,18,0,0
1694,8,4,64,4,127,31,192,21,98,0
293,8,144,0,64,159,66,190,49,96,0
14,8,32,82,150,2,8,9,117,208,0
661,8,0,0,0,0,0,0,0,64,0
208,8,42,119,4,96,247,0,0,0,0
51,8,0,7,184,0,13,64,7,208,0
263,8,0,0,0,0,0,0,0,0,0
1459,8,4,0,0,0,0,0,4,0,0
1760,8,0,0,0,0,0,0,0,0,0
737,8,0,0,0,0,0,0,0,4,0
852,8,31,255,64,0,0,3,235,0,0
1505,8,137,63,224,11,10,0,0,128,0
354,8,0,8,0,3,234,17,244,206,0
961,8,123,85,31,186,209,20,169,46,0
167,8,32,16,250,36,193,43,128,160,0
1372,8,16,27,0,0,65,130,48,0,0
293,8,144,0,64,159,66,190,19,96,0
14,8,32,82,150,2,8,9,117,196,0
339,8,0,0,0,4,0,12,0,4,0
1634,8,78,224,0,0,64,0,0,0,0
412,8,12,242,32,0,2,0,40,192,0
208,8,50,119,4,96,246,0,0,0,0
51,8,0,7,176,0,13,128,7,208,0
628,8,0,242,38,249,80,124,129,221,0
192,8,0,0,0,0,0,0,0,0,0
813,8,128,0,4,32,172,1,0,32,0
1277,8,17,108,10,78,145,20,202,136,0
403,8,0,8,8,3,232,136,0,0,0
526,8,78,32,3,160,0,63,143,255,0
1314,8,223,127,209,157,92,80,203,220,0
852,8,31,255,64,0,0,3,220,0,0
1505,8,137,63,224,11,10,0,0,128,0
651,8,0,0,0,0,0,0,0,0,0
870,8,127,221,200,2,1,71,206,120,0
1408,8,0,0,0,3,173,8,0,0,0
1076,8,3,170,160,160,0,0,0,0,0
1760,8,0,0,0,0,0,0,0,0,0
167,8,32,16,250,36,193,43,128,160,0
692,8,20,233,151,0,0,0,88,0,0
458,8,63,241,255,128,0,0,12,56,0
1176,8,135,255,191,252,237,128,0,15,0
560,8,184,0,25,210,204,0,20,0,0
1694,8,4,64,4,127,31,192,21,98,0
293,8,144,0,64,159,66,189,245,96,0
14,8,32,82,150,2,8,9,117,196,0
208,8,58,119,4,96,245,0,0,0,0
51,8,0,7,168,0,13,192,7,208,0
1399,8,0,0,8,0,0,0,1,80,0
263,8,0,0,0,0,0,0,0,0,0
186,8,6,104,180,4,16,0,6,30,0
241,8,62,16,28,192,3,89,204,0,0
1760,8,0,0,0,0,0,0,0,0,0
737,8,0,0,0,0,0,0,0,4,0
852,8,31,255,64,0,0,3,220,0,0
1505,8,137,63,224,11,10,0,0,128,0
354,8,0,8,0,3,234,17,244,206,0
167,8,32,16,250,36,209,43,128,160,0
675,8,0,0,0,3,254,128,101,128,0
293,8,144,0,64,159,66,189,215,96,0
1049,8,10,155,70,77,4,95,194,239,0
14,8,32,82,150,2,8,9,117,208,0
961,8,123,85,31,187,80,21,41,46,0
339,8,0,0,0,4,0,12,0,4,0
661,8,0,0,0,0,0,0,0,64,0
1634,8,78,224,0,0,64,0,0,0,0
412,8,16,238,32,0,2,0,40,192,0
208,8,66,119,4,96,244,0,0,0,0
51,8,0,7,160,0,14,0,7,208,0
628,8,0,242,40,247,80,124,129,221,0
192,8,0,0,0,0,0,0,0,0,0
622,8,1,6,64,130,137,14,10,4,0
403,8,0,8,8,3,232,136,0,0,0
526,8,78,32,3,160,0,63,111,247,0
1314,8,223,127,209,157,91,216,203,220,0
870,8,127,221,200,2,1,71,206,120,0
852,8,31,255,64,0,0,3,212,128,0
1505,8,137,63,224,11,10,0,0,128,0
651,8,0,0,0,0,0,0,0,0,0
1408,8,0,0,0,3,165,136,0,0,0
1076,8,3,202,160,160,0,0,0,0,0
1760,8,0,0,0,0,0,0,0,0,0
1788,8,0,0,7,92,114,183,88,32,0
167,8,32,16,250,36,193,43,128,160,0
569,8,0,0,0,125,0,0,66,128,0
1176,8,135,255,191,252,252,128,0,0,0
560,8,183,0,25,210,204,0,22,0,0
1694,8,4,64,4,127,31,192,21,98,0
293,8,144,0,64,159,66,189,185,96,0
705,8,1,243,111,199,200,159,86,170,0
14,8,32,82,150,2,8,9,117,208,0
215,8,0,0,2,0,128,0,0,0,0
208,8,74,119,4,96,243,0,0,0,0
51,8,0,7,152,0,14,64,7,208,0
263,8,0,0,0,0,0,0,0,0,0
1760,8,0,0,0,0,0,0,0,0,0
737,8,0,0,0,0,0,0,0,4,0
852,8,31,255,64,0,0,3,197,128,0
1505,8,137,63,224,11,10,0,0,128,0
354,8,0,8,0,3,234,17,244,206,0
167,8,32,16,250,36,193,43,128,160,0
1175,8,0,0,0,0,0,0,0,0,0
293,8,144,0,64,159,66,189,155,96,0
14,8,32,82,150,2,8,9,117,208,0
738,8,24,8,13,64,64,0,1,24,0
837,8,5,2,2,194,60,119,64,129,0
1072,8,0,48,68,139,222,128,16,160,0
304,8,0,1,80,0,0,0,0,0,0
339,8,0,0,0,4,0,12,0,4,0
1634,8,78,224,0,0,64,0,0,0,0
412,8,20,234,32,0,2,0,40,192,0
208,8,82,119,4,96,242,0,0,0,0
51,8,0,7,144,0,14,128,7,208,0
628,8,0,242,42,245,80,124,129,221,0
192,8,0,0,0,0,0,0,0,0,0
403,8,0,8,8,3,232,136,0,0,0
526,8,78,32,3,160,0,63,143,247,0
1314,8,223,127,209,157,91,96,203,220,0
870,8,127,221,200,2,1,71,206,120,0
852,8,31,255,64,0,0,3,197,128,0
1505,8,137,63,224,11,10,0,0,128,0
651,8,0,0,0,0,0,0,0,0,0
1408,8,0,0,0,3,158,8,0,0,0
1076,8,3,234,160,160,0,0,0,0,0
961,8,123,85,31,187,79,85,233,46,0
1760,8,0,0,0,0,0,0,0,0,0
167,8,32,16,250,36,193,43,128,160,0
722,8,0,0,48,0,0,0,0,0,0
1176,8,135,255,191,252,251,128,0,1,0
1124,8,0,2,64,0,0,144,29,144,0
560,8,182,0,25,210,204,0,24,0,0
1694,8,4,64,4,127,31,192,21,98,0
293,8,144,0,64,159,66,189,125,96,0
14,8,32,82,150,2,8,9,117,208,0
244,8,154,12,1,2,4,177,2,64,0
661,8,0,0,0,0,0,0,0,64,0
208,8,90,119,4,96,241,0,0,0,0
51,8,0,7,136,0,14,192,7,208,0
263,8,0,0,0,0,0,0,0,0,0
186,8,6,120,180,4,16,0,6,30,0
663,8,17,0,0,32,0,2,81,16,0
1307,8,40,66,169,202,58,145,137,65,0
813,8,128,0,4,32,172,1,0,32,0
1760,8,0,0,0,0,0,0,0,0,0
1277,8,17,109,10,78,145,20,202,136,0
737,8,0,0,0,0,0,0,0,4,0
852,8,31,255,64,0,0,3,190,0,0
1505,8,137,63,224,11,10,0,0,128,0
354,8,0,8,0,3,234,17,244,206,0
167,8,32,16,250,36,209,43,128,160,0
293,8,144,0,64,159,66,189,95,96,0
1644,8,0,64,0,0,24,0,0,0,0
14,8,32,82,150,2,8,9,117,214,0
1255,8,0,0,0,20,3,103,0,0,0
339,8,0,0,0,4,0,12,0,4,0
1634,8,78,224,0,0,64,0,0,0,0
1668,8,76,213,128,25,65,84,16,30,0
1590,8,36,156,0,0,240,0,0,0,0
727,8,16,0,81,72,0,0,0,8,0
412,8,24,230,32,0,2,0,40,192,0
208,8,98,119,4,96,240,0,0,0,0
403,8,0,8,8,3,232,136,0,0,0
526,8,78,32,3,160,0,63,143,255,0
1314,8,223,127,209,157,90,232,203,220,0
1413,8,0,64,0,0,0,2,0,24,0
852,8,31,255,64,0,0,3,190,0,0
1505,8,137,63,224,11,10,0,0,128,0
651,8,0,0,0,0,0,0,0,0,0
51,8,0,7,128,0,15,0,7,208,0
628,8,0,242,44,243,80,124,129,221,0
870,8,127,221,200,2,1,71,206,120,0
1408,8,0,0,0,3,150,136,0,0,0
1076,8,4,10,160,160,0,0,0,0,0
192,8,0,0,0,0,0,0,0,0,0
1760,8,0,0,0,0,0,0,0,0,0
167,8,32,16,250,36,193,43,128,160,0
1031,8,64,0,223,240,20,192,189,224,0
60,8,0,0,4,0,53,0,0,0,0
1176,8,135,255,191,252,250,128,0,2,0
996,8,0,208,0,0,133,0,0,0,0
1628,8,64,8,178,117,48,0,0,0,0
519,8,4,4,96,72,42,222,149,24,0
1225,8,1,249,21,130,13,2,246,75,0
1694,8,4,64,4,127,31,192,21,130,0
293,8,144,0,64,159,66,191,33,96,0
470,8,2,15,130,128,48,36,5,128,0
1399,8,0,0,8,0,0,0,1,80,0
117,8,15,50,0,15,174,30,224,0,0
560,8,181,0,25,210,204,0,26,0,0
14,8,32,82,150,2,8,9,117,208,0
961,8,123,85,31,187,206,86,105,46,0
208,8,106,119,4,96,239,0,0,0,0
51,8,0,7,120,0,15,64,7,208,0
263,8,0,0,0,0,0,0,0,0,0
1760,8,0,0,0,0,0,0,0,0,0
737,8,0,0,0,0,0,0,0,4,0
852,8,31,255,64,0,0,3,175,0,0
1505,8,137,63,224,11,10,0,0,128,0
354,8,0,8,0,3,234,17,244,206,0
167,8,32,16,250,36,193,43,128,160,0
58,8,0,0,0,0,0,29,8,0,0
293,8,144,0,64,159,66,191,3,96,0
248,8,126,223,244,253,73,251,167,184,0
14,8,32,82,150,2,8,9,117,208,0
339,8,0,0,0,4,0,12,0,4,0
661,8,0,0,0,0,0,0,0,64,0
1634,8,78,224,0,0,64,0,0,0,0
412,8,28,226,32,0,2,0,40,192,0
208,8,114,119,4,96,238,0,0,0,0
51,8,0,7,112,0,15,128,7,208,0
628,8,0,242,46,241,80,124,129,221,0
192,8,0,0,0,0,0,0,0,0,0
403,8,0,8,8,3,232,136,0,0,0
526,8,78,32,3,160,0,63,111,247,0
1314,8,223,127,209,157,90,112,203,220,0
870,8,127,221,200,2,1,71,206,120,0
852,8,31,255,64,0,0,4,24,0,0
1505,8,137,63,224,11,10,0,0,128,0
651,8,0,0,0,0,0,0,0,0,0
1408,8,0,0,0,3,143,8,0,0,0
1076,8,4,42,160,160,0,0,0,0,0
1760,8,0,0,0,0,0,0,0,0,0
167,8,32,16,250,36,209,43,128,160,0
61,8,0,0,2,0,0,0,0,0,0
1176,8,135,255,191,252,249,128,0,3,0
560,8,180,0,25,210,204,0,28,0,0
1694,8,4,64,4,127,31,192,21,130,0
293,8,144,0,64,159,66,190,229,96,0
14,8,32,82,150,2,8,9,117,208,0
208,8,122,119,4,96,237,0,0,0,0
51,8,0,7,104,0,15,192,7,208,0
1459,8,4,0,0,0,0,0,4,0,0
263,8,0,0,0,0,0,0,0,0,0
186,8,6,120,180,68,16,0,6,30,0
1760,8,0,0,0,0,0,0,0,0,0
737,8,0,0,0,0,0,0,0,4,0
852,8,31,255,64,0,0,4,24,0,0
1505,8,137,63,224,11,10,0,0,128,0
354,8,0,8,0,3,234,17,244,206,0
961,8,123,85,31,187,14,87,41,46,0
167,8,32,16,250,36,193,43,128,160,0
293,8,144,0,64,159,66,190,199,96,0
14,8,32,82,150,2,8,9,117,202,0
339,8,0,0,0,4,0,12,0,4,0
1634,8,78,224,0,0,64,0,0,0,0
412,8,0,254,32,0,2,0,40,192,0
208,8,2,119,4,96,252,0,0,0,0
51,8,0,7,224,0,12,0,7,208,0
628,8,0,242,32,255,80,124,129,221,0
192,8,0,0,0,0,0,0,0,0,0
813,8,128,0,4,32,172,1,0,32,0
1277,8,17,107,10,78,143,20,74,136,0
403,8,0,8,8,3,232,136,0,0,0
526,8,78,32,3,160,0,63,111,255,0
1314,8,223,127,209,157,89,248,203,220,0
870,8,127,221,200,2,1,71,206,120,0
852,8,31,255,64,0,0,4,16,128,0
1505,8,137,63,224,11,10,0,0,128,0
651,8,0,0,0,0,0,0,0,0,0
1408,8,0,0,0,3,135,136,0,0,0
1076,8,4,74,160,160,0,0,0,0,0
1760,8,0,0,0,0,0,0,0,0,0
167,8,32,16,250,36,193,43,128,160,0
692,8,20,233,151,0,0,0,88,0,0
458,8,63,241,255,128,0,0,12,56,0
1176,8,135,255,191,252,248,128,0,4,0
560,8,179,0,25,210,204,0,30,0,0
1694,8,4,64,4,127,31,192,21,130,0
293,8,144,0,64,159,66,190,169,96,0
14,8,32,82,150,2,8,9,117,196,0
661,8,0,0,0,0,0,0,0,64,0
208,8,10,119,4,96,251,0,0,0,0
51,8,0,7,216,0,12,64,7,208,0
263,8,0,0,0,0,0,0,0,0,0
1399,8,0,0,8,0,0,0,1,84,0
1760,8,0,0,0,0,0,0,0,0,0
737,8,0,0,0,0,0,0,0,4,0
852,8,31,255,64,0,0,4,1,128,0
1505,8,137,63,224,11,10,0,0,128,0
354,8,0,8,0,3,234,17,244,206,0
167,8,32,16,250,36,193,43,128,160,0
675,8,0,0,0,3,254,128,101,128,0
293,8,144,0,64,159,66,190,139,96,0
961,8,123,85,31,187,77,151,169,46,0
14,8,32,82,150,2,8,9,117,208,0
339,8,0,0,0,4,0,12,0,4,0
1634,8,78,224,0,0,64,0,0,0,0
412,8,4,250,32,0,2,0,40,192,0
208,8,18,119,4,96,250,0,0,0,0
51,8,0,7,208,0,12,128,7,208,0
628,8,0,242,34,253,80,124,129,221,0
192,8,0,0,0,0,0,0,0,0,0
622,8,1,6,64,130,137,14,10,4,0
403,8,0,8,8,3,232,136,0,0,0
526,8,78,32,3,160,0,63,143,255,0
1314,8,223,127,209,157,97,0,203,220,0
852,8,31,255,64,0,0,4,1,128,0
1505,8,137,63,224,11,10,0,0,128,0
651,8,0,0,0,0,0,0,0,0,0
870,8,127,221,200,2,1,71,206,120,0
1408,8,0,0,0,3,248,8,0,0,0
1076,8,4,104,0,160,0,0,0,0,0
1760,8,0,0,0,0,0,0,0,0,0
1788,8,0,0,7,92,242,183,88,32,0
167,8,32,16,250,36,209,43,128,160,0
569,8,0,0,0,125,0,0,66,160,0
1176,8,135,255,191,252,247,128,0,5,0
560,8,194,0,25,210,212,0,0,0,0
1694,8,4,64,4,127,31,192,21,162,0
293,8,144,0,64,159,66,190,109,96,0
14,8,32,82,150,2,8,9,117,202,0
215,8,0,0,2,0,128,0,0,0,0
208,8,26,119,4,96,249,0,0,0,0
51,8,0,7,200,0,12,192,7,208,0
263,8,0,0,0,0,0,0,0,0,0
186,8,6,120,180,68,16,0,6,30,0
1760,8,0,0,0,0,0,0,0,0,0
737,8,0,0,0,0,0,0,0,4,0
852,8,31,255,64,0,0,3,250,0,0
1505,8,137,63,224,11,10,0,0,128,0
354,8,0,8,0,3,234,17,244,206,0
705,8,1,243,143,199,201,159,58,192,0
167,8,32,16,250,36,193,43,128,160,0
1175,8,0,0,0,0,0,0,0,0,0
293,8,144,0,64,159,66,190,79,96,0
14,8,32,82,150,2,8,9,117,208,0
738,8,24,8,13,64,64,0,1,24,0
837,8,5,2,2,194,60,119,64,129,0
1072,8,0,48,68,139,222,128,16,160,0
304,8,0,1,80,0,0,0,0,0,0
339,8,0,0,0,4,0,12,0,4,0
661,8,0,0,0,0,0,0,0,64,0
1634,8,78,224,0,0,64,0,0,0,0
412,8,8,246,32,0,2,0,40,192,0
208,8,34,119,4,96,248,0,0,0,0
51,8,0,7,192,0,13,0,7,208,0
628,8,0,242,36,251,80,124,129,221,0
192,8,0,0,0,0,0,0,0,0,0
403,8,0,8,8,3,232,136,0,0,0
526,8,78,32,3,160,0,63,143,255,0
1314,8,223,127,209,157,96,136,203,220,0
870,8,127,221,200,2,1,71,206,120,0
852,8,31,255,64,0,0,3,250,0,0
1505,8,137,63,224,11,10,0,0,128,0
651,8,0,0,0,0,0,0,0,0,0
1408,8,0,0,0,3,240,136,0,0,0
1076,8,0,136,224,160,0,0,0,0,0
961,8,123,85,31,187,13,24,105,46,0
1760,8,0,0,0,0,0,0,0,0,0
167,8,32,16,250,36,193,43,128,160,0
722,8,0,0,56,0,0,0,0,0,0
1372,8,16,27,0,0,65,130,48,0,0
1176,8,135,255,191,252,246,128,0,6,0
1124,8,0,2,64,0,0,144,28,145,0
560,8,193,0,25,210,212,0,2,0,0
1694,8,4,64,4,127,31,192,21,162,0
293,8,144,0,64,159,66,190,49,96,0
14,8,32,82,150,2,8,9,117,208,0
244,8,154,12,1,2,4,177,2,64,0
208,8,42,119,4,96,247,0,0,0,0
51,8,0,7,184,0,13,64,7,208,0
263,8,0,0,0,0,0,0,0,0,0
813,8,128,0,4,32,172,1,0,32,0
1277,8,17,114,10,78,151,21,203,8,0
1760,8,0,0,0,0,0,0,0,0,0
737,8,0,0,0,0,0,0,0,4,0
852,8,31,255,64,0,0,3,235,0,0
1505,8,137,63,224,11,10,0,0,128,0
354,8,0,8,0,3,234,17,244,206,0
167,8,32,16,250,36,193,43,128,160,0
293,8,144,0,64,159,66,190,19,96,0
1644,8,0,64,0,0,24,0,0,0,0
14,8,32,82,150,2,8,9,117,202,0
1255,8,0,0,0,20,3,103,0,0,0
339,8,0,0,0,4,0,12,0,4,0
1634,8,78,224,0,0,64,0,0,0,0
1668,8,76,213,128,25,65,84,16,30,0
1590,8,36,156,0,0,240,0,0,0,0
727,8,16,0,82,24,0,0,0,8,0
412,8,12,242,32,0,2,0,40,192,0
208,8,50,119,4,96,246,0,0,0,0
403,8,0,8,8,3,232,136,0,0,0
526,8,78,32,3,160,0,63,143,255,0
1314,8,223,127,209,157,96,16,203,220,0
1413,8,0,64,0,0,0,2,0,24,0
852,8,31,255,64,0,0,3,220,0,0
1505,8,137,63,224,11,10,0,0,128,0
651,8,0,0,0,0,0,0,0,0,0
51,8,0,7,176,0,13,128,7,208,0
628,8,0,242,38,249,80,124,129,221,0
870,8,127,221,200,2,1,71,206,120,0
1408,8,0,0,0,3,233,8,0,0,0
1076,8,0,168,224,160,0,0,0,0,0
192,8,0,0,0,0,0,0,0,0,0
1760,8,0,0,0,0,0,0,0,0,0
167,8,32,16,250,36,193,43,128,160,0
1031,8,64,0,223,240,20,192,189,224,0
60,8,0,0,4,0,42,0,0,0,0
1176,8,135,255,191,252,245,128,0,7,0
996,8,0,208,0,0,133,0,0,0,0
1628,8,64,8,178,117,48,0,0,0,0
519,8,4,4,96,72,42,222,149,24,0
1225,8,1,249,21,130,13,2,246,75,0
1694,8,4,64,4,127,31,192,21,162,0
293,8,144,0,64,159,66,189,245,96,0
470,8,2,11,128,128,48,36,5,128,0
1399,8,0,0,8,0,0,0,1,84,0
560,8,192,0,25,210,212,0,4,0,0
961,8,123,85,31,187,12,152,233,46,0
14,8,32,82,150,2,8,9,117,202,0
661,8,0,0,0,0,0,0,0,64,0
208,8,58,119,4,96,245,0,0,0,0
51,8,0,7,168,0,13,192,7,208,0
263,8,0,0,0,0,0,0,0,0,0
186,8,6,120,180,68,16,0,6,30,0
1760,8,0,0,0,0,0,0,0,0,0
737,8,0,0,0,0,0,0,0,4,0
852,8,31,255,64,0,0,3,220,0,0
1505,8,137,63,224,11,10,0,0,128,0
354,8,0,8,0,3,234,17,244,206,0
167,8,32,16,250,36,193,43,128,160,0
293,8,144,0,64,159,66,189,215,96,0
1227,8,128,0,0,0,0,0,0,0,0
640,8,24,224,2,112,0,0,0,0,0
14,8,32,82,150,2,8,9,117,202,0
339,8,0,0,0,4,0,12,0,4,0
1634,8,78,224,0,0,64,0,0,0,0
412,8,16,238,32,0,2,0,40,192,0
208,8,66,119,4,96,244,0,0,0,0
51,8,0,7,160,0,14,0,7,208,0
628,8,0,242,40,247,80,124,129,221,0
192,8,0,0,0,0,0,0,0,0,0
403,8,0,8,8,3,232,136,0,0,0
526,8,78,32,3,160,0,63,111,255,0
1314,8,223,127,209,157,95,152,203,220,0
870,8,127,221,200,2,1,71,206,120,0
852,8,31,255,64,0,0,3,212,128,0
1505,8,137,63,224,11,10,0,0,128,0
651,8,0,0,0,0,0,0,0,0,0
1408,8,0,0,0,3,225,136,0,0,0
1076,8,0,199,32,160,0,0,0,0,0
1760,8,0,0,0,0,0,0,0,0,0
167,8,32,16,250,36,193,43,128,160,0
61,8,0,0,2,128,0,0,0,0,0
1176,8,135,255,191,252,244,128,0,8,0
560,8,191,0,25,210,212,0,6,0,0
1694,8,4,64,4,127,31,192,21,162,0
293,8,144,0,64,159,66,189,185,96,0
14,8,32,82,150,2,8,9,117,220,0
208,8,74,119,4,96,243,0,0,0,0
51,8,0,7,152,0,14,64,7,208,0
263,8,0,0,0,0,0,0,0,0,0
1459,8,4,0,0,0,0,0,4,0,0
1760,8,0,0,0,0,0,0,0,0,0
737,8,0,0,0,0,0,0,0,4,0
852,8,31,255,64,0,0,3,197,128,0
1505,8,137,63,224,11,10,0,0,128,0
354,8,0,8,0,3,234,17,244,206,0
961,8,123,85,31,187,75,153,169,46,0
167,8,32,16,250,36,193,43,128,160,0
293,8,144,0,64,159,66,189,155,96,0
14,8,32,82,150,2,8,9,117,202,0
339,8,0,0,0,4,0,12,0,4,0
661,8,0,0,0,0,0,0,0,64,0
1634,8,78,224,0,0,64,0,0,0,0
412,8,20,234,32,0,2,0,40,192,0
208,8,82,119,4,96,242,0,0,0,0
51,8,0,7,144,0,14,128,7,208,0
628,8,0,242,42,245,80,124,129,221,0
192,8,0,0,0,0,0,0,0,0,0
452,8,0,0,2,0,2,128,0,0,0
403,8,0,8,8,3,232,136,0,0,0
526,8,78,32,3,160,0,63,111,255,0
1314,8,223,127,209,157,95,32,204,92,0
870,8,127,221,200,2,1,71,206,120,0
852,8,31,255,64,0,0,3,197,128,0
1505,8,137,63,224,11,10,0,0,128,0
651,8,0,0,0,0,0,0,0,0,0
1408,8,0,0,0,3,218,8,0,0,0
1076,8,0,231,0,160,0,0,0,0,0
1760,8,0,0,0,0,0,0,0,0,0
167,8,32,16,250,36,193,43,128,160,0
692,8,20,233,151,0,0,0,88,0,0
458,8,63,241,255,128,0,0,12,56,0
676,8,46,140,2,28,4,8,152,208,0
1176,8,135,255,191,252,243,128,0,9,0
813,8,128,0,4,32,172,1,0,32,0
1277,8,17,107,10,78,143,20,75,8,0
560,8,190,0,25,210,212,0,8,0,0
1694,8,4,64,4,127,31,192,21,162,0
293,8,144,0,64,159,66,189,125,96,0
14,8,32,82,150,2,8,9,117,202,0
208,8,90,119,4,96,241,0,0,0,0
51,8,0,7,136,0,14,192,7,208,0
1399,8,0,0,8,0,0,0,1,86,0
263,8,0,0,0,0,0,0,0,0,0
186,8,6,136,183,68,16,0,6,30,0
1760,8,0,0,0,0,0,0,0,0,0
737,8,0,0,0,0,0,0,0,4,0
852,8,31,255,64,0,0,3,190,0,0
1505,8,137,63,224,11,10,0,0,128,0
354,8,0,8,0,3,234,17,244,206,0
167,8,32,16,250,36,193,43,128,160,0
675,8,0,0,0,3,254,128,102,128,0
293,8,144,0,64,159,66,189,95,96,0
1331,8,237,127,207,126,255,247,239,127,0
14,8,32,82,150,2,8,9,117,208,0
961,8,123,85,31,187,75,26,41,46,0
339,8,0,0,0,4,0,12,0,4,0
1634,8,78,224,0,0,64,0,0,0,0
412,8,24,230,32,0,2,0,40,192,0
208,8,98,119,4,96,240,0,0,0,0
51,8,0,7,128,0,15,0,7,208,0
628,8,0,242,44,243,80,124,129,221,0
192,8,0,0,0,0,0,0,0,0,0
403,8,0,8,8,3,232,136,0,0,0
622,8,1,6,64,130,137,14,10,4,0
526,8,78,32,3,160,0,63,111,255,0
1314,8,223,127,209,157,94,168,204,92,0
852,8,31,255,64,0,0,3,190,0,0
1505,8,137,63,224,11,10,0,0,128,0
651,8,0,0,0,0,0,0,0,0,0
870,8,127,221,200,2,1,71,206,120,0
1408,8,0,0,0,3,210,136,0,0,0
1076,8,1,5,160,160,0,0,0,0,0
1760,8,0,0,0,0,0,0,0,0,0
1788,8,0,0,7,93,18,183,88,32,0
167,8,32,16,250,36,193,43,128,160,0
569,8,0,0,0,125,0,0,66,160,0
1176,8,135,255,191,252,242,128,0,10,0
560,8,189,0,25,210,212,0,10,0,0
1694,8,4,64,4,127,31,192,21,162,0
293,8,144,0,64,159,66,191,33,96,0
14,8,32,82,150,2,8,9,117,202,0
661,8,0,0,0,0,0,0,0,64,0
208,8,106,119,4,96,239,0,0,0,0
51,8,0,7,120,0,15,64,7,208,0
263,8,0,0,0,0,0,0,0,0,0
1621,8,108,3,252,0,48,0,0,0,0
215,8,0,0,2,0,128,0,0,0,0
1760,8,0,0,0,0,0,0,0,0,0
737,8,0,0,0,0,0,0,0,4,0
852,8,31,255,64,0,0,3,175,0,0
1505,8,137,63,224,11,10,0,0,128,0
354,8,0,8,0,3,234,17,244,206,0
167,8,32,16,250,36,193,43,128,160,0
1175,8,0,0,0,0,0,0,0,0,0
293,8,144,0,64,159,66,191,3,96,0
705,8,1,243,111,199,202,159,36,212,0
14,8,32,82,150,2,8,9,117,220,0
738,8,24,8,13,64,64,0,1,24,0
837,8,5,2,2,194,60,119,64,129,0
1072,8,0,48,68,139,222,128,16,160,0
304,8,0,1,80,0,0,0,0,0,0
339,8,0,0,0,4,0,12,0,4,0
1634,8,78,224,0,0,64,0,0,0,0
412,8,28,226,32,0,2,0,40,192,0
208,8,114,119,4,96,238,0,0,0,0
51,8,0,7,112,0,15,128,7,208,0
628,8,0,242,46,241,80,124,129,221,0
192,8,0,0,0,0,0,0,0,0,0
403,8,0,8,8,3,232,136,0,0,0
526,8,78,32,3,160,0,63,143,255,0
1314,8,223,127,209,157,94,48,204,92,0
870,8,127,221,200,2,1,71,206,120,0
852,8,31,255,64,0,0,4,24,0,0
1505,8,137,63,224,11,10,0,0,128,0
651,8,0,0,0,0,0,0,0,0,0
1408,8,0,0,0,3,203,8,0,0,0
1076,8,1,38,32,160,0,0,0,0,0
961,8,123,85,31,188,9,154,233,46,0
1760,8,0,0,0,0,0,0,0,0,0
167,8,32,16,250,36,193,43,128,160,0
722,8,0,0,64,0,0,0,0,0,0
1176,8,135,255,191,252,241,128,0,11,0
1124,8,0,2,64,0,0,144,27,146,0
560,8,188,0,25,210,212,0,12,0,0
1694,8,4,64,4,127,31,192,21,194,0
293,8,144,0,64,159,66,190,229,96,0
14,8,32,82,150,2,8,9,117,208,0
244,8,154,12,1,2,4,177,2,64,0
208,8,122,119,4,96,237,0,0,0,0
51,8,0,7,104,0,15,192,7,208,0
263,8,0,0,0,0,0,0,0,0,0
186,8,6,136,183,132,16,0,6,30,0
1307,8,40,177,129,177,137,199,248,193,0
813,8,128,0,4,32,172,1,0,32,0
1760,8,0,0,0,0,0,0,0,0,0
1277,8,17,117,10,78,155,22,75,8,0
737,8,0,0,0,0,0,0,0,4,0
852,8,31,255,64,0,0,4,24,0,0
1505,8,137,63,224,11,10,0,0,128,0
354,8,0,8,0,3,234,17,244,206,0
167,8,32,16,250,36,193,43,128,160,0
293,8,144,0,64,159,66,190,199,96,0
1644,8,0,64,0,0,24,0,0,0,0
14,8,32,82,150,2,8,9,117,214,0
1255,8,0,0,0,20,3,103,0,0,0
339,8,0,0,0,4,0,12,0,4,0
661,8,0,0,0,0,0,0,0,64,0
1634,8,78,224,0,0,64,0,0,0,0
1668,8,76,213,128,25,65,84,16,30,0
1590,8,36,156,0,0,240,0,0,0,0
727,8,16,0,82,216,0,0,0,8,0
412,8,0,254,32,0,2,0,40,192,0
403,8,0,8,8,3,232,136,0,0,0
526,8,78,32,3,160,0,63,143,255,0
1314,8,223,127,209,157,93,184,204,92,0
1413,8,0,64,0,0,0,2,0,24,0
852,8,31,255,64,0,0,4,16,128,0
1505,8,137,63,224,11,10,0,0,128,0
651,8,0,0,0,0,0,0,0,0,0
208,8,2,119,4,96,252,0,0,0,0
51,8,0,7,224,0,12,0,7,208,0
628,8,0,242,32,255,80,124,129,221,0
870,8,127,221,200,2,1,71,206,120,0
1408,8,0,0,0,3,195,136,0,0,0
1076,8,1,70,128,160,0,0,0,0,0
1760,8,0,0,0,0,0,0,0,0,0
192,8,0,0,0,0,0,0,0,0,0
167,8,32,16,250,36,193,43,128,160,0
1031,8,64,0,223,240,20,128,189,224,0
60,8,0,0,4,0,42,0,0,0,0
1176,8,135,255,191,252,240,128,0,12,0
996,8,0,208,0,0,133,0,0,0,0
1694,8,4,64,4,127,31,192,21,194,0
1628,8,64,8,178,117,48,0,0,0,0
293,8,144,0,64,159,66,190,169,96,0
519,8,4,4,96,72,42,222,149,24,0
1225,8,1,249,21,130,13,2,246,75,0
470,8,2,15,130,128,48,36,5,128,0
1399,8,0,0,8,0,0,0,1,86,0
560,8,187,0,25,210,212,0,14,0,0
14,8,32,82,150,2,8,9,117,208,0
961,8,123,85,31,187,137,155,105,46,0
208,8,10,119,4,96,251,0,0,0,0
51,8,0,7,216,0,12,64,7,208,0
263,8,0,0,0,0,0,0,0,0,0
1760,8,0,0,0,0,0,0,0,0,0
737,8,0,0,0,0,0,0,0,4,0
852,8,31,255,64,0,0,4,1,128,0
1505,8,137,63,224,11,10,0,0,128,0
354,8,0,8,0,3,234,17,244,206,0
167,8,32,16,250,36,193,43,128,160,0
293,8,144,0,64,159,66,190,139,96,0
14,8,32,82,150,2,8,9,117,208,0
339,8,0,0,0,4,0,12,0,4,0
1634,8,78,224,0,0,64,0,0,0,0
412,8,4,250,32,0,2,0,40,192,0
208,8,18,119,4,96,250,0,0,0,0
51,8,0,7,208,0,12,128,7,208,0
628,8,0,242,34,253,80,124,129,221,0
192,8,0,0,0,0,0,0,0,0,0
403,8,0,8,8,3,232,136,0,0,0
526,8,78,32,3,160,0,63,143,255,0
1314,8,223,127,209,157,93,64,204,92,0
870,8,127,221,200,2,1,71,206,120,0
852,8,31,255,64,0,0,4,1,128,0
1505,8,137,63,224,11,10,0,0,128,0
651,8,0,0,0,0,0,0,0,0,0
1408,8,0,0,0,3,188,8,0,0,0
1076,8,1,104,96,160,0,0,0,0,0
1760,8,0,0,0,0,0,0,0,0,0
167,8,32,16,250,36,193,43,128,160,0
61,8,0,0,2,128,0,0,0,0,0
1176,8,135,255,191,252,239,128,0,13,0
560,8,186,0,25,210,212,0,16,0,0
1694,8,4,64,4,127,32,0,21,194,0
293,8,144,0,64,159,66,190,109,96,0
14,8,32,82,150,2,8,9,117,208,0
661,8,0,0,0,0,0,0,0,64,0
208,8,26,119,4,96,249,0,0,0,0
51,8,0,7,200,0,12,192,7,208,0
263,8,0,0,0,0,0,0,0,0,0
186,8,6,136,184,196,16,0,6,30,0
1459,8,4,0,0,0,0,0,4,0,0
1760,8,0,0,0,0,0,0,0,0,0
737,8,0,0,0,0,0,0,0,4,0
852,8,31,255,64,0,0,3,250,0,0
1505,8,137,63,224,11,10,0,0,128,0
354,8,0,8,0,3,234,17,244,206,0
961,8,123,85,31,186,201,156,41,46,0
167,8,32,16,250,36,193,43,128,160,0
1372,8,16,27,0,0,65,130,48,0,0
293,8,144,0,64,159,66,190,79,96,0
14,8,32,82,150,2,8,9,117,208,0
339,8,0,0,0,4,0,12,0,4,0
1634,8,78,224,0,0,64,0,0,0,0
412,8,8,246,32,0,2,0,40,192,0
208,8,34,119,4,96,248,0,0,0,0
51,8,0,7,192,0,13,0,7,208,0
628,8,0,242,36,251,80,124,129,221,0
192,8,0,0,0,0,0,0,0,0,0
813,8,128,0,4,32,172,1,0,32,0
1277,8,17,114,10,78,151,21,203,8,0
403,8,0,8,8,3,232,136,0,0,0
526,8,78,32,3,160,0,63,143,255,0
1314,8,223,127,209,157,92,200,204,92,0
870,8,127,221,200,2,1,71,206,120,0
852,8,31,255,64,0,0,3,250,0,0
1505,8,137,63,224,11,10,0,0,128,0
651,8,0,0,0,0,0,0,0,0,0
1408,8,0,0,0,3,180,136,0,0,0
1076,8,1,134,192,160,0,0,0,0,0
1760,8,0,0,0,0,0,0,0,0,0
167,8,32,16,250,36,193,43,128,160,0
692,8,20,233,151,0,0,0,88,0,0
458,8,63,241,255,128,0,0,12,56,0
1176,8,135,255,191,252,238,128,0,14,0
560,8,185,0,25,210,212,0,18,0,0
1694,8,4,64,4,127,31,192,21,194,0
293,8,144,0,64,159,66,190,49,96,0
14,8,32,82,150,2,8,9,117,202,0
208,8,42,119,4,96,247,0,0,0,0
51,8,0,7,184,0,13,64,7,208,0
1399,8,0,0,8,0,0,0,1,92,0
263,8,0,0,0,0,0,0,0,0,0
1760,8,0,0,0,0,0,0,0,0,0
737,8,0,0,0,0,0,0,0,4,0
852,8,31,255,64,0,0,3,235,0,0
1505,8,137,63,224,11,10,0,0,128,0
354,8,0,8,0,3,234,17,244,206,0
167,8,32,16,250,36,193,43,128,160,0
675,8,0,0,0,3,254,128,105,0,0
293,8,144,0,64,159,66,190,19,96,0
961,8,123,85,31,187,8,220,169,46,0
14,8,32,82,150,2,8,9,117,208,0
339,8,0,0,0,4,0,12,0,4,0
661,8,0,0,0,0,0,0,0,64,0
1634,8,78,224,0,0,64,0,0,0,0
412,8,12,242,32,0,2,0,40,192,0
208,8,50,119,4,96,246,0,0,0,0
51,8,0,7,176,0,13,128,7,208,0
628,8,0,242,38,244,80,124,149,221,0
192,8,0,0,0,0,0,0,0,0,0
403,8,0,8,8,3,232,136,0,0,0
526,8,78,32,3,160,0,63,143,255,0
1314,8,223,127,209,157,92,80,204,92,0
622,8,1,6,64,130,137,14,10,4,0
852,8,31,255,64,0,0,3,220,0,0
1505,8,137,63,224,11,10,0,0,128,0
651,8,0,0,0,0,0,0,0,0,0
870,8,127,221,200,2,1,71,206,120,0
1408,8,0,0,0,3,173,8,0,0,0
1076,8,1,166,0,160,0,0,0,0,0
1760,8,0,0,0,0,0,0,0,0,0
1788,8,0,0,7,93,82,183,88,32,0
167,8,32,16,250,36,193,43,128,160,0
569,8,0,0,0,125,0,0,66,192,0
1176,8,135,255,191,252,237,128,0,15,0
560,8,184,0,25,210,220,0,20,0,0
1694,8,4,64,4,127,31,192,21,194,0
293,8,144,0,64,159,66,189,245,96,0
14,8,32,82,150,2,8,9,117,208,0
215,8,0,0,2,0,128,0,0,0,0
208,8,58,119,4,96,245,0,0,0,0
51,8,0,7,168,0,13,192,7,208,0
263,8,0,0,0,0,0,0,0,0,0
186,8,6,152,184,132,16,0,6,30,0
1760,8,0,0,0,0,0,0,0,0,0
737,8,0,0,0,0,0,0,0,4,0
852,8,31,255,64,0,0,3,220,0,0
1505,8,137,63,224,11,10,0,0,128,0
354,8,0,8,0,3,234,17,244,206,0
167,8,32,16,250,36,193,43,128,160,0
1175,8,0,0,0,0,0,0,0,0,0
293,8,144,0,64,159,66,189,215,96,0
14,8,32,82,150,2,8,9,117,214,0
738,8,24,8,13,64,64,0,1,24,0
837,8,5,2,2,194,60,119,64,129,0
1072,8,0,48,68,139,222,128,16,160,0
304,8,0,1,80,0,0,0,0,0,0
339,8,0,0,0,4,0,12,0,4,0
1634,8,78,224,0,0,64,0,0,0,0
412,8,16,238,32,0,2,0,40,192,0
208,8,66,119,4,96,244,0,0,0,0
51,8,0,7,160,0,14,0,7,208,0
628,8,0,242,40,242,80,124,149,221,0
192,8,64,0,0,0,0,0,0,0,0
403,8,0,8,8,3,232,136,0,0,0
526,8,78,32,3,160,0,63,143,247,0
1314,8,223,127,209,157,91,216,204,92,0
870,8,127,221,200,2,1,71,206,120,0
1408,8,0,0,0,3,165,136,0,0,0
852,8,31,255,64,0,0,3,212,128,0
1505,8,137,63,224,11,10,0,0,128,0
651,8,0,0,0,0,0,0,0,0,0
961,8,123,85,31,187,72,29,41,46,0
1076,8,1,198,64,160,0,0,0,0,0
705,8,1,243,111,199,200,159,24,232,0
1760,8,0,0,0,0,0,0,0,0,0
167,8,32,16,250,36,209,43,128,160,0
722,8,0,0,72,0,0,0,0,0,0
1176,8,135,255,191,252,252,128,0,0,0
1124,8,0,2,64,0,0,144,26,147,0
560,8,183,0,25,210,220,0,22,0,0
1694,8,4,64,4,127,31,192,21,226,0
293,8,144,0,64,159,66,189,185,96,0
14,8,32,82,150,2,8,9,117,214,0
244,8,154,12,1,2,4,177,2,64,0
661,8,0,0,0,0,0,0,16,0,0
208,8,74,119,4,96,243,0,0,0,0
51,8,0,7,152,0,14,64,7,208,0
263,8,0,0,0,0,0,0,0,0,0
813,8,128,0,4,32,172,1,0,32,0
1277,8,1,133,10,78,155,22,75,132,0
1760,8,0,0,0,0,0,0,0,0,0
737,8,0,0,0,0,0,0,0,4,0
852,8,31,255,64,0,0,3,197,128,0
1505,8,137,63,224,11,10,0,0,128,0
354,8,0,8,0,3,234,17,244,206,0
167,8,32,16,250,36,193,43,128,160,0
293,8,144,0,64,159,66,189,155,96,0
1644,8,0,64,0,0,24,0,0,0,0
14,8,32,82,150,2,8,9,117,214,0
1255,8,0,0,0,20,3,103,0,0,0
339,8,0,0,0,4,0,12,0,4,0
1634,8,78,224,0,0,64,0,0,0,0
1668,8,76,213,128,25,65,84,16,30,0
1590,8,36,156,0,0,240,0,0,0,0
727,8,16,0,83,160,0,0,0,8,0
412,8,20,234,32,0,2,0,40,192,0
208,8,82,119,4,96,242,0,0,0,0
1413,8,0,64,0,0,0,2,0,24,0
403,8,0,8,8,3,232,136,0,0,0
526,8,78,32,3,160,0,63,111,255,0
1314,8,223,127,209,157,91,96,204,92,0
852,8,31,255,64,0,0,3,197,128,0
1505,8,137,63,224,11,10,0,0,128,0
651,8,0,0,0,0,0,0,0,0,0
51,8,0,7,144,0,14,128,7,208,0
628,8,0,242,42,240,80,124,149,221,0
870,8,127,221,200,2,1,71,206,120,0
1408,8,0,0,0,3,158,8,0,0,0
1076,8,1,229,160,160,0,0,0,0,0
192,8,64,0,0,0,0,0,0,0,0
1760,8,0,0,0,0,0,0,0,0,0
167,8,32,16,250,36,193,43,128,160,0
1031,8,64,0,223,240,20,128,189,224,0
60,8,0,0,4,0,41,0,0,0,0
1176,8,135,255,191,252,251,128,0,1,0
996,8,0,208,0,0,133,0,0,0,0
1628,8,64,8,178,117,48,0,0,0,0
519,8,4,4,96,72,42,222,149,24,0
1225,8,1,249,21,130,13,2,246,75,0
1694,8,4,64,4,127,31,192,21,226,0
293,8,144,0,64,159,66,189,125,96,0
470,8,2,11,128,128,48,36,5,128,0
1399,8,0,0,8,0,0,0,1,92,0
560,8,182,0,25,210,220,0,24,0,0
961,8,123,85,31,186,199,221,233,46,0
14,8,32,82,150,2,8,9,117,214,0
208,8,90,119,4,96,241,0,0,0,0
51,8,0,7,136,0,14,192,7,208,0
263,8,0,0,0,0,0,0,0,0,0
186,8,6,152,184,132,16,0,6,30,0
1455,8,32,128,0,0,0,32,104,0,0
1760,8,0,0,0,0,0,0,0,0,0
737,8,0,0,0,0,0,0,0,4,0
852,8,31,255,64,0,0,3,190,0,0
1505,8,137,63,224,11,10,0,0,128,0
354,8,0,8,0,3,234,17,244,206,0
167,8,32,16,250,36,193,43,128,160,0
293,8,144,0,64,159,66,189,95,96,0
1227,8,128,0,0,0,0,0,0,0,0
640,8,24,224,2,112,0,0,0,0,0
14,8,32,82,150,2,8,9,117,214,0
339,8,0,0,0,4,0,12,0,4,0
661,8,0,0,0,0,0,0,16,0,0
1634,8,78,224,0,0,64,0,0,0,0
412,8,24,230,32,0,2,0,40,192,0
208,8,98,119,4,96,240,0,0,0,0
51,8,0,7,128,0,15,0,7,208,0
628,8,0,242,44,238,80,124,149,221,0
192,8,64,0,0,0,0,0,0,0,0
403,8,0,8,8,3,232,136,0,0,0
526,8,78,31,255,160,0,63,143,255,0
1314,8,223,127,209,157,90,232,204,92,0
870,8,127,221,200,2,1,71,206,120,0
852,8,31,255,64,0,0,3,190,0,0
1505,8,137,63,224,11,10,0,0,128,0
651,8,0,0,0,0,0,0,0,0,0
1408,8,0,0,0,3,150,136,0,0,0
1076,8,2,8,32,160,0,0,0,0,0
1760,8,0,0,0,0,0,0,0,0,0
167,8,32,16,250,36,193,43,128,160,0
61,8,0,0,2,128,0,0,0,0,0
1176,8,135,255,191,252,250,128,0,2,0
560,8,181,0,25,210,220,0,26,0,0
1694,8,4,64,4,127,31,192,21,226,0
293,8,144,0,64,159,66,191,33,96,0
14,8,32,82,150,2,8,9,117,208,0
208,8,106,119,4,96,239,0,0,0,0
51,8,0,7,120,0,15,64,7,208,0
1459,8,4,0,0,0,0,0,4,0,0
263,8,0,0,0,0,0,0,0,0,0
1760,8,0,0,0,0,0,0,0,0,0
737,8,0,0,0,0,0,0,0,4,0
852,8,31,255,64,0,0,3,175,0,0
1505,8,137,63,224,11,10,0,0,128,0
354,8,0,8,0,3,234,17,244,206,0
961,8,123,85,31,186,135,158,105,46,0
167,8,32,16,250,36,209,43,128,160,0
293,8,144,0,64,159,66,191,3,96,0
14,8,32,82,150,2,8,9,117,208,0
339,8,0,0,0,4,0,12,0,4,0
1634,8,78,224,0,0,64,0,0,0,0
412,8,28,226,32,0,2,0,40,192,0
208,8,114,119,4,96,238,0,0,0,0
51,8,0,7,112,0,15,128,7,208,0
628,8,0,242,46,240,80,124,133,221,0
192,8,64,0,0,0,0,0,0,0,0
813,8,128,0,4,32,172,1,0,32,0
1277,8,1,126,10,78,147,21,75,132,0
403,8,0,8,8,3,232,136,0,0,0
526,8,78,32,3,160,0,63,143,247,0
1314,8,223,127,209,157,90,112,204,92,0
852,8,31,255,64,0,0,4,24,0,0
1505,8,137,63,224,11,10,0,0,128,0
651,8,0,0,0,0,0,0,0,0,0
870,8,127,221,200,2,1,71,206,120,0
1408,8,0,0,0,3,143,8,0,0,0
1076,8,2,40,32,160,0,0,0,0,0
1760,8,0,0,0,0,0,0,0,0,0
167,8,32,16,250,164,193,43,128,160,0
692,8,20,233,151,0,0,0,88,0,0
458,8,63,241,255,128,0,0,12,56,0
1176,8,135,255,191,252,249,128,0,3,0
560,8,180,0,25,210,220,0,28,0,0
1694,8,4,64,4,127,31,192,21,226,0
293,8,144,0,64,159,66,190,229,96,0
14,8,32,82,150,2,8,9,117,202,0
661,8,0,0,0,0,0,0,16,0,0
208,8,122,119,12,96,237,0,0,0,0
51,8,0,7,104,0,15,192,7,208,0
263,8,0,0,0,0,0,0,0,0,0
186,8,6,152,185,196,16,0,6,28,0
1455,8,32,192,0,0,0,32,104,0,0
1399,8,0,0,8,0,0,0,1,96,0
1760,8,0,0,0,0,0,0,0,0,0
737,8,0,0,0,0,0,0,0,4,0
852,8,31,255,64,0,0,4,24,0,0
1505,8,137,63,224,11,10,0,0,128,0
354,8,0,8,0,3,234,17,244,206,0
167,8,32,16,250,36,193,43,128,160,0
675,8,0,0,0,3,254,128,107,128,0
293,8,144,0,64,159,66,190,199,96,0
961,8,123,85,31,187,70,31,41,46,0
14,8,32,82,150,2,8,9,117,208,0
339,8,0,0,0,4,0,12,0,4,0
1634,8,78,224,0,0,64,0,0,0,0
412,8,0,34,32,27,130,0,40,192,0
208,8,2,119,12,96,252,0,0,0,0
51,8,0,7,224,0,12,0,7,208,0
628,8,0,242,32,254,80,124,133,221,0
192,8,32,0,0,0,0,0,0,0,0
403,8,0,8,8,3,232,136,0,0,0
526,8,78,32,3,160,0,63,143,255,0
1314,8,223,127,209,157,89,248,204,156,0
870,8,127,221,200,2,1,71,206,120,0
852,8,31,255,64,0,0,4,16,128,0
1505,8,137,63,224,11,10,0,0,128,0
651,8,0,0,0,0,0,0,0,0,0
1408,8,0,0,0,3,135,136,0,0,0
1076,8,2,64,0,160,0,0,0,0,0
1760,8,0,0,0,0,0,0,0,0,0
1788,8,0,0,7,93,82,183,88,0,0
167,8,32,16,250,36,193,43,128,160,0
622,8,1,6,64,130,137,14,10,4,0
569,8,0,0,0,125,0,0,66,192,0
1176,8,135,255,191,252,248,128,0,4,0
560,8,179,0,25,210,220,0,30,0,0
1694,8,4,64,4,127,31,192,21,226,0
293,8,144,0,64,159,66,190,169,96,0
14,8,32,82,150,2,8,9,117,208,0
215,8,0,0,2,0,128,0,0,0,0
208,8,10,119,12,96,251,0,0,0,0
51,8,0,7,216,0,12,64,7,208,0
263,8,0,0,0,0,0,0,0,0,0
1760,8,0,0,0,0,0,0,0,0,0
737,8,0,0,0,0,0,0,0,4,0
852,8,31,255,64,0,0,4,1,128,0
1505,8,137,63,224,11,10,0,0,128,0
354,8,0,8,0,3,234,17,244,206,0
167,8,32,16,250,36,193,43,128,160,0
1175,8,0,0,0,0,0,0,0,0,0
293,8,144,0,64,159,66,190,139,96,0
14,8,32,82,150,2,8,9,117,246,0
738,8,24,8,13,64,64,0,1,24,0
837,8,5,2,2,194,60,119,64,129,0
1072,8,0,48,68,139,222,128,16,160,0
304,8,0,1,80,0,0,0,0,0,0
339,8,0,0,0,4,0,12,0,4,0
661,8,0,0,0,0,0,0,8,64,0
1634,8,78,224,0,0,64,0,0,0,0
412,8,4,30,32,27,130,0,40,192,0
208,8,18,119,12,96,250,0,0,0,0
51,8,0,7,208,0,12,128,7,208,0
628,8,0,242,34,252,80,124,134,185,0
192,8,32,0,0,0,0,0,0,0,0
403,8,0,8,8,3,232,136,0,0,0
526,8,78,32,3,160,0,63,111,255,0
1314,8,223,127,209,157,97,0,204,220,0
852,8,31,255,64,0,0,4,1,128,0
1505,8,137,63,224,11,10,0,0,128,0
651,8,0,0,0,0,0,0,0,0,0
870,8,127,221,200,2,1,71,206,120,0
1408,8,0,0,0,3,248,8,0,0,0
961,8,123,85,31,187,69,159,169,46,0
1076,8,2,96,0,160,0,0,0,0,0
1760,8,0,0,0,0,0,0,0,0,0
167,8,32,16,250,36,193,43,128,160,0
722,8,0,0,80,0,0,0,0,0,0
1372,8,16,27,0,0,65,130,48,0,0
1176,8,135,255,191,252,247,128,0,5,0
1124,8,0,2,64,0,0,144,25,148,0
560,8,194,0,25,210,220,0,0,0,0
1694,8,4,64,4,127,32,0,21,226,0
293,8,144,0,64,159,66,190,109,96,0
705,8,1,243,79,199,202,30,254,254,0
14,8,32,82,150,2,8,9,117,246,0
208,8,26,119,12,96,249,0,0,0,0
244,8,154,12,1,2,4,177,2,64,0
51,8,0,7,200,0,12,192,7,208,0
263,8,0,0,0,0,0,0,0,0,0
186,8,6,152,185,196,16,0,6,28,0
627,8,0,0,0,8,0,0,0,0,0
452,8,0,0,2,0,2,192,0,0,0
676,8,32,32,3,28,4,8,152,208,0
1760,8,0,0,0,0,0,0,0,0,0
881,8,1,6,0,0,0,0,8,128,0
1661,8,0,24,96,2,8,0,2,32,0
737,8,0,0,0,0,0,0,0,4,0
852,8,31,255,64,0,0,3,250,0,0
1505,8,137,63,224,11,10,0,0,128,0
354,8,0,8,0,3,234,17,244,206,0
167,8,32,16,250,36,193,43,128,160,0
1307,8,41,9,24,63,1,6,8,1,0
813,8,128,0,4,32,172,1,0,32,0
204,8,67,65,3,50,56,175,162,14,0
1277,8,1,164,10,78,191,27,75,132,0
1533,8,189,221,253,255,254,255,237,218,0
293,8,144,0,64,159,66,190,79,96,0
1644,8,0,64,0,0,24,0,0,0,0
14,8,32,82,150,2,8,9,118,14,0
1255,8,0,0,0,20,3,103,0,0,0
339,8,0,0,0,4,0,12,0,4,0
1634,8,78,224,0,0,64,0,0,0,0
1668,8,76,213,128,25,65,84,16,30,0
1590,8,36,156,0,0,240,0,0,0,0
727,8,16,0,84,112,0,0,0,8,0
412,8,8,26,32,27,130,0,40,192,0
208,8,34,119,12,96,248,0,0,0,0
1413,8,0,64,0,0,0,2,0,24,0
403,8,0,8,8,3,232,136,0,0,0
526,8,78,32,3,160,0,63,111,255,0
1314,8,223,127,209,157,96,136,204,220,0
852,8,31,255,64,0,0,3,250,0,0
1505,8,137,63,224,11,10,0,0,128,0
651,8,0,0,0,0,0,0,0,0,0
51,8,0,7,192,0,13,0,7,208,0
628,8,0,242,36,250,80,124,134,185,0
870,8,127,221,200,2,1,71,206,120,0
1408,8,0,0,0,3,240,136,0,0,0
1076,8,2,138,160,160,0,0,0,0,0
192,8,32,0,0,0,0,0,0,0,0
1760,8,0,0,0,0,0,0,0,0,0
167,8,32,16,250,36,193,43,128,160,0
253,8,0,0,1,0,128,16,0,0,0
1031,8,64,0,223,240,20,128,189,224,0
60,8,0,0,4,0,42,0,0,0,0
1176,8,135,255,191,252,246,128,0,6,0
1694,8,4,64,4,127,31,192,21,226,0
293,8,144,0,64,159,66,190,49,96,0
996,8,0,208,0,0,133,0,0,0,0
1628,8,64,8,178,117,48,0,0,0,0
519,8,4,4,96,72,42,222,149,24,0
1225,8,1,249,21,130,13,2,246,75,0
470,8,2,15,130,128,48,36,5,128,0
420,8,0,0,0,2,236,204,0,0,0
14,8,32,82,150,2,8,9,117,252,0
961,8,123,85,31,187,132,160,105,46,0
1399,8,0,0,8,0,0,0,1,96,0
560,8,193,0,25,210,220,0,2,0,0
661,8,0,0,0,0,0,0,8,64,0
208,8,42,119,12,96,247,0,0,0,0
51,8,0,7,184,0,13,64,7,208,0
263,8,0,0,0,0,0,0,0,0,0
1760,8,0,0,0,0,0,0,0,0,0
737,8,0,0,0,0,0,0,0,4,0
852,8,31,255,64,0,0,3,235,0,0
1505,8,137,63,224,11,10,0,0,128,0
354,8,0,8,0,3,234,17,244,206,0
167,8,32,16,250,36,193,37,192,160,0
293,8,144,0,64,159,66,190,19,96,0
14,8,32,82,150,2,8,9,117,234,0
339,8,0,0,0,4,0,12,0,4,0
1634,8,78,224,0,0,64,0,0,0,0
412,8,12,22,32,27,130,0,40,192,0
208,8,50,119,12,96,246,0,0,0,0
51,8,0,7,176,0,13,128,7,208,0
628,8,0,242,38,248,80,124,134,185,0
192,8,32,0,0,0,0,0,0,0,0
403,8,0,8,8,3,232,136,0,0,0
526,8,78,32,3,160,0,63,111,247,0
1314,8,223,127,209,157,96,16,204,220,0
852,8,31,255,64,0,0,3,220,0,0
1505,8,137,63,224,11,10,0,0,128,0
651,8,0,0,0,0,0,0,0,0,0
870,8,127,221,200,2,1,71,206,120,0
1408,8,0,0,0,3,233,8,0,0,0
1076,8,2,170,160,160,0,0,0,0,0
1760,8,0,0,0,0,0,0,0,0,0
167,8,32,16,250,36,193,37,192,160,0
61,8,0,0,2,128,0,0,0,0,0
1176,8,135,255,191,252,245,128,0,7,0
560,8,192,0,25,210,220,0,4,0,0
1694,8,4,64,4,127,31,192,21,226,0
293,8,144,0,64,159,66,189,245,96,0
14,8,32,82,150,2,8,9,117,246,0
208,8,58,119,12,96,245,0,0,0,0
51,8,0,7,168,0,13,192,7,208,0
1459,8,4,0,0,0,0,0,4,0,0
263,8,0,0,0,0,0,0,0,0,0
186,8,6,168,188,196,16,0,6,28,0
1760,8,0,0,0,0,0,0,0,0,0
737,8,0,0,0,0,0,0,0,4,0
852,8,31,255,64,0,0,3,220,0,0
1505,8,137,63,224,11,10,0,0,128,0
354,8,0,8,0,3,234,17,244,206,0
961,8,123,85,31,187,132,32,233,46,0
167,8,32,16,250,36,193,37,192,160,0
293,8,144,0,64,159,66,189,215,96,0
14,8,32,82,150,2,8,9,117,240,0
339,8,0,0,0,4,0,12,0,4,0
661,8,0,0,0,0,0,0,8,64,0
1634,8,78,224,0,0,64,0,0,0,0
412,8,16,18,32,27,130,0,40,192,0
208,8,66,119,12,96,244,0,0,0,0
51,8,0,7,160,0,14,0,7,208,0
628,8,0,242,40,246,80,124,134,185,0
192,8,32,0,0,0,0,0,0,0,0
485,8,1,70,4,5,168,65,163,224,0
403,8,0,8,8,3,232,136,0,0,0
526,8,78,32,3,160,0,63,143,247,0
1314,8,223,127,209,157,95,152,204,220,0
870,8,127,221,200,2,1,71,206,120,0
852,8,31,255,64,0,0,3,212,128,0
1505,8,137,63,224,11,10,0,0,128,0
651,8,0,0,0,0,0,0,0,0,0
1408,8,0,0,0,3,225,136,0,0,0
1076,8,2,202,160,160,0,0,0,0,0
1760,8,0,0,0,0,0,0,0,0,0
167,8,32,16,250,36,193,37,192,160,0
692,8,20,233,151,0,0,0,88,0,0
458,8,63,241,255,128,0,0,12,56,0
1176,8,135,255,191,252,244,128,0,8,0
813,8,128,0,4,32,172,1,0,32,0
1277,8,1,146,10,78,171,24,76,4,0
560,8,191,0,25,210,228,0,6,0,0
1694,8,4,64,4,127,31,192,21,226,0
293,8,144,0,64,159,66,189,185,96,0
14,8,32,82,150,2,8,9,117,234,0
208,8,74,119,12,96,243,0,0,0,0
51,8,0,7,152,0,14,64,7,208,0
1399,8,0,0,8,0,0,0,1,96,0
263,8,0,0,0,0,0,0,0,0,0
241,8,62,16,28,192,3,89,204,0,0
1760,8,0,0,0,0,0,0,0,0,0
737,8,0,0,0,0,0,0,0,4,0
852,8,31,255,64,0,0,3,197,128,0
1505,8,137,63,224,11,10,0,0,128,0
354,8,0,8,0,3,234,17,244,206,0
167,8,32,16,250,36,193,37,192,160,0
675,8,0,0,0,3,254,128,114,128,0
293,8,144,0,64,159,66,189,155,96,0
961,8,123,85,31,187,67,161,169,46,0
14,8,32,82,150,2,8,9,117,234,0
339,8,0,0,0,4,0,12,0,4,0
1634,8,78,224,0,0,64,0,0,0,0
412,8,20,14,32,27,130,0,40,192,0
208,8,82,119,12,96,242,0,0,0,0
51,8,0,7,144,0,14,128,7,208,0
628,8,0,242,42,244,80,124,134,185,0
192,8,32,0,0,0,0,0,0,0,0
403,8,0,8,8,3,232,136,0,0,0
526,8,78,32,3,160,0,63,143,255,0
1314,8,223,127,209,157,95,32,204,220,0
870,8,127,221,200,2,1,71,206,120,0
852,8,31,255,64,0,0,3,197,128,0
1505,8,137,63,224,11,10,0,0,128,0
651,8,0,0,0,0,0,0,0,0,0
1408,8,0,0,0,3,218,8,0,0,0
1076,8,2,234,160,160,0,0,0,0,0
1760,8,0,0,0,0,0,0,0,0,0
1788,8,0,0,7,94,178,183,88,0,0
167,8,32,16,250,36,193,37,192,160,0
622,8,1,6,64,130,137,14,10,4,0
569,8,0,0,0,125,0,0,66,192,0
1176,8,135,255,191,252,243,128,0,9,0
560,8,190,0,25,210,228,0,8,0,0
1694,8,4,64,4,127,31,192,21,226,0
293,8,144,0,64,159,66,189,125,96,0
14,8,32,82,150,2,8,9,117,240,0
661,8,0,0,0,0,0,0,8,64,0
208,8,90,119,12,96,241,0,0,0,0
51,8,0,7,136,0,14,192,7,208,0
263,8,0,0,0,0,0,0,0,0,0
186,8,6,168,188,132,16,0,6,28,0
65,8,128,34,0,32,1,0,0,0,0
215,8,0,0,2,0,128,0,0,0,0
1760,8,0,0,0,0,0,0,0,0,0
737,8,0,0,0,0,0,0,0,4,0
852,8,31,255,64,0,0,3,190,0,0
1505,8,137,63,224,11,10,0,0,128,0
354,8,0,8,0,19,234,17,244,206,0
167,8,32,16,250,36,193,37,192,160,0
1175,8,0,0,0,0,0,0,0,0,0
293,8,144,0,64,159,66,189,95,96,0
14,8,32,82,150,2,8,9,117,228,0
738,8,24,8,13,64,64,0,1,24,0
837,8,5,2,2,194,60,119,64,129,0
1072,8,0,48,68,139,222,128,16,160,0
304,8,0,1,80,0,0,0,0,0,0
339,8,0,0,0,4,0,12,0,4,0
1634,8,78,224,0,0,64,0,0,0,0
412,8,24,10,32,27,130,0,40,192,0
208,8,98,119,12,96,240,0,0,0,0
51,8,0,7,128,0,15,0,7,208,0
628,8,0,242,44,242,80,124,134,185,0
192,8,32,0,0,0,0,0,0,0,0
403,8,0,8,8,3,232,136,0,0,0
526,8,78,32,3,160,0,63,143,255,0
1314,8,223,127,209,157,94,168,204,220,0
870,8,127,221,200,2,1,71,206,120,0
1408,8,0,0,0,3,210,136,0,0,0
852,8,31,255,64,0,0,3,190,0,0
1505,8,137,63,224,11,10,0,0,128,0
651,8,0,0,0,0,0,0,0,0,0
961,8,123,85,31,187,130,226,41,46,0
1076,8,3,10,128,160,0,0,0,0,0
1760,8,0,0,0,0,0,0,0,0,0
167,8,32,16,250,36,193,37,192,160,0
722,8,0,0,8,0,0,0,0,0,0
1176,8,135,255,191,252,242,128,0,10,0
1124,8,0,2,64,0,0,144,24,149,0
560,8,189,0,25,210,228,0,10,0,0
1694,8,4,64,4,127,31,192,21,226,0
293,8,144,0,64,159,66,191,33,96,0
14,8,32,82,150,2,8,9,117,228,0
208,8,106,119,12,96,239,0,0,0,0
244,8,154,12,1,2,4,177,2,64,0
263,8,0,0,0,0,0,0,0,0,0
51,8,0,7,120,0,15,64,7,208,0
663,8,17,0,0,32,0,2,81,16,0
1455,8,32,192,0,0,0,32,104,0,0
813,8,128,0,4,32,172,1,0,32,0
1277,8,1,142,10,78,167,23,203,132,0
1760,8,0,0,0,0,0,0,0,0,0
737,8,0,0,0,0,0,0,0,4,0
852,8,31,255,64,0,0,3,175,0,0
1505,8,137,63,224,11,10,0,4,128,0
354,8,0,8,0,19,234,17,244,206,0
705,8,1,243,175,199,202,158,227,18,0
167,8,32,16,250,36,193,37,192,160,0
293,8,144,0,64,159,66,191,3,96,0
1644,8,0,64,0,0,24,0,0,0,0
14,8,32,82,150,2,8,9,117,234,0
1255,8,0,0,0,20,3,103,0,0,0
339,8,0,0,0,4,0,12,0,4,0
661,8,0,0,0,0,0,0,8,64,0
1634,8,78,224,0,0,64,0,0,0,0
1668,8,76,213,128,25,65,84,16,30,0
1590,8,36,156,0,0,240,0,0,0,0
727,8,16,0,85,48,0,0,0,8,0
412,8,28,6,32,27,130,0,40,192,0
208,8,114,119,12,96,238,0,0,0,0
403,8,0,8,8,3,232,136,0,0,0
526,8,78,32,3,160,0,63,143,255,0
1314,8,223,127,209,157,94,48,204,220,0
1413,8,0,64,0,0,0,2,0,24,0
852,8,31,255,64,0,0,4,24,0,0
1505,8,137,63,224,11,10,0,4,128,0
651,8,0,0,0,0,0,0,0,0,0
51,8,0,7,112,0,15,128,7,208,0
628,8,0,242,46,240,80,124,134,185,0
870,8,127,221,200,2,1,71,206,120,0
1408,8,0,0,0,3,203,8,0,0,0
1076,8,3,42,0,160,0,0,0,0,0
192,8,32,0,0,0,0,0,0,0,0
1760,8,0,0,0,0,0,0,0,0,0
167,8,32,16,250,36,193,37,192,160,0
1031,8,64,1,95,240,20,128,189,224,0
60,8,0,0,4,0,48,0,0,0,0
1176,8,135,255,191,252,241,128,0,11,0
996,8,0,208,0,0,133,0,0,0,0
1694,8,4,64,4,127,31,192,22,2,0
1628,8,64,8,178,117,48,0,0,0,0
293,8,144,0,64,159,66,190,229,96,0
519,8,4,4,96,72,42,222,149,24,0
1225,8,1,249,21,130,13,2,246,75,0
470,8,2,11,128,128,48,36,5,128,0
1399,8,0,0,8,0,0,0,1,96,0
117,8,15,50,0,15,174,30,224,0,0
961,8,123,85,31,186,194,226,233,46,0
14,8,32,82,150,2,8,9,117,228,0
560,8,188,0,25,210,228,0,12,0,0
208,8,122,119,12,96,237,0,0,0,0
51,8,0,7,104,0,15,192,7,208,0
263,8,0,0,0,0,0,0,0,0,0
186,8,6,168,188,132,16,0,6,28,0
1760,8,0,0,0,0,0,0,0,0,0
737,8,0,0,0,0,0,0,0,4,0
852,8,31,255,64,0,0,4,24,0,0
1505,8,137,63,224,11,10,0,4,128,0
354,8,0,8,0,19,234,17,244,206,0
167,8,32,16,250,36,193,37,192,160,0
58,8,0,0,0,0,0,29,8,0,0
293,8,144,0,64,159,66,190,199,96,0
1227,8,128,0,0,0,0,0,0,0,0
640,8,24,224,2,112,0,0,0,0,0
14,8,32,82,150,2,8,9,117,228,0
339,8,0,0,0,4,0,12,0,4,0
1634,8,78,224,0,0,64,0,0,0,0
412,8,0,34,32,27,130,0,40,192,0
208,8,2,119,12,96,252,0,0,0,0
51,8,0,7,224,0,12,0,7,208,0
628,8,0,242,32,254,80,124,134,185,0
192,8,32,0,0,0,0,0,0,0,0
953,8,32,4,114,0,0,0,28,66,0
403,8,0,8,8,3,232,136,0,0,0
526,8,78,32,3,160,0,63,143,255,0
1314,8,223,127,209,157,93,184,204,220,0
870,8,127,221,200,2,1,71,206,120,0
852,8,31,255,64,0,0,4,16,128,0
1505,8,137,63,224,11,10,0,4,128,0
651,8,0,0,0,0,0,0,0,0,0
1408,8,0,0,0,3,195,136,0,0,0
1076,8,3,74,160,160,0,0,0,0,0
1760,8,0,0,0,0,0,0,0,0,0
167,8,32,16,250,36,193,37,192,160,0
61,8,0,0,2,128,0,0,0,0,0
541,8,0,0,0,0,0,1,0,0,0
1176,8,135,255,191,252,240,128,0,12,0
1262,8,160,0,13,8,240,76,64,8,0
560,8,187,0,25,210,228,0,14,0,0
1694,8,4,64,4,127,31,192,22,2,0
293,8,144,0,64,159,66,190,169,96,0
14,8,32,82,150,2,8,9,117,228,0
661,8,0,0,0,0,0,0,8,64,0
208,8,10,119,12,96,251,0,0,0,0
51,8,0,7,216,0,12,64,7,208,0
263,8,0,0,0,0,0,0,0,0,0
1459,8,4,0,0,0,0,0,4,0,0
1760,8,0,0,0,0,0,0,0,0,0
737,8,0,0,0,0,0,0,0,4,0
852,8,31,255,64,0,0,4,1,128,0
1505,8,137,63,224,11,10,0,4,128,0
354,8,0,8,0,19,234,17,244,206,0
961,8,123,85,31,187,2,35,105,46,0
167,8,32,16,250,36,193,37,192,160,0
1372,8,16,27,0,0,65,130,48,0,0
1693,8,128,141,207,176,79,193,252,177,0
293,8,144,0,64,159,66,190,139,96,0
14,8,32,82,150,2,8,9,117,234,0
339,8,0,0,0,4,0,12,0,4,0
1634,8,78,224,0,0,64,0,0,0,0
412,8,4,30,32,27,130,0,40,192,0
208,8,18,119,12,96,250,0,0,0,0
51,8,0,7,208,0,12,128,7,208,0
628,8,0,242,34,252,80,124,134,185,0
192,8,32,0,0,0,0,0,0,0,0
813,8,128,0,4,32,172,1,0,32,0
1277,8,1,143,10,78,167,23,203,132,0
403,8,0,8,8,3,232,136,0,0,0
526,8,78,32,3,160,0,63,111,247,0
1314,8,223,127,209,157,93,64,204,220,0
870,8,127,221,200,2,1,71,206,120,0
852,8,31,255,64,0,0,4,1,128,0
1505,8,137,63,224,11,10,0,4,128,0
651,8,0,0,0,0,0,0,0,0,0
1408,8,0,0,0,3,188,8,0,0,0
1076,8,3,106,160,160,0,0,0,0,0
1760,8,0,0,0,0,0,0,0,0,0
167,8,32,16,250,36,193,37,192,160,0
692,8,20,233,151,0,0,0,88,0,0
458,8,63,241,255,128,0,0,12,56,0
1176,8,135,255,191,252,239,128,0,13,0
1512,8,0,0,2,4,0,57,176,0,0
560,8,186,0,25,210,228,0,16,0,0
1694,8,4,64,4,127,31,192,22,2,0
293,8,144,0,64,159,66,190,109,96,0
14,8,32,82,150,2,8,9,117,220,0
1049,8,10,155,70,77,4,95,195,15,0
208,8,26,119,12,96,249,0,0,0,0
51,8,0,7,200,0,12,192,7,208,0
1399,8,0,0,8,0,0,0,1,96,0
263,8,0,0,0,0,0,0,0,0,0
186,8,6,184,188,132,16,0,6,28,0
1760,8,0,0,0,0,0,0,0,0,0
737,8,0,0,0,0,0,0,0,4,0
852,8,31,255,64,0,0,3,250,0,0
1505,8,137,63,224,11,10,0,4,128,0
354,8,0,8,0,19,234,17,244,206,0
167,8,32,16,250,100,193,37,192,160,0
675,8,0,0,0,3,254,128,121,128,0
293,8,144,0,64,159,66,190,79,96,0
961,8,123,85,31,188,0,100,41,46,0
14,8,32,82,150,2,8,9,117,228,0
339,8,0,0,0,4,0,12,0,4,0
661,8,0,0,0,0,0,0,8,64,0
1634,8,78,224,0,0,64,0,0,0,0
412,8,8,26,32,27,130,0,40,192,0
208,8,34,119,12,96,248,0,0,0,0
51,8,0,7,192,0,13,0,7,208,0
628,8,0,242,36,250,80,124,134,185,0
192,8,32,0,0,0,0,0,0,0,0
403,8,0,8,8,3,232,136,0,0,0
526,8,78,32,3,160,0,63,111,255,0
1314,8,223,127,209,157,92,200,205,28,0
870,8,127,221,200,2,1,71,206,120,0
1408,8,0,0,0,3,180,136,0,0,0
852,8,31,255,64,0,0,3,250,0,0
1505,8,137,63,224,11,10,0,4,128,0
651,8,0,0,0,0,0,0,0,0,0
1076,8,3,130,160,160,0,0,0,0,0
1760,8,0,0,0,0,0,0,0,0,0
1788,8,0,0,7,94,146,183,88,0,0
167,8,32,16,250,100,193,37,192,160,0
622,8,1,6,64,130,137,14,10,4,0
569,8,0,0,0,125,0,0,66,224,0
1176,8,135,255,191,252,238,128,0,14,0
560,8,185,0,25,210,228,0,18,0,0
1694,8,4,64,4,127,32,0,22,2,0
293,8,144,0,64,159,66,190,49,96,0
14,8,32,82,150,2,8,9,117,228,0
215,8,0,0,2,0,128,0,0,0,0
208,8,42,119,12,96,247,0,0,0,0
51,8,0,7,184,0,13,64,7,208,0
263,8,0,0,0,0,0,0,0,0,0
1760,8,0,0,0,0,0,0,0,0,0
737,8,0,0,0,0,0,0,0,4,0
852,8,31,255,64,0,0,3,235,0,0
1505,8,137,63,224,11,10,0,4,128,0
354,8,0,8,0,19,234,17,244,206,0
167,8,32,16,250,100,193,37,192,160,0
1175,8,0,0,0,0,0,0,0,0,0
293,8,144,0,64,159,66,190,19,96,0
14,8,32,82,150,2,8,9,117,228,0
738,8,24,8,13,64,64,0,1,24,0
837,8,5,2,2,194,60,119,64,129,0
1072,8,0,48,68,139,222,128,16,160,0
304,8,0,1,80,0,0,0,0,0,0
339,8,0,0,0,4,0,12,0,4,0
1634,8,78,224,0,0,64,0,0,0,0
412,8,12,22,32,27,130,0,40,192,0
208,8,50,119,12,96,246,0,0,0,0
51,8,0,7,176,0,13,128,7,208,0
628,8,0,242,38,248,80,124,134,185,0
192,8,32,0,0,0,0,0,0,0,0
403,8,0,8,8,3,232,136,0,0,0
526,8,78,32,3,160,0,63,143,247,0
1314,8,223,127,209,157,92,80,205,28,0
870,8,127,221,200,2,1,71,206,120,0
1408,8,0,0,0,3,173,8,0,0,0
852,8,31,255,64,0,0,3,220,0,0
1505,8,137,63,224,11,10,0,4,128,0
651,8,0,0,0,0,0,0,0,0,0
961,8,123,85,31,187,128,100,169,46,0
1076,8,3,170,160,160,0,0,0,0,0
1760,8,0,0,0,0,0,0,0,0,0
167,8,32,16,250,100,209,37,192,160,0
722,8,0,0,16,0,0,0,0,0,0
1176,8,135,255,191,252,237,128,0,15,0
1124,8,0,2,64,0,0,144,23,150,0
560,8,184,0,25,210,228,0,20,0,0
1694,8,4,64,4,127,31,192,22,2,0
293,8,144,0,64,159,66,189,245,96,0
14,8,32,82,150,2,8,9,117,220,0
661,8,0,0,0,0,0,0,8,64,0
263,8,0,0,0,0,0,0,0,0,0
244,8,154,12,1,2,4,177,2,64,0
208,8,58,119,12,96,245,0,0,0,0
51,8,0,7,168,0,13,192,7,208,0
186,8,6,184,188,132,16,0,6,28,0
1307,8,40,12,65,1,40,0,1,33,0
1760,8,0,0,0,0,0,0,0,0,0
813,8,128,0,4,32,172,1,0,32,0
1277,8,1,140,10,78,165,23,75,132,0
737,8,0,0,0,0,0,0,0,4,0
852,8,31,255,64,0,0,3,220,0,0
1505,8,137,63,224,11,10,0,4,128,0
354,8,0,8,0,19,234,17,244,206,0
167,8,32,16,250,100,193,37,192,160,0
293,8,144,0,64,159,66,189,215,96,0
1644,8,0,64,0,0,24,0,0,0,0
1560,8,251,125,190,255,241,119,191,221,0
705,8,1,243,111,199,201,30,215,40,0
14,8,32,82,150,2,8,9,117,228,0
1255,8,0,0,0,20,3,103,0,0,0
339,8,0,0,0,4,0,12,0,4,0
1634,8,78,224,0,0,64,0,0,0,0
1668,8,76,213,128,25,65,84,16,30,0
1590,8,36,156,0,0,240,0,0,0,0
727,8,16,0,85,248,0,0,0,8,0
412,8,16,18,32,27,130,0,40,192,0
1413,8,0,64,0,0,0,2,0,24,0
403,8,0,8,8,3,232,136,0,0,0
526,8,78,32,3,160,0,63,143,247,0
1314,8,223,127,209,157,91,216,205,28,0
208,8,66,119,12,96,244,0,0,0,0
852,8,31,255,64,0,0,3,212,128,0
1505,8,137,63,224,11,10,0,4,128,0
651,8,0,0,0,0,0,0,0,0,0
51,8,0,7,160,0,14,0,7,208,0
628,8,0,242,40,246,80,124,134,185,0
870,8,127,221,200,2,1,71,206,120,0
1408,8,0,0,0,3,165,136,0,0,0
1076,8,3,202,160,160,0,0,0,0,0
1760,8,0,0,0,0,0,0,0,0,0
192,8,32,0,0,0,0,0,0,0,0
167,8,32,16,250,100,193,37,192,160,0
1031,8,64,1,95,240,20,128,189,224,0
60,8,0,0,4,0,42,0,0,0,0
1176,8,135,255,191,252,252,128,0,0,0
996,8,0,208,0,0,133,0,0,0,0
1628,8,64,8,178,117,48,0,0,0,0
519,8,4,4,96,72,42,222,149,24,0
1225,8,1,248,213,130,13,3,246,75,0
1694,8,4,64,4,127,31,192,22,2,0
293,8,144,0,64,159,66,189,185,96,0
470,8,2,143,194,128,52,116,5,144,0
1399,8,0,0,8,0,0,0,1,96,0
560,8,183,0,25,210,228,0,22,0,0
961,8,123,85,31,187,127,229,105,46,0
14,8,32,82,150,2,8,9,117,220,0
208,8,74,119,12,96,243,0,0,0,0
51,8,0,7,152,0,14,64,7,208,0
263,8,0,0,0,0,0,0,0,0,0
1760,8,0,0,0,0,0,0,0,0,0
737,8,0,0,0,0,0,0,0,4,0
852,8,31,255,64,0,0,3,197,128,0
1505,8,137,63,224,11,10,0,4,128,0
354,8,0,8,0,19,234,17,244,206,0
167,8,32,16,250,100,193,37,192,160,0
293,8,144,0,64,159,66,189,155,96,0
426,8,144,190,189,68,161,99,230,64,0
14,8,32,82,150,2,8,9,117,220,0
339,8,0,0,0,4,0,12,0,4,0
661,8,0,0,0,0,0,0,8,64,0
1634,8,78,224,0,0,64,0,0,0,0
412,8,20,14,32,27,130,0,40,192,0
208,8,82,119,12,96,242,0,0,0,0
51,8,0,7,144,0,14,128,7,208,0
628,8,0,242,42,244,80,124,134,185,0
192,8,32,0,0,0,0,0,0,0,0
403,8,0,8,8,3,232,136,0,0,0
526,8,78,32,3,160,0,63,111,255,0
1314,8,223,127,209,157,91,96,205,28,0
870,8,127,221,200,2,1,71,206,120,0
852,8,31,255,64,0,0,3,197,128,0
1505,8,137,63,224,11,10,0,4,128,0
651,8,0,0,0,0,0,0,0,0,0
1408,8,0,0,0,3,158,8,0,0,0
1076,8,3,234,160,160,0,0,0,0,0
1760,8,0,0,0,0,0,0,0,0,0
167,8,32,16,250,100,193,37,192,160,0
61,8,0,0,2,128,0,0,0,0,0
1176,8,135,255,191,252,251,128,0,1,0
560,8,182,0,25,210,228,0,24,0,0
1694,8,4,64,4,127,32,0,22,2,0
293,8,144,0,64,159,66,189,125,96,0
14,8,32,82,150,2,8,9,117,220,0
208,8,90,119,12,96,241,0,0,0,0
51,8,0,7,136,0,14,192,7,208,0
1459,8,4,0,0,0,0,0,4,0,0
263,8,0,0,0,0,0,0,0,0,0
186,8,6,184,188,4,16,0,6,28,0
1760,8,0,0,0,0,0,0,0,0,0
737,8,0,0,0,0,0,0,0,4,0
852,8,31,255,64,0,0,3,190,0,0
1505,8,137,63,224,11,10,0,4,128,0
961,8,123,85,31,187,191,37,233,46,0
354,8,0,8,0,19,234,17,244,206,0
167,8,32,16,250,100,193,37,192,160,0
293,8,144,0,64,159,66,189,95,96,0
14,8,32,82,150,2,8,9,117,220,0
339,8,0,0,0,4,0,12,0,4,0
1634,8,78,224,0,0,64,0,0,0,0
412,8,24,10,32,27,130,0,40,192,0
208,8,98,119,12,96,240,0,0,0,0
51,8,0,7,128,0,15,0,7,208,0
628,8,0,242,44,242,80,124,134,185,0
192,8,32,0,0,0,0,0,0,0,0
778,8,64,45,80,1,211,46,50,0,0
452,8,1,112,2,0,40,7,190,2,0
676,8,54,220,0,28,4,8,152,208,0
403,8,0,8,8,3,232,136,0,0,0
526,8,78,32,3,160,0,63,111,255,0
1314,8,223,127,209,149,226,104,205,28,0
870,8,127,221,200,2,1,71,206,120,0
852,8,31,255,64,0,0,3,190,0,0
1505,8,137,63,224,11,10,0,4,128,0
651,8,0,0,0,0,0,0,0,0,0
1408,8,0,0,0,3,150,136,0,0,0
1076,8,4,10,160,160,0,0,0,0,0
1760,8,0,0,0,0,0,0,0,0,0
167,8,32,16,250,100,193,37,192,160,0
692,8,20,233,151,0,0,0,88,0,0
458,8,63,241,255,128,0,0,12,56,0
1176,8,135,255,191,252,250,128,0,2,0
813,8,128,0,4,32,172,1,0,32,0
1277,8,1,139,10,78,163,23,75,132,0
560,8,188,0,25,154,228,0,26,0,0
1694,8,4,64,4,127,31,192,22,2,0
293,8,144,0,64,159,66,191,33,96,0
14,8,32,82,150,2,8,9,117,228,0
661,8,0,0,0,0,0,0,8,64,0
208,8,106,119,12,96,239,0,0,0,0
51,8,0,7,120,0,15,64,7,208,0
263,8,0,0,0,0,0,0,0,0,0
1455,8,32,192,0,0,0,32,120,0,0
1399,8,0,0,8,0,0,0,1,96,0
1760,8,0,0,0,0,0,0,0,0,0
737,8,0,0,0,0,0,0,0,4,0
852,8,31,255,64,0,0,3,175,0,0
1505,8,137,63,224,11,10,0,4,128,0
354,8,0,8,0,19,234,17,244,206,0
167,8,32,16,250,100,193,37,192,160,0
675,8,0,0,0,3,254,128,123,0,0
293,8,144,0,64,159,66,191,3,96,0
961,8,123,85,31,187,62,230,169,46,0
14,8,32,82,150,2,8,9,117,228,0
339,8,0,0,0,4,0,12,0,4,0
1634,8,78,224,0,0,64,0,0,0,0
412,8,28,6,32,27,130,0,40,192,0
208,8,114,119,12,96,238,0,0,0,0
51,8,0,7,112,0,15,128,7,208,0
628,8,0,242,46,240,80,124,134,185,0
192,8,32,0,0,0,0,0,0,0,0
403,8,0,8,8,3,232,136,0,0,0
526,8,78,32,3,160,0,63,111,255,0
1314,8,223,127,209,145,229,240,205,28,0
870,8,127,221,200,2,1,71,206,120,0
852,8,31,255,64,0,0,4,24,0,0
1505,8,137,63,224,11,10,0,4,128,0
651,8,0,0,0,0,0,0,0,0,0
1408,8,0,0,0,3,143,8,0,0,0
1076,8,4,42,160,160,0,0,0,0,0
1760,8,0,0,0,0,0,0,0,0,0
1788,8,0,0,7,94,50,183,88,0,0
167,8,32,16,250,100,193,37,192,160,0
569,8,0,0,0,125,0,0,66,224,0
1176,8,135,255,191,252,249,128,0,3,0
560,8,195,0,25,90,236,0,28,0,0
1694,8,4,64,4,127,31,192,22,2,0
293,8,144,0,64,159,66,190,229,96,0
622,8,1,6,64,130,137,14,10,4,0
1331,8,237,127,207,126,255,248,239,127,0
14,8,32,82,150,2,8,9,117,220,0
215,8,0,0,2,0,128,0,0,0,0
208,8,122,119,12,96,237,0,0,0,0
51,8,0,7,104,0,15,192,7,208,0
263,8,0,0,0,0,0,0,0,0,0
186,8,6,184,187,4,16,0,6,28,0
1760,8,0,0,0,0,0,0,0,0,0
37,8,0,0,2,136,64,62,34,1,0
737,8,0,0,0,0,0,0,0,4,0
852,8,31,255,64,0,0,4,24,0,0
1505,8,137,63,224,11,10,0,4,128,0
354,8,0,8,0,19,234,17,244,206,0
167,8,32,16,250,100,193,37,192,160,0
1175,8,0,0,0,0,0,0,0,0,0
293,8,144,0,64,159,66,190,199,96,0
14,8,32,82,150,2,8,9,117,220,0
738,8,24,8,13,64,64,0,1,24,0
837,8,5,2,2,194,60,119,64,129,0
1072,8,0,48,68,139,222,128,16,160,0
304,8,0,1,80,0,0,0,0,0,0
339,8,0,0,0,4,0,12,0,4,0
661,8,0,0,0,0,0,0,8,64,0
1634,8,78,224,0,0,64,0,0,0,0
412,8,0,34,32,27,130,0,40,192,0
208,8,2,119,12,96,252,0,0,0,0
51,8,0,7,224,0,12,0,7,208,0
628,8,0,242,32,254,80,124,134,185,0
192,8,32,0,0,0,0,0,0,0,0
403,8,0,8,8,3,232,136,0,0,0
526,8,78,32,3,160,0,63,111,255,0
1314,8,223,127,209,139,107,248,205,28,0
870,8,127,221,200,2,1,71,206,120,0
852,8,31,255,64,0,0,4,16,128,0
1505,8,137,63,224,11,10,0,4,128,0
651,8,0,0,0,0,0,0,0,0,0
1408,8,0,0,0,3,135,136,0,0,0
1076,8,4,74,160,160,0,0,0,0,0
961,8,123,85,31,187,253,167,41,46,0
1760,8,0,0,0,0,0,0,0,0,0
167,8,32,16,250,100,193,37,192,160,0
722,8,0,0,24,0,0,0,0,0,0
1372,8,16,27,0,0,65,130,48,0,0
1176,8,135,255,191,252,248,128,0,4,0
1124,8,0,2,64,0,0,144,22,151,0
560,8,209,0,24,226,236,0,30,0,0
1694,8,4,64,4,127,31,192,22,2,0
293,8,144,0,64,159,66,190,169,96,0
14,8,32,82,150,2,8,9,117,228,0
208,8,10,119,12,96,251,0,0,0,0
51,8,0,7,216,0,12,64,7,208,0
263,8,0,0,0,0,0,0,0,0,0
244,8,154,12,1,2,4,177,2,64,0
813,8,128,0,4,32,172,1,0,32,0
1277,8,1,151,10,78,177,25,75,132,0
1760,8,0,0,0,0,0,0,0,0,0
737,8,0,0,0,0,0,0,0,4,0
852,8,31,255,64,0,0,4,1,128,0
1505,8,137,63,224,11,10,0,8,128,0
354,8,0,8,0,19,234,17,244,206,0
167,8,32,16,250,100,193,37,192,160,0
293,8,144,0,64,159,66,190,139,96,0
1644,8,0,0,0,0,24,0,0,0,0
14,8,32,82,150,2,8,9,117,246,0
1255,8,0,0,0,20,3,103,0,0,0
339,8,0,0,0,4,0,12,0,4,0
1634,8,78,224,0,0,64,0,0,0,0
1668,8,76,213,128,25,65,84,16,30,0
1590,8,36,156,0,0,240,0,0,0,0
727,8,16,0,86,200,0,0,0,8,0
412,8,4,30,32,27,130,0,40,192,0
1413,8,0,64,0,0,0,2,0,24,0
208,8,18,119,12,96,250,0,0,0,0
403,8,0,8,8,3,232,136,0,0,0
526,8,78,32,3,160,0,63,111,255,0
1314,8,223,127,209,135,119,0,205,28,0
852,8,31,255,64,0,0,4,1,128,0
1505,8,137,63,224,11,10,0,8,128,0
651,8,0,0,0,0,0,0,0,0,0
705,8,1,243,79,199,201,158,195,60,0
51,8,0,7,208,0,12,128,7,208,0
628,8,0,242,34,252,80,124,134,185,0
870,8,127,221,200,2,1,71,206,120,0
1408,8,0,0,0,3,248,8,0,0,0
1076,8,4,104,0,160,0,0,0,0,0
1760,8,0,0,0,0,0,0,0,0,0
192,8,32,0,0,0,0,0,0,0,0
167,8,32,16,250,100,193,37,192,160,0
1031,8,64,1,95,240,20,128,189,224,0
60,8,0,0,4,0,55,0,0,0,0
1176,8,135,255,191,252,247,128,0,5,0
996,8,0,208,0,0,133,0,0,0,0
1694,8,4,64,4,127,31,192,21,226,0
1628,8,64,8,178,117,48,0,0,0,0
293,8,144,0,64,159,66,190,109,96,0
519,8,4,4,224,88,42,222,149,24,0
1225,8,1,249,21,130,13,2,246,75,0
470,8,2,11,128,128,48,36,5,128,0
1399,8,0,0,8,0,0,0,1,96,0
961,8,123,85,31,187,189,39,233,46,0
560,8,230,0,24,178,236,0,0,0,0
14,8,32,82,150,2,8,9,117,240,0
661,8,0,0,0,0,0,0,8,64,0
208,8,26,119,12,96,249,0,0,0,0
51,8,0,7,200,0,12,192,7,208,0
263,8,0,0,0,0,0,0,0,0,0
186,8,6,184,187,4,16,0,6,28,0
1760,8,0,0,0,0,0,0,0,0,0
737,8,0,0,0,0,0,0,0,4,0
852,8,31,255,64,0,0,3,250,0,0
1505,8,137,63,224,11,10,0,4,128,0
354,8,0,8,0,19,234,17,244,206,0
167,8,32,16,250,100,193,37,192,160,0
293,8,144,0,64,159,66,190,79,96,0
1227,8,128,0,0,0,0,0,0,0,0
640,8,24,224,2,112,0,0,0,0,0
14,8,32,82,150,2,8,9,117,240,0
6,8,8,0,0,100,0,0,0,0,0
339,8,0,0,0,4,0,12,0,4,0
1634,8,78,224,0,0,64,0,0,0,0
412,8,8,26,32,27,130,0,40,192,0
208,8,34,119,12,96,248,0,0,0,0
51,8,0,7,192,0,13,0,7,208,0
628,8,0,242,36,250,80,124,134,185,0
192,8,32,0,0,0,0,0,0,0,0
403,8,0,8,8,3,232,136,0,0,0
526,8,78,32,3,160,0,63,143,247,0
1314,8,223,127,209,127,127,8,205,28,0
870,8,127,221,200,2,1,71,206,120,0
852,8,31,255,64,0,0,3,250,0,0
1505,8,137,63,224,11,10,0,4,128,0
651,8,0,0,0,0,0,0,0,0,0
1408,8,0,0,0,3,240,136,0,0,0
1076,8,0,136,224,160,0,0,0,0,0
1760,8,0,0,0,0,0,0,0,0,0
167,8,32,16,250,100,193,37,192,160,0
61,8,0,0,2,128,0,0,0,0,0
1176,8,135,255,191,252,246,128,0,6,0
560,8,244,0,24,58,236,0,2,0,0
1694,8,4,64,4,127,31,192,21,226,0
293,8,144,0,64,159,66,190,49,96,0
14,8,32,82,150,2,8,9,117,228,0
208,8,42,119,12,96,247,0,0,0,0
51,8,0,7,184,0,13,64,7,208,0
1459,8,4,0,0,0,0,0,4,0,0
263,8,0,0,0,0,0,0,0,0,0
1760,8,0,0,0,0,0,0,0,0,0
737,8,0,0,0,0,0,0,0,4,0
852,8,31,255,64,0,0,3,235,0,0
1505,8,137,63,224,11,10,0,4,128,0
961,8,123,85,31,187,188,168,105,46,0
354,8,0,8,0,19,234,17,244,206,0
167,8,32,16,250,100,193,37,192,160,0
293,8,144,0,64,159,66,190,19,96,0
14,8,32,82,150,2,8,9,117,234,0
339,8,0,0,0,4,0,12,0,4,0
661,8,0,0,0,0,0,0,8,64,0
1634,8,78,224,0,0,64,0,0,0,0
412,8,12,22,32,27,130,0,40,192,0
208,8,50,119,12,96,246,0,0,0,0
51,8,0,7,176,0,13,128,7,208,0
628,8,0,242,38,248,80,124,134,185,0
192,8,32,0,0,0,0,0,0,0,0
778,8,64,45,80,1,211,48,50,0,0
403,8,0,8,8,3,232,136,0,0,0
526,8,78,32,3,160,0,63,143,247,0
1314,8,223,127,209,115,138,16,205,28,0
870,8,127,221,200,2,1,71,206,120,0
852,8,31,255,64,0,0,3,220,0,0
1505,8,137,63,224,11,10,0,4,128,0
651,8,0,0,0,0,0,0,0,0,0
1408,8,0,0,0,3,233,8,0,0,0
1076,8,0,168,224,160,0,0,0,0,0
1760,8,0,0,0,0,0,0,0,0,0
167,8,32,16,250,100,193,37,192,160,0
692,8,20,233,151,0,0,0,88,0,0
458,8,63,241,255,128,0,0,12,56,0
1176,8,135,255,191,252,245,128,0,7,0
813,8,128,0,4,32,172,1,0,32,0
1277,8,1,144,10,78,169,23,203,132,0
560,8,8,0,23,154,236,0,4,0,0
1694,8,4,64,4,127,31,192,21,226,0
293,8,144,0,64,159,66,189,245,96,0
14,8,32,82,150,2,8,9,117,234,0
208,8,58,119,12,96,245,0,0,0,0
51,8,0,7,168,0,13,192,7,208,0
1399,8,0,0,8,0,0,0,1,96,0
263,8,0,0,0,0,0,0,0,0,0
186,8,6,184,186,68,16,0,6,28,0
1760,8,0,0,0,0,0,0,0,0,0
737,8,0,0,0,0,0,0,0,4,0
852,8,31,255,64,0,0,3,220,0,0
1505,8,137,63,224,11,10,0,4,128,0
354,8,0,8,0,19,234,17,244,206,0
167,8,32,16,250,100,193,37,192,160,0
675,8,0,0,0,3,254,128,126,0,0
293,8,144,0,64,159,66,189,215,96,0
961,8,123,85,31,186,252,169,41,46,0
14,8,32,82,150,2,8,9,117,228,0
339,8,0,0,0,4,0,12,0,4,0
1634,8,78,224,0,0,64,0,0,0,0
412,8,16,18,32,27,130,0,40,192,0
208,8,66,119,12,96,244,0,0,0,0
51,8,0,7,160,0,14,0,7,208,0
628,8,0,242,40,246,80,124,134,185,0
192,8,32,0,0,0,0,0,0,0,0
403,8,0,8,8,3,232,136,0,0,0
526,8,78,32,3,160,0,63,111,255,0
1314,8,223,127,209,105,147,152,205,28,0
870,8,127,221,200,2,1,71,206,120,0
852,8,31,255,64,0,0,3,212,128,0
1505,8,137,63,224,11,10,0,8,128,0
651,8,0,0,0,0,0,0,0,0,0
1408,8,0,0,0,3,225,136,0,0,0
1076,8,0,199,32,160,0,0,0,0,0
1760,8,0,0,0,0,0,0,0,0,0
1788,8,0,0,7,94,146,183,88,0,0
167,8,32,16,250,36,193,37,192,160,0
569,8,0,0,0,125,0,0,67,0,0
1176,8,135,255,191,252,244,128,0,8,0
560,8,28,0,22,242,228,0,6,0,0
1694,8,4,64,4,127,31,192,21,226,0
293,8,144,0,64,159,66,189,185,96,0
622,8,1,6,64,130,137,14,10,4,0
14,8,32,82,150,2,8,9,117,228,0
661,8,0,0,0,0,0,0,8,64,0
208,8,74,119,12,96,243,0,0,0,0
51,8,0,7,152,0,14,64,7,208,0
215,8,0,0,2,0,128,0,0,0,0
263,8,0,0,0,0,0,0,0,0,0
1760,8,0,0,0,0,0,0,0,0,0
737,8,0,0,0,0,0,0,0,4,0
852,8,31,255,64,0,0,3,197,128,0
1505,8,137,63,224,11,10,0,8,128,0
354,8,0,8,0,19,234,17,244,206,0
167,8,32,16,250,36,193,37,192,160,0
692,8,20,233,152,0,0,0,88,0,0
1175,8,0,0,0,0,0,0,0,0,0
293,8,144,0,64,159,66,189,155,96,0
14,8,32,82,150,2,8,9,117,228,0
738,8,24,8,13,64,64,0,1,24,0
837,8,5,2,2,194,60,119,64,129,0
1072,8,0,48,68,139,222,128,16,160,0
304,8,0,1,80,0,0,0,0,0,0
339,8,0,0,0,4,0,12,0,4,0
1634,8,78,224,0,0,64,0,0,0,0
412,8,20,14,32,27,130,0,40,192,0
208,8,82,119,12,96,242,0,0,0,0
51,8,0,7,144,0,14,128,7,208,0
628,8,0,242,42,244,80,124,134,185,0
192,8,32,0,0,0,0,0,0,0,0
403,8,0,8,8,3,232,136,0,0,0
526,8,78,32,3,160,0,63,143,255,0
1314,8,223,127,209,97,27,160,204,220,0
870,8,127,221,200,2,1,71,206,120,0
852,8,31,255,64,0,0,3,197,128,0
1505,8,137,63,224,11,10,0,4,128,0
651,8,0,0,0,0,0,0,0,0,0
1408,8,0,0,0,3,218,8,0,0,0
1076,8,0,231,0,160,0,0,0,0,0
961,8,123,85,31,186,252,41,169,46,0
1760,8,0,0,0,0,0,0,0,0,0
167,8,32,16,250,36,193,37,192,160,0
722,8,0,0,32,0,0,0,0,0,0
1176,8,135,255,191,252,243,128,0,9,0
1124,8,0,2,64,0,0,144,21,152,0
560,8,47,0,22,82,228,0,8,0,0
1694,8,4,64,4,127,31,192,22,2,0
293,8,144,0,64,159,66,189,125,96,0
14,8,32,82,150,2,8,9,117,220,0
208,8,90,119,12,96,241,0,0,0,0
51,8,0,7,136,0,14,192,7,208,0
263,8,0,0,0,0,0,0,0,0,0
244,8,154,12,1,2,4,177,2,64,0
186,8,6,184,185,68,16,0,6,28,0
1307,8,8,2,135,77,91,240,0,1,0
1760,8,0,0,0,0,0,0,0,0,0
813,8,128,0,4,32,172,1,0,32,0
1277,8,1,135,10,78,159,22,203,132,0
737,8,0,0,0,0,0,0,0,4,0
852,8,31,255,64,0,0,3,190,0,0
1505,8,137,63,224,11,10,0,4,128,0
354,8,0,8,0,19,234,17,244,206,0
167,8,32,16,250,36,193,37,192,160,0
293,8,144,0,64,159,66,189,95,96,0
1644,8,0,0,0,0,24,0,0,0,0
14,8,32,82,150,2,8,9,117,228,0
1255,8,0,0,0,20,3,103,0,0,0
339,8,0,0,0,4,0,12,0,4,0
661,8,0,0,0,0,0,0,8,64,0
1634,8,78,224,0,0,64,0,0,0,0
1668,8,76,213,128,25,65,84,16,30,0
1590,8,36,156,0,0,240,0,0,0,0
727,8,16,0,87,136,0,0,0,8,0
1413,8,0,64,0,0,0,2,0,24,0
412,8,24,10,32,27,130,0,40,192,0
403,8,0,8,8,3,232,136,0,0,0
526,8,78,32,3,160,0,63,143,255,0
1314,8,223,127,209,90,161,168,204,220,0
852,8,31,255,64,0,0,3,190,0,0
1505,8,137,63,224,11,10,0,4,128,0
651,8,0,0,0,0,0,0,0,0,0
208,8,98,119,12,96,240,0,0,0,0
51,8,0,7,128,0,15,0,7,208,0
628,8,0,242,44,242,80,124,134,185,0
870,8,127,221,200,2,1,71,206,120,0
1408,8,0,0,0,3,210,136,0,0,0
1076,8,1,5,160,160,0,0,0,0,0
1760,8,0,0,0,0,0,0,0,0,0
192,8,32,0,0,0,0,0,0,0,0
167,8,32,16,250,36,193,37,192,160,0
1031,8,64,1,95,240,20,128,189,224,0
60,8,0,0,4,0,55,0,0,0,0
1176,8,135,255,191,252,242,128,0,10,0
996,8,0,208,0,0,133,0,0,0,0
1694,8,4,64,4,127,31,192,22,2,0
1628,8,64,8,178,117,48,0,0,0,0
293,8,144,0,64,159,66,191,33,96,0
519,8,4,4,96,72,42,222,149,24,0
1225,8,1,249,21,130,13,2,246,75,0
470,8,2,15,130,128,48,36,5,128,0
1399,8,0,0,8,0,0,0,1,96,0
961,8,123,85,31,187,186,170,105,46,0
705,8,1,243,143,199,201,30,171,82,0
14,8,32,82,150,2,8,9,117,228,0
560,8,61,0,21,218,228,0,10,0,0
208,8,106,119,12,96,239,0,0,0,0
51,8,0,7,120,0,15,64,7,208,0
263,8,0,0,0,0,0,0,0,0,0
1760,8,0,0,0,0,0,0,0,0,0
737,8,0,0,0,0,0,0,0,4,0
852,8,31,255,64,0,0,3,175,0,0
1505,8,137,63,224,11,10,0,4,128,0
354,8,0,8,0,19,234,17,244,206,0
167,8,32,16,250,100,193,37,192,160,0
293,8,144,0,64,159,66,191,3,96,0
1398,8,127,248,0,0,63,252,31,192,0
14,8,32,82,150,2,8,9,117,220,0
339,8,0,0,0,4,0,12,0,4,0
1634,8,78,224,0,0,64,0,0,0,0
412,8,28,6,32,27,130,0,40,192,0
208,8,114,119,12,96,238,0,0,0,0
51,8,0,7,112,0,15,128,7,208,0
628,8,0,242,46,240,80,124,134,185,0
192,8,32,0,0,0,0,0,0,0,0
403,8,0,8,8,3,232,136,0,0,0
526,8,78,32,3,160,0,63,143,247,0
1314,8,223,127,209,83,168,48,204,156,0
870,8,127,221,200,2,1,71,206,120,0
852,8,31,255,64,0,0,4,24,0,0
1505,8,137,63,224,11,10,0,4,128,0
651,8,0,0,0,0,0,0,0,0,0
1408,8,0,0,0,3,203,8,0,0,0
1076,8,1,38,32,160,0,0,0,0,0
1760,8,0,0,0,0,0,0,0,0,0
167,8,32,16,250,100,193,37,192,160,0
61,8,0,0,3,0,0,0,0,0,0
1176,8,135,255,191,252,241,128,0,11,0
560,8,74,0,21,106,228,0,12,0,0
1694,8,4,64,4,127,31,192,22,2,0
293,8,144,0,64,159,66,190,229,96,0
14,8,32,82,150,2,8,9,117,228,0
661,8,0,0,0,0,0,0,8,64,0
208,8,122,119,12,96,237,0,0,0,0
51,8,0,7,104,0,15,192,7,208,0
1459,8,4,0,0,0,0,0,4,0,0
263,8,0,0,0,0,0,0,0,0,0
186,8,6,184,184,4,16,0,6,28,0
1760,8,0,0,0,0,0,0,0,0,0
737,8,0,0,0,0,0,0,0,4,0
852,8,31,255,64,0,0,4,24,0,0
1505,8,137,63,224,11,10,0,4,128,0
961,8,123,85,31,187,186,42,233,46,0
354,8,0,8,0,19,234,17,244,206,0
167,8,32,16,250,100,193,37,192,160,0
1372,8,16,27,0,0,65,130,48,0,0
293,8,144,0,64,159,66,190,199,96,0
14,8,32,82,150,2,8,9,117,228,0
339,8,0,0,0,4,0,12,0,4,0
1634,8,78,224,0,0,64,0,0,0,0
412,8,0,34,32,27,130,0,40,192,0
208,8,2,119,12,96,252,0,0,0,0
51,8,0,7,224,0,12,0,7,208,0
628,8,0,242,32,254,80,124,134,185,0
192,8,32,0,0,0,0,0,0,0,0
813,8,128,0,4,32,172,1,0,32,0
1277,8,1,138,10,78,161,22,203,132,0
403,8,0,8,8,3,232,136,0,0,0
526,8,78,32,3,160,0,63,143,255,0
1314,8,223,127,209,77,46,56,204,92,0
870,8,127,221,200,2,1,71,206,120,0
852,8,31,255,64,0,0,4,16,128,0
1505,8,137,63,224,11,10,0,8,128,0
651,8,0,0,0,0,0,0,0,0,0
1408,8,0,0,0,3,195,136,0,0,0
1076,8,1,70,128,160,0,0,0,0,0
1760,8,0,0,0,0,0,0,0,0,0
167,8,32,16,250,100,193,37,192,160,0
692,8,20,233,152,0,0,0,88,0,0
458,8,63,241,255,128,0,0,12,56,0
1176,8,135,255,191,252,240,128,0,12,0
560,8,85,0,21,10,228,0,14,0,0
1694,8,4,64,4,127,32,0,22,2,0
293,8,144,0,64,159,66,190,169,96,0
14,8,32,82,150,2,8,9,117,228,0
208,8,10,119,12,96,251,0,0,0,0
51,8,0,7,216,0,12,64,7,208,0
1399,8,0,0,8,0,0,0,1,96,0
263,8,0,0,0,0,0,0,0,0,0
1760,8,0,0,0,0,0,0,0,0,0
737,8,0,0,0,0,0,0,0,4,0
852,8,31,255,64,0,0,4,1,128,0
1505,8,137,63,224,11,10,0,8,128,0
354,8,0,8,0,19,234,17,244,206,0
167,8,32,16,250,36,193,37,192,160,0
675,8,0,0,0,3,254,128,0,1,0
293,8,144,0,64,159,66,190,139,96,0
961,8,123,85,31,186,250,43,169,46,0
14,8,32,82,150,2,8,9,117,228,0
339,8,0,0,0,4,0,12,0,4,0
661,8,0,0,0,0,0,0,8,64,0
1634,8,78,224,0,0,64,0,0,0,0
412,8,4,30,32,27,130,0,40,192,0
208,8,18,119,12,96,250,0,0,0,0
51,8,0,7,208,0,12,128,7,208,0
628,8,0,242,34,252,80,124,134,185,0
192,8,32,0,0,0,0,0,0,0,0
403,8,0,8,8,3,232,136,0,0,0
526,8,78,32,3,160,0,63,111,247,0
1314,8,223,127,209,70,180,64,203,220,0
870,8,127,221,200,2,1,71,206,120,0
852,8,31,255,64,0,0,4,1,128,0
1505,8,137,63,224,11,10,0,4,128,0
651,8,0,0,0,0,0,0,0,0,0
1408,8,0,0,0,3,188,8,0,0,0
1076,8,1,104,96,160,0,0,0,0,0
1760,8,0,0,0,0,0,0,0,0,0
1788,8,0,0,7,94,18,183,88,0,0
167,8,32,16,250,36,193,37,192,160,0
569,8,0,0,0,125,0,0,67,0,0
1176,8,135,255,191,252,239,128,0,13,0
560,8,97,0,20,162,228,0,16,0,0
1694,8,4,64,4,127,31,192,22,2,0
293,8,144,0,64,159,66,190,109,96,0
622,8,1,6,64,130,137,14,10,4,0
695,8,0,32,40,64,0,0,128,64,0
14,8,32,82,150,2,8,9,117,228,0
208,8,26,119,12,96,249,0,0,0,0
51,8,0,7,200,0,12,192,7,208,0
215,8,0,0,2,0,128,0,0,0,0
263,8,0,0,0,0,0,0,0,0,0
186,8,6,200,183,68,16,0,6,28,0
1760,8,0,0,0,0,0,0,0,0,0
737,8,0,0,0,0,0,0,0,4,0
852,8,31,255,64,0,0,3,250,0,0
1505,8,137,63,224,11,10,0,4,128,0
354,8,0,8,0,19,234,17,244,206,0
167,8,32,16,250,36,209,37,192,160,0
1175,8,0,0,0,0,0,0,0,0,0
293,8,144,0,64,159,66,190,79,96,0
14,8,32,82,150,2,8,9,117,220,0
738,8,24,8,13,64,64,0,1,24,0
837,8,5,2,2,194,60,119,64,129,0
1072,8,0,48,68,139,222,128,16,160,0
304,8,0,1,80,0,0,0,0,0,0
339,8,0,0,0,4,0,12,0,4,0
1634,8,78,224,0,0,64,0,0,0,0
412,8,8,26,32,27,130,0,40,192,0
208,8,34,119,12,96,248,0,0,0,0
51,8,0,7,192,0,13,0,7,208,0
628,8,0,242,36,250,80,124,134,185,0
192,8,32,0,0,0,0,0,0,0,0
403,8,0,8,8,3,232,136,0,0,0
526,8,78,32,3,160,0,63,111,247,0
1314,8,223,127,209,67,55,72,202,220,0
870,8,127,221,200,2,1,71,206,120,0
1408,8,0,0,0,3,180,136,0,0,0
852,8,31,255,64,0,0,3,250,0,0
1505,8,137,63,224,11,10,0,4,128,0
961,8,123,85,31,187,248,172,41,46,0
651,8,0,0,0,0,0,0,0,0,0
1076,8,1,134,192,160,0,0,0,0,0
1760,8,0,0,0,0,0,0,0,0,0
167,8,32,16,250,36,193,37,192,160,0
722,8,0,0,40,0,0,0,0,0,0
1176,8,135,255,191,252,238,128,0,14,0
1124,8,0,2,64,0,0,144,20,153,0
560,8,103,0,20,106,228,0,18,0,0
1694,8,4,64,4,127,32,0,22,2,0
293,8,144,0,64,159,66,190,49,96,0
14,8,32,82,150,2,8,9,117,220,0
661,8,0,0,0,0,0,0,8,64,0
208,8,42,119,12,96,247,0,0,0,0
51,8,0,7,184,0,13,64,7,208,0
263,8,0,0,0,0,0,0,0,0,0
244,8,154,12,1,2,4,177,2,64,0
452,8,1,112,2,0,40,65,186,2,0
676,8,78,30,1,28,4,8,152,208,0
1760,8,0,0,0,0,0,0,0,0,0
813,8,128,0,4,32,172,1,0,32,0
737,8,0,0,0,0,0,0,0,4,0
852,8,31,255,64,0,0,3,235,0,0
1505,8,137,63,224,11,10,0,4,128,0
354,8,0,8,0,19,234,17,244,206,0
167,8,32,16,250,36,193,37,192,160,0
1277,8,1,143,10,78,167,23,203,132,0
683,8,164,208,201,215,226,215,202,255,0
293,8,144,0,64,159,66,190,19,96,0
1751,8,65,2,207,2,144,7,34,60,0
1644,8,0,0,0,0,24,0,0,0,0
300,8,121,6,224,0,0,1,253,208,0
14,8,32,82,150,2,8,9,117,228,0
1255,8,0,0,0,20,3,103,0,0,0
339,8,0,0,0,4,0,12,0,4,0
1634,8,78,224,0,0,64,0,0,0,0
1668,8,76,213,128,25,65,84,16,30,0
1590,8,36,156,0,0,240,0,0,0,0
727,8,16,0,88,80,0,0,0,8,0
412,8,12,22,32,27,130,0,40,192,0
1413,8,0,64,0,0,0,2,0,24,0
208,8,50,119,12,96,246,0,0,0,0
403,8,0,8,8,3,232,136,0,0,0
526,8,78,32,3,160,0,63,143,247,0
1314,8,223,127,209,64,57,208,201,156,0
852,8,31,255,64,0,0,3,220,0,0
1505,8,137,63,224,11,10,0,4,128,0
651,8,0,0,0,0,0,0,0,0,0
51,8,0,7,176,0,13,128,7,208,0
628,8,0,242,38,248,80,124,134,185,0
870,8,127,221,200,2,1,71,206,120,0
1408,8,0,0,0,3,173,8,0,0,0
1076,8,1,166,0,160,0,0,0,0,0
192,8,32,0,0,0,0,0,0,0,0
1760,8,0,0,0,0,0,0,0,0,0
167,8,32,16,250,100,193,37,192,160,0
1031,8,64,1,95,240,20,128,189,224,0
60,8,0,0,4,0,40,0,0,0,0
1176,8,135,255,191,252,237,128,0,15,0
996,8,0,208,0,0,133,0,0,0,0
1628,8,64,8,178,117,48,0,0,0,0
519,8,4,4,96,72,42,222,149,24,0
1225,8,1,249,21,130,13,2,246,75,0
1694,8,4,64,4,127,31,192,22,2,0
293,8,144,0,64,159,66,189,245,96,0
470,8,6,11,128,128,48,36,5,128,0
1399,8,0,0,8,0,0,0,1,96,0
560,8,115,0,20,2,220,0,20,0,0
961,8,123,85,31,187,120,108,233,46,0
14,8,32,82,150,2,8,9,117,228,0
208,8,58,119,12,96,245,0,0,0,0
51,8,0,7,168,0,13,192,7,208,0
263,8,0,0,0,0,0,0,0,0,0
186,8,6,200,182,132,16,0,6,28,0
1760,8,0,0,0,0,0,0,0,0,0
737,8,0,0,0,0,0,0,0,4,0
852,8,31,255,64,0,0,3,220,0,0
1505,8,137,63,224,11,10,0,4,128,0
705,8,1,243,143,199,201,30,151,102,0
354,8,0,8,0,19,234,17,244,206,0
167,8,32,16,250,100,193,37,192,160,0
293,8,144,0,64,159,66,189,215,96,0
1227,8,128,0,0,0,0,0,0,0,0
640,8,24,224,2,112,0,0,0,0,0
14,8,32,82,150,2,8,9,117,228,0
339,8,0,0,0,4,0,12,0,4,0
661,8,0,0,0,0,0,0,8,64,0
1634,8,78,224,0,0,64,0,0,0,0
412,8,16,18,32,27,130,0,40,192,0
208,8,66,119,12,96,244,0,0,0,0
51,8,0,7,160,0,14,0,7,208,0
628,8,0,242,40,246,80,124,134,185,0
192,8,32,0,0,0,0,0,0,0,0
403,8,0,8,8,3,232,136,0,0,0
526,8,78,32,3,160,0,63,143,247,0
1314,8,223,127,209,61,60,88,199,92,0
870,8,127,221,200,2,1,71,206,120,0
852,8,31,255,64,0,0,3,212,128,0
1505,8,137,63,224,11,10,0,4,128,0
651,8,0,0,0,0,0,0,0,0,0
1408,8,0,0,0,3,165,136,0,0,0
1076,8,1,198,64,160,0,0,0,0,0
1760,8,0,0,0,0,0,0,0,0,0
167,8,32,16,250,100,193,37,192,160,0
61,8,0,0,3,0,0,0,0,0,0
1176,8,135,255,191,252,252,128,0,0,0
560,8,120,0,19,210,220,0,22,0,0
1694,8,4,64,4,127,32,0,22,2,0
293,8,144,0,64,159,66,189,185,96,0
14,8,32,82,150,2,8,9,117,228,0
208,8,74,119,12,96,243,0,0,0,0
51,8,0,7,152,0,14,64,7,208,0
1459,8,4,0,0,0,0,0,4,0,0
263,8,0,0,0,0,0,0,0,0,0
1760,8,0,0,0,0,0,0,0,0,0
737,8,0,0,0,0,0,0,0,4,0
852,8,31,255,64,0,0,3,197,128,0
1505,8,137,63,224,11,10,0,4,128,0
961,8,123,85,31,187,56,45,105,46,0
354,8,0,8,0,19,234,17,244,206,0
167,8,32,16,250,36,193,37,192,160,0
293,8,144,0,64,159,66,189,155,96,0
14,8,32,82,150,2,8,9,117,234,0
339,8,0,0,0,4,0,12,0,4,0
1634,8,78,224,0,0,64,0,0,0,0
412,8,20,14,32,27,130,0,40,192,0
208,8,82,119,12,96,242,0,0,0,0
51,8,0,7,144,0,14,128,7,208,0
628,8,0,242,42,244,80,124,134,185,0
192,8,32,0,0,0,0,0,0,0,0
813,8,128,0,4,32,172,1,0,32,0
1277,8,1,138,10,78,161,22,203,132,0
403,8,0,8,8,3,232,136,0,0,0
526,8,78,32,3,160,0,63,111,247,0
1314,8,223,127,209,57,63,224,196,156,0
870,8,127,221,200,2,1,71,206,120,0
852,8,31,255,64,0,0,3,197,128,0
1505,8,137,63,224,11,10,0,4,128,0
651,8,0,0,0,0,0,0,0,0,0
1408,8,0,0,0,3,158,8,0,0,0
1076,8,1,229,160,160,0,0,0,0,0
1760,8,0,0,0,0,0,0,0,0,0
167,8,32,16,250,36,193,37,192,160,0
692,8,20,233,152,0,0,0,88,0,0
458,8,63,241,255,128,0,0,12,56,0
1176,8,135,255,191,252,251,128,0,1,0
560,8,127,0,19,146,212,0,24,0,0
1694,8,4,64,4,127,31,192,22,2,0
293,8,144,0,64,159,66,189,125,96,0
14,8,32,82,150,2,8,9,117,228,0
661,8,0,0,0,0,0,0,8,64,0
208,8,90,119,12,96,241,0,0,0,0
51,8,0,7,136,0,14,192,7,208,0
1399,8,0,0,8,0,0,0,1,94,0
263,8,0,0,0,0,0,0,0,0,0
186,8,6,200,182,132,16,0,6,28,0
241,8,62,16,28,192,3,89,204,0,0
1760,8,0,0,0,0,0,0,0,0,0
737,8,0,0,0,0,0,0,0,4,0
852,8,31,255,64,0,0,3,190,0,0
1505,8,137,63,224,11,10,0,4,128,0
354,8,0,8,0,19,234,17,244,206,0
167,8,32,16,250,36,193,37,192,160,0
675,8,0,0,0,3,254,128,0,1,0
293,8,144,0,64,159,66,189,95,96,0
961,8,123,85,31,186,183,238,41,46,0
14,8,32,82,150,2,8,9,117,228,0
1049,8,10,155,70,77,4,95,195,15,0
339,8,0,0,0,4,0,12,0,4,0
1634,8,78,224,0,0,64,0,0,0,0
412,8,24,10,32,27,130,0,40,192,0
208,8,98,119,12,96,240,0,0,0,0
51,8,0,7,128,0,15,0,7,208,0
628,8,0,242,44,242,80,124,134,185,0
192,8,32,0,0,0,0,0,0,0,0
403,8,0,8,8,3,232,136,0,0,0
526,8,78,31,255,160,0,63,143,247,0
1314,8,223,127,209,54,66,104,192,220,0
870,8,127,221,200,2,1,71,206,120,0
852,8,31,255,64,0,0,3,190,0,0
1505,8,137,63,224,11,10,0,4,128,0
651,8,0,0,0,0,0,0,0,0,0
1408,8,0,0,0,3,150,136,0,0,0
1076,8,2,8,32,160,0,0,0,0,0
1760,8,0,0,0,0,0,0,0,0,0
1788,8,0,0,7,94,50,183,88,0,0
167,8,32,16,250,36,193,37,192,160,0
569,8,0,0,0,125,0,0,67,0,0
1176,8,135,255,191,252,250,128,0,2,0
560,8,132,0,19,98,212,0,26,0,0
1694,8,4,64,4,127,31,192,22,2,0
622,8,1,6,64,130,137,14,10,4,0
293,8,144,0,64,159,66,191,33,96,0
14,8,32,82,150,2,8,9,117,228,0
215,8,0,0,2,0,128,0,0,0,0
208,8,106,119,12,96,239,0,0,0,0
51,8,0,7,120,0,15,64,7,208,0
263,8,0,0,0,0,0,0,0,0,0
1760,8,0,0,0,0,0,0,0,0,0
737,8,0,0,0,0,0,0,0,4,0
852,8,31,255,64,0,0,3,175,0,0
1505,8,137,63,224,11,10,0,4,128,0
354,8,0,8,0,19,234,17,244,206,0
167,8,32,16,250,36,193,37,192,160,0
1175,8,0,0,0,0,0,0,0,0,0
293,8,144,0,64,159,66,191,3,96,0
14,8,32,82,150,2,8,9,117,214,0
738,8,24,8,13,64,64,0,1,24,0
837,8,5,2,2,194,60,119,64,129,0
1072,8,0,48,68,139,222,128,16,160,0
304,8,0,1,80,0,0,0,0,0,0
339,8,0,0,0,4,0,12,0,4,0
661,8,0,0,0,0,0,0,8,64,0
1634,8,78,224,0,0,64,0,0,0,0
412,8,28,6,32,27,130,0,40,192,0
208,8,114,119,12,96,238,0,0,0,0
51,8,0,7,112,0,15,128,7,208,0
628,8,0,242,46,240,80,124,134,185,0
192,8,32,0,0,0,0,0,0,0,0
403,8,0,8,8,3,232,136,0,0,0
526,8,78,32,3,160,0,63,111,247,0
1314,8,223,127,209,51,68,240,189,156,0
870,8,127,221,200,2,1,71,206,120,0
852,8,31,255,64,0,0,4,24,0,0
1505,8,137,63,224,11,10,0,4,128,0
961,8,123,85,31,187,246,46,169,46,0
651,8,0,0,0,0,0,0,0,0,0
1408,8,0,0,0,3,143,8,0,0,0
1076,8,2,40,32,160,0,0,0,0,0
1760,8,0,0,0,0,0,0,0,0,0
167,8,32,16,250,36,193,37,192,160,0
722,8,0,0,48,0,0,0,0,0,0
1372,8,16,27,0,0,65,130,48,0,0
1176,8,135,255,191,252,249,128,0,3,0
1124,8,0,2,64,0,0,144,19,154,0
560,8,131,0,19,98,212,0,28,0,0
1694,8,4,64,4,127,31,192,21,226,0
293,8,144,0,64,159,66,190,229,96,0
14,8,32,82,150,2,8,9,117,220,0
208,8,122,119,12,96,237,0,0,0,0
51,8,0,7,104,0,15,192,7,208,0
263,8,0,0,0,0,0,0,0,0,0
244,8,154,12,1,2,4,177,2,64,0
186,8,6,200,181,196,16,0,6,28,0
1760,8,0,0,0,0,0,0,0,0,0
663,8,17,0,0,32,0,2,81,16,0
1307,8,40,26,50,9,178,129,128,193,0
813,8,128,0,4,32,172,1,0,32,0
737,8,0,0,0,0,0,0,0,4,0
852,8,31,255,64,0,0,4,24,0,0
1505,8,137,63,224,11,10,0,4,128,0
354,8,0,8,0,19,234,17,244,206,0
167,8,32,16,250,36,193,37,192,160,0
1277,8,1,133,10,78,155,22,75,132,0
293,8,144,0,64,159,66,190,199,96,0
1644,8,0,0,0,0,24,0,0,0,0
14,8,32,82,150,2,8,9,117,220,0
1255,8,0,0,0,20,3,103,0,0,0
339,8,0,0,0,4,0,12,0,4,0
1634,8,78,224,0,0,64,0,0,0,0
1668,8,76,213,128,25,65,84,16,30,0
1590,8,36,156,0,0,240,0,0,0,0
727,8,16,0,89,32,0,0,0,8,0
1413,8,0,64,0,0,0,2,0,24,0
412,8,0,34,32,27,130,0,40,192,0
208,8,2,119,12,96,252,0,0,0,0
403,8,0,8,8,3,232,136,0,0,0
526,8,78,32,3,160,0,63,111,255,0
1314,8,223,127,209,47,199,248,185,156,0
852,8,31,255,64,0,0,4,16,128,0
1505,8,137,63,224,11,10,0,4,128,0
651,8,0,0,0,0,0,0,0,0,0
51,8,0,7,224,0,12,0,7,208,0
628,8,0,242,32,254,80,124,134,185,0
870,8,127,221,200,2,1,71,206,120,0
1408,8,0,0,0,3,135,136,0,0,0
1076,8,2,64,0,160,0,0,0,0,0
192,8,32,0,0,0,0,0,0,0,0
1760,8,0,0,0,0,0,0,0,0,0
167,8,32,16,250,36,193,37,192,160,0
1031,8,64,1,95,240,20,128,189,224,0
60,8,0,0,4,0,41,0,0,0,0
1176,8,135,255,191,252,248,128,0,4,0
996,8,0,208,0,0,133,0,0,0,0
1628,8,64,8,178,117,48,0,0,0,0
519,8,4,4,96,72,42,222,149,24,0
1225,8,1,248,213,130,13,2,246,75,0
1694,8,4,64,4,127,31,192,21,226,0
293,8,144,0,64,159,66,190,169,96,0
470,8,2,15,130,128,48,36,5,128,0
1399,8,0,0,8,0,0,0,1,94,0
117,8,15,50,0,15,174,30,224,0,0
961,8,123,85,31,187,245,111,105,46,0
14,8,32,82,150,2,8,9,117,220,0
560,8,136,0,19,50,204,0,30,0,0
661,8,0,0,0,0,0,0,8,64,0
208,8,10,119,12,96,251,0,0,0,0
51,8,0,7,216,0,12,64,7,208,0
263,8,0,0,0,0,0,0,0,0,0
1760,8,0,0,0,0,0,0,0,0,0
737,8,0,0,0,0,0,0,0,4,0
852,8,31,255,64,0,0,4,1,128,0
1505,8,137,63,224,11,10,0,4,128,0
354,8,0,8,0,19,234,17,244,206,0
167,8,32,16,250,36,193,37,192,160,0
58,8,0,0,0,0,0,29,8,0,0
293,8,144,0,64,159,66,190,139,96,0
705,8,1,243,79,199,200,30,137,124,0
14,8,32,82,150,2,8,9,117,228,0
248,8,126,223,244,253,73,251,167,184,0
339,8,0,0,0,4,0,12,0,4,0
1634,8,78,224,0,0,64,0,0,0,0
412,8,4,30,32,27,130,0,40,192,0
208,8,18,119,12,96,250,0,0,0,0
51,8,0,7,208,0,12,128,7,208,0
628,8,0,242,34,252,80,124,134,185,0
192,8,32,0,0,0,0,0,0,0,0
403,8,0,8,8,3,232,136,0,0,0
526,8,78,32,3,160,0,63,111,255,0
1314,8,223,127,209,44,82,128,182,28,0
870,8,127,221,200,2,1,71,206,120,0
852,8,31,255,64,0,0,4,1,128,0
1505,8,137,63,224,11,10,0,4,128,0
651,8,0,0,0,0,0,0,0,0,0
1408,8,0,0,0,3,248,8,0,0,0
1076,8,2,96,0,160,0,0,0,0,0
1760,8,0,0,0,0,0,0,0,0,0
167,8,32,16,250,36,209,37,192,160,0
61,8,0,0,3,0,0,0,0,0,0
1176,8,135,255,191,252,247,128,0,5,0
560,8,165,0,18,194,204,0,0,0,0
1694,8,4,64,4,127,32,0,21,226,0
293,8,144,0,64,159,66,190,109,96,0
14,8,32,82,150,2,8,9,117,214,0
208,8,26,119,12,96,249,0,0,0,0
51,8,0,7,200,0,12,192,7,208,0
1459,8,4,0,0,0,0,0,4,0,0
263,8,0,0,0,0,0,0,0,0,0
186,8,6,200,180,196,16,0,6,28,0
1760,8,0,0,0,0,0,0,0,0,0
737,8,0,0,0,0,0,0,0,4,0
852,8,31,255,64,0,0,3,250,0,0
1505,8,137,63,224,11,10,0,4,128,0
961,8,123,85,31,187,117,111,233,46,0
354,8,0,8,0,19,234,17,244,206,0
167,8,32,16,250,36,193,37,192,160,0
293,8,144,0,64,159,66,190,79,96,0
14,8,32,82,150,2,8,9,117,228,0
339,8,0,0,0,4,0,12,0,4,0
661,8,0,0,0,0,0,0,8,64,0
1634,8,78,224,0,0,64,0,0,0,0
412,8,8,26,32,27,130,0,40,192,0
208,8,34,119,12,96,248,0,0,0,0
51,8,0,7,192,0,13,0,7,208,0
628,8,0,242,36,250,80,124,134,185,0
192,8,32,0,0,0,0,0,0,0,0
813,8,128,0,4,32,172,1,0,32,0
1277,8,1,141,10,78,165,23,75,132,0
403,8,0,8,8,3,232,136,0,0,0
526,8,78,32,3,160,0,63,143,247,0
1314,8,223,127,209,41,85,8,178,92,0
870,8,127,221,200,2,1,71,206,120,0
852,8,31,255,64,0,0,3,250,0,0
1505,8,137,63,224,11,10,0,4,128,0
651,8,0,0,0,0,0,0,0,0,0
1408,8,0,0,0,3,240,136,0,0,0
1076,8,2,138,160,160,0,0,0,0,0
1760,8,0,0,0,0,0,0,0,0,0
167,8,32,16,250,36,193,37,192,160,0
692,8,20,233,152,0,0,0,88,0,0
458,8,63,241,255,128,0,0,12,56,0
1176,8,135,255,191,252,246,128,0,6,0
560,8,164,0,18,194,204,0,2,0,0
1694,8,4,64,4,127,31,192,21,226,0
293,8,144,0,64,159,66,190,49,96,0
14,8,32,82,150,2,8,9,117,220,0
208,8,42,119,12,96,247,0,0,0,0
51,8,0,7,184,0,13,64,7,208,0
1399,8,0,0,8,0,0,0,1,94,0
263,8,0,0,0,0,0,0,0,0,0
1760,8,0,0,0,0,0,0,0,0,0
737,8,0,0,0,0,0,0,0,4,0
852,8,31,255,64,0,0,3,235,0,0
1505,8,137,63,224,11,10,0,4,128,0
354,8,0,8,0,19,234,17,244,206,0
167,8,32,16,250,36,193,37,192,160,0
675,8,0,0,0,3,254,128,0,129,0
293,8,144,0,64,159,66,190,19,96,0
961,8,123,85,31,187,52,240,169,46,0
14,8,32,82,150,2,8,9,117,220,0
339,8,0,0,0,4,0,12,0,4,0
1634,8,78,224,0,0,64,0,0,0,0
412,8,12,22,32,27,130,0,40,192,0
208,8,50,119,12,96,246,0,0,0,0
51,8,0,7,176,0,13,128,7,208,0
628,8,0,242,38,248,80,124,134,185,0
192,8,32,0,0,0,0,0,0,0,0
403,8,0,8,8,3,232,136,0,0,0
526,8,78,32,3,160,0,63,111,255,0
1314,8,223,127,209,41,84,144,175,28,0
870,8,127,221,200,2,1,71,206,120,0
852,8,31,255,64,0,0,3,220,0,0
1505,8,137,63,224,11,10,0,4,128,0
651,8,0,0,0,0,0,0,0,0,0
1408,8,0,0,0,3,233,8,0,0,0
1076,8,2,170,160,160,0,0,0,0,0
1760,8,0,0,0,0,0,0,0,0,0
1788,8,0,0,7,93,242,183,88,0,0
167,8,32,16,250,36,193,37,192,160,0
569,8,0,0,0,125,0,0,67,0,0
1176,8,135,255,191,252,245,128,0,7,0
560,8,169,0,18,146,196,0,4,0,0
1694,8,4,64,4,127,31,192,21,226,0
293,8,144,0,64,159,66,189,245,96,0
622,8,1,6,64,130,137,14,10,4,0
14,8,32,82,150,2,8,9,117,228,0
661,8,0,0,0,0,0,0,8,64,0
208,8,58,119,12,96,245,0,0,0,0
51,8,0,7,168,0,13,192,7,208,0
215,8,0,0,2,0,128,0,0,0,0
263,8,0,0,0,0,0,0,0,0,0
186,8,6,200,180,4,16,0,6,28,0
1760,8,0,0,0,0,0,0,0,0,0
737,8,0,0,0,0,0,0,0,4,0
852,8,31,255,64,0,0,3,220,0,0
1505,8,137,63,224,11,10,0,4,128,0
354,8,0,8,0,19,234,17,244,206,0
167,8,32,16,250,36,193,37,192,160,0
1175,8,0,0,0,0,0,0,0,0,0
293,8,144,0,64,159,66,189,215,96,0
14,8,32,82,150,2,8,9,117,220,0
738,8,24,8,13,64,64,0,1,24,0
837,8,5,2,2,194,60,119,64,129,0
1072,8,0,48,68,139,222,128,16,160,0
304,8,0,1,80,0,0,0,0,0,0
339,8,0,0,0,4,0,12,0,4,0
1634,8,78,224,0,0,64,0,0,0,0
412,8,16,18,32,27,130,0,40,192,0
208,8,66,119,12,96,244,0,0,0,0
51,8,0,7,160,0,14,0,7,208,0
628,8,0,242,40,246,80,124,134,185,0
192,8,32,0,0,0,0,0,0,0,0
403,8,0,8,8,3,232,136,0,0,0
526,8,78,32,3,160,0,63,111,255,0
1314,8,223,127,209,41,84,24,172,28,0
870,8,127,221,200,2,1,71,206,120,0
852,8,31,255,64,0,0,3,212,128,0
1505,8,137,63,224,11,10,0,4,128,0
651,8,0,0,0,0,0,0,0,0,0
961,8,123,85,31,187,116,49,41,46,0
1408,8,0,0,0,3,225,136,0,0,0
1076,8,2,202,160,160,0,0,0,0,0
1760,8,0,0,0,0,0,0,0,0,0
167,8,32,16,250,36,209,37,192,160,0
722,8,0,0,56,0,0,0,0,0,0
1176,8,135,255,191,252,244,128,0,8,0
1124,8,0,2,64,0,0,144,18,155,0
631,8,30,1,128,0,0,0,1,8,0
560,8,168,0,18,146,196,0,6,0,0
1694,8,4,64,4,127,31,192,21,226,0
293,8,144,0,64,159,66,189,185,96,0
14,8,32,82,150,2,8,9,117,228,0
208,8,74,119,12,96,243,0,0,0,0
51,8,0,7,152,0,14,64,7,208,0
263,8,0,0,0,0,0,0,0,0,0
244,8,154,12,1,2,4,177,2,64,0
813,8,128,0,4,32,172,1,0,32,0
1277,8,1,137,10,77,161,22,203,132,0
1760,8,0,0,0,0,0,0,0,0,0
737,8,0,0,0,0,0,0,0,4,0
852,8,31,255,64,0,0,3,197,128,0
1505,8,137,63,224,11,10,0,4,128,0
354,8,0,8,0,19,234,17,244,206,0
167,8,32,16,250,100,193,37,192,160,0
930,8,0,0,0,0,12,1,224,0,0
293,8,144,0,64,159,66,189,155,96,0
1644,8,0,0,0,0,24,0,0,0,0
14,8,32,82,150,2,8,9,117,228,0
1255,8,0,0,0,20,3,103,0,0,0
339,8,0,0,0,4,0,12,0,4,0
661,8,0,0,0,0,0,0,8,64,0
1634,8,78,224,0,0,64,0,0,0,0
1668,8,76,213,128,25,65,84,16,30,0
1590,8,36,156,0,0,240,0,0,0,0
1413,8,0,64,0,0,0,2,0,24,0
727,8,16,0,89,224,0,0,0,8,0
412,8,20,14,32,27,130,0,40,192,0
403,8,0,8,8,3,232,136,0,0,0
526,8,78,32,3,160,0,63,111,247,0
1314,8,223,127,209,41,83,160,168,92,0
852,8,31,255,64,0,0,3,197,128,0
1505,8,137,63,224,11,10,0,4,128,0
651,8,0,0,0,0,0,0,0,0,0
208,8,82,119,12,96,242,0,0,0,0
51,8,0,7,144,0,14,128,7,208,0
628,8,0,242,42,244,80,124,134,185,0
870,8,127,221,200,2,1,71,206,120,0
1408,8,0,0,0,3,218,8,0,0,0
1076,8,2,234,160,160,0,0,0,0,0
1760,8,0,0,0,0,0,0,0,0,0
192,8,32,0,0,0,0,0,0,0,0
167,8,32,16,250,100,209,37,192,160,0
1031,8,64,1,95,240,20,128,189,224,0
60,8,0,0,4,0,41,0,0,0,0
1176,8,135,255,191,252,243,128,0,9,0
996,8,0,208,0,0,133,0,0,0,0
1694,8,4,64,4,127,31,192,21,226,0
1628,8,64,8,178,117,48,0,0,0,0
293,8,144,0,64,159,66,189,125,96,0
519,8,4,4,96,72,42,222,149,24,0
1225,8,1,249,21,130,13,2,246,75,0
470,8,2,11,128,128,48,36,5,128,0
1399,8,0,0,8,0,0,0,1,94,0
961,8,123,85,31,188,50,177,233,46,0
560,8,167,0,18,146,196,0,8,0,0
14,8,32,82,150,2,8,9,117,228,0
208,8,90,119,12,96,241,0,0,0,0
51,8,0,7,136,0,14,192,7,208,0
263,8,0,0,0,0,0,0,0,0,0
186,8,6,200,178,68,16,0,6,28,0
1760,8,0,0,0,0,0,0,0,0,0
737,8,0,0,0,0,0,0,0,4,0
852,8,31,255,64,0,0,3,190,0,0
1505,8,137,63,224,11,10,0,4,128,0
354,8,0,8,0,19,234,17,244,206,0
167,8,32,16,250,100,209,37,192,160,0
293,8,144,0,64,159,66,189,95,96,0
1227,8,128,0,0,0,0,0,0,0,0
640,8,24,224,2,112,0,0,0,0,0
14,8,32,82,150,2,8,9,117,228,0
339,8,0,0,0,4,0,12,0,4,0
1634,8,78,224,0,0,64,0,0,0,0
412,8,24,10,32,27,130,0,40,192,0
208,8,98,119,12,96,240,0,0,0,0
51,8,0,7,128,0,15,0,7,208,0
628,8,0,242,44,242,80,124,134,185,0
192,8,32,0,0,0,0,0,0,0,0
403,8,0,8,8,3,232,136,0,0,0
526,8,78,32,3,160,0,63,111,255,0
1314,8,223,127,209,41,83,40,165,92,0
870,8,127,221,200,2,1,71,206,120,0
852,8,31,255,64,0,0,3,190,0,0
1505,8,137,63,224,11,10,0,4,128,0
651,8,0,0,0,0,0,0,0,0,0
1408,8,0,0,0,3,210,136,0,0,0
1076,8,3,10,128,160,0,0,0,0,0
705,8,1,243,79,199,201,158,111,144,0
1760,8,0,0,0,0,0,0,0,0,0
167,8,32,16,250,100,193,37,192,160,0
61,8,0,0,3,0,0,0,0,0,0
1176,8,135,255,191,252,242,128,0,10,0
560,8,166,0,18,146,196,0,10,0,0
1694,8,4,64,4,127,31,192,21,226,0
293,8,144,0,64,159,66,191,33,96,0
14,8,32,82,150,2,8,9,117,220,0
661,8,0,0,0,0,0,0,8,64,0
208,8,106,119,12,96,239,0,0,0,0
51,8,0,7,120,0,15,64,7,208,0
1459,8,4,0,0,0,0,0,4,0,0
263,8,0,0,0,0,0,0,0,0,0
1760,8,0,0,0,0,0,0,0,0,0
737,8,0,0,0,0,0,0,0,4,0
852,8,31,255,64,0,0,3,175,0,0
1505,8,137,63,224,11,10,0,4,128,0
961,8,123,85,31,187,178,178,105,46,0
354,8,0,8,0,19,234,17,244,206,0
167,8,32,16,250,100,209,37,192,160,0
1372,8,16,27,0,0,65,130,48,0,0
293,8,144,0,64,159,66,191,3,96,0
14,8,32,82,150,2,8,9,117,228,0
339,8,0,0,0,4,0,12,0,4,0
1634,8,78,224,0,0,64,0,0,0,0
412,8,28,6,32,27,130,0,40,192,0
208,8,114,119,12,96,238,0,0,0,0
51,8,0,7,112,0,15,128,7,208,0
628,8,0,242,46,240,80,124,134,185,0
192,8,32,0,0,0,0,0,0,0,0
452,8,0,0,2,0,0,128,0,0,0
676,8,46,140,2,28,4,8,152,208,0
813,8,128,0,4,32,172,1,0,32,0
403,8,0,8,8,3,232,136,0,0,0
526,8,78,32,3,160,0,63,143,255,0
1314,8,223,127,209,41,82,176,162,92,0
852,8,31,255,64,0,0,4,24,0,0
1505,8,137,63,224,11,10,0,4,128,0
651,8,0,0,0,0,0,0,0,0,0
870,8,127,221,200,2,1,71,206,120,0
1408,8,0,0,0,3,203,8,0,0,0
1076,8,3,42,0,160,0,0,0,0,0
1760,8,0,0,0,0,0,0,0,0,0
167,8,32,16,250,100,193,37,192,160,0
692,8,20,233,152,0,0,0,88,0,0
458,8,63,241,255,128,0,0,12,56,0
1176,8,135,255,191,252,241,128,0,11,0
1277,8,1,134,10,78,157,22,75,132,0
560,8,165,0,18,146,196,0,12,0,0
1694,8,4,64,4,127,31,192,21,226,0
293,8,144,0,64,159,66,190,229,96,0
14,8,32,82,150,2,8,9,117,220,0
208,8,122,119,12,96,237,0,0,0,0
51,8,0,7,104,0,15,192,7,208,0
1399,8,0,0,8,0,0,0,1,94,0
263,8,0,0,0,0,0,0,0,0,0
186,8,6,200,178,68,16,0,6,28,0
1760,8,0,0,0,0,0,0,0,0,0
737,8,0,0,0,0,0,0,0,4,0
852,8,31,255,64,0,0,4,24,0,0
1505,8,137,63,224,11,10,0,4,128,0
354,8,0,8,0,19,234,17,244,206,0
167,8,32,16,250,100,193,37,192,160,0
675,8,0,0,0,3,254,128,0,1,0
293,8,144,0,64,159,66,190,199,96,0
961,8,123,85,31,187,50,115,41,46,0
14,8,32,82,150,2,8,9,117,228,0
339,8,0,0,0,4,0,12,0,4,0
661,8,0,0,0,0,0,0,8,64,0
1634,8,78,224,0,0,64,0,0,0,0
412,8,0,34,32,27,130,0,40,192,0
208,8,2,119,12,96,252,0,0,0,0
51,8,0,7,224,0,12,0,7,208,0
628,8,0,242,32,254,80,124,134,185,0
192,8,32,0,0,0,0,0,0,0,0
403,8,0,8,8,3,232,136,0,0,0
526,8,78,32,3,160,0,63,143,255,0
1314,8,223,127,209,41,82,56,159,220,0
852,8,31,255,64,0,0,4,16,128,0
1505,8,137,63,224,11,10,0,4,128,0
651,8,0,0,0,0,0,0,0,0,0
870,8,127,221,200,2,1,71,206,120,0
1408,8,0,0,0,3,195,136,0,0,0
1076,8,3,74,160,160,0,0,0,0,0
1760,8,0,0,0,0,0,0,0,0,0
1788,8,0,0,7,94,18,183,88,0,0
167,8,32,16,250,100,193,37,192,160,0
569,8,0,0,0,125,0,0,67,0,0
1176,8,135,255,191,252,240,128,0,12,0
560,8,164,0,18,146,188,0,14,0,0
1694,8,4,64,4,127,31,192,21,226,0
293,8,144,0,64,159,66,190,169,96,0
622,8,1,6,64,130,137,14,10,4,0
14,8,32,82,150,2,8,9,117,228,0
215,8,0,0,2,0,128,0,0,0,0
208,8,10,119,12,96,251,0,0,0,0
51,8,0,7,216,0,12,64,7,208,0
263,8,0,0,0,0,0,0,0,0,0
1621,8,112,3,252,0,48,0,0,0,0
1760,8,0,0,0,0,0,0,0,0,0
737,8,0,0,0,0,0,0,0,4,0
852,8,31,255,64,0,0,4,1,128,0
1505,8,137,63,224,11,10,0,4,128,0
354,8,0,8,0,19,234,17,244,206,0
167,8,32,16,250,100,193,37,192,160,0
1175,8,0,0,0,0,0,0,0,0,0
293,8,144,0,64,159,66,190,139,96,0
14,8,32,82,150,2,8,9,117,234,0
738,8,24,8,13,64,64,0,1,24,0
837,8,5,2,2,194,60,119,64,129,0
1072,8,0,48,68,139,222,128,16,160,0
304,8,0,1,80,0,0,0,0,0,0
339,8,0,0,0,4,0,12,0,4,0
1634,8,78,224,0,0,64,0,0,0,0
412,8,4,30,32,27,130,0,40,192,0
208,8,18,119,12,96,250,0,0,0,0
51,8,0,7,208,0,12,128,7,208,0
628,8,0,242,34,252,80,124,134,185,0
192,8,32,0,0,0,0,0,0,0,0
1331,8,237,127,207,126,255,248,239,127,0
403,8,0,8,8,3,232,136,0,0,0
526,8,78,32,3,160,0,63,143,255,0
1314,8,223,127,209,41,81,192,157,220,0
852,8,31,255,64,0,0,4,1,128,0
1505,8,137,63,224,11,10,0,4,128,0
651,8,0,0,0,0,0,0,0,0,0
870,8,127,221,200,2,1,71,206,120,0
1408,8,0,0,0,3,188,8,0,0,0
961,8,123,85,31,187,241,51,169,46,0
1076,8,3,106,160,160,0,0,0,0,0
1760,8,0,0,0,0,0,0,0,0,0
167,8,32,16,250,36,193,37,192,160,0
722,8,0,0,64,0,0,0,0,0,0
1176,8,135,255,191,252,239,128,0,13,0
1124,8,0,2,64,0,0,144,17,156,0
560,8,163,0,18,146,188,0,16,0,0
1694,8,4,64,4,127,31,192,21,226,0
293,8,144,0,64,159,66,190,109,96,0
14,8,32,82,150,2,8,9,117,228,0
661,8,0,0,0,0,0,0,8,64,0
208,8,26,119,12,96,249,0,0,0,0
51,8,0,7,200,0,12,192,7,208,0
263,8,0,0,0,0,0,0,0,0,0
186,8,6,184,177,68,16,0,6,28,0
244,8,154,12,1,2,4,177,2,64,0
1307,8,40,66,169,202,58,145,137,65,0
813,8,128,0,4,32,172,1,0,32,0
1760,8,0,0,0,0,0,0,0,0,0
1277,8,1,142,10,78,167,23,203,132,0
737,8,0,0,0,0,0,0,0,4,0
852,8,31,255,64,0,0,3,250,0,0
1505,8,137,63,224,11,10,0,4,128,0
354,8,0,8,0,19,234,17,244,206,0
167,8,32,16,250,36,193,37,192,160,0
293,8,144,0,64,159,66,190,79,96,0
1644,8,0,0,0,0,24,0,0,0,0
14,8,32,82,150,2,8,9,117,228,0
1255,8,0,0,0,20,3,103,0,0,0
339,8,0,0,0,4,0,12,0,4,0
1634,8,78,224,0,0,64,0,0,0,0
1668,8,76,213,128,25,65,84,16,30,0
1590,8,36,156,0,0,240,0,0,0,0
727,8,16,0,90,168,0,0,0,8,0
1413,8,0,64,0,0,0,2,0,24,0
412,8,8,26,32,27,130,0,40,192,0
208,8,34,119,12,96,248,0,0,0,0
403,8,0,8,8,3,232,136,0,0,0
526,8,78,32,3,160,0,63,143,247,0
1314,8,223,127,209,37,212,200,156,156,0
51,8,0,7,192,0,13,0,7,208,0
852,8,31,255,64,0,0,3,250,0,0
1505,8,137,63,224,11,10,0,4,128,0
651,8,0,0,0,0,0,0,0,0,0
628,8,0,242,36,250,80,124,134,185,0
870,8,127,221,200,2,1,71,206,120,0
1408,8,0,0,0,3,180,136,0,0,0
192,8,32,0,0,0,0,0,0,0,0
1076,8,3,130,160,160,0,0,0,0,0
167,8,32,16,250,36,193,37,192,160,0
1760,8,0,0,0,0,0,0,0,0,0
1031,8,64,1,95,240,20,128,189,224,0
60,8,0,0,4,0,41,0,0,0,0
1176,8,135,255,191,252,238,128,0,14,0
996,8,0,208,0,0,133,0,0,0,0
1628,8,64,8,178,117,48,0,0,0,0
519,8,4,4,96,72,42,222,149,24,0
1225,8,1,249,21,130,13,2,246,75,0
1694,8,4,64,4,127,32,0,21,226,0
293,8,144,0,64,159,66,190,49,96,0
470,8,2,15,130,128,48,36,5,128,0
1399,8,0,0,8,0,0,0,1,94,0
560,8,169,0,18,90,196,0,18,0,0
961,8,123,85,31,187,240,116,105,46,0
14,8,32,82,150,2,8,9,117,214,0
208,8,42,119,12,96,247,0,0,0,0
51,8,0,7,184,0,13,64,7,208,0
263,8,0,0,0,0,0,0,0,0,0
1760,8,0,0,0,0,0,0,0,0,0
737,8,0,0,0,0,0,0,0,4,0
852,8,31,255,64,0,0,3,235,0,0
1505,8,137,63,224,11,10,0,4,128,0
354,8,0,8,0,19,234,17,244,206,0
167,8,32,16,250,36,193,37,192,160,0
293,8,144,0,64,159,66,190,19,96,0
14,8,32,82,150,2,8,9,117,228,0
339,8,0,0,0,4,0,12,0,4,0
661,8,0,0,0,0,0,0,8,64,0
1634,8,78,224,0,0,64,0,0,0,0
412,8,12,22,32,27,130,0,40,192,0
208,8,50,119,12,96,246,0,0,0,0
51,8,0,7,176,0,13,128,7,208,0
628,8,0,242,38,248,80,124,134,185,0
192,8,32,0,0,0,0,0,0,0,0
403,8,0,8,8,3,232,136,0,0,0
526,8,78,32,3,160,0,63,111,255,0
1314,8,223,127,209,37,212,80,155,156,0
852,8,31,255,64,0,0,3,220,0,0
1505,8,137,63,224,11,10,0,4,128,0
651,8,0,0,0,0,0,0,0,0,0
870,8,127,221,200,2,1,71,206,120,0
1408,8,0,0,0,3,173,8,0,0,0
1076,8,3,170,160,160,0,0,0,0,0
1760,8,0,0,0,0,0,0,0,0,0
167,8,32,16,250,36,193,37,192,160,0
61,8,0,0,3,0,0,0,0,0,0
1176,8,135,255,191,252,237,128,0,15,0
560,8,168,0,18,90,196,0,20,0,0
1694,8,4,64,4,127,31,192,21,226,0
293,8,144,0,64,159,66,189,245,96,0
705,8,1,243,15,199,201,158,93,166,0
14,8,32,82,150,2,8,9,117,228,0
1459,8,4,0,0,0,0,0,4,0,0
208,8,58,119,12,96,245,0,0,0,0
51,8,0,7,168,0,13,192,7,208,0
263,8,0,0,0,0,0,0,0,0,0
186,8,6,184,176,132,16,0,6,28,0
1760,8,0,0,0,0,0,0,0,0,0
737,8,0,0,0,0,0,0,0,4,0
852,8,31,255,64,0,0,3,220,0,0
1505,8,137,63,224,11,10,0,4,128,0
961,8,123,85,31,187,48,180,233,46,0
354,8,0,8,0,19,234,17,244,206,0
167,8,32,16,250,36,193,37,192,160,0
293,8,144,0,64,159,66,189,215,96,0
14,8,32,82,150,2,8,9,117,214,0
339,8,0,0,0,4,0,12,0,4,0
1634,8,78,224,0,0,64,0,0,0,0
412,8,16,18,32,27,130,0,40,192,0
208,8,66,119,12,96,244,0,0,0,0
51,8,0,7,160,0,14,0,7,208,0
628,8,0,242,40,246,80,124,134,185,0
192,8,32,0,0,0,0,0,0,0,0
813,8,128,0,4,32,172,1,0,32,0
1277,8,1,140,10,78,165,23,75,132,0
403,8,0,8,8,3,232,136,0,0,0
526,8,78,32,3,160,0,63,111,255,0
1314,8,223,127,209,37,211,216,154,220,0
870,8,127,221,200,2,1,71,206,120,0
852,8,31,255,64,0,0,3,212,128,0
1505,8,137,63,224,11,10,0,4,128,0
651,8,0,0,0,0,0,0,0,0,0
1408,8,0,0,0,3,165,136,0,0,0
1076,8,3,202,160,160,0,0,0,0,0
1760,8,0,0,0,0,0,0,0,0,0
167,8,32,16,250,36,193,37,192,160,0
692,8,20,233,152,0,0,0,88,0,0
458,8,63,241,255,128,0,0,12,56,0
1176,8,135,255,191,252,252,128,0,0,0
560,8,167,0,18,90,196,0,22,0,0
1694,8,4,64,4,127,31,192,21,226,0
293,8,144,0,64,159,66,189,185,96,0
14,8,32,82,150,2,8,9,117,228,0
661,8,0,0,0,0,0,0,8,64,0
208,8,74,119,12,96,243,0,0,0,0
51,8,0,7,152,0,14,64,7,208,0
263,8,0,0,0,0,0,0,0,0,0
1399,8,0,0,8,0,0,0,1,94,0
1760,8,0,0,0,0,0,0,0,0,0
737,8,0,0,0,0,0,0,0,4,0
852,8,31,255,64,0,0,3,197,128,0
1505,8,137,63,224,11,10,0,4,128,0
354,8,0,8,0,19,234,17,244,206,0
167,8,32,16,250,36,193,37,192,160,0
675,8,0,0,0,3,254,128,127,128,0
293,8,144,0,64,159,66,189,155,96,0
961,8,123,85,31,186,112,181,169,46,0
14,8,32,82,150,2,8,9,117,220,0
339,8,0,0,0,4,0,12,0,4,0
1634,8,78,224,0,0,64,0,0,0,0
412,8,20,14,32,27,130,0,40,192,0
208,8,82,119,12,96,242,0,0,0,0
51,8,0,7,144,0,14,128,7,208,0
628,8,0,242,42,244,80,124,134,185,0
192,8,32,0,0,0,0,0,0,0,0
403,8,0,8,8,3,232,136,0,0,0
526,8,78,31,255,160,0,63,143,255,0
1314,8,223,127,209,37,211,96,154,92,0
870,8,127,221,200,2,1,71,206,120,0
852,8,31,255,64,0,0,3,197,128,0
1505,8,137,63,224,11,10,0,4,128,0
651,8,0,0,0,0,0,0,0,0,0
1408,8,0,0,0,3,158,8,0,0,0
1076,8,3,234,160,160,0,0,0,0,0
1760,8,0,0,0,0,0,0,0,0,0
1788,8,0,0,7,94,82,183,88,0,0
167,8,32,16,250,36,193,37,192,160,0
569,8,0,0,0,125,0,0,67,0,0
1176,8,135,255,191,252,251,128,0,1,0
560,8,166,0,18,90,196,0,24,0,0
1694,8,4,64,4,127,31,192,21,226,0
293,8,144,0,64,159,66,189,125,96,0
622,8,1,6,64,130,137,14,10,4,0
14,8,32,82,150,2,8,9,117,228,0
215,8,0,0,2,0,128,0,0,0,0
208,8,90,119,12,96,241,0,0,0,0
51,8,0,7,136,0,14,192,7,208,0
263,8,0,0,0,0,0,0,0,0,0
186,8,6,184,175,196,16,0,6,28,0
1760,8,0,0,0,0,0,0,0,0,0
737,8,0,0,0,0,0,0,0,4,0
852,8,31,255,64,0,0,3,190,0,0
1505,8,137,63,224,11,10,0,4,128,0
354,8,0,8,0,19,234,17,244,206,0
167,8,32,16,250,36,193,37,192,160,0
1175,8,0,0,0,0,0,0,0,0,0
293,8,144,0,64,159,66,189,95,96,0
14,8,32,82,150,2,8,9,117,220,0
738,8,24,8,13,64,64,0,1,24,0
837,8,5,2,2,194,60,119,64,129,0
1072,8,0,48,68,139,222,128,16,160,0
304,8,0,1,80,0,0,0,0,0,0
339,8,0,0,0,4,0,12,0,4,0
661,8,0,0,0,0,0,0,8,64,0
1634,8,78,224,0,0,64,0,0,0,0
412,8,24,10,32,27,130,0,40,192,0
208,8,98,119,12,96,240,0,0,0,0
51,8,0,7,128,0,15,0,7,208,0
628,8,0,242,44,242,80,124,134,185,0
192,8,32,0,0,0,0,0,0,0,0
403,8,0,8,8,3,232,136,0,0,0
526,8,78,32,3,160,0,63,143,255,0
1314,8,223,127,209,37,210,232,153,220,0
852,8,31,255,64,0,0,3,190,0,0
1505,8,137,63,224,11,10,0,4,128,0
651,8,0,0,0,0,0,0,0,0,0
961,8,123,85,31,187,111,54,41,46,0
870,8,127,221,200,2,1,71,206,120,0
1408,8,0,0,0,3,150,136,0,0,0
1076,8,4,10,160,160,0,0,0,0,0
1760,8,0,0,0,0,0,0,0,0,0
167,8,32,16,250,36,193,37,192,160,0
722,8,0,0,72,0,0,0,0,0,0
1372,8,16,27,0,0,65,130,48,0,0
1176,8,135,255,191,252,250,128,0,2,0
1124,8,0,2,64,0,0,144,16,157,0
560,8,165,0,18,90,196,0,26,0,0
1694,8,4,64,4,127,31,192,21,226,0
293,8,144,0,64,159,66,191,33,96,0
14,8,32,82,150,2,8,9,117,220,0
208,8,106,119,12,96,239,0,0,0,0
51,8,0,7,120,0,15,64,7,208,0
263,8,0,0,0,0,0,0,0,0,0
244,8,154,12,1,2,4,177,2,64,0
813,8,128,0,4,32,172,1,0,32,0
1277,8,1,137,10,78,159,22,203,132,0
1760,8,0,0,0,0,0,0,0,0,0
737,8,0,0,0,0,0,0,0,4,0
852,8,31,255,64,0,0,3,175,0,0
1505,8,137,63,224,11,10,0,4,128,0
354,8,0,8,0,35,234,17,244,206,0
167,8,32,16,250,36,209,37,192,160,0
293,8,144,0,64,159,66,191,3,96,0
1644,8,0,0,0,0,24,0,0,0,0
14,8,32,82,150,2,8,9,117,228,0
1255,8,0,0,0,20,3,103,0,0,0
339,8,0,0,0,4,0,12,0,4,0
1634,8,78,224,0,0,64,0,0,0,0
1668,8,76,213,128,25,65,84,16,30,0
1590,8,36,156,0,0,240,0,0,0,0
1413,8,0,64,0,0,0,2,0,24,0
727,8,16,0,91,120,0,0,0,8,0
412,8,28,6,32,27,130,0,40,192,0
208,8,114,119,12,96,238,0,0,0,0
403,8,0,8,8,3,232,136,0,0,0
526,8,78,32,3,160,0,63,143,255,0
1314,8,223,127,209,37,210,112,153,92,0
852,8,31,255,64,0,0,4,24,0,0
1505,8,137,63,224,11,10,0,4,128,0
651,8,0,0,0,0,0,0,0,0,0
51,8,0,7,112,0,15,128,7,208,0
628,8,0,242,46,240,80,124,134,185,0
870,8,127,221,200,2,1,71,206,120,0
1408,8,0,0,0,3,143,8,0,0,0
1076,8,4,42,160,160,0,0,0,0,0
192,8,32,0,0,0,0,0,0,0,0
1760,8,0,0,0,0,0,0,0,0,0
167,8,32,16,250,100,193,37,192,160,0
1031,8,64,1,95,240,20,128,189,224,0
60,8,0,0,4,0,40,0,0,0,0
1176,8,135,255,191,252,249,128,0,3,0
996,8,0,208,0,0,133,0,0,0,0
1628,8,64,8,178,117,32,0,0,0,0
519,8,4,4,96,72,42,222,149,24,0
1225,8,1,249,21,130,13,2,246,75,0
1694,8,4,64,4,127,31,192,21,226,0
293,8,144,0,64,159,66,190,229,96,0
470,8,2,11,128,128,48,36,5,128,0
1399,8,0,0,8,0,0,0,1,94,0
560,8,164,0,18,90,196,0,28,0,0
961,8,123,85,31,187,46,182,233,46,0
14,8,32,82,150,2,8,9,117,228,0
661,8,0,0,0,0,0,0,8,64,0
208,8,122,119,12,96,237,0,0,0,0
51,8,0,7,104,0,15,192,7,208,0
263,8,0,0,0,0,0,0,0,0,0
186,8,6,184,175,68,16,0,6,28,0
1760,8,0,0,0,0,0,0,0,0,0
737,8,0,0,0,0,0,0,0,4,0
852,8,31,255,64,0,0,4,24,0,0
1505,8,137,63,224,11,10,0,4,128,0
354,8,0,8,0,35,234,17,244,206,0
167,8,32,16,250,100,193,37,192,160,0
293,8,144,0,64,159,66,190,199,96,0
1227,8,128,0,0,0,0,0,0,0,0
640,8,24,224,2,112,0,0,0,0,0
14,8,32,82,150,2,8,9,117,234,0
339,8,0,0,0,4,0,12,0,4,0
1634,8,78,224,0,0,64,0,0,0,0
412,8,0,34,32,27,130,0,40,192,0
208,8,2,119,12,96,252,0,0,0,0
51,8,0,7,224,0,12,0,7,208,0
628,8,0,242,32,254,80,124,134,185,0
192,8,32,0,0,0,0,0,0,0,0
403,8,0,8,8,3,232,136,0,0,0
526,8,78,32,3,160,0,63,143,255,0
1314,8,223,127,209,37,209,248,152,220,0
870,8,127,221,200,2,1,71,206,120,0
852,8,31,255,64,0,0,4,16,128,0
1505,8,137,63,224,11,10,0,4,128,0
651,8,0,0,0,0,0,0,0,0,0
1408,8,0,0,0,3,135,136,0,0,0
1076,8,4,74,160,160,0,0,0,0,0
1760,8,0,0,0,0,0,0,0,0,0
167,8,32,16,250,100,193,37,192,160,0
61,8,0,0,3,0,0,0,0,0,0
1176,8,135,255,191,252,248,128,0,4,0
560,8,163,0,18,90,196,0,30,0,0
1694,8,4,64,4,127,32,0,21,226,0
293,8,144,0,64,159,66,190,169,96,0
14,8,32,82,150,2,8,9,117,220,0
208,8,10,119,12,96,251,0,0,0,0
51,8,0,7,216,0,12,64,7,208,0
1459,8,4,0,0,0,0,0,4,0,0
263,8,0,0,0,0,0,0,0,0,0
1760,8,0,0,0,0,0,0,0,0,0
737,8,0,0,0,0,0,0,0,4,0
852,8,31,255,64,0,0,4,1,128,0
1505,8,137,63,224,11,10,0,4,128,0
961,8,123,85,31,187,46,55,105,46,0
705,8,1,243,111,199,201,30,69,186,0
354,8,0,8,0,35,234,17,244,206,0
167,8,32,16,250,100,193,37,192,160,0
293,8,144,0,64,159,66,190,139,96,0
14,8,32,82,150,2,8,9,117,228,0
339,8,0,0,0,4,0,12,0,4,0
661,8,0,0,0,0,0,0,8,64,0
1634,8,78,224,0,0,64,0,0,0,0
412,8,4,30,32,27,130,0,40,192,0
208,8,18,119,12,96,250,0,0,0,0
51,8,0,7,208,0,12,128,7,208,0
628,8,0,242,34,252,80,124,134,185,0
192,8,32,0,0,0,0,0,0,0,0
813,8,128,0,4,32,172,1,0,32,0
1277,8,1,133,10,78,157,22,75,132,0
403,8,0,8,8,3,232,136,0,0,0
526,8,78,32,3,160,0,63,111,255,0
1314,8,223,127,209,37,217,0,152,156,0
852,8,31,255,64,0,0,4,1,128,0
1505,8,137,63,224,11,10,0,4,128,0
651,8,0,0,0,0,0,0,0,0,0
870,8,127,221,200,2,1,71,206,120,0
1408,8,0,0,0,3,248,8,0,0,0
1076,8,4,104,0,160,0,0,0,0,0
1760,8,0,0,0,0,0,0,0,0,0
167,8,32,16,250,100,193,37,192,160,0
692,8,20,233,152,0,0,0,88,0,0
458,8,63,241,255,128,0,0,12,56,0
1176,8,135,255,191,252,247,128,0,5,0
560,8,178,0,18,90,196,0,0,0,0
1694,8,4,64,4,127,31,192,21,226,0
293,8,144,0,64,159,66,190,109,96,0
14,8,32,82,150,2,8,9,117,228,0
208,8,26,119,12,96,249,0,0,0,0
51,8,0,7,200,0,12,192,7,208,0
1399,8,0,0,8,0,0,0,1,94,0
263,8,0,0,0,0,0,0,0,0,0
186,8,6,184,175,68,16,0,6,28,0
1760,8,0,0,0,0,0,0,0,0,0
737,8,0,0,0,0,0,0,0,4,0
852,8,31,255,64,0,0,3,250,0,0
1505,8,137,63,224,11,10,0,8,128,0
354,8,0,8,0,35,234,17,244,206,0
167,8,32,16,250,100,193,37,192,160,0
675,8,0,0,0,3,254,128,127,128,0
293,8,144,0,64,159,66,190,79,96,0
961,8,123,85,31,187,109,56,41,46,0
14,8,32,82,150,2,8,9,117,220,0
339,8,0,0,0,4,0,12,0,4,0
1634,8,78,224,0,0,64,0,0,0,0
412,8,8,26,32,27,130,0,40,192,0
208,8,34,119,12,96,248,0,0,0,0
51,8,0,7,192,0,13,0,7,208,0
628,8,0,242,36,250,80,124,134,185,0
192,8,32,0,0,0,0,0,0,0,0
403,8,0,8,8,3,232,136,0,0,0
526,8,78,32,3,160,0,63,111,255,0
1314,8,223,127,209,37,216,136,152,28,0
870,8,127,221,200,2,1,71,206,120,0
852,8,31,255,64,0,0,3,250,0,0
1505,8,137,63,224,11,10,0,8,128,0
651,8,0,0,0,0,0,0,0,0,0
1408,8,0,0,0,3,240,136,0,0,0
1076,8,0,136,224,160,0,0,0,0,0
1760,8,0,0,0,0,0,0,0,0,0
1788,8,0,0,7,94,18,183,88,0,0
167,8,32,16,250,100,193,37,192,160,0
569,8,0,0,0,125,0,0,67,0,0
1176,8,135,255,191,252,246,128,0,6,0
560,8,177,0,18,90,204,0,2,0,0
1694,8,4,64,4,127,31,192,21,226,0
293,8,144,0,64,159,66,190,49,96,0
622,8,1,6,64,130,137,14,10,4,0
14,8,32,82,150,2,8,9,117,228,0
661,8,0,0,0,0,0,0,8,64,0
208,8,42,119,12,96,247,0,0,0,0
51,8,0,7,184,0,13,64,7,208,0
263,8,0,0,0,0,0,0,0,0,0
215,8,0,0,2,0,128,0,0,0,0
1760,8,0,0,0,0,0,0,0,0,0
737,8,0,0,0,0,0,0,0,4,0
852,8,31,255,64,0,0,3,235,0,0
1505,8,137,63,224,11,10,0,12,128,0
354,8,0,8,0,51,234,17,244,206,0
167,8,32,16,250,100,193,37,192,160,0
1175,8,0,0,0,0,0,0,0,0,0
293,8,144,0,64,159,66,190,19,96,0
14,8,32,82,150,2,8,9,117,228,0
738,8,24,8,13,64,64,0,1,24,0
837,8,5,2,2,194,60,119,64,129,0
1072,8,0,48,68,139,222,128,16,160,0
304,8,0,1,80,0,0,0,0,0,0
339,8,0,0,0,4,0,12,0,4,0
1634,8,78,224,0,0,64,0,0,0,0
412,8,12,22,32,27,130,0,40,192,0
208,8,50,119,12,96,246,0,0,0,0
51,8,0,7,176,0,13,128,7,208,0
628,8,0,242,38,248,80,124,134,185,0
192,8,32,0,0,0,0,0,0,0,0
403,8,0,8,8,3,232,136,0,0,0
526,8,78,32,3,160,0,63,111,247,0
1314,8,223,127,209,37,216,16,151,220,0
852,8,31,255,64,0,0,3,220,0,0
1505,8,137,63,224,11,10,0,12,128,0
651,8,0,0,0,0,0,0,0,0,0
870,8,127,221,200,2,1,71,206,120,0
1408,8,0,0,0,3,233,8,0,0,0
961,8,123,85,31,187,172,120,169,46,0
1076,8,0,168,224,160,0,0,0,0,0
1760,8,0,0,0,0,0,0,0,0,0
167,8,32,16,250,100,193,37,192,160,0
722,8,0,0,80,0,0,0,0,0,0
1176,8,135,255,191,252,245,128,0,7,0
1124,8,0,2,64,0,0,144,15,158,0
560,8,176,0,18,90,204,0,4,0,0
1694,8,4,64,4,127,31,192,21,226,0
293,8,144,0,64,159,66,189,245,96,0
14,8,32,82,150,2,8,9,117,220,0
208,8,58,119,12,96,245,0,0,0,0
51,8,0,7,168,0,13,192,7,208,0
263,8,0,0,0,0,0,0,0,0,0
186,8,6,184,174,132,16,0,6,28,0
627,8,0,0,0,8,0,0,0,0,0
452,8,0,0,2,0,0,192,0,0,0
244,8,154,12,1,2,4,177,2,64,0
676,8,32,32,3,28,4,8,152,208,0
737,8,0,0,0,0,0,0,0,4,0
852,8,31,255,64,0,0,3,220,0,0
1505,8,137,63,224,11,10,0,12,128,0
1760,8,0,0,0,0,0,0,0,0,0
354,8,0,8,0,51,234,17,244,206,0
167,8,32,16,250,100,193,37,192,160,0
881,8,1,6,0,0,0,0,8,128,0
1661,8,0,24,96,2,8,0,2,32,0
1307,8,40,177,129,177,137,199,248,193,0
813,8,128,0,4,32,172,1,0,32,0
204,8,67,65,3,178,56,175,162,14,0
1277,8,1,140,10,78,163,23,75,132,0
1533,8,189,221,253,255,254,255,237,218,0
293,8,144,0,64,159,66,189,215,96,0
1644,8,0,0,0,0,24,0,0,0,0
14,8,32,82,150,2,8,9,117,214,0
1255,8,0,0,0,20,3,103,0,0,0
339,8,0,0,0,4,0,12,0,4,0
661,8,0,0,0,0,0,0,8,64,0
1634,8,78,224,0,0,64,0,0,0,0
1668,8,76,213,128,25,65,84,16,30,0
1413,8,0,64,0,0,0,2,0,24,0
1590,8,36,156,0,0,240,0,0,0,0
727,8,16,0,92,56,0,0,0,8,0
412,8,16,18,32,27,130,0,40,192,0
403,8,0,8,8,3,232,136,0,0,0
526,8,78,32,3,160,0,63,111,247,0
1314,8,223,127,209,37,215,152,151,156,0
208,8,66,119,12,96,244,0,0,0,0
852,8,31,255,64,0,0,3,212,128,0
1505,8,137,63,224,11,10,0,12,128,0
651,8,0,0,0,0,0,0,0,0,0
51,8,0,7,160,0,14,0,7,208,0
628,8,0,242,40,246,80,124,134,185,0
870,8,127,221,200,2,1,71,206,120,0
1408,8,0,0,0,3,225,136,0,0,0
1076,8,0,199,32,160,0,0,0,0,0
192,8,32,0,0,0,0,0,0,0,0
1760,8,0,0,0,0,0,0,0,0,0
167,8,32,16,250,100,193,37,192,160,0
253,8,0,0,1,0,128,16,0,0,0
1031,8,64,1,95,240,20,128,189,224,0
60,8,0,0,4,0,40,0,0,0,0
1694,8,4,64,4,127,32,0,21,226,0
293,8,144,0,64,159,66,189,185,96,0
1176,8,135,255,191,252,244,128,0,8,0
996,8,0,208,0,0,133,0,0,0,0
1628,8,64,8,178,117,32,0,0,0,0
519,8,4,4,96,72,42,222,149,24,0
1225,8,1,249,21,130,13,2,246,75,0
470,8,2,15,130,128,48,36,5,128,0
961,8,123,85,31,186,236,121,105,46,0
14,8,32,82,150,2,8,9,117,220,0
420,8,0,0,0,2,236,204,0,0,0
1399,8,0,0,8,0,0,0,1,94,0
560,8,175,0,18,90,204,0,6,0,0
208,8,74,119,12,96,243,0,0,0,0
51,8,0,7,152,0,14,64,7,208,0
263,8,0,0,0,0,0,0,0,0,0
1760,8,0,0,0,0,0,0,0,0,0
737,8,0,0,0,0,0,0,0,4,0
852,8,31,255,64,0,0,3,197,128,0
1505,8,137,63,224,11,10,0,12,128,0
354,8,0,8,0,51,234,17,244,206,0
167,8,32,16,250,100,193,37,192,160,0
293,8,144,0,64,159,66,189,155,96,0
14,8,32,82,150,2,8,9,117,220,0
339,8,0,0,0,4,0,12,0,4,0
1634,8,78,224,0,0,64,0,0,0,0
412,8,20,14,32,27,130,0,40,192,0
208,8,82,119,12,96,242,0,0,0,0
51,8,0,7,144,0,14,128,7,208,0
628,8,0,242,42,244,80,124,134,185,0
192,8,32,0,0,0,0,0,0,0,0
403,8,0,8,8,3,232,136,0,0,0
526,8,78,31,255,160,0,63,111,255,0
1314,8,223,127,209,37,215,32,151,92,0
852,8,31,255,64,0,0,3,197,128,0
1505,8,137,63,224,11,10,0,12,128,0
651,8,0,0,0,0,0,0,0,0,0
870,8,127,221,200,2,1,71,206,120,0
1408,8,0,0,0,3,218,8,0,0,0
1076,8,0,231,0,160,0,0,0,0,0
1760,8,0,0,0,0,0,0,0,0,0
167,8,32,16,250,100,193,37,192,160,0
61,8,0,0,3,128,0,0,0,0,0
1176,8,135,255,191,252,243,128,0,9,0
560,8,174,0,18,90,204,0,8,0,0
1694,8,4,64,4,127,31,192,21,226,0
293,8,144,0,64,159,66,189,125,96,0
14,8,32,82,150,2,8,9,117,220,0
661,8,0,0,0,0,0,0,8,64,0
208,8,90,119,12,96,241,0,0,0,0
51,8,0,7,136,0,14,192,7,208,0
1459,8,4,0,0,0,0,0,4,0,0
263,8,0,0,0,0,0,0,0,0,0
186,8,6,184,174,4,16,0,6,32,0
1760,8,0,0,0,0,0,0,0,0,0
737,8,0,0,0,0,0,0,0,4,0
852,8,31,255,64,0,0,3,190,0,0
1505,8,137,63,224,11,10,0,12,128,0
961,8,123,85,31,186,172,57,233,46,0
354,8,0,8,0,67,234,17,244,206,0
167,8,32,16,250,100,193,37,192,160,0
1372,8,16,27,0,0,65,130,48,0,0
293,8,144,0,64,159,66,189,95,96,0
705,8,1,243,175,199,202,158,37,208,0
14,8,32,82,150,2,8,9,117,220,0
339,8,0,0,0,4,0,12,0,4,0
1634,8,78,224,0,0,64,0,0,0,0
412,8,24,10,32,27,130,0,40,192,0
208,8,98,119,12,96,240,0,0,0,0
51,8,0,7,128,0,15,0,7,208,0
628,8,0,242,44,242,80,124,134,185,0
192,8,32,0,0,0,0,0,0,0,0
485,8,1,70,4,5,168,65,163,224,0
813,8,128,0,4,32,172,1,0,32,0
1277,8,1,142,10,78,167,23,203,132,0
403,8,0,8,8,3,232,136,0,0,0
526,8,78,32,3,160,0,63,143,255,0
1314,8,223,127,209,37,214,168,150,220,0
870,8,127,221,200,2,1,71,206,120,0
852,8,31,255,64,0,0,3,190,0,0
1505,8,137,63,224,11,10,0,12,128,0
651,8,0,0,0,0,0,0,0,0,0
1408,8,0,0,0,3,210,136,0,0,0
1076,8,1,5,160,160,0,0,0,0,0
1760,8,0,0,0,0,0,0,0,0,0
167,8,32,16,250,100,193,37,192,160,0
692,8,20,233,152,0,0,0,88,0,0
458,8,63,241,255,128,0,0,12,56,0
1176,8,135,255,191,252,242,128,0,10,0
560,8,173,0,18,90,204,0,10,0,0
1694,8,4,64,4,127,31,192,21,226,0
293,8,144,0,64,159,66,191,33,96,0
14,8,32,82,150,2,8,9,117,214,0
208,8,106,119,12,96,239,0,0,0,0
51,8,0,7,120,0,15,64,7,208,0
1399,8,0,0,8,0,0,0,1,94,0
263,8,0,0,0,0,0,0,0,0,0
241,8,62,16,28,192,3,89,204,0,0
1760,8,0,0,0,0,0,0,0,0,0
737,8,0,0,0,0,0,0,0,4,0
852,8,31,255,64,0,0,3,175,0,0
1505,8,137,63,224,11,10,0,12,128,0
354,8,0,8,0,67,234,17,244,206,0
167,8,32,16,250,100,209,37,192,160,0
675,8,0,0,0,3,254,128,127,128,0
293,8,144,0,64,159,66,191,3,96,0
961,8,123,85,31,187,106,186,169,46,0
14,8,32,82,150,2,8,9,117,228,0
339,8,0,0,0,4,0,12,0,4,0
661,8,0,0,0,0,0,0,8,64,0
1634,8,78,224,0,0,64,0,0,0,0
412,8,28,6,32,27,130,0,40,192,0
208,8,114,119,12,96,238,0,0,0,0
51,8,0,7,112,0,15,128,7,208,0
628,8,0,242,46,240,80,124,134,185,0
192,8,32,0,0,0,0,0,0,0,0
403,8,0,8,8,3,232,136,0,0,0
526,8,78,32,3,160,0,63,175,255,0
1314,8,223,127,209,37,214,48,150,156,0
852,8,31,255,64,0,0,4,24,0,0
1505,8,137,63,224,11,10,0,12,128,0
651,8,0,0,0,0,0,0,0,0,0
870,8,127,221,200,2,1,71,206,120,0
1408,8,0,0,0,3,203,8,0,0,0
1076,8,1,38,32,160,0,0,0,0,0
1760,8,0,0,0,0,0,0,0,0,0
1788,8,0,0,7,94,50,183,88,0,0
167,8,32,16,250,100,209,37,192,160,0
569,8,0,0,0,125,0,0,67,0,0
1176,8,135,255,191,252,241,128,0,11,0
560,8,172,0,18,90,204,0,12,0,0
1694,8,4,64,4,127,31,192,21,226,0
293,8,144,0,64,159,66,190,229,96,0
622,8,1,6,64,130,137,14,10,4,0
14,8,32,82,150,2,8,9,117,214,0
208,8,122,119,12,96,237,0,0,0,0
51,8,0,7,104,0,15,192,7,208,0
215,8,0,0,2,0,128,0,0,0,0
263,8,0,0,0,0,0,0,0,0,0
186,8,6,184,173,68,16,0,6,32,0
65,8,128,34,0,32,1,0,0,0,0
1760,8,0,0,0,0,0,0,0,0,0
737,8,0,0,0,0,0,0,0,4,0
852,8,31,255,64,0,0,4,24,0,0
1505,8,137,63,224,11,10,0,12,128,0
354,8,0,8,0,67,234,17,244,206,0
167,8,32,16,249,228,193,37,192,160,0
1175,8,0,0,0,0,0,0,0,0,0
293,8,144,0,64,159,66,190,199,96,0
14,8,32,82,150,2,8,9,117,220,0
738,8,24,8,13,64,64,0,1,24,0
837,8,5,2,2,194,60,119,64,129,0
1072,8,0,48,68,139,222,128,16,160,0
304,8,0,1,80,0,0,0,0,0,0
339,8,0,0,0,4,0,12,0,4,0
1634,8,78,224,0,0,64,0,0,0,0
412,8,0,34,32,27,130,0,40,192,0
208,8,2,119,12,96,252,0,0,0,0
51,8,0,7,224,0,12,0,7,208,0
628,8,0,242,32,254,80,124,134,185,0
192,8,32,0,0,0,0,0,0,0,0
403,8,0,8,8,3,232,136,0,0,0
526,8,78,32,3,160,0,63,143,255,0
1314,8,223,127,209,37,213,184,150,28,0
852,8,31,255,64,0,0,4,16,128,0
1505,8,137,63,224,11,10,0,12,128,0
651,8,0,0,0,0,0,0,0,0,0
961,8,123,85,31,187,169,251,41,46,0
870,8,127,221,200,2,1,71,206,120,0
1408,8,0,0,0,3,195,136,0,0,0
1076,8,1,70,128,160,0,0,0,0,0
1760,8,0,0,0,0,0,0,0,0,0
167,8,32,16,250,100,193,37,192,160,0
722,8,0,0,8,0,0,0,0,0,0
1176,8,135,255,191,252,240,128,0,12,0
1124,8,0,2,64,0,0,144,14,159,0
560,8,171,0,18,90,204,0,14,0,0
1694,8,4,64,4,127,31,192,21,226,0
293,8,144,0,64,159,66,190,169,96,0
14,8,32,82,150,2,8,9,117,214,0
661,8,0,0,0,0,0,0,8,64,0
208,8,10,119,12,96,251,0,0,0,0
51,8,0,7,216,0,12,64,7,208,0
263,8,0,0,0,0,0,0,0,0,0
663,8,17,0,0,32,0,2,81,16,0
1455,8,32,192,0,0,0,32,120,0,0
813,8,128,0,4,32,172,1,0,32,0
1277,8,1,143,10,78,167,23,203,132,0
244,8,154,12,1,2,4,177,2,64,0
737,8,0,0,0,0,0,0,0,4,0
852,8,31,255,64,0,0,4,1,128,0
1505,8,137,63,224,11,10,0,16,128,0
1760,8,0,0,0,0,0,0,0,0,0
354,8,0,8,0,83,234,17,244,206,0
167,8,32,16,250,100,193,37,192,160,0
293,8,144,0,64,159,66,190,139,96,0
1644,8,0,0,0,0,32,0,0,0,0
14,8,32,82,150,2,8,9,117,220,0
1255,8,0,0,0,20,3,103,0,0,0
339,8,0,0,0,4,0,12,0,4,0
1634,8,78,224,0,0,64,0,0,0,0
1668,8,76,213,128,25,65,84,16,30,0
1590,8,36,156,0,0,240,0,0,0,0
727,8,16,0,93,0,0,0,0,8,0
412,8,4,30,32,27,130,0,40,192,0
208,8,18,119,12,96,250,0,0,0,0
1413,8,0,64,0,0,0,2,0,24,0
403,8,0,8,8,3,232,136,0,0,0
526,8,78,32,3,160,0,63,143,247,0
1314,8,223,127,209,37,213,64,149,156,0
852,8,31,255,64,0,0,4,1,128,0
1505,8,137,63,224,11,10,0,16,128,0
651,8,0,0,0,0,0,0,0,0,0
51,8,0,7,208,0,12,128,7,208,0
628,8,0,242,34,252,80,124,134,185,0
870,8,127,221,200,2,1,71,206,120,0
192,8,32,0,0,0,0,0,0,0,0
1408,8,0,0,0,3,188,8,0,0,0
167,8,32,16,249,228,193,37,192,160,0
1076,8,1,104,96,160,0,0,0,0,0
1031,8,64,1,95,240,20,128,189,224,0
1760,8,0,0,0,0,0,0,0,0,0
60,8,0,0,4,0,39,0,0,0,0
1176,8,135,255,191,252,239,128,0,13,0
996,8,0,208,0,0,133,0,0,0,0
1628,8,64,8,178,117,32,0,0,0,0
519,8,4,4,96,72,42,222,149,24,0
1225,8,1,248,213,130,13,2,246,75,0
1694,8,4,64,4,127,31,192,21,226,0
293,8,144,0,64,159,66,190,109,96,0
470,8,2,11,128,128,48,36,5,128,0
1399,8,0,0,8,0,0,0,1,94,0
117,8,15,50,0,15,174,30,224,0,0
961,8,123,85,31,187,105,123,233,46,0
560,8,170,0,18,90,204,0,16,0,0
14,8,32,82,150,2,8,9,117,228,0
208,8,26,119,12,96,249,0,0,0,0
51,8,0,7,200,0,12,192,7,208,0
263,8,0,0,0,0,0,0,0,0,0
186,8,6,184,172,196,16,0,6,32,0
1760,8,0,0,0,0,0,0,0,0,0
737,8,0,0,0,0,0,0,0,4,0
852,8,31,255,64,0,0,3,250,0,0
1505,8,137,63,224,11,10,0,16,128,0
354,8,0,8,0,83,234,17,244,206,0
167,8,32,16,249,228,193,37,192,160,0
58,8,0,0,0,0,0,29,8,0,0
293,8,144,0,64,159,66,190,79,96,0
1227,8,128,0,0,0,0,0,0,0,0
640,8,24,224,2,112,0,0,0,0,0
14,8,32,82,150,2,8,9,117,228,0
339,8,0,0,0,4,0,12,0,4,0
661,8,0,0,0,0,0,0,8,64,0
1634,8,78,224,0,0,64,0,0,0,0
412,8,8,26,32,27,130,0,40,192,0
208,8,34,119,12,96,248,0,0,0,0
51,8,0,7,192,0,13,0,7,208,0
628,8,0,242,36,250,80,124,134,185,0
192,8,32,0,0,0,0,0,0,0,0
953,8,32,4,114,0,0,0,28,66,0
403,8,0,8,8,3,232,136,0,0,0
526,8,78,32,3,160,0,63,143,247,0
1314,8,223,127,209,37,212,200,149,92,0
852,8,31,255,64,0,0,3,250,0,0
1505,8,137,63,224,11,10,0,16,128,0
651,8,0,0,0,0,0,0,0,0,0
870,8,127,221,200,2,1,71,206,120,0
1408,8,0,0,0,3,180,136,0,0,0
1076,8,1,134,192,160,0,0,0,0,0
1760,8,0,0,0,0,0,0,0,0,0
167,8,32,16,249,228,193,37,192,160,0
61,8,0,0,3,128,0,0,0,0,0
541,8,0,0,0,0,0,1,0,0,0
1176,8,135,255,191,252,238,128,0,14,0
1262,8,160,0,13,8,240,76,64,8,0
560,8,169,0,18,90,204,0,18,0,0
1694,8,4,64,4,127,31,192,21,226,0
293,8,144,0,64,159,66,190,49,96,0
14,8,32,82,150,2,8,9,117,220,0
208,8,42,119,12,96,247,0,0,0,0
51,8,0,7,184,0,13,64,7,208,0
1459,8,4,0,0,0,0,0,4,0,0
263,8,0,0,0,0,0,0,0,0,0
1760,8,0,0,0,0,0,0,0,0,0
737,8,0,0,0,0,0,0,0,4,0
852,8,31,255,0,0,0,3,243,0,0
1505,8,137,63,224,11,10,0,16,128,0
961,8,123,85,31,187,41,60,105,46,0
354,8,0,8,0,99,234,17,244,206,0
167,8,32,16,249,228,209,37,192,160,0
1693,8,128,141,207,176,79,193,252,177,0
293,8,144,0,64,159,66,190,19,96,0
14,8,32,82,150,2,8,9,117,220,0
1049,8,10,155,70,77,4,95,195,47,0
339,8,0,0,0,4,0,12,0,4,0
1634,8,78,224,0,0,64,0,0,0,0
412,8,12,22,32,27,130,0,40,192,0
208,8,50,119,12,96,246,0,0,0,0
51,8,0,7,176,0,13,128,7,208,0
628,8,0,242,38,248,80,124,134,185,0
192,8,32,0,0,0,0,0,0,0,0
813,8,128,0,4,32,172,1,0,32,0
1277,8,1,135,10,78,159,22,203,132,0
403,8,0,8,8,3,232,136,0,0,0
526,8,78,32,3,160,0,63,111,247,0
1314,8,223,127,209,37,212,80,148,220,0
692,8,20,233,152,0,0,0,88,0,0
852,8,31,255,0,0,0,3,228,0,0
1505,8,137,63,224,11,10,0,16,128,0
705,8,1,243,47,199,201,158,29,228,0
651,8,0,0,0,0,0,0,0,0,0
870,8,127,221,200,2,1,71,206,120,0
1408,8,0,0,0,3,173,8,0,0,0
1076,8,1,166,0,160,0,0,0,0,0
1760,8,0,0,0,0,0,0,0,0,0
167,8,32,16,249,228,193,37,192,160,0
458,8,63,241,255,128,0,0,12,56,0
1176,8,135,255,191,252,237,128,0,15,0
1512,8,0,0,2,4,0,57,176,0,0
560,8,168,0,18,90,204,0,20,0,0
1694,8,4,64,4,127,31,192,21,226,0
293,8,144,0,64,159,66,189,245,96,0
14,8,32,82,150,2,8,9,117,220,0
661,8,0,0,0,0,0,0,8,64,0
208,8,58,119,12,96,245,0,0,0,0
51,8,0,7,168,0,13,192,7,208,0
263,8,0,0,0,0,0,0,0,0,0
186,8,6,184,172,196,16,0,6,32,0
1399,8,0,0,8,0,0,0,1,92,0
1760,8,0,0,0,0,0,0,0,0,0
737,8,0,0,0,0,0,0,0,4,0
852,8,31,255,0,0,0,3,228,0,0
1505,8,137,63,224,11,10,0,16,128,0
354,8,0,8,0,115,234,17,244,206,0
167,8,32,16,249,228,193,37,192,160,0
675,8,0,0,0,3,254,128,0,129,0
293,8,144,0,64,159,66,189,215,96,0
961,8,123,85,31,187,167,253,41,46,0
14,8,32,82,150,2,8,9,117,220,0
339,8,0,0,0,4,0,12,0,4,0
1634,8,78,224,0,0,64,0,0,0,0
412,8,16,22,32,27,2,0,40,192,0
208,8,66,119,12,96,244,0,0,0,0
51,8,0,7,160,0,14,0,7,208,0
628,8,0,242,40,246,80,124,134,185,0
192,8,32,0,0,0,0,0,0,0,0
403,8,0,8,8,3,232,136,0,0,0
526,8,78,32,3,160,0,63,111,255,0
1314,8,223,127,209,37,211,216,148,92,0
852,8,31,255,0,0,0,3,220,128,0
1505,8,137,63,224,11,10,0,16,128,0
651,8,0,0,0,0,0,0,0,0,0
870,8,127,221,200,2,1,71,206,120,0
1408,8,0,0,0,3,165,136,0,0,0
1788,8,0,0,7,94,50,183,80,0,0
1076,8,1,198,64,160,0,0,0,0,0
1760,8,0,0,0,0,0,0,0,0,0
167,8,32,16,249,228,193,37,192,160,0
569,8,0,0,0,125,0,0,67,0,0
1176,8,135,255,191,252,252,128,0,0,0
560,8,167,0,18,90,204,0,22,0,0
1694,8,4,64,4,127,31,192,21,226,0
293,8,144,0,64,159,66,189,185,96,0
622,8,1,6,64,130,137,14,10,4,0
14,8,32,82,150,2,8,9,117,228,0
215,8,0,0,2,0,128,0,0,0,0
208,8,74,119,12,96,243,0,0,0,0
51,8,0,7,152,0,14,64,7,208,0
263,8,0,0,0,0,0,0,0,0,0
1760,8,0,0,0,0,0,0,0,0,0
737,8,0,0,0,0,0,0,0,4,0
852,8,31,255,0,0,0,3,205,128,0
1505,8,137,63,224,11,10,0,16,128,0
354,8,0,8,0,115,234,17,244,206,0
167,8,32,16,249,228,193,37,192,160,0
1175,8,0,0,0,0,0,0,0,0,0
293,8,144,0,64,159,66,189,155,96,0
14,8,32,82,150,2,8,9,117,220,0
738,8,24,8,13,64,64,0,1,24,0
837,8,5,2,2,194,60,119,64,129,0
1072,8,0,48,68,139,222,128,16,160,0
304,8,0,1,80,0,0,0,0,0,0
339,8,0,0,0,4,0,12,0,4,0
661,8,0,0,0,0,0,0,8,64,0
1634,8,78,224,0,0,64,0,0,0,0
412,8,20,18,32,27,2,0,40,192,0
208,8,82,119,12,96,242,0,0,0,0
51,8,0,7,144,0,14,128,7,208,0
628,8,0,242,42,244,80,124,134,181,0
192,8,32,0,0,0,0,0,0,0,0
403,8,0,8,8,3,232,136,0,0,0
526,8,78,32,3,160,0,63,143,255,0
1314,8,223,127,209,37,211,96,148,28,0
852,8,31,255,0,0,0,3,205,128,0
1505,8,137,63,224,11,10,0,16,128,0
651,8,0,0,0,0,0,0,0,0,0
961,8,123,85,31,187,231,61,169,46,0
870,8,127,221,200,2,1,71,206,120,0
1408,8,0,0,0,3,158,8,0,0,0
1076,8,1,229,160,160,0,0,0,0,0
1760,8,0,0,0,0,0,0,0,0,0
167,8,32,16,249,228,193,37,192,160,0
722,8,0,0,16,0,0,0,0,0,0
1372,8,16,27,0,0,65,130,48,0,0
1176,8,135,255,191,252,251,128,0,1,0
1124,8,0,2,64,0,0,144,29,144,0
560,8,166,0,18,90,204,0,24,0,0
1694,8,4,64,4,127,31,192,21,226,0
293,8,144,0,64,159,66,189,125,96,0
14,8,32,82,150,2,8,9,117,220,0
208,8,90,119,12,96,241,0,0,0,0
51,8,0,7,136,0,14,192,7,208,0
263,8,0,0,0,0,0,0,0,0,0
186,8,6,184,172,4,16,0,6,32,0
1307,8,41,9,24,63,1,6,8,1,0
813,8,128,0,4,32,172,1,0,32,0
1277,8,1,139,10,78,163,23,75,132,0
244,8,154,12,1,2,4,177,2,64,0
737,8,0,0,0,0,0,0,0,4,0
852,8,31,255,0,0,0,3,198,0,0
1505,8,137,63,224,11,10,0,16,128,0
1760,8,0,0,0,0,0,0,0,0,0
354,8,0,8,0,131,234,17,244,206,0
167,8,32,16,250,100,193,37,192,160,0
293,8,144,0,64,159,66,189,95,96,0
1644,8,0,0,0,0,24,0,0,0,0
1560,8,251,125,190,255,241,119,191,221,0
14,8,32,82,150,2,8,9,117,228,0
1255,8,0,0,0,20,3,102,0,0,0
339,8,0,0,0,4,0,12,0,4,0
1634,8,78,224,0,0,64,0,0,0,0
1668,8,76,213,128,25,65,84,16,30,0
1413,8,0,64,0,0,0,2,0,24,0
1590,8,36,156,0,0,240,0,0,0,0
727,8,16,0,93,208,0,0,0,8,0
412,8,24,14,32,27,2,0,40,192,0
403,8,0,8,8,3,232,136,0,0,0
526,8,78,32,3,160,0,63,143,255,0
1314,8,223,127,209,37,210,232,147,220,0
208,8,98,119,12,96,240,0,0,0,0
852,8,31,255,0,0,0,3,198,0,0
1505,8,137,63,224,11,10,0,16,128,0
651,8,0,0,0,0,0,0,0,0,0
51,8,0,7,128,0,15,0,7,208,0
628,8,0,242,44,242,80,124,134,181,0
870,8,127,221,200,2,1,71,206,120,0
192,8,32,0,0,0,0,0,0,0,0
1408,8,0,0,0,3,150,136,0,0,0
167,8,32,16,249,228,193,37,192,160,0
1076,8,2,8,32,160,0,0,0,0,0
1031,8,64,1,95,240,20,128,189,224,0
1760,8,0,0,0,0,0,0,0,0,0
60,8,0,0,4,0,40,0,0,0,0
1176,8,135,255,191,252,250,128,0,2,0
996,8,0,208,0,0,133,0,0,0,0
1628,8,64,8,178,117,32,0,0,0,0
519,8,4,4,96,72,42,222,149,24,0
1225,8,1,249,21,130,13,3,246,75,0
1694,8,4,64,4,127,31,192,21,226,0
293,8,144,0,64,159,66,191,33,96,0
470,8,2,143,194,128,52,116,5,144,0
1399,8,0,0,8,0,0,0,1,92,0
560,8,165,0,18,90,204,0,26,0,0
961,8,123,85,31,187,230,126,105,46,0
14,8,32,82,150,2,8,9,117,220,0
661,8,0,0,0,0,0,0,8,64,0
208,8,106,119,12,96,239,0,0,0,0
51,8,0,7,120,0,15,64,7,208,0
263,8,0,0,0,0,0,0,0,0,0
1760,8,0,0,0,0,0,0,0,0,0
737,8,0,0,0,0,0,0,0,4,0
852,8,31,254,192,0,0,3,191,0,0
1505,8,137,63,224,11,10,0,16,128,0
354,8,0,8,0,131,234,17,244,206,0
167,8,32,16,250,100,193,37,192,160,0
293,8,144,0,64,159,66,191,3,96,0
14,8,32,82,150,2,8,9,117,228,0
426,8,144,190,189,68,161,99,230,64,0
339,8,0,0,0,4,0,12,0,4,0
1634,8,78,224,0,0,64,0,0,0,0
412,8,28,10,32,27,2,0,40,192,0
208,8,114,119,12,96,238,0,0,0,0
51,8,0,7,112,0,15,128,7,208,0
628,8,0,242,46,240,80,124,134,181,0
192,8,32,0,0,0,0,0,0,0,0
403,8,0,8,8,3,232,136,0,0,0
526,8,78,32,3,160,0,63,111,255,0
1314,8,223,127,209,37,210,112,147,156,0
852,8,31,254,192,0,0,4,40,0,0
1505,8,137,63,224,11,10,0,20,128,0
651,8,0,0,0,0,0,0,0,0,0
870,8,127,221,200,2,1,71,206,120,0
1408,8,0,0,0,3,143,8,0,0,0
1076,8,2,40,32,160,0,0,0,0,0
167,8,32,16,250,100,193,37,192,160,0
1760,8,0,0,0,0,0,0,0,0,0
61,8,0,0,3,128,0,0,0,0,0
1176,8,135,255,191,252,249,128,0,3,0
560,8,164,0,18,90,204,0,28,0,0
1694,8,4,64,4,127,31,192,21,226,0
293,8,144,0,64,159,66,190,229,96,0
14,8,32,82,150,2,8,9,117,228,0
1459,8,4,0,0,0,0,0,4,0,0
208,8,122,119,12,96,237,0,0,0,0
51,8,0,7,104,0,15,192,7,208,0
263,8,0,0,0,0,0,0,0,0,0
186,8,6,184,171,132,16,0,6,32,0
1760,8,0,0,0,0,0,0,0,0,0
737,8,0,0,0,0,0,0,0,4,0
852,8,31,254,192,0,0,4,40,0,0
1505,8,137,63,224,11,10,0,20,128,0
961,8,123,85,31,187,166,62,233,46,0
354,8,0,8,0,147,234,17,244,206,0
167,8,32,16,250,100,193,37,192,160,0
293,8,144,0,64,159,66,190,199,96,0
14,8,32,82,150,2,8,9,117,220,0
339,8,0,0,0,4,0,12,0,4,0
661,8,0,0,0,0,0,0,8,64,0
1634,8,78,224,0,0,64,0,0,0,0
412,8,0,42,32,26,130,0,40,192,0
208,8,2,119,12,96,252,0,0,0,0
51,8,0,7,224,0,12,0,7,208,0
628,8,0,242,32,254,80,124,134,181,0
192,8,32,0,0,0,0,0,0,0,0
778,8,64,45,80,1,211,48,50,0,0
403,8,0,8,8,3,232,136,0,0,0
526,8,78,32,3,160,0,63,143,255,0
1314,8,223,127,209,37,209,248,147,92,0
452,8,0,0,2,0,1,0,0,0,0
692,8,20,233,152,0,0,0,88,0,0
852,8,31,254,192,0,0,4,32,128,0
1505,8,137,63,224,11,10,0,28,128,0
651,8,0,0,0,0,0,0,0,0,0
870,8,127,221,200,2,1,71,206,120,0
1408,8,0,0,0,3,135,136,0,0,0
1076,8,2,64,0,160,0,0,0,0,0
1760,8,0,0,0,0,0,0,0,0,0
167,8,32,16,251,100,193,37,192,160,0
458,8,63,241,255,128,0,0,12,56,0
676,8,54,220,0,28,4,8,152,208,0
1176,8,135,255,191,252,248,128,0,4,0
813,8,128,0,4,32,172,1,0,32,0
1277,8,1,136,10,78,159,22,203,132,0
560,8,163,0,18,90,204,0,30,0,0
1694,8,4,64,4,127,31,192,21,226,0
293,8,144,0,64,159,66,190,169,96,0
705,8,1,243,207,199,200,158,1,250,0
14,8,32,82,150,2,8,9,117,228,0
208,8,10,119,12,96,251,0,0,0,0
51,8,0,7,216,0,12,64,7,208,0
1399,8,0,0,8,0,0,0,1,92,0
263,8,0,0,0,0,0,0,0,0,0
1760,8,0,0,0,0,0,0,0,0,0
737,8,0,0,0,0,0,0,0,4,0
852,8,31,254,192,0,0,4,17,128,0
1505,8,137,63,224,11,10,0,36,128,0
354,8,0,8,0,147,234,17,244,206,0
167,8,32,16,252,100,193,37,192,160,0
675,8,0,0,0,3,254,128,1,1,0
293,8,144,0,64,159,66,190,139,96,0
961,8,123,85,31,186,230,63,169,46,0
14,8,32,82,150,2,8,9,117,228,0
339,8,0,0,0,4,0,12,0,4,0
1634,8,78,224,0,0,64,0,0,0,0
412,8,4,38,32,26,130,0,40,192,0
208,8,18,119,12,96,250,0,0,0,0
51,8,0,7,208,0,12,128,7,208,0
628,8,0,242,34,252,80,124,134,177,0
192,8,32,0,0,0,0,0,0,0,0
403,8,0,8,8,3,232,136,0,0,0
526,8,78,32,3,160,0,63,143,255,0
1314,8,223,127,209,37,217,0,147,92,0
852,8,31,254,192,0,0,4,17,128,0
1505,8,137,63,224,11,10,0,48,128,0
651,8,0,0,0,0,0,0,0,0,0
870,8,127,221,200,2,1,71,206,120,0
1408,8,0,0,0,3,248,8,0,0,0
1076,8,2,96,0,160,0,0,0,0,0
1788,8,0,0,7,94,18,183,72,0,0
1760,8,0,0,0,0,0,0,0,0,0
167,8,32,16,252,100,193,37,192,160,0
569,8,0,0,0,125,0,0,67,0,0
1176,8,135,255,191,252,247,128,0,5,0
560,8,178,0,18,90,212,0,0,0,0
1694,8,4,64,4,127,31,192,21,226,0
293,8,144,0,64,159,66,190,109,96,0
14,8,32,82,150,2,8,9,117,228,0
661,8,0,0,0,0,0,0,8,64,0
208,8,26,119,12,96,249,0,0,0,0
51,8,0,7,200,0,12,192,7,208,0
263,8,0,0,0,0,0,0,0,0,0
186,8,6,200,171,4,16,0,6,32,0
215,8,0,0,2,0,128,0,0,0,0
1760,8,0,0,0,0,0,0,0,0,0
622,8,1,6,64,130,137,14,10,4,0
737,8,0,0,0,0,0,0,0,4,0
852,8,31,255,0,0,0,4,2,0,0
1505,8,137,63,224,11,10,0,52,128,0
354,8,0,8,0,163,234,17,244,206,0
167,8,32,16,250,228,193,37,192,160,0
1175,8,0,0,0,0,0,0,0,0,0
37,8,0,0,2,136,64,62,34,1,0
293,8,144,0,64,159,66,190,79,96,0
14,8,32,82,150,2,8,9,117,228,0
738,8,24,8,13,64,64,0,1,24,0
837,8,5,2,2,194,60,119,64,129,0
1072,8,0,48,68,139,222,128,16,160,0
304,8,0,1,80,0,0,0,0,0,0
339,8,0,0,0,4,0,12,0,4,0
1634,8,78,224,0,0,64,0,0,0,0
412,8,8,34,32,26,130,0,40,192,0
208,8,34,119,12,96,248,0,0,0,0
51,8,0,7,192,0,13,0,7,208,0
628,8,0,242,36,250,80,124,134,177,0
192,8,32,0,0,0,0,0,0,0,0
403,8,0,8,8,3,232,136,0,0,0
526,8,78,32,3,160,0,63,143,247,0
1314,8,223,127,209,37,216,136,147,92,0
852,8,31,255,0,0,0,4,2,0,0
1505,8,137,63,224,11,10,0,56,128,0
961,8,123,85,31,187,37,64,41,46,0
651,8,0,0,0,0,0,0,0,0,0
870,8,127,221,200,2,1,71,206,120,0
1408,8,0,0,0,3,240,136,0,0,0
1076,8,2,138,160,160,0,0,0,0,0
1760,8,0,0,0,0,0,0,0,0,0
167,8,32,16,250,100,193,37,192,160,0
722,8,0,0,24,0,0,0,0,0,0
1176,8,135,255,191,252,246,128,0,6,0
1124,8,0,2,64,0,0,144,28,145,0
560,8,177,0,18,90,212,0,2,0,0
1694,8,4,64,4,127,32,0,21,226,0
293,8,144,0,64,159,66,190,49,96,0
14,8,32,82,150,2,8,9,117,220,0
1331,8,237,127,207,126,255,249,239,127,0
208,8,42,119,12,96,247,0,0,0,0
51,8,0,7,184,0,13,64,7,208,0
263,8,0,0,0,0,0,0,0,0,0
813,8,128,0,4,32,172,1,0,32,0
1277,8,1,146,10,78,171,24,75,132,0
1760,8,0,0,0,0,0,0,0,0,0
244,8,154,12,1,2,4,177,2,64,0
737,8,0,0,0,0,0,0,0,4,0
852,8,31,255,0,0,0,3,243,0,0
1505,8,137,63,224,11,10,0,56,128,0
354,8,0,8,0,179,234,17,244,206,0
167,8,32,16,250,228,193,37,192,160,0
293,8,144,0,64,159,66,190,19,96,0
1644,8,0,0,0,0,24,0,0,0,0
14,8,32,82,150,2,8,9,117,220,0
1255,8,0,0,0,20,3,102,0,0,0
339,8,0,0,0,4,0,12,0,4,0
661,8,0,0,0,0,0,0,8,64,0
1634,8,78,224,0,0,64,0,0,0,0
1413,8,0,64,0,0,0,2,0,24,0
1668,8,76,213,128,25,65,84,16,30,0
1590,8,36,156,0,0,240,0,0,0,0
727,8,16,0,94,144,0,0,0,8,0
412,8,12,26,32,27,2,0,40,192,0
403,8,0,8,8,3,232,136,0,0,0
526,8,78,32,3,160,0,63,143,255,0
1314,8,223,127,209,37,216,16,147,28,0
852,8,31,255,64,0,0,3,220,0,0
1505,8,137,63,224,11,10,0,56,128,0
651,8,0,0,0,0,0,0,0,0,0
208,8,50,119,12,96,246,0,0,0,0
51,8,0,7,176,0,13,128,7,208,0
628,8,0,242,38,248,80,124,134,177,0
870,8,127,221,200,2,1,71,206,120,0
192,8,32,0,0,0,0,0,0,0,0
1408,8,0,0,0,3,233,8,0,0,0
167,8,32,16,250,228,193,37,192,160,0
1076,8,2,170,160,160,0,0,0,0,0
1031,8,64,1,95,240,20,128,189,224,0
1760,8,0,0,0,0,0,0,0,0,0
60,8,0,0,4,0,41,0,0,0,0
1176,8,135,255,191,252,245,128,0,7,0
996,8,0,208,0,0,133,0,0,0,0
1694,8,4,64,4,127,31,192,21,226,0
1628,8,64,8,178,117,32,0,0,0,0
293,8,144,0,64,159,66,189,245,96,0
519,8,4,4,224,88,42,222,149,24,0
1225,8,1,249,21,130,13,2,246,75,0
470,8,2,11,128,128,48,36,5,128,0
1399,8,0,0,8,0,0,0,1,92,0
961,8,123,85,31,187,164,0,233,46,0
560,8,176,0,18,90,212,0,4,0,0
14,8,32,82,150,2,8,9,117,220,0
208,8,58,119,12,96,245,0,0,0,0
51,8,0,7,168,0,13,192,7,208,0
263,8,0,0,0,0,0,0,0,0,0
186,8,6,184,169,132,16,0,6,32,0
1760,8,0,0,0,0,0,0,0,0,0
737,8,0,0,0,0,0,0,0,4,0
852,8,31,255,64,0,0,3,220,0,0
1505,8,137,63,224,11,10,0,56,128,0
354,8,0,8,0,179,234,17,244,206,0
167,8,32,16,251,36,193,37,192,160,0
293,8,144,0,64,159,66,189,215,96,0
1227,8,128,0,0,0,0,0,0,0,0
640,8,24,224,2,112,0,0,0,0,0
14,8,32,82,150,2,8,9,117,228,0
6,8,8,0,0,100,0,0,0,0,0
339,8,0,0,0,4,0,12,0,4,0
1634,8,78,224,0,0,64,0,0,0,0
412,8,16,18,32,27,130,0,40,192,0
208,8,66,119,12,96,244,0,0,0,0
51,8,0,7,160,0,14,0,7,208,0
628,8,0,242,40,246,80,124,134,181,0
192,8,32,0,0,0,0,0,0,0,0
403,8,0,8,8,3,232,136,0,0,0
526,8,78,32,3,160,0,63,143,255,0
1314,8,223,127,209,37,215,152,147,28,0
852,8,31,255,64,0,0,3,212,128,0
1505,8,137,63,224,11,10,0,56,128,0
651,8,0,0,0,0,0,0,0,0,0
870,8,127,221,200,2,1,71,206,120,0
1408,8,0,0,0,3,225,136,0,0,0
167,8,32,16,250,164,193,37,192,160,0
1076,8,2,202,160,160,0,0,0,0,0
1760,8,0,0,0,0,0,0,0,0,0
61,8,0,0,3,128,0,0,0,0,0
1176,8,135,255,191,252,244,128,0,8,0
560,8,175,0,18,90,212,0,6,0,0
1694,8,4,64,4,127,31,192,21,226,0
293,8,144,0,64,159,66,189,185,96,0
14,8,32,82,150,2,8,9,117,220,0
1459,8,4,0,0,0,0,0,4,0,0
661,8,0,0,0,0,0,0,8,64,0
208,8,74,119,12,96,243,0,0,0,0
51,8,0,7,152,0,14,64,7,208,0
263,8,0,0,0,0,0,0,0,0,0
1760,8,0,0,0,0,0,0,0,0,0
737,8,0,0,0,0,0,0,0,4,0
852,8,31,255,64,0,0,3,197,128,0
961,8,123,85,31,187,99,193,105,46,0
1505,8,137,63,224,11,10,0,52,128,0
354,8,0,8,0,195,234,17,244,206,0
167,8,32,16,250,36,193,37,192,160,0
1372,8,16,27,0,0,65,130,48,0,0
293,8,144,0,64,159,66,189,155,96,0
14,8,32,82,150,2,8,9,117,240,0
339,8,0,0,0,4,0,12,0,4,0
1634,8,78,224,0,0,64,0,0,0,0
412,8,20,14,32,27,130,0,40,192,0
208,8,82,119,12,96,242,0,0,0,0
51,8,0,7,144,0,14,128,7,208,0
628,8,0,242,42,244,80,124,134,185,0
192,8,32,0,0,0,0,0,0,0,0
778,8,64,45,80,1,211,50,50,0,0
813,8,128,0,4,32,172,1,0,32,0
1277,8,1,142,10,78,167,23,203,132,0
403,8,0,8,8,3,232,136,0,0,0
526,8,78,32,3,160,0,63,111,255,0
1314,8,223,127,209,37,215,32,147,28,0
852,8,31,255,64,0,0,3,197,128,0
1505,8,137,63,224,11,10,0,52,128,0
651,8,0,0,0,0,0,0,0,0,0
870,8,127,221,200,2,1,71,206,120,0
1408,8,0,0,0,3,218,8,0,0,0
167,8,32,16,249,164,193,37,192,160,0
1076,8,2,234,160,160,0,0,0,0,0
1760,8,0,0,0,0,0,0,0,0,0
692,8,20,233,152,0,0,0,88,0,0
458,8,63,241,255,128,0,0,12,56,0
1176,8,135,255,191,252,243,128,0,9,0
560,8,174,0,18,90,212,0,8,0,0
1694,8,4,64,4,127,31,192,21,226,0
293,8,144,0,64,159,66,189,125,96,0
14,8,32,82,150,2,8,9,117,228,0
208,8,90,119,12,96,241,0,0,0,0
51,8,0,7,136,0,14,192,7,208,0
1399,8,0,0,8,0,0,0,1,92,0
263,8,0,0,0,0,0,0,0,0,0
186,8,6,184,169,132,16,0,6,32,0
1760,8,0,0,0,0,0,0,0,0,0
737,8,0,0,0,0,0,0,0,4,0
852,8,31,255,64,0,0,3,190,0,0
705,8,1,243,79,199,203,31,234,14,0
1505,8,137,63,224,11,10,0,52,128,0
354,8,0,8,0,211,234,17,244,206,0
167,8,32,16,248,164,193,37,192,160,0
675,8,0,0,0,3,254,128,2,1,0
293,8,144,0,64,159,66,189,95,96,0
961,8,123,85,31,187,99,2,41,46,0
14,8,32,82,150,2,8,9,117,220,0
339,8,0,0,0,4,0,12,0,4,0
661,8,0,0,0,0,0,0,8,64,0
1634,8,78,224,0,0,64,0,0,0,0
412,8,24,10,32,27,130,0,40,192,0
208,8,98,119,12,96,240,0,0,0,0
51,8,0,7,128,0,15,0,7,208,0
628,8,0,242,44,242,80,124,134,185,0
192,8,32,0,0,0,0,0,0,0,0
403,8,0,8,8,3,232,136,0,0,0
526,8,78,32,3,160,0,63,111,255,0
1314,8,223,127,209,37,214,168,147,28,0
852,8,31,255,64,0,0,3,190,0,0
1505,8,137,63,224,11,10,0,52,128,0
651,8,0,0,0,0,0,0,0,0,0
870,8,127,221,200,2,1,71,206,120,0
1408,8,0,0,0,3,210,136,0,0,0
1076,8,3,10,128,160,0,0,0,0,0
1760,8,0,0,0,0,0,0,0,0,0
1788,8,0,0,7,94,82,183,80,0,0
167,8,32,16,248,164,193,37,192,160,0
569,8,0,0,0,125,0,0,67,0,0
1176,8,135,255,191,252,242,128,0,10,0
560,8,173,0,18,90,212,0,10,0,0
1694,8,4,64,4,127,31,192,21,226,0
293,8,144,0,64,159,66,191,33,96,0
14,8,32,82,150,2,8,9,117,220,0
208,8,106,119,12,96,239,0,0,0,0
51,8,0,7,120,0,15,64,7,208,0
215,8,0,0,2,0,128,0,0,0,0
263,8,0,0,0,0,0,0,0,0,0
622,8,1,6,64,130,137,14,10,4,0
1760,8,0,0,0,0,0,0,0,0,0
737,8,0,0,0,0,0,0,0,4,0
852,8,31,255,64,0,0,3,175,0,0
1505,8,137,63,224,11,10,0,52,128,0
354,8,0,8,0,227,234,17,244,206,0
167,8,32,16,248,164,193,37,192,160,0
692,8,20,233,153,0,0,0,88,0,0
1175,8,0,0,0,0,0,0,0,0,0
293,8,144,0,64,159,66,191,3,96,0
14,8,32,82,150,2,8,9,117,228,0
738,8,24,8,13,64,64,0,1,24,0
837,8,5,2,2,194,60,119,64,129,0
1072,8,0,48,68,139,222,128,16,160,0
304,8,0,1,80,0,0,0,0,0,0
339,8,0,0,0,4,0,12,0,4,0
1634,8,78,224,0,0,64,0,0,0,0
412,8,28,6,32,27,130,0,40,192,0
208,8,114,119,12,96,238,0,0,0,0
51,8,0,7,112,0,15,128,7,208,0
628,8,0,242,46,240,80,124,134,185,0
192,8,32,0,0,0,0,0,0,0,0
403,8,0,8,8,3,232,136,0,0,0
526,8,78,32,3,160,0,63,143,255,0
1314,8,223,127,209,37,214,48,147,28,0
852,8,31,255,64,0,0,4,24,0,0
1505,8,137,63,224,11,10,0,52,128,0
651,8,0,0,0,0,0,0,0,0,0
961,8,123,85,31,187,162,66,169,46,0
870,8,127,221,200,2,1,71,206,120,0
1408,8,0,0,0,3,203,8,0,0,0
1076,8,3,42,0,160,0,0,0,0,0
1760,8,0,0,0,0,0,0,0,0,0
167,8,32,16,248,164,193,37,192,160,0
722,8,0,0,32,0,0,0,0,0,0
1176,8,135,255,191,252,241,128,0,11,0
1124,8,0,2,64,0,0,144,27,146,0
560,8,172,0,18,90,212,0,12,0,0
1694,8,4,64,4,127,31,192,21,226,0
293,8,144,0,64,159,66,190,229,96,0
14,8,32,82,150,2,8,9,117,234,0
661,8,0,0,0,0,0,0,8,64,0
208,8,122,119,12,96,237,0,0,0,0
51,8,0,7,104,0,15,192,7,208,0
263,8,0,0,0,0,0,0,0,0,0
186,8,6,184,168,132,16,0,6,32,0
1307,8,40,12,65,1,40,0,1,33,0
813,8,128,0,4,32,172,1,0,32,0
1277,8,1,145,10,78,169,24,75,132,0
1760,8,0,0,0,0,0,0,0,0,0
737,8,0,0,0,0,0,0,0,4,0
244,8,154,12,1,2,4,177,2,64,0
852,8,31,255,64,0,0,4,24,0,0
1505,8,137,63,224,11,10,0,52,128,0
354,8,0,8,0,227,234,17,244,206,0
167,8,32,16,249,164,193,37,192,160,0
293,8,144,0,64,159,66,190,199,96,0
1644,8,0,0,0,0,24,0,0,0,0
14,8,32,82,150,2,8,9,117,228,0
1255,8,0,0,0,20,3,102,0,0,0
339,8,0,0,0,4,0,12,0,4,0
1634,8,78,224,0,0,64,0,0,0,0
1668,8,76,213,128,25,65,84,16,30,0
1413,8,0,64,0,0,0,2,0,24,0
1590,8,36,156,0,0,240,0,0,0,0
727,8,16,0,95,88,0,0,0,8,0
412,8,0,34,32,27,130,0,40,192,0
403,8,0,8,8,3,232,136,0,0,0
526,8,78,32,3,160,0,63,143,247,0
1314,8,223,127,209,37,213,184,147,28,0
208,8,2,119,12,96,252,0,0,0,0
51,8,0,7,224,0,12,0,7,208,0
852,8,31,255,64,0,0,4,16,128,0
1505,8,137,63,224,11,10,0,52,128,0
651,8,0,0,0,0,0,0,0,0,0
628,8,0,242,32,254,80,124,134,185,0
192,8,32,0,0,0,0,0,0,0,0
167,8,32,16,250,164,193,37,192,160,0
1031,8,64,1,95,240,20,128,189,224,0
60,8,0,0,4,0,40,0,0,0,0
996,8,0,208,0,0,133,0,0,0,0
870,8,127,221,200,2,1,71,206,120,0
1628,8,64,8,178,117,32,0,0,0,0
1408,8,0,0,0,3,195,136,0,0,0
519,8,4,4,96,72,42,222,149,24,0
1076,8,3,74,160,160,0,0,0,0,0
1760,8,0,0,0,0,0,0,0,0,0
1694,8,4,64,4,127,31,192,21,226,0
293,8,144,0,64,159,66,190,169,96,0
1176,8,135,255,191,252,240,128,0,12,0
1225,8,1,249,21,130,13,2,246,75,0
470,8,2,15,130,128,48,36,5,128,0
1399,8,0,0,8,0,0,0,1,92,0
560,8,171,0,18,90,212,0,14,0,0
961,8,123,85,31,187,34,3,105,46,0
14,8,32,82,150,2,8,9,117,220,0
208,8,10,119,12,96,251,0,0,0,0
51,8,0,7,216,0,12,64,7,208,0
263,8,0,0,0,0,0,0,0,0,0
1760,8,0,0,0,0,0,0,0,0,0
737,8,0,0,0,0,0,0,0,4,0
852,8,31,255,64,0,0,4,1,128,0
1505,8,137,63,224,11,10,0,52,128,0
354,8,0,8,1,3,234,17,244,206,0
167,8,32,16,251,100,193,37,192,160,0
293,8,144,0,64,159,66,190,139,96,0
14,8,32,82,150,2,8,9,117,228,0
1398,8,127,248,0,0,63,252,31,192,0
339,8,0,0,0,4,0,12,0,4,0
661,8,0,0,0,0,0,0,8,64,0
1634,8,78,224,0,0,64,0,0,0,0
412,8,4,30,32,27,130,0,40,192,0
208,8,18,119,12,96,250,0,0,0,0
51,8,0,7,208,0,12,128,7,208,0
628,8,0,242,34,252,80,124,134,185,0
192,8,32,0,0,0,0,0,0,0,0
403,8,0,8,8,3,232,136,0,0,0
526,8,78,32,3,160,0,63,143,255,0
1314,8,223,127,209,37,213,64,147,92,0
852,8,31,255,64,0,0,4,1,128,0
1505,8,137,63,224,11,10,0,56,128,0
651,8,0,0,0,0,0,0,0,0,0
870,8,127,221,200,2,1,71,206,120,0
1408,8,0,0,0,3,188,8,0,0,0
1076,8,3,106,160,160,0,0,0,0,0
1760,8,0,0,0,0,0,0,0,0,0
167,8,32,16,251,228,193,37,192,160,0
61,8,0,0,3,128,0,0,0,0,0
1176,8,135,255,191,252,239,128,0,13,0
560,8,170,0,18,90,220,0,16,0,0
1694,8,4,64,4,127,31,192,21,226,0
293,8,144,0,64,159,66,190,109,96,0
14,8,32,82,150,2,8,9,117,234,0
1459,8,4,0,0,0,0,0,4,0,0
208,8,26,119,12,96,249,0,0,0,0
51,8,0,7,200,0,12,192,7,208,0
263,8,0,0,0,0,0,0,0,0,0
186,8,6,184,168,4,16,0,6,32,0
1760,8,0,0,0,0,0,0,0,0,0
737,8,0,0,0,0,0,0,0,4,0
852,8,31,255,64,0,0,3,250,0,0
961,8,123,85,31,187,224,195,233,46,0
1505,8,137,63,224,11,10,0,56,128,0
354,8,0,8,1,3,234,17,244,206,0
167,8,32,16,251,228,209,37,192,160,0
293,8,144,0,64,159,66,190,79,96,0
14,8,32,82,150,2,8,9,117,220,0
339,8,0,0,0,4,0,12,0,4,0
1634,8,78,224,0,0,64,0,0,0,0
412,8,8,26,32,27,130,0,40,192,0
208,8,34,119,12,96,248,0,0,0,0
51,8,0,7,192,0,13,0,7,208,0
628,8,0,242,36,250,80,124,134,185,0
192,8,32,0,0,0,0,0,0,0,0
813,8,128,0,4,32,172,1,0,32,0
1277,8,1,140,10,77,165,23,75,132,0
403,8,0,8,8,3,232,136,0,0,0
526,8,78,32,3,160,0,63,143,247,0
1314,8,223,127,209,37,212,200,147,28,0
692,8,20,233,153,0,0,0,88,0,0
852,8,31,255,64,0,0,3,250,0,0
1505,8,137,63,224,11,10,0,56,128,0
651,8,0,0,0,0,0,0,0,0,0
870,8,127,221,200,2,1,71,206,120,0
1408,8,0,0,0,3,180,136,0,0,0
167,8,32,16,250,100,193,37,192,160,0
1076,8,3,130,160,160,0,0,0,0,0
1760,8,0,0,0,0,0,0,0,0,0
458,8,63,241,255,128,0,0,12,56,0
1176,8,135,255,191,252,238,128,0,14,0
560,8,169,0,18,90,220,0,18,0,0
1694,8,4,64,4,127,31,192,21,226,0
293,8,144,0,64,159,66,190,49,96,0
14,8,32,82,150,2,8,9,117,228,0
661,8,0,0,0,0,0,0,8,64,0
208,8,42,119,12,96,247,0,0,0,0
51,8,0,7,184,0,13,64,7,208,0
263,8,0,0,0,0,0,0,0,0,0
1399,8,0,0,8,0,0,0,1,92,0
1760,8,0,0,0,0,0,0,0,0,0
737,8,0,0,0,0,0,0,0,4,0
852,8,31,255,64,0,0,3,235,0,0
1505,8,137,63,224,11,10,0,60,128,0
354,8,0,8,1,19,234,17,244,206,0
167,8,32,16,249,228,193,37,192,160,0
675,8,0,0,0,3,254,128,2,129,0
293,8,144,0,64,159,66,190,19,96,0
961,8,123,85,31,187,32,196,169,46,0
705,8,1,243,111,199,201,159,216,36,0
14,8,32,82,150,2,8,9,117,234,0
695,8,0,32,40,64,0,0,128,64,0
339,8,0,0,0,4,0,12,0,4,0
1634,8,78,224,0,0,64,0,0,0,0
412,8,12,22,32,27,130,0,40,192,0
208,8,50,119,12,96,246,0,0,0,0
51,8,0,7,176,0,13,128,7,208,0
628,8,0,242,38,248,80,124,134,185,0
192,8,32,0,0,0,0,0,0,0,0
403,8,0,8,8,3,232,136,0,0,0
526,8,78,32,3,160,0,63,143,255,0
1314,8,223,127,209,37,212,80,147,28,0
852,8,31,255,64,0,0,3,220,0,0
1505,8,137,63,224,11,10,0,64,128,0
651,8,0,0,0,0,0,0,0,0,0
870,8,127,221,200,2,1,71,206,120,0
1408,8,0,0,0,3,173,8,0,0,0
1076,8,3,170,160,160,0,0,0,0,0
1760,8,0,0,0,0,0,0,0,0,0
1788,8,0,0,7,94,114,183,80,0,0
167,8,32,16,249,100,193,37,192,160,0
569,8,0,0,0,125,0,0,67,32,0
1176,8,135,255,191,252,237,128,0,15,0
560,8,168,0,18,90,220,0,20,0,0
1694,8,4,64,4,127,31,192,21,226,0
293,8,144,0,64,159,66,189,245,96,0
14,8,32,82,150,2,8,9,117,228,0
215,8,0,0,2,0,128,0,0,0,0
208,8,58,119,12,96,245,0,0,0,0
51,8,0,7,168,0,13,192,7,208,0
263,8,0,0,0,0,0,0,0,0,0
186,8,6,184,167,132,16,0,6,32,0
622,8,1,6,64,130,137,14,10,4,0
1760,8,0,0,0,0,0,0,0,0,0
737,8,0,0,0,0,0,0,0,4,0
852,8,31,255,64,0,0,3,220,0,0
1505,8,137,63,224,11,10,0,68,128,0
354,8,0,8,1,35,234,17,244,206,0
167,8,32,16,249,100,193,37,192,160,0
1175,8,0,0,0,0,0,0,0,0,0
293,8,144,0,64,159,66,189,215,96,0
14,8,32,82,150,2,8,9,117,228,0
738,8,24,8,13,64,64,0,1,24,0
837,8,5,2,2,194,60,119,64,129,0
1072,8,0,48,68,139,222,128,16,160,0
304,8,0,1,80,0,0,0,0,0,0
339,8,0,0,0,4,0,12,0,4,0
661,8,0,0,0,0,0,0,8,64,0
1634,8,78,224,0,0,64,0,0,0,0
412,8,16,18,32,27,130,0,40,192,0
208,8,66,119,12,96,244,0,0,0,0
51,8,0,7,160,0,14,0,7,208,0
628,8,0,242,40,246,80,124,134,185,0
192,8,32,0,0,0,0,0,0,0,0
403,8,0,8,8,3,232,136,0,0,0
526,8,78,32,3,160,0,63,143,255,0
1314,8,223,127,209,37,211,216,147,92,0
870,8,127,221,200,2,1,71,206,120,0
852,8,31,255,64,0,0,3,212,128,0
1505,8,137,63,224,11,10,0,68,128,0
961,8,123,85,31,186,224,133,41,46,0
651,8,0,0,0,0,0,0,0,0,0
1408,8,0,0,0,3,165,136,0,0,0
1076,8,3,202,160,160,0,0,0,0,0
1760,8,0,0,0,0,0,0,0,0,0
167,8,32,16,249,100,193,37,192,160,0
722,8,0,0,40,0,0,0,0,0,0
1372,8,16,27,0,0,65,130,48,0,0
1176,8,135,255,191,252,252,128,0,0,0
1124,8,0,2,64,0,0,144,26,147,0
560,8,167,0,18,90,220,0,22,0,0
1694,8,4,64,4,127,31,192,21,226,0
293,8,144,0,64,159,66,189,185,96,0
14,8,32,82,150,2,8,9,117,234,0
208,8,74,119,12,96,243,0,0,0,0
51,8,0,7,152,0,14,64,7,208,0
263,8,0,0,0,0,0,0,0,0,0
452,8,0,0,2,0,1,64,0,0,0
676,8,78,30,1,28,4,8,152,208,0
813,8,128,0,4,32,172,1,0,32,0
1277,8,1,138,10,78,161,23,75,132,0
1760,8,0,0,0,0,0,0,0,0,0
737,8,0,0,0,0,0,0,0,4,0
244,8,154,12,1,2,4,177,2,64,0
852,8,31,255,64,0,0,3,197,128,0
1505,8,137,63,224,11,10,0,72,128,0
354,8,0,8,1,51,234,17,244,206,0
167,8,32,16,249,228,193,37,192,160,0
293,8,144,0,64,159,66,189,155,96,0
1644,8,0,0,0,0,24,0,0,0,0
14,8,32,82,150,2,8,9,117,220,0
1255,8,0,0,0,20,3,102,0,0,0
339,8,0,0,0,4,0,12,0,4,0
1634,8,78,224,0,0,64,0,0,0,0
1668,8,76,213,128,25,65,84,16,30,0
1413,8,0,64,0,0,0,2,0,24,0
1590,8,36,156,0,0,240,0,0,0,0
727,8,16,0,96,40,0,0,0,8,0
412,8,20,14,32,27,130,0,40,192,0
403,8,0,8,8,3,232,136,0,0,0
526,8,78,32,3,160,0,63,143,255,0
1314,8,223,127,209,37,211,96,147,28,0
208,8,82,119,12,96,242,0,0,0,0
852,8,31,255,64,0,0,3,197,128,0
1505,8,137,63,224,11,10,0,72,128,0
651,8,0,0,0,0,0,0,0,0,0
51,8,0,7,144,0,14,128,7,208,0
628,8,0,242,42,244,80,124,134,185,0
870,8,127,221,200,2,1,71,206,120,0
192,8,32,0,0,0,0,0,0,0,0
1408,8,0,0,0,3,158,8,0,0,0
167,8,32,16,250,228,193,37,192,160,0
1076,8,3,234,160,160,0,0,0,0,0
1031,8,64,1,95,240,20,128,189,224,0
1760,8,0,0,0,0,0,0,0,0,0
60,8,0,0,4,0,40,0,0,0,0
1176,8,135,255,191,252,251,128,0,1,0
996,8,0,208,0,0,133,0,0,0,0
1628,8,64,8,178,117,32,0,0,0,0
519,8,4,4,96,72,42,222,149,24,0
1225,8,1,249,21,130,13,2,246,75,0
1694,8,4,64,4,127,31,192,21,226,0
293,8,144,0,64,159,66,189,125,96,0
470,8,6,11,128,128,48,36,5,128,0
1399,8,0,0,8,0,0,0,1,92,0
560,8,166,0,18,90,220,0,24,0,0
961,8,123,85,31,186,223,197,233,46,0
14,8,32,82,150,2,8,9,117,234,0
661,8,0,0,0,0,0,0,8,64,0
208,8,90,119,12,96,241,0,0,0,0
51,8,0,7,136,0,14,192,7,208,0
263,8,0,0,0,0,0,0,0,0,0
186,8,6,184,167,4,16,0,6,32,0
1760,8,0,0,0,0,0,0,0,0,0
737,8,0,0,0,0,0,0,0,4,0
852,8,31,255,64,0,0,3,190,0,0
1505,8,137,63,224,11,10,0,72,128,0
354,8,0,8,1,67,234,17,244,206,0
167,8,32,16,250,228,193,37,192,160,0
293,8,144,0,64,159,66,189,95,96,0
1227,8,128,0,0,0,0,0,0,0,0
640,8,24,224,2,112,0,0,0,0,0
14,8,32,82,150,2,8,9,117,234,0
339,8,0,0,0,4,0,12,0,4,0
1634,8,78,224,0,0,64,0,0,0,0
412,8,24,10,32,27,130,0,40,192,0
208,8,98,119,12,96,240,0,0,0,0
51,8,0,7,128,0,15,0,7,208,0
628,8,0,242,44,242,80,124,134,185,0
192,8,32,0,0,0,0,0,0,0,0
403,8,0,8,8,3,232,136,0,0,0
526,8,78,32,3,160,0,63,111,255,0
1314,8,223,127,209,37,210,232,147,92,0
852,8,31,255,64,0,0,3,190,0,0
1505,8,137,63,224,11,10,0,72,128,0
651,8,0,0,0,0,0,0,0,0,0
870,8,127,221,200,2,1,71,206,120,0
1408,8,0,0,0,3,150,136,0,0,0
167,8,32,16,250,228,193,37,192,160,0
1076,8,4,10,160,160,0,0,0,0,0
1760,8,0,0,0,0,0,0,0,0,0
61,8,0,0,3,128,0,0,0,0,0
1176,8,135,255,191,252,250,128,0,2,0
560,8,165,0,18,90,220,0,26,0,0
1694,8,4,64,4,127,31,192,21,226,0
293,8,144,0,64,159,66,191,33,96,0
14,8,32,82,150,2,8,9,117,240,0
1459,8,4,0,0,0,0,0,4,0,0
208,8,106,119,12,96,239,0,0,0,0
51,8,0,7,120,0,15,64,7,208,0
263,8,0,0,0,0,0,0,0,0,0
1760,8,0,0,0,0,0,0,0,0,0
737,8,0,0,0,0,0,0,0,4,0
852,8,31,255,64,0,0,3,175,0,0
961,8,123,85,31,186,223,70,105,46,0
1505,8,137,63,224,11,10,0,76,128,0
354,8,0,8,1,83,234,17,244,206,0
167,8,32,16,250,228,209,37,192,160,0
293,8,144,0,64,159,66,191,3,96,0
14,8,32,82,150,2,8,9,117,228,0
339,8,0,0,0,4,0,12,0,4,0
661,8,0,0,0,0,0,0,8,64,0
1634,8,78,224,0,0,64,0,0,0,0
412,8,28,6,32,27,130,0,40,192,0
208,8,114,119,12,96,238,0,0,0,0
51,8,0,7,112,0,15,128,7,208,0
628,8,0,242,46,240,80,124,134,185,0
192,8,32,0,0,0,0,0,0,0,0
813,8,128,0,4,32,172,1,0,32,0
403,8,0,8,8,3,232,136,0,0,0
526,8,78,32,3,160,0,63,111,255,0
1314,8,223,127,209,37,210,112,147,92,0
870,8,127,221,200,2,1,71,206,120,0
852,8,31,255,64,0,0,4,24,0,0
1505,8,137,63,224,11,10,0,76,128,0
651,8,0,0,0,0,0,0,0,0,0
1408,8,0,0,0,3,143,8,0,0,0
1076,8,4,42,160,160,0,0,0,0,0
1760,8,0,0,0,0,0,0,0,0,0
167,8,32,16,250,228,193,37,192,160,0
692,8,20,233,153,0,0,0,88,0,0
458,8,63,241,255,128,0,0,12,56,0
1176,8,135,255,191,252,249,128,0,3,0
1277,8,1,136,10,77,159,22,203,132,0
560,8,164,0,18,90,220,0,28,0,0
1694,8,4,64,4,127,31,192,21,226,0
293,8,144,0,64,159,66,190,229,96,0
14,8,32,82,150,2,8,9,117,228,0
1049,8,10,155,70,77,4,95,195,47,0
208,8,122,119,12,96,237,0,0,0,0
51,8,0,7,104,0,15,192,7,208,0
1399,8,0,0,8,0,0,0,1,92,0
263,8,0,0,0,0,0,0,0,0,0
186,8,6,184,167,4,16,0,6,32,0
241,8,62,16,28,192,3,89,204,0,0
1760,8,0,0,0,0,0,0,0,0,0
737,8,0,0,0,0,0,0,0,4,0
852,8,31,255,64,0,0,4,24,0,0
1505,8,137,63,224,11,10,0,80,128,0
354,8,0,8,1,83,234,17,244,206,0
167,8,32,16,250,100,193,37,192,160,0
675,8,0,0,0,3,254,128,2,1,0
293,8,144,0,64,159,66,190,199,96,0
961,8,123,85,31,186,222,135,41,46,0
14,8,32,82,150,2,8,9,117,220,0
339,8,0,0,0,4,0,12,0,4,0
1634,8,78,224,0,0,64,0,0,0,0
412,8,0,34,32,27,130,0,40,192,0
208,8,2,119,12,96,252,0,0,0,0
51,8,0,7,224,0,12,0,7,208,0
628,8,0,242,32,254,80,124,134,185,0
192,8,32,0,0,0,0,0,0,0,0
403,8,0,8,8,3,232,136,0,0,0
526,8,78,32,3,160,0,63,111,255,0
1314,8,223,127,209,34,212,248,147,92,0
852,8,31,255,64,0,0,4,16,128,0
1505,8,137,63,224,11,10,0,80,128,0
705,8,1,243,79,199,201,31,200,56,0
651,8,0,0,0,0,0,0,0,0,0
870,8,127,221,200,2,1,71,206,120,0
1408,8,0,0,0,3,135,136,0,0,0
1076,8,4,74,160,160,0,0,0,0,0
1760,8,0,0,0,0,0,0,0,0,0
1788,8,0,0,7,94,82,183,80,0,0
167,8,32,16,249,228,209,37,192,160,0
569,8,0,0,0,125,0,0,67,32,0
1176,8,135,255,191,252,248,128,0,4,0
560,8,163,0,18,90,220,0,30,0,0
1694,8,4,64,4,127,31,192,21,226,0
293,8,144,0,64,159,66,190,169,96,0
14,8,32,82,150,2,8,9,117,220,0
661,8,0,0,0,0,0,0,8,64,0
208,8,10,119,12,96,251,0,0,0,0
51,8,0,7,216,0,12,64,7,208,0
263,8,0,0,0,0,0,0,0,0,0
215,8,0,0,2,0,128,0,0,0,0
622,8,1,6,64,130,137,14,10,4,0
1760,8,0,0,0,0,0,0,0,0,0
737,8,0,0,0,0,0,0,0,4,0
852,8,31,255,64,0,0,4,1,128,0
1505,8,137,63,224,11,10,0,84,128,0
354,8,0,8,1,99,234,17,244,206,0
167,8,32,16,250,100,193,37,192,160,0
1175,8,0,0,0,0,0,0,0,0,0
293,8,144,0,64,159,66,190,139,96,0
14,8,32,82,150,2,8,9,117,228,0
738,8,24,8,13,64,64,0,1,24,0
837,8,5,2,2,194,60,119,64,129,0
1072,8,0,48,68,139,220,128,16,160,0
304,8,0,1,80,0,0,0,0,0,0
339,8,0,0,0,4,0,12,0,4,0
1634,8,78,224,0,0,64,0,0,0,0
412,8,4,30,32,27,130,0,40,192,0
208,8,18,119,12,96,250,0,0,0,0
51,8,0,7,208,0,12,128,7,208,0
628,8,0,242,34,252,80,124,134,185,0
192,8,32,0,0,0,0,0,0,0,0
403,8,0,8,8,3,232,136,0,0,0
526,8,78,31,255,160,0,63,111,255,0
1314,8,223,127,209,34,220,0,147,92,0
870,8,127,221,200,2,1,71,206,120,0
1408,8,0,0,0,3,248,8,0,0,0
852,8,31,255,64,0,0,4,1,128,0
1505,8,137,63,224,11,10,0,88,128,0
961,8,123,85,31,186,222,7,169,46,0
651,8,0,0,0,0,0,0,0,0,0
1076,8,4,104,0,160,0,0,0,0,0
167,8,32,16,250,100,193,37,192,160,0
1760,8,0,0,0,0,0,0,0,0,0
722,8,0,0,48,0,0,0,0,0,0
1176,8,135,255,191,252,247,128,0,5,0
1124,8,0,2,64,0,0,144,25,148,0
560,8,184,0,18,42,220,0,0,0,0
1694,8,4,64,4,127,31,192,21,226,0
293,8,144,0,64,159,66,190,109,96,0
14,8,32,82,150,2,8,9,117,228,0
208,8,26,119,12,96,249,0,0,0,0
51,8,0,7,200,0,12,192,7,208,0
263,8,0,0,0,0,0,0,0,0,0
186,8,6,184,166,132,16,0,6,32,0
663,8,17,0,0,32,0,2,81,16,0
1307,8,8,2,135,77,92,80,0,1,0
813,8,128,0,4,32,172,1,0,32,0
1277,8,1,138,10,77,161,22,203,132,0
1760,8,0,0,0,0,0,0,0,0,0
737,8,0,0,0,0,0,0,0,4,0
244,8,154,12,1,2,4,177,2,64,0
852,8,31,255,64,0,0,3,250,0,0
1505,8,137,63,224,11,10,0,88,128,0
354,8,0,8,1,99,234,17,244,206,0
167,8,32,16,250,100,193,37,192,160,0
683,8,164,208,201,215,226,215,202,255,0
1751,8,65,2,207,2,160,7,34,60,0
293,8,144,0,64,159,66,190,79,96,0
1644,8,0,0,0,0,24,0,0,0,0
300,8,121,6,224,0,0,1,253,208,0
14,8,32,82,150,2,8,9,117,228,0
1255,8,0,0,0,20,3,102,0,0,0
339,8,0,0,0,4,0,12,0,4,0
661,8,0,0,0,0,0,0,8,64,0
1634,8,78,224,0,0,64,0,0,0,0
1413,8,0,64,0,0,0,2,0,24,0
1668,8,76,213,128,25,65,84,16,30,0
1590,8,36,156,0,0,240,0,0,0,0
727,8,16,0,96,216,0,0,0,8,0
412,8,8,26,32,27,130,0,40,192,0
403,8,0,8,8,3,232,136,0,0,0
526,8,78,31,255,160,0,63,111,247,0
1314,8,223,127,209,28,225,136,147,92,0
208,8,34,119,12,96,248,0,0,0,0
852,8,31,255,64,0,0,3,250,0,0
1505,8,137,63,224,11,10,0,88,128,0
651,8,0,0,0,0,0,0,0,0,0
51,8,0,7,192,0,13,0,7,208,0
628,8,0,242,36,250,80,124,134,185,0
870,8,127,221,200,2,1,71,206,120,0
192,8,32,0,0,0,0,0,0,0,0
1408,8,0,0,0,3,240,136,0,0,0
167,8,32,16,250,100,193,37,192,160,0
1076,8,0,136,224,160,0,0,0,0,0
1031,8,64,1,95,240,20,128,189,224,0
1760,8,0,0,0,0,0,0,0,0,0
60,8,0,0,4,0,41,0,0,0,0
1176,8,135,255,191,252,246,128,0,6,0
996,8,0,208,0,0,133,0,0,0,0
1694,8,4,64,4,127,31,192,21,226,0
1628,8,64,8,178,117,32,0,0,0,0
293,8,144,0,64,159,66,190,49,96,0
519,8,4,4,96,72,42,222,149,24,0
1225,8,1,249,21,130,13,2,246,75,0
470,8,2,15,130,128,48,36,5,128,0
1399,8,0,0,8,0,0,0,1,92,0
961,8,123,85,31,186,93,200,105,46,0
117,8,15,50,0,15,174,30,224,0,0
14,8,32,82,150,2,8,9,117,220,0
560,8,189,0,17,250,228,0,2,0,0
208,8,42,119,12,96,247,0,0,0,0
51,8,0,7,184,0,13,64,7,208,0
263,8,0,0,0,0,0,0,0,0,0
1760,8,0,0,0,0,0,0,0,0,0
737,8,0,0,0,0,0,0,0,4,0
852,8,31,255,64,0,0,3,235,0,0
1505,8,137,63,224,11,10,0,88,128,0
354,8,0,8,1,99,234,17,244,206,0
167,8,32,16,250,100,193,37,192,160,0
58,8,0,0,0,0,0,29,8,0,0
293,8,144,0,64,159,66,190,19,96,0
14,8,32,82,150,2,8,9,117,220,0
248,8,126,223,244,253,73,251,167,184,0
339,8,0,0,0,4,0,12,0,4,0
1634,8,78,224,0,0,64,0,0,0,0
412,8,12,22,32,27,130,0,40,192,0
208,8,50,119,12,96,246,0,0,0,0
51,8,0,7,176,0,13,128,7,208,0
628,8,0,242,38,248,80,124,134,185,0
192,8,32,0,0,0,0,0,0,0,0
403,8,0,8,8,3,232,136,0,0,0
526,8,78,31,255,160,0,63,111,255,0
1314,8,223,127,209,21,232,16,147,92,0
870,8,127,221,200,2,1,71,206,120,0
852,8,31,255,64,0,0,3,220,0,0
1505,8,137,63,224,11,10,0,88,128,0
651,8,0,0,0,0,0,0,0,0,0
1408,8,0,0,0,3,233,8,0,0,0
167,8,32,16,250,100,193,37,192,160,0
61,8,0,0,4,0,0,0,0,0,0
1076,8,0,168,224,160,0,0,0,0,0
1760,8,0,0,0,0,0,0,0,0,0
1176,8,135,255,191,252,245,128,0,7,0
560,8,202,0,17,138,228,0,4,0,0
1694,8,4,64,4,127,31,192,21,226,0
293,8,144,0,64,159,66,189,245,96,0
14,8,32,82,150,2,8,9,117,228,0
1459,8,4,0,0,0,0,0,4,0,0
661,8,0,0,0,0,0,0,8,64,0
208,8,58,119,12,96,245,0,0,0,0
51,8,0,7,168,0,13,192,7,208,0
263,8,0,0,0,0,0,0,0,0,0
186,8,6,184,166,4,16,0,6,32,0
1760,8,0,0,0,0,0,0,0,0,0
737,8,0,0,0,0,0,0,0,4,0
852,8,31,255,64,0,0,3,220,0,0
961,8,123,85,31,187,28,136,233,46,0
1505,8,137,63,224,11,10,0,88,128,0
354,8,0,8,1,99,234,17,244,206,0
167,8,32,16,250,100,193,37,192,160,0
1372,8,16,27,0,0,65,130,48,0,0
293,8,144,0,64,159,66,189,215,96,0
14,8,32,82,150,2,8,9,117,228,0
339,8,0,0,0,4,0,12,0,4,0
1634,8,78,224,0,0,64,0,0,0,0
412,8,16,18,32,27,130,0,40,192,0
208,8,66,119,12,96,244,0,0,0,0
51,8,0,7,160,0,14,0,7,208,0
628,8,0,242,40,246,80,124,134,185,0
192,8,32,0,0,0,0,0,0,0,0
813,8,128,0,4,32,172,1,0,32,0
1277,8,1,134,10,77,157,22,75,132,0
403,8,0,8,8,3,232,136,0,0,0
526,8,78,32,3,160,0,63,111,255,0
1314,8,223,127,209,14,238,152,147,92,0
692,8,20,233,153,0,0,0,88,0,0
852,8,31,255,64,0,0,3,212,128,0
1505,8,137,63,224,11,10,0,88,128,0
651,8,0,0,0,0,0,0,0,0,0
870,8,127,221,200,2,1,71,206,120,0
1408,8,0,0,0,3,225,136,0,0,0
167,8,32,16,250,100,193,37,192,160,0
1076,8,0,199,32,160,0,0,0,0,0
1760,8,0,0,0,0,0,0,0,0,0
458,8,63,241,255,128,0,0,12,56,0
1176,8,135,255,191,252,244,128,0,8,0
560,8,213,0,17,42,228,0,6,0,0
1694,8,4,64,4,127,31,192,21,226,0
293,8,144,0,64,159,66,189,185,96,0
14,8,32,82,150,2,8,9,117,228,0
208,8,74,119,12,96,243,0,0,0,0
51,8,0,7,152,0,14,64,7,208,0
1399,8,0,0,8,0,0,0,1,92,0
263,8,0,0,0,0,0,0,0,0,0
1760,8,0,0,0,0,0,0,0,0,0
737,8,0,0,0,0,0,0,0,4,0
852,8,31,255,64,0,0,3,197,128,0
1505,8,137,63,224,11,10,0,88,128,0
354,8,0,8,1,99,234,17,244,206,0
167,8,32,16,250,100,193,37,192,160,0
675,8,0,0,0,3,254,128,1,1,0
293,8,144,0,64,159,66,189,155,96,0
961,8,123,85,31,187,91,137,169,46,0
14,8,32,82,150,2,8,9,117,228,0
339,8,0,0,0,4,0,12,0,4,0
661,8,0,0,0,0,0,0,8,64,0
1634,8,78,224,0,0,64,0,0,0,0
412,8,20,14,32,27,130,0,40,192,0
208,8,82,119,12,96,242,0,0,0,0
51,8,0,7,144,0,14,128,7,208,0
628,8,0,242,42,244,80,124,134,185,0
192,8,32,0,0,0,0,0,0,0,0
403,8,0,8,8,3,232,136,0,0,0
526,8,78,32,3,160,0,63,143,255,0
1314,8,223,127,209,8,244,32,147,92,0
870,8,127,221,200,2,1,71,206,120,0
1408,8,0,0,0,3,218,8,0,0,0
852,8,31,255,64,0,0,3,197,128,0
1505,8,137,63,224,11,10,0,88,128,0
651,8,0,0,0,0,0,0,0,0,0
1076,8,0,231,0,160,0,0,0,0,0
1788,8,0,0,7,94,50,183,88,0,0
167,8,32,16,250,100,193,37,192,160,0
1760,8,0,0,0,0,0,0,0,0,0
569,8,0,0,0,125,0,0,67,32,0
1176,8,135,255,191,252,243,128,0,9,0
560,8,226,0,16,186,228,0,8,0,0
1694,8,4,64,4,127,31,192,21,226,0
293,8,144,0,64,159,66,189,125,96,0
705,8,1,243,143,199,202,31,170,78,0
14,8,32,82,150,2,8,9,117,234,0
208,8,90,119,12,96,241,0,0,0,0
51,8,0,7,136,0,14,192,7,208,0
215,8,0,0,2,0,128,0,0,0,0
263,8,0,0,0,0,0,0,0,0,0
186,8,6,184,165,132,16,0,6,32,0
622,8,1,6,64,130,137,14,10,4,0
1760,8,0,0,0,0,0,0,0,0,0
737,8,0,0,0,0,0,0,0,4,0
852,8,31,255,64,0,0,3,190,0,0
1505,8,137,63,224,11,10,0,88,128,0
354,8,0,8,1,99,234,17,244,206,0
167,8,32,16,250,100,193,37,192,160,0
1175,8,0,0,0,0,0,0,0,0,0
293,8,144,0,64,159,66,189,95,96,0
14,8,32,82,150,2,8,9,117,234,0
738,8,24,8,13,64,64,0,1,24,0
837,8,5,2,2,194,60,119,64,129,0
1072,8,0,48,68,139,220,128,16,160,0
304,8,0,1,80,0,0,0,0,0,0
339,8,0,0,0,4,0,12,0,4,0
1634,8,78,224,0,0,64,0,0,0,0
412,8,24,10,32,27,130,0,40,192,0
208,8,98,119,12,96,240,0,0,0,0
51,8,0,7,128,0,15,0,7,208,0
628,8,0,242,44,242,80,124,134,185,0
192,8,32,0,0,0,0,0,0,0,0
403,8,0,8,8,3,232,136,0,0,0
526,8,78,32,3,160,0,63,143,255,0
1314,8,223,127,209,2,122,40,147,92,0
870,8,127,221,200,2,1,71,206,120,0
1408,8,0,0,0,3,210,136,0,0,0
852,8,31,255,64,0,0,3,190,0,0
961,8,123,85,31,187,27,74,41,46,0
1505,8,137,63,224,11,10,0,88,128,0
651,8,0,0,0,0,0,0,0,0,0
1076,8,1,5,160,160,0,0,0,0,0
1760,8,0,0,0,0,0,0,0,0,0
167,8,32,16,250,100,193,37,192,160,0
722,8,0,0,56,0,0,0,0,0,0
1176,8,135,255,191,252,242,128,0,10,0
1124,8,0,2,64,0,0,144,24,149,0
560,8,238,0,16,82,228,0,10,0,0
1694,8,4,64,4,127,31,192,21,226,0
293,8,144,0,64,159,66,191,33,96,0
14,8,32,82,150,2,8,9,117,228,0
661,8,0,0,0,0,0,0,8,64,0
208,8,106,119,12,96,239,0,0,0,0
51,8,0,7,120,0,15,64,7,208,0
263,8,0,0,0,0,0,0,0,0,0
813,8,128,0,4,32,172,1,0,32,0
1277,8,1,133,10,77,157,22,75,132,0
1760,8,0,0,0,0,0,0,0,0,0
737,8,0,0,0,0,0,0,0,4,0
244,8,154,12,1,2,4,177,2,64,0
852,8,31,255,64,0,0,3,175,0,0
1505,8,137,63,224,11,10,0,88,128,0
354,8,0,8,1,83,234,17,244,206,0
167,8,32,16,250,100,193,37,192,160,0
293,8,144,0,64,159,66,191,3,96,0
1644,8,0,0,0,0,24,0,0,0,0
14,8,32,82,150,2,8,9,117,220,0
1255,8,0,0,0,20,3,102,0,0,0
339,8,0,0,0,4,0,12,0,4,0
1634,8,78,224,0,0,64,0,0,0,0
1413,8,0,64,0,0,0,2,0,24,0
1668,8,76,213,128,25,65,84,16,30,0
1590,8,36,156,0,0,240,0,0,0,0
727,8,16,0,96,216,0,0,0,8,0
412,8,28,6,32,27,130,0,40,192,0
403,8,0,8,8,3,232,136,0,0,0
526,8,78,32,3,160,0,63,143,255,0
1314,8,223,127,208,251,1,48,147,28,0
208,8,114,119,12,96,238,0,0,0,0
852,8,31,255,64,0,0,4,24,0,0
1505,8,137,63,224,11,10,0,88,128,0
651,8,0,0,0,0,0,0,0,0,0
51,8,0,7,112,0,15,128,7,208,0
628,8,0,242,46,240,80,124,134,185,0
870,8,127,221,200,2,1,71,206,120,0
192,8,32,0,0,0,0,0,0,0,0
1408,8,0,0,0,3,203,8,0,0,0
167,8,32,16,250,100,193,37,192,160,0
1076,8,1,38,32,160,0,0,0,0,0
1031,8,64,1,95,240,20,128,189,224,0
1760,8,0,0,0,0,0,0,0,0,0
60,8,0,0,4,0,41,0,0,0,0
1176,8,135,255,191,252,241,128,0,11,0
996,8,0,208,0,0,133,0,0,0,0
1628,8,64,8,178,117,32,0,0,0,0
519,8,4,4,96,72,42,222,149,24,0
1225,8,1,249,21,130,13,2,246,75,0
1694,8,4,64,4,127,31,192,21,226,0
293,8,144,0,64,159,66,190,229,96,0
470,8,2,11,128,128,48,36,5,128,0
1399,8,0,0,8,0,0,0,1,92,0
961,8,123,85,31,187,90,74,233,46,0
560,8,250,0,15,242,228,0,12,0,0
14,8,32,82,150,2,8,9,117,228,0
208,8,122,119,12,96,237,0,0,0,0
51,8,0,7,104,0,15,192,7,208,0
263,8,0,0,0,0,0,0,0,0,0
186,8,6,184,165,4,16,0,6,32,0
1760,8,0,0,0,0,0,0,0,0,0
737,8,0,0,0,0,0,0,0,4,0
852,8,31,255,64,0,0,4,24,0,0
1505,8,137,63,224,11,10,0,84,128,0
354,8,0,8,1,83,234,17,244,206,0
167,8,32,16,250,100,193,37,192,160,0
293,8,144,0,64,159,66,190,199,96,0
1227,8,128,0,0,0,0,0,0,0,0
640,8,24,224,2,112,0,0,0,0,0
14,8,32,82,150,2,8,9,117,228,0
339,8,0,0,0,4,0,12,0,4,0
661,8,0,0,0,0,0,0,8,64,0
1634,8,78,224,0,0,64,0,0,0,0
412,8,0,34,32,27,130,0,40,192,0
208,8,2,119,12,96,252,0,0,0,0
51,8,0,7,224,0,12,0,7,208,0
628,8,0,242,32,254,80,124,134,185,0
192,8,32,0,0,0,0,0,0,0,0
403,8,0,8,8,3,232,136,0,0,0
526,8,78,32,3,160,0,63,143,255,0
1314,8,223,127,208,244,7,184,146,220,0
870,8,127,221,200,2,1,71,206,120,0
1408,8,0,0,0,3,195,136,0,0,0
852,8,31,255,64,0,0,4,16,128,0
1505,8,137,63,224,11,10,0,84,128,0
651,8,0,0,0,0,0,0,0,0,0
1076,8,1,70,128,160,0,0,0,0,0
1760,8,0,0,0,0,0,0,0,0,0
167,8,32,16,250,100,193,37,192,160,0
61,8,0,0,4,0,0,0,0,0,0
1176,8,135,255,191,252,240,128,0,12,0
560,8,7,0,15,130,228,0,14,0,0
1694,8,4,64,4,127,31,192,21,226,0
293,8,144,0,64,159,66,190,169,96,0
14,8,32,82,150,2,8,9,117,214,0
1459,8,4,0,0,0,0,0,4,0,0
208,8,10,119,12,96,251,0,0,0,0
51,8,0,7,216,0,12,64,7,208,0
263,8,0,0,0,0,0,0,0,0,0
1760,8,0,0,0,0,0,0,0,0,0
737,8,0,0,0,0,0,0,0,4,0
852,8,31,255,64,0,0,4,1,128,0
961,8,123,85,31,187,26,11,105,46,0
1505,8,137,63,224,11,10,0,84,128,0
354,8,0,8,1,67,234,17,244,206,0
167,8,32,16,250,100,193,37,192,160,0
293,8,144,0,64,159,66,190,139,96,0
14,8,32,82,150,2,8,9,117,228,0
339,8,0,0,0,4,0,12,0,4,0
1634,8,78,224,0,0,64,0,0,0,0
412,8,4,30,32,27,130,0,40,192,0
208,8,18,119,12,96,250,0,0,0,0
51,8,0,7,208,0,12,128,7,208,0
628,8,0,242,34,252,80,124,134,185,0
192,8,32,0,0,0,0,0,0,0,0
452,8,0,0,2,0,1,128,0,0,0
676,8,46,140,2,28,4,8,152,208,0
813,8,128,0,4,32,172,1,0,32,0
403,8,0,8,8,3,232,136,0,0,0
526,8,78,32,3,160,0,63,143,255,0
1314,8,223,127,208,237,141,192,146,156,0
852,8,31,255,64,0,0,4,1,128,0
1505,8,137,63,224,11,10,0,84,128,0
651,8,0,0,0,0,0,0,0,0,0
870,8,127,221,200,2,1,71,206,120,0
1408,8,0,0,0,3,188,8,0,0,0
167,8,32,16,250,100,193,37,192,160,0
1076,8,1,104,96,160,0,0,0,0,0
1760,8,0,0,0,0,0,0,0,0,0
692,8,20,233,153,0,0,0,88,0,0
458,8,63,241,255,128,0,0,12,56,0
1176,8,135,255,191,252,239,128,0,13,0
1277,8,1,135,10,78,159,22,75,132,0
560,8,20,0,15,18,220,0,16,0,0
1694,8,4,64,4,127,31,192,21,226,0
293,8,144,0,64,159,66,190,109,96,0
14,8,32,82,150,2,8,9,117,228,0
661,8,0,0,0,0,0,0,8,64,0
208,8,26,119,12,96,249,0,0,0,0
51,8,0,7,200,0,12,192,7,208,0
263,8,0,0,0,0,0,0,0,0,0
186,8,6,184,165,4,16,0,6,32,0
1399,8,0,0,8,0,0,0,1,92,0
1760,8,0,0,0,0,0,0,0,0,0
737,8,0,0,0,0,0,0,0,4,0
852,8,31,255,64,0,0,3,250,0,0
1505,8,137,63,224,11,10,0,84,128,0
354,8,0,8,1,67,234,17,244,206,0
167,8,32,16,250,100,193,37,192,160,0
675,8,0,0,0,3,254,128,127,0,0
293,8,144,0,64,159,66,190,79,96,0
961,8,123,85,31,186,217,140,41,46,0
14,8,32,82,150,2,8,9,117,220,0
339,8,0,0,0,4,0,12,0,4,0
1634,8,78,224,0,0,64,0,0,0,0
412,8,8,26,32,27,130,0,40,192,0
208,8,34,119,12,96,248,0,0,0,0
51,8,0,7,192,0,13,0,7,208,0
628,8,0,242,36,250,80,124,134,185,0
192,8,32,0,0,0,0,0,0,0,0
403,8,0,8,8,3,232,136,0,0,0
526,8,78,32,3,160,0,63,143,255,0
1314,8,223,127,208,230,20,200,146,28,0
870,8,127,221,200,2,1,71,206,120,0
852,8,31,255,64,0,0,3,250,0,0
1505,8,137,63,224,11,10,0,80,128,0
651,8,0,0,0,0,0,0,0,0,0
1408,8,0,0,0,3,180,136,0,0,0
1076,8,1,134,192,160,0,0,0,0,0
1788,8,0,0,7,94,18,183,88,0,0
167,8,32,16,250,100,193,37,192,160,0
1760,8,0,0,0,0,0,0,0,0,0
569,8,0,0,0,125,0,0,67,32,0
1176,8,135,255,191,252,238,128,0,14,0
560,8,34,0,14,154,220,0,18,0,0
1694,8,4,64,4,127,31,192,21,226,0
293,8,144,0,64,159,66,190,49,96,0
14,8,32,82,150,2,8,9,117,214,0
208,8,42,119,12,96,247,0,0,0,0
51,8,0,7,184,0,13,64,7,208,0
215,8,0,0,2,0,128,0,0,0,0
263,8,0,0,0,0,0,0,0,0,0
1621,8,116,3,252,0,48,0,0,0,0
1760,8,0,0,0,0,0,0,0,0,0
622,8,1,6,64,130,137,14,10,4,0
737,8,0,0,0,0,0,0,0,4,0
852,8,31,255,64,0,0,3,235,0,0
705,8,1,243,175,199,200,159,154,98,0
1505,8,137,63,224,11,10,0,80,128,0
354,8,0,8,1,51,234,17,244,206,0
167,8,32,16,250,100,193,37,192,160,0
1175,8,0,0,0,0,0,0,0,0,0
293,8,144,0,64,159,66,190,19,96,0
14,8,32,82,150,2,8,9,117,228,0
738,8,24,8,13,64,64,0,1,24,0
837,8,5,2,2,194,60,119,64,129,0
1072,8,0,48,68,139,220,128,16,160,0
304,8,0,1,80,0,0,0,0,0,0
339,8,0,0,0,4,0,12,0,4,0
661,8,0,0,0,0,0,0,8,64,0
1634,8,78,224,0,0,64,0,0,0,0
412,8,12,22,32,27,130,0,40,192,0
208,8,50,119,12,96,246,0,0,0,0
51,8,0,7,176,0,13,128,7,208,0
628,8,0,242,38,248,80,124,134,185,0
192,8,32,0,0,0,0,0,0,0,0
403,8,0,8,8,3,232,136,0,0,0
526,8,78,31,255,160,0,63,143,247,0
1314,8,223,127,208,223,154,208,145,92,0
870,8,127,221,200,2,1,71,206,120,0
852,8,31,255,64,0,0,3,220,0,0
1505,8,137,63,224,11,10,0,80,128,0
961,8,123,85,31,186,217,12,169,46,0
651,8,0,0,0,0,0,0,0,0,0
1408,8,0,0,0,3,173,8,0,0,0
167,8,32,16,250,100,193,37,192,160,0
1076,8,1,166,0,160,0,0,0,0,0
1760,8,0,0,0,0,0,0,0,0,0
722,8,0,0,64,0,0,0,0,0,0
1372,8,16,27,0,0,65,130,48,0,0
1176,8,135,255,191,252,237,128,0,15,0
1124,8,0,2,64,0,0,144,23,150,0
560,8,46,0,14,50,220,0,20,0,0
1694,8,4,64,4,127,31,192,21,226,0
293,8,144,0,64,159,66,189,245,96,0
14,8,32,82,150,2,8,9,117,220,0
208,8,58,119,12,96,245,0,0,0,0
51,8,0,7,168,0,13,192,7,208,0
263,8,0,0,0,0,0,0,0,0,0
186,8,6,184,164,132,16,0,6,32,0
1307,8,40,26,50,9,178,129,128,193,0
813,8,128,0,4,32,172,1,0,32,0
1277,8,1,131,10,78,153,21,203,132,0
1760,8,0,0,0,0,0,0,0,0,0
737,8,0,0,0,0,0,0,0,4,0
852,8,31,255,64,0,0,3,220,0,0
1505,8,137,63,224,11,10,0,80,128,0
244,8,154,12,1,2,4,177,2,64,0
354,8,0,8,1,51,234,17,244,206,0
167,8,32,16,250,100,193,37,192,160,0
293,8,144,0,64,159,66,189,215,96,0
1644,8,0,0,0,0,24,0,0,0,0
14,8,32,82,150,2,8,9,117,220,0
1331,8,237,127,207,126,255,249,239,127,0
1255,8,0,0,0,20,3,102,0,0,0
339,8,0,0,0,4,0,12,0,4,0
1413,8,0,64,0,0,0,2,0,24,0
1634,8,78,224,0,0,64,0,0,0,0
1668,8,76,213,128,25,65,84,16,30,0
1590,8,36,156,0,0,240,0,0,0,0
727,8,16,0,96,216,0,0,0,8,0
412,8,16,18,32,27,130,0,40,192,0
403,8,0,8,8,3,232,136,0,0,0
526,8,78,32,3,160,0,63,143,255,0
1314,8,223,127,208,217,160,88,144,92,0
208,8,66,119,12,96,244,0,0,0,0
51,8,0,7,160,0,14,0,7,208,0
852,8,31,255,64,0,0,3,212,128,0
1505,8,137,63,224,11,10,0,80,128,0
651,8,0,0,0,0,0,0,0,0,0
628,8,0,242,40,246,80,124,134,185,0
870,8,127,221,200,2,1,71,206,120,0
1408,8,0,0,0,3,165,136,0,0,0
192,8,32,0,0,0,0,0,0,0,0
167,8,32,16,250,100,209,37,192,160,0
1031,8,64,1,95,240,20,128,189,224,0
60,8,0,0,4,0,40,0,0,0,0
996,8,0,208,0,0,133,0,0,0,0
1076,8,1,198,64,160,0,0,0,0,0
1628,8,64,8,178,117,32,0,0,0,0
1760,8,0,0,0,0,0,0,0,0,0
519,8,4,4,96,72,42,222,149,24,0
1694,8,4,64,4,127,31,192,21,226,0
293,8,144,0,64,159,66,189,185,96,0
1176,8,135,255,191,252,252,128,0,0,0
1225,8,1,249,21,130,13,2,246,75,0
470,8,2,15,130,128,48,36,5,128,0
1399,8,0,0,8,0,0,0,1,92,0
961,8,123,85,31,187,151,141,105,46,0
560,8,58,0,13,202,220,0,22,0,0
14,8,32,82,150,2,8,9,117,214,0
661,8,0,0,0,0,0,0,8,64,0
208,8,74,119,12,96,243,0,0,0,0
51,8,0,7,152,0,14,64,7,208,0
263,8,0,0,0,0,0,0,0,0,0
1760,8,0,0,0,0,0,0,0,0,0
737,8,0,0,0,0,0,0,0,4,0
852,8,31,255,64,0,0,3,197,128,0
1505,8,137,63,224,11,10,0,76,128,0
354,8,0,8,1,35,234,17,244,206,0
167,8,32,16,250,100,193,37,192,160,0
293,8,144,0,64,159,66,189,155,96,0
14,8,32,82,150,2,8,9,117,228,0
339,8,0,0,0,4,0,12,0,4,0
1634,8,78,224,0,0,64,0,0,0,0
412,8,20,14,32,27,130,0,40,192,0
208,8,82,119,12,96,242,0,0,0,0
51,8,0,7,144,0,14,128,7,208,0
628,8,0,242,42,244,80,124,134,185,0
192,8,32,0,0,0,0,0,0,0,0
403,8,0,8,8,3,232,136,0,0,0
526,8,78,32,3,160,0,63,143,255,0
1314,8,223,127,208,211,38,96,142,220,0
870,8,127,221,200,2,1,71,206,120,0
852,8,31,255,64,0,0,3,197,128,0
1505,8,137,63,224,11,10,0,76,128,0
651,8,0,0,0,0,0,0,0,0,0
1408,8,0,0,0,3,158,8,0,0,0
1076,8,1,229,160,160,0,0,0,0,0
167,8,32,16,250,100,193,37,192,160,0
61,8,0,0,4,0,0,0,0,0,0
1760,8,0,0,0,0,0,0,0,0,0
1176,8,135,255,191,252,251,128,0,1,0
560,8,69,0,13,106,220,0,24,0,0
1694,8,4,64,4,127,31,192,21,226,0
293,8,144,0,64,159,66,189,125,96,0
14,8,32,82,150,2,8,9,117,214,0
1459,8,4,0,0,0,0,0,4,0,0
208,8,90,119,12,96,241,0,0,0,0
51,8,0,7,136,0,14,192,7,208,0
263,8,0,0,0,0,0,0,0,0,0
186,8,6,184,164,68,16,0,6,32,0
1760,8,0,0,0,0,0,0,0,0,0
737,8,0,0,0,0,0,0,0,4,0
852,8,31,255,64,0,0,3,190,0,0
961,8,123,85,31,187,151,13,233,46,0
1505,8,137,63,224,11,10,0,76,128,0
354,8,0,8,1,35,234,17,244,206,0
167,8,32,16,250,100,193,37,192,160,0
293,8,144,0,64,159,66,189,95,96,0
14,8,32,82,150,2,8,9,117,228,0
339,8,0,0,0,4,0,12,0,4,0
661,8,0,0,0,0,0,0,8,64,0
1634,8,78,224,0,0,64,0,0,0,0
412,8,24,10,32,27,130,0,40,192,0
208,8,98,119,12,96,240,0,0,0,0
51,8,0,7,128,0,15,0,7,208,0
628,8,0,242,44,242,80,124,134,185,0
192,8,32,0,0,0,0,0,0,0,0
813,8,128,0,4,32,172,1,0,32,0
403,8,0,8,8,3,232,136,0,0,0
526,8,78,32,3,160,0,63,143,255,0
1314,8,223,127,208,204,44,232,141,28,0
870,8,127,221,200,2,1,71,206,120,0
1408,8,0,0,0,3,150,136,0,0,0
852,8,31,255,64,0,0,3,190,0,0
1505,8,137,63,224,11,10,0,76,128,0
651,8,0,0,0,0,0,0,0,0,0
1076,8,2,8,32,160,0,0,0,0,0
167,8,32,16,250,36,193,37,192,160,0
1760,8,0,0,0,0,0,0,0,0,0
692,8,20,233,153,0,0,0,88,0,0
458,8,63,241,255,128,0,0,12,56,0
1176,8,135,255,191,252,250,128,0,2,0
1277,8,1,135,10,78,159,22,203,132,0
560,8,81,0,13,2,220,0,26,0,0
1694,8,4,64,4,127,32,0,21,226,0
293,8,144,0,64,159,66,191,33,96,0
14,8,32,82,150,2,8,9,117,228,0
208,8,106,119,12,96,239,0,0,0,0
51,8,0,7,120,0,15,64,7,208,0
1399,8,0,0,8,0,0,0,1,92,0
263,8,0,0,0,0,0,0,0,0,0
1760,8,0,0,0,0,0,0,0,0,0
737,8,0,0,0,0,0,0,0,4,0
852,8,31,255,64,0,0,3,175,0,0
1505,8,137,63,224,11,10,0,72,128,0
354,8,0,8,1,19,234,17,244,206,0
167,8,32,16,250,36,193,37,192,160,0
675,8,0,0,0,3,254,128,125,0,0
293,8,144,0,64,159,66,191,3,96,0
961,8,123,85,31,186,215,14,169,46,0
14,8,32,82,150,2,8,9,117,220,0
339,8,0,0,0,4,0,12,0,4,0
1634,8,78,224,0,0,64,0,0,0,0
412,8,28,6,32,27,130,0,40,192,0
208,8,114,119,12,96,238,0,0,0,0
51,8,0,7,112,0,15,128,7,208,0
628,8,0,242,46,240,80,124,134,185,0
192,8,32,0,0,0,0,0,0,0,0
403,8,0,8,8,3,232,136,0,0,0
526,8,78,32,3,160,0,63,143,255,0
1314,8,223,127,208,196,179,240,139,28,0
870,8,127,221,200,2,1,71,206,120,0
852,8,31,255,64,0,0,4,24,0,0
1505,8,137,63,224,11,10,0,72,128,0
651,8,0,0,0,0,0,0,0,0,0
1408,8,0,0,0,3,143,8,0,0,0
1076,8,2,40,32,160,0,0,0,0,0
1788,8,0,0,7,93,210,183,88,0,0
167,8,32,16,250,36,193,37,192,160,0
1760,8,0,0,0,0,0,0,0,0,0
569,8,0,0,0,125,0,0,67,32,0
1176,8,135,255,191,252,249,128,0,3,0
560,8,95,0,12,138,220,0,28,0,0
1694,8,4,64,4,127,31,192,21,226,0
293,8,144,0,64,159,66,190,229,96,0
14,8,32,82,150,2,8,9,117,220,0
661,8,0,0,0,0,0,0,8,64,0
208,8,122,119,12,96,237,0,0,0,0
51,8,0,7,104,0,15,192,7,208,0
263,8,0,0,0,0,0,0,0,0,0
186,8,6,184,163,196,16,0,6,32,0
215,8,0,0,2,0,128,0,0,0,0
1760,8,0,0,0,0,0,0,0,0,0
622,8,1,6,64,130,137,14,10,4,0
737,8,0,0,0,0,0,0,0,4,0
852,8,31,255,64,0,0,4,24,0,0
1505,8,137,63,224,11,10,0,72,128,0
354,8,0,8,1,19,234,17,244,206,0
167,8,32,16,250,36,193,37,192,160,0
1175,8,0,0,0,0,0,0,0,0,0
293,8,144,0,64,159,66,190,199,96,0
705,8,1,243,79,199,201,31,136,120,0
14,8,32,82,150,2,8,9,117,220,0
738,8,24,8,13,64,64,0,1,24,0
837,8,5,2,2,194,60,119,64,129,0
1072,8,0,48,68,139,220,128,16,160,0
304,8,0,1,80,0,0,0,0,0,0
339,8,0,0,0,4,0,12,0,4,0
1634,8,78,224,0,0,64,0,0,0,0
412,8,0,34,32,27,130,0,40,192,0
208,8,2,119,12,96,252,0,0,0,0
51,8,0,7,224,0,12,0,7,208,0
628,8,0,242,32,254,80,124,134,185,0
192,8,32,0,0,0,0,0,0,0,0
403,8,0,8,8,3,232,136,0,0,0
526,8,78,32,3,160,0,63,111,255,0
1314,8,223,127,208,187,188,120,136,220,0
870,8,127,221,200,2,1,71,206,120,0
1408,8,0,0,0,3,135,136,0,0,0
852,8,31,255,64,0,0,4,16,128,0
961,8,123,85,31,187,22,79,41,46,0
1505,8,137,63,224,11,10,0,72,128,0
651,8,0,0,0,0,0,0,0,0,0
1076,8,2,64,0,160,0,0,0,0,0
1760,8,0,0,0,0,0,0,0,0,0
167,8,32,16,250,36,193,37,192,160,0
722,8,0,0,72,0,0,0,0,0,0
1176,8,135,255,191,252,248,128,0,4,0
1124,8,0,2,64,0,0,144,22,151,0
560,8,110,0,12,10,212,0,30,0,0
1694,8,4,64,4,127,31,192,21,226,0
293,8,144,0,64,159,66,190,169,96,0
14,8,32,82,150,2,8,9,117,214,0
208,8,10,119,12,96,251,0,0,0,0
51,8,0,7,216,0,12,64,7,208,0
263,8,0,0,0,0,0,0,0,0,0
813,8,128,0,4,32,172,1,0,32,0
1277,8,1,132,10,78,155,22,75,132,0
1760,8,0,0,0,0,0,0,0,0,0
737,8,0,0,0,0,0,0,0,4,0
852,8,31,255,64,0,0,4,1,128,0
1505,8,137,63,224,11,10,0,68,128,0
244,8,154,12,1,2,4,177,2,64,0
354,8,0,8,1,3,234,17,244,206,0
167,8,32,16,250,36,193,37,192,160,0
293,8,144,0,64,159,66,190,139,96,0
1644,8,0,0,0,0,24,0,0,0,0
14,8,32,82,150,2,8,9,117,214,0
1255,8,0,0,0,20,3,102,0,0,0
339,8,0,0,0,4,0,12,0,4,0
1413,8,0,64,0,0,0,2,0,24,0
661,8,0,0,0,0,0,0,8,64,0
1634,8,78,224,0,0,64,0,0,0,0
1668,8,76,213,128,25,65,84,16,30,0
1590,8,36,156,0,0,240,0,0,0,0
727,8,16,0,96,216,0,0,0,8,0
412,8,4,30,32,27,130,0,40,192,0
403,8,0,8,8,3,232,136,0,0,0
526,8,78,32,3,160,0,63,143,255,0
1314,8,223,127,208,177,205,128,133,92,0
852,8,31,255,64,0,0,4,1,128,0
1505,8,137,63,224,11,10,0,68,128,0
651,8,0,0,0,0,0,0,0,0,0
208,8,18,119,12,96,250,0,0,0,0
51,8,0,7,208,0,12,128,7,208,0
628,8,0,242,34,252,80,124,134,185,0
870,8,127,221,200,2,1,71,206,120,0
1408,8,0,0,0,3,248,8,0,0,0
1076,8,2,96,0,160,0,0,0,0,0
192,8,32,0,0,0,0,0,0,0,0
1760,8,0,0,0,0,0,0,0,0,0
167,8,32,16,250,36,193,37,192,160,0
1031,8,64,1,95,240,20,128,189,224,0
60,8,0,0,4,0,41,0,0,0,0
1176,8,135,255,191,252,247,128,0,5,0
996,8,0,208,0,0,133,0,0,0,0
1694,8,4,64,4,127,31,192,21,226,0
1628,8,64,8,178,117,32,0,0,0,0
293,8,144,0,64,159,66,190,109,96,0
519,8,4,4,96,72,42,222,149,24,0
1225,8,1,249,21,130,13,2,246,75,0
470,8,2,11,128,128,48,36,5,128,0
961,8,123,85,31,187,21,143,233,46,0
1399,8,0,0,8,0,0,0,1,92,0
560,8,146,0,11,98,212,0,0,0,0
14,8,32,82,150,2,8,9,117,214,0
208,8,26,119,12,96,249,0,0,0,0
51,8,0,7,200,0,12,192,7,208,0
263,8,0,0,0,0,0,0,0,0,0
186,8,6,184,163,68,16,0,6,32,0
1760,8,0,0,0,0,0,0,0,0,0
737,8,0,0,0,0,0,0,0,4,0
852,8,31,255,64,0,0,3,250,0,0
1505,8,137,63,224,11,10,0,68,128,0
354,8,0,8,1,3,234,17,244,206,0
167,8,32,16,250,36,193,37,192,160,0
293,8,144,0,64,159,66,190,79,96,0
1227,8,128,0,0,0,0,0,0,0,0
640,8,24,224,2,112,0,0,0,0,0
14,8,32,82,150,2,8,9,117,228,0
339,8,0,0,0,4,0,12,0,4,0
1634,8,78,224,0,0,64,0,0,0,0
412,8,8,26,32,27,130,0,40,192,0
208,8,34,119,12,96,248,0,0,0,0
51,8,0,7,192,0,13,0,7,208,0
628,8,0,242,36,250,80,124,134,185,0
192,8,32,0,0,0,0,0,0,0,0
403,8,0,8,8,3,232,136,0,0,0
526,8,78,32,3,160,0,63,111,255,0
1314,8,223,127,208,166,88,136,129,220,0
870,8,127,221,200,2,1,71,206,120,0
852,8,31,255,64,0,0,3,250,0,0
1505,8,137,63,224,11,10,0,68,128,0
651,8,0,0,0,0,0,0,0,0,0
1408,8,0,0,0,3,240,136,0,0,0
1076,8,2,138,160,160,0,0,0,0,0
167,8,32,16,250,36,193,37,192,160,0
61,8,0,0,4,0,0,0,0,0,0
1760,8,0,0,0,0,0,0,0,0,0
1176,8,135,255,191,252,246,128,0,6,0
560,8,165,0,10,194,212,0,2,0,0
1694,8,4,64,4,127,31,192,21,226,0
293,8,144,0,64,159,66,190,49,96,0
14,8,32,82,150,2,8,9,117,220,0
1459,8,4,0,0,0,0,0,4,0,0
661,8,0,0,0,0,0,0,8,64,0
208,8,42,119,12,96,247,0,0,0,0
51,8,0,7,184,0,13,64,7,208,0
263,8,0,0,0,0,0,0,0,0,0
1760,8,0,0,0,0,0,0,0,0,0
737,8,0,0,0,0,0,0,0,4,0
852,8,31,255,64,0,0,3,235,0,0
961,8,123,85,31,187,148,144,105,46,0
1505,8,137,63,224,11,10,0,64,128,0
354,8,0,8,0,243,234,17,244,206,0
167,8,32,16,250,36,193,37,192,160,0
1372,8,16,27,0,0,65,130,48,0,0
293,8,144,0,64,159,66,190,19,96,0
14,8,32,82,150,2,8,9,117,228,0
339,8,0,0,0,4,0,12,0,4,0
1634,8,78,224,0,0,64,0,0,0,0
412,8,12,22,32,27,130,0,40,192,0
208,8,50,119,12,96,246,0,0,0,0
51,8,0,7,176,0,13,128,7,208,0
628,8,0,242,38,248,80,124,134,185,0
192,8,32,0,0,0,0,0,0,0,0
813,8,128,0,4,32,172,1,0,32,0
1277,8,1,130,10,78,153,21,203,132,0
403,8,0,8,8,3,232,136,0,0,0
526,8,78,32,3,160,0,63,111,255,0
1314,8,223,127,208,152,229,144,125,156,0
692,8,20,233,153,0,0,0,88,0,0
852,8,31,255,64,0,0,3,220,0,0
1505,8,137,63,224,11,10,0,64,128,0
651,8,0,0,0,0,0,0,0,0,0
870,8,127,221,200,2,1,71,206,120,0
1408,8,0,0,0,3,233,8,0,0,0
1076,8,2,170,160,160,0,0,0,0,0
1760,8,0,0,0,0,0,0,0,0,0
167,8,32,16,250,36,193,37,192,160,0
458,8,63,241,255,128,0,0,12,56,0
1176,8,135,255,191,252,245,128,0,7,0
560,8,189,0,9,250,204,0,4,0,0
1694,8,4,64,4,127,31,192,21,226,0
293,8,144,0,64,159,66,189,245,96,0
14,8,32,82,150,2,8,9,117,220,0
208,8,58,119,12,96,245,0,0,0,0
51,8,0,7,168,0,13,192,7,208,0
1399,8,0,0,8,0,0,0,1,90,0
263,8,0,0,0,0,0,0,0,0,0
186,8,6,184,163,68,16,0,6,32,0
1760,8,0,0,0,0,0,0,0,0,0
737,8,0,0,0,0,0,0,0,4,0
852,8,31,255,64,0,0,3,220,0,0
1505,8,137,63,224,11,10,0,64,128,0
354,8,0,8,0,243,234,17,244,206,0
167,8,32,16,250,36,193,37,192,160,0
675,8,0,0,0,3,254,128,123,128,0
293,8,144,0,64,159,66,189,215,96,0
961,8,123,85,31,187,84,17,41,46,0
14,8,32,82,150,2,8,9,117,228,0
339,8,0,0,0,4,0,12,0,4,0
661,8,0,0,0,0,0,0,8,64,0
1634,8,78,224,0,0,64,0,0,0,0
412,8,16,18,32,27,130,0,40,192,0
208,8,66,119,12,96,244,0,0,0,0
51,8,0,7,160,0,14,0,7,208,0
628,8,0,242,40,246,80,124,134,185,0
192,8,32,0,0,0,0,0,0,0,0
403,8,0,8,8,3,232,136,0,0,0
526,8,78,32,3,160,0,63,143,255,0
1314,8,223,127,208,140,241,24,120,220,0
870,8,127,221,200,2,1,71,206,120,0
1408,8,0,0,0,3,225,136,0,0,0
852,8,31,255,64,0,0,3,212,128,0
1505,8,137,63,224,11,10,0,60,128,0
651,8,0,0,0,0,0,0,0,0,0
1076,8,2,202,160,160,0,0,0,0,0
1760,8,0,0,0,0,0,0,0,0,0
1788,8,0,0,7,93,210,183,88,0,0
167,8,32,16,250,36,193,37,192,160,0
569,8,0,0,0,125,0,0,67,32,0
1176,8,135,255,191,252,244,128,0,8,0
560,8,214,0,9,42,204,0,6,0,0
1694,8,4,64,4,127,31,192,21,226,0
293,8,144,0,64,159,66,189,185,96,0
14,8,32,82,150,2,8,9,117,220,0
208,8,74,119,12,96,243,0,0,0,0
51,8,0,7,152,0,14,64,7,208,0
215,8,0,0,2,0,128,0,0,0,0
263,8,0,0,0,0,0,0,0,0,0
1760,8,0,0,0,0,0,0,0,0,0
737,8,0,0,0,0,0,0,0,4,0
852,8,31,255,64,0,0,3,197,128,0
1505,8,137,63,224,11,10,0,60,128,0
354,8,0,8,0,227,234,17,244,206,0
167,8,32,16,249,164,209,37,192,160,0
622,8,1,6,64,130,137,14,10,4,0
1175,8,0,0,0,0,0,0,0,0,0
293,8,144,0,64,159,66,189,155,96,0
14,8,32,82,150,2,8,9,117,220,0
738,8,24,8,13,64,64,0,1,24,0
837,8,5,2,2,194,60,119,64,129,0
1072,8,0,48,68,139,220,128,16,160,0
304,8,0,1,80,0,0,0,0,0,0
339,8,0,0,0,4,0,12,0,4,0
1634,8,78,224,0,0,64,0,0,0,0
412,8,20,14,32,27,130,0,40,192,0
208,8,82,119,12,96,242,0,0,0,0
51,8,0,7,144,0,14,128,7,208,0
628,8,0,242,42,244,80,124,134,185,0
192,8,32,0,0,0,0,0,0,0,0
403,8,0,8,8,3,232,136,0,0,0
526,8,78,32,3,160,0,63,111,255,0
1314,8,223,127,208,130,123,32,115,220,0
870,8,127,221,200,2,1,71,206,120,0
852,8,31,255,64,0,0,3,197,128,0
1505,8,137,63,224,11,10,0,60,128,0
961,8,123,85,31,187,19,209,169,46,0
651,8,0,0,0,0,0,0,0,0,0
705,8,1,243,79,199,200,159,118,140,0
1408,8,0,0,0,3,218,8,0,0,0
1076,8,2,234,160,160,0,0,0,0,0
1760,8,0,0,0,0,0,0,0,0,0
167,8,32,16,250,36,193,37,192,160,0
722,8,0,0,80,0,0,0,0,0,0
1176,8,135,255,191,252,243,128,0,9,0
1124,8,0,2,64,0,0,144,21,152,0
560,8,236,0,8,114,196,0,8,0,0
1694,8,4,64,4,127,31,192,21,226,0
293,8,144,0,64,159,66,189,125,96,0
14,8,32,82,150,2,8,9,117,214,0
661,8,0,0,0,0,0,0,8,64,0
208,8,90,119,12,96,241,0,0,0,0
51,8,0,7,136,0,14,192,7,208,0
263,8,0,0,0,0,0,0,0,0,0
186,8,6,184,162,196,16,0,6,32,0
627,8,0,0,0,8,0,0,0,0,0
452,8,0,0,2,0,1,192,0,0,0
676,8,32,32,3,28,4,8,152,208,0
1760,8,0,0,0,0,0,0,0,0,0
881,8,1,6,0,0,0,0,8,128,0
1661,8,0,24,96,2,8,0,2,32,0
737,8,0,0,0,0,0,0,0,4,0
852,8,31,255,64,0,0,3,190,0,0
1505,8,137,63,224,11,10,0,60,128,0
354,8,0,8,0,227,234,17,244,206,0
244,8,154,12,1,2,4,177,2,64,0
167,8,32,16,250,36,193,37,192,160,0
1307,8,40,66,169,202,58,145,137,65,0
813,8,128,0,4,32,172,1,0,32,0
204,8,67,65,4,178,56,175,162,14,0
1277,8,1,127,10,77,149,21,75,132,0
1533,8,189,221,253,255,254,255,237,218,0
293,8,144,0,64,159,66,189,95,96,0
1644,8,0,0,0,0,24,0,0,0,0
14,8,32,82,150,2,8,9,117,214,0
1255,8,0,0,0,20,3,102,0,0,0
339,8,0,0,0,4,0,12,0,4,0
1413,8,0,64,0,0,0,2,0,24,0
1634,8,78,224,0,0,64,0,0,0,0
1668,8,76,213,128,25,65,84,16,30,0
1590,8,36,156,0,0,240,0,0,0,0
727,8,16,0,96,216,0,0,0,8,0
412,8,24,10,32,27,130,0,40,192,0
403,8,0,8,8,3,232,136,0,0,0
526,8,78,32,3,160,0,63,111,247,0
1314,8,223,127,208,120,132,168,109,220,0
208,8,98,119,12,96,240,0,0,0,0
51,8,0,7,128,0,15,0,7,208,0
852,8,31,255,64,0,0,3,190,0,0
1505,8,137,63,224,11,10,0,60,128,0
651,8,0,0,0,0,0,0,0,0,0
628,8,0,242,44,242,80,124,134,185,0
870,8,127,221,200,2,1,71,206,120,0
1408,8,0,0,0,3,210,136,0,0,0
192,8,32,0,0,0,0,0,0,0,0
167,8,32,16,250,36,193,37,192,160,0
253,8,0,0,1,0,128,16,0,0,0
1031,8,64,1,95,240,20,128,189,224,0
1076,8,3,10,128,160,0,0,0,0,0
60,8,0,0,4,0,41,0,0,0,0
1760,8,0,0,0,0,0,0,0,0,0
1176,8,135,255,191,252,242,128,0,10,0
1694,8,4,64,4,127,31,192,21,226,0
293,8,144,0,64,159,66,191,33,96,0
996,8,0,208,0,0,133,0,0,0,0
1628,8,64,8,178,117,32,0,0,0,0
519,8,4,4,96,72,42,222,149,24,0
1225,8,1,249,21,130,13,2,246,75,0
470,8,2,15,130,128,48,36,5,128,0
961,8,123,85,31,187,146,146,105,46,0
420,8,0,0,0,2,236,204,0,0,0
14,8,32,82,150,2,8,9,117,220,0
1399,8,0,0,8,0,0,0,1,90,0
560,8,255,0,7,218,196,0,10,0,0
208,8,106,119,12,96,239,0,0,0,0
51,8,0,7,120,0,15,64,7,208,0
263,8,0,0,0,0,0,0,0,0,0
1760,8,0,0,0,0,0,0,0,0,0
737,8,0,0,0,0,0,0,0,4,0
852,8,31,255,64,0,0,3,175,0,0
1505,8,137,63,224,11,10,0,56,128,0
354,8,0,8,0,211,234,17,244,206,0
167,8,32,16,250,36,193,37,192,160,0
293,8,144,0,64,159,66,191,3,96,0
14,8,32,82,150,2,8,9,117,208,0
339,8,0,0,0,4,0,12,0,4,0
661,8,0,0,0,0,0,0,8,64,0
1634,8,78,224,0,0,64,0,0,0,0
412,8,28,6,32,27,130,0,40,192,0
208,8,114,119,12,96,238,0,0,0,0
51,8,0,7,112,0,15,128,7,208,0
628,8,0,242,46,240,80,124,134,185,0
192,8,32,0,0,0,0,0,0,0,0
403,8,0,8,8,3,232,136,0,0,0
526,8,78,32,3,160,0,63,143,255,0
1314,8,223,127,208,112,140,48,103,156,0
870,8,127,221,200,2,1,71,206,120,0
852,8,31,255,64,0,0,4,24,0,0
1505,8,137,63,224,11,10,0,56,128,0
651,8,0,0,0,0,0,0,0,0,0
1408,8,0,0,0,3,203,8,0,0,0
1076,8,3,42,0,160,0,0,0,0,0
1760,8,0,0,0,0,0,0,0,0,0
167,8,32,16,250,36,193,37,192,160,0
61,8,0,0,4,0,0,0,0,0,0
1176,8,135,255,191,252,241,128,0,11,0
560,8,17,0,7,66,188,0,12,0,0
1694,8,4,64,4,127,31,192,21,194,0
293,8,144,0,64,159,66,190,229,96,0
14,8,32,82,150,2,8,9,117,220,0
1459,8,4,0,0,0,0,0,4,0,0
208,8,122,119,12,96,237,0,0,0,0
51,8,0,7,104,0,15,192,7,208,0
263,8,0,0,0,0,0,0,0,0,0
186,8,6,184,162,68,16,0,6,32,0
1760,8,0,0,0,0,0,0,0,0,0
737,8,0,0,0,0,0,0,0,4,0
852,8,31,255,64,0,0,4,24,0,0
961,8,123,85,31,187,18,146,233,46,0
1505,8,137,63,224,11,10,0,56,128,0
354,8,0,8,0,211,234,17,244,206,0
167,8,32,16,250,36,193,37,192,160,0
293,8,144,0,64,159,66,190,199,96,0
14,8,32,82,150,2,8,9,117,228,0
339,8,0,0,0,4,0,12,0,4,0
1634,8,78,224,0,0,64,0,0,0,0
412,8,0,34,32,27,130,0,40,192,0
208,8,2,119,12,96,252,0,0,0,0
51,8,0,7,224,0,12,0,7,208,0
628,8,0,242,32,254,80,124,134,185,0
192,8,32,0,0,0,0,0,0,0,0
485,8,1,70,4,5,168,65,163,224,0
813,8,128,0,4,32,172,1,0,32,0
1277,8,1,135,10,77,157,22,75,132,0
403,8,0,8,8,3,232,136,0,0,0
526,8,78,32,3,160,0,63,143,255,0
1314,8,223,127,208,104,20,56,97,28,0
870,8,127,221,200,2,1,71,206,120,0
852,8,31,255,64,0,0,4,16,128,0
1505,8,137,63,224,11,10,0,52,128,0
651,8,0,0,0,0,0,0,0,0,0
1408,8,0,0,0,3,195,136,0,0,0
1076,8,3,74,160,160,0,0,0,0,0
1760,8,0,0,0,0,0,0,0,0,0
167,8,32,16,250,36,193,37,192,160,0
692,8,20,233,153,0,0,0,88,0,0
458,8,63,241,255,128,0,0,12,56,0
1176,8,135,255,191,252,240,128,0,12,0
560,8,32,0,6,194,180,0,14,0,0
1694,8,4,64,4,127,31,192,21,194,0
293,8,144,0,64,159,66,190,169,96,0
14,8,32,82,150,2,8,9,117,214,0
661,8,0,0,0,0,0,0,8,64,0
208,8,10,119,12,96,251,0,0,0,0
51,8,0,7,216,0,12,64,7,208,0
263,8,0,0,0,0,0,0,0,0,0
241,8,62,16,28,192,3,89,204,0,0
1399,8,0,0,8,0,0,0,1,90,0
1760,8,0,0,0,0,0,0,0,0,0
737,8,0,0,0,0,0,0,0,4,0
852,8,31,255,64,0,0,4,1,128,0
1505,8,137,63,224,11,10,0,52,128,0
354,8,0,8,0,195,234,17,244,206,0
167,8,32,16,250,36,193,37,192,160,0
675,8,0,0,0,3,254,128,122,128,0
293,8,144,0,64,159,66,190,139,96,0
961,8,123,85,31,187,18,19,105,46,0
14,8,32,82,150,2,8,9,117,214,0
339,8,0,0,0,4,0,12,0,4,0
1634,8,78,224,0,0,64,0,0,0,0
412,8,4,30,32,27,130,0,40,192,0
208,8,18,119,12,96,250,0,0,0,0
51,8,0,7,208,0,12,128,7,208,0
628,8,0,242,34,252,80,124,134,185,0
192,8,32,0,0,0,0,0,0,0,0
403,8,0,8,8,3,232,136,0,0,0
526,8,78,32,3,160,0,63,143,255,0
1314,8,223,127,208,95,156,64,90,92,0
870,8,127,221,200,2,1,71,206,120,0
852,8,31,255,64,0,0,4,1,128,0
1505,8,137,63,224,11,10,0,52,128,0
651,8,0,0,0,0,0,0,0,0,0
1408,8,0,0,0,3,188,8,0,0,0
1076,8,3,106,160,160,0,0,0,0,0
1760,8,0,0,0,0,0,0,0,0,0
1788,8,0,0,7,93,146,183,88,0,0
167,8,32,16,250,36,193,37,192,160,0
569,8,0,0,0,125,0,0,67,32,0
1176,8,135,255,191,252,239,128,0,13,0
560,8,48,0,6,58,180,0,16,0,0
1694,8,4,64,4,127,31,192,21,194,0
293,8,144,0,64,159,66,190,109,96,0
14,8,32,82,150,2,8,9,117,214,0
208,8,26,119,12,96,249,0,0,0,0
51,8,0,7,200,0,12,192,7,208,0
215,8,0,0,2,0,128,0,0,0,0
263,8,0,0,0,0,0,0,0,0,0
186,8,6,184,161,196,16,0,6,32,0
65,8,128,34,0,32,1,0,0,0,0
1760,8,0,0,0,0,0,0,0,0,0
737,8,0,0,0,0,0,0,0,4,0
852,8,31,255,64,0,0,3,250,0,0
1505,8,137,63,224,11,10,0,52,128,0
354,8,0,8,0,195,234,17,244,206,0
167,8,32,16,250,36,193,37,192,160,0
622,8,1,6,64,130,137,14,10,4,0
1175,8,0,0,0,0,0,0,0,0,0
293,8,144,0,64,159,66,190,79,96,0
14,8,32,82,150,2,8,9,117,228,0
738,8,24,8,13,64,64,0,1,24,0
837,8,5,2,2,194,60,119,64,129,0
1072,8,0,48,68,139,220,128,16,160,0
304,8,0,1,80,0,0,0,0,0,0
339,8,0,0,0,4,0,12,0,4,0
661,8,0,0,0,0,0,0,8,64,0
1634,8,78,224,0,0,64,0,0,0,0
412,8,8,26,32,27,130,0,40,192,0
208,8,34,119,12,96,248,0,0,0,0
51,8,0,7,192,0,13,0,7,208,0
628,8,0,242,36,250,80,124,134,185,0
192,8,32,0,0,0,0,0,0,0,0
403,8,0,8,8,3,232,136,0,0,0
526,8,78,32,3,160,0,63,111,255,0
1314,8,223,127,208,87,163,200,83,156,0
870,8,127,221,200,2,1,71,206,120,0
1408,8,0,0,0,3,180,136,0,0,0
852,8,31,255,64,0,0,3,250,0,0
961,8,123,85,31,186,209,148,41,46,0
1505,8,137,63,224,11,10,0,52,128,0
651,8,0,0,0,0,0,0,0,0,0
1076,8,3,130,160,160,0,0,0,0,0
1760,8,0,0,0,0,0,0,0,0,0
167,8,32,16,250,36,193,37,192,160,0
722,8,0,0,8,0,0,0,0,0,0
1372,8,16,27,0,0,65,130,48,0,0
1176,8,135,255,191,252,238,128,0,14,0
1124,8,0,2,64,0,0,144,20,153,0
560,8,62,0,5,194,172,0,18,0,0
1694,8,4,64,4,127,31,192,21,194,0
293,8,144,0,64,159,66,190,49,96,0
705,8,1,243,79,199,202,31,90,162,0
14,8,32,82,150,2,8,9,117,220,0
208,8,42,119,12,96,247,0,0,0,0
51,8,0,7,184,0,13,64,7,208,0
263,8,0,0,0,0,0,0,0,0,0
663,8,17,0,0,32,0,2,81,16,0
1455,8,32,192,0,0,0,32,120,0,0
813,8,128,0,4,32,172,1,0,32,0
1277,8,1,122,10,78,143,20,75,132,0
1760,8,0,0,0,0,0,0,0,0,0
737,8,0,0,0,0,0,0,0,4,0
852,8,31,255,64,0,0,3,235,0,0
1505,8,137,63,224,11,10,0,48,128,0
354,8,0,8,0,195,234,17,244,206,0
244,8,154,12,1,2,4,177,2,64,0
167,8,32,16,250,36,209,37,192,160,0
293,8,144,0,64,159,66,190,19,96,0
1644,8,0,0,0,0,24,0,0,0,0
14,8,32,82,150,2,8,9,117,220,0
1255,8,0,0,0,20,3,102,0,0,0
339,8,0,0,0,4,0,12,0,4,0
1634,8,78,224,0,0,64,0,0,0,0
1668,8,76,213,128,25,65,84,16,30,0
1590,8,36,156,0,0,240,0,0,0,0
1413,8,0,64,0,0,0,2,0,24,0
727,8,16,0,96,216,0,0,0,8,0
412,8,12,22,32,27,130,0,40,192,0
208,8,50,119,12,96,246,0,0,0,0
403,8,0,8,8,3,232,136,0,0,0
526,8,78,32,3,160,0,63,111,255,0
1314,8,223,127,208,79,171,80,78,28,0
852,8,31,255,64,0,0,3,220,0,0
1505,8,137,63,224,11,10,0,48,128,0
651,8,0,0,0,0,0,0,0,0,0
51,8,0,7,176,0,13,128,7,208,0
628,8,0,242,38,248,80,124,134,185,0
870,8,127,221,200,2,1,71,206,120,0
1408,8,0,0,0,3,173,8,0,0,0
192,8,32,0,0,0,0,0,0,0,0
167,8,32,16,250,36,193,37,192,160,0
1031,8,64,1,95,240,20,128,189,160,0
60,8,0,0,4,0,40,0,0,0,0
996,8,0,208,0,0,133,0,0,0,0
1076,8,3,170,160,160,0,0,0,0,0
1628,8,64,8,178,117,32,0,0,0,0
1760,8,0,0,0,0,0,0,0,0,0
519,8,4,4,96,72,42,222,149,24,0
1694,8,4,64,4,127,31,192,21,226,0
293,8,144,0,64,159,66,189,245,96,0
1176,8,135,255,191,252,237,128,0,15,0
1225,8,1,249,21,130,13,2,246,75,0
470,8,2,11,128,128,48,36,5,128,0
1399,8,0,0,8,0,0,0,1,90,0
961,8,123,85,31,187,80,84,233,46,0
117,8,15,50,0,15,174,30,224,0,0
560,8,77,0,5,66,172,0,20,0,0
14,8,32,82,150,2,8,9,117,220,0
661,8,0,0,0,0,0,0,8,64,0
208,8,58,119,12,96,245,0,0,0,0
51,8,0,7,168,0,13,192,7,208,0
263,8,0,0,0,0,0,0,0,0,0
186,8,6,184,159,132,16,0,6,32,0
1760,8,0,0,0,0,0,0,0,0,0
737,8,0,0,0,0,0,0,0,4,0
852,8,31,255,64,0,0,3,220,0,0
1505,8,137,63,224,11,10,0,48,128,0
354,8,0,8,0,179,234,17,244,206,0
167,8,32,16,250,36,193,37,192,160,0
58,8,0,0,0,0,0,29,8,0,0
293,8,144,0,64,159,66,189,215,96,0
1227,8,128,0,0,0,0,0,0,0,0
640,8,24,224,2,112,0,0,0,0,0
14,8,32,82,150,2,8,9,117,220,0
339,8,0,0,0,4,0,12,0,4,0
1634,8,78,224,0,0,64,0,0,0,0
412,8,16,18,32,27,130,0,40,192,0
208,8,66,119,12,96,244,0,0,0,0
51,8,0,7,160,0,14,0,7,208,0
628,8,0,242,40,246,80,124,134,185,0
192,8,32,0,0,0,0,0,0,0,0
953,8,32,4,114,0,0,0,28,66,0
403,8,0,8,8,3,232,136,0,0,0
526,8,78,32,3,160,0,63,111,255,0
541,8,0,0,0,0,0,1,0,0,0
1314,8,223,127,208,69,180,216,72,92,0
852,8,31,255,64,0,0,3,212,128,0
1505,8,137,63,224,11,10,0,48,128,0
651,8,0,0,0,0,0,0,0,0,0
870,8,127,221,200,2,1,71,206,120,0
1408,8,0,0,0,3,165,136,0,0,0
1076,8,3,202,160,160,0,0,0,0,0
1760,8,0,0,0,0,0,0,0,0,0
167,8,32,16,250,36,193,37,192,160,0
61,8,0,0,4,0,0,0,0,0,0
1262,8,160,0,13,8,240,76,64,8,0
1176,8,135,255,191,252,252,128,0,0,0
560,8,94,0,4,178,164,0,22,0,0
1694,8,4,64,4,127,31,192,21,194,0
293,8,144,0,64,159,66,189,185,96,0
14,8,32,82,150,2,8,9,117,214,0
1459,8,4,0,0,0,0,0,4,0,0
208,8,74,119,12,96,243,0,0,0,0
51,8,0,7,152,0,14,64,7,208,0
263,8,0,0,0,0,0,0,0,0,0
1760,8,0,0,0,0,0,0,0,0,0
737,8,0,0,0,0,0,0,0,4,0
852,8,31,255,64,0,0,3,197,128,0
961,8,123,85,31,187,207,85,105,46,0
1505,8,137,63,224,11,10,0,48,128,0
354,8,0,8,0,179,234,17,244,206,0
167,8,32,16,250,36,193,37,192,160,0
1693,8,128,141,207,176,79,193,252,177,0
293,8,144,0,64,159,66,189,155,96,0
14,8,32,82,150,2,8,9,117,220,0
1049,8,10,155,70,77,4,95,195,79,0
339,8,0,0,0,4,0,12,0,4,0
661,8,0,0,0,0,0,0,8,64,0
1634,8,78,224,0,0,64,0,0,0,0
412,8,20,14,32,27,130,0,40,192,0
208,8,82,119,12,96,242,0,0,0,0
51,8,0,7,144,0,14,128,7,208,0
628,8,0,242,42,244,80,124,134,185,0
192,8,32,0,0,0,0,0,0,0,0
813,8,128,0,4,32,172,1,0,32,0
1277,8,1,136,10,78,159,22,203,132,0
403,8,0,8,8,3,232,136,0,0,0
526,8,78,32,3,160,0,63,111,247,0
1314,8,223,127,208,58,63,224,66,156,0
870,8,127,221,200,2,1,71,206,120,0
852,8,31,255,64,0,0,3,197,128,0
1505,8,137,63,224,11,10,0,44,128,0
651,8,0,0,0,0,0,0,0,0,0
1408,8,0,0,0,3,158,8,0,0,0
1076,8,3,234,160,160,0,0,0,0,0
1760,8,0,0,0,0,0,0,0,0,0
167,8,32,16,250,36,193,37,192,160,0
692,8,20,233,153,0,0,0,88,0,0
458,8,63,241,255,128,0,0,12,56,0
1176,8,135,255,191,252,251,128,0,1,0
1512,8,0,0,2,4,0,57,176,0,0
560,8,115,0,4,2,164,0,24,0,0
1694,8,4,64,4,127,31,192,21,194,0
293,8,144,0,64,159,66,189,125,96,0
14,8,32,82,150,2,8,9,117,214,0
208,8,90,119,12,96,241,0,0,0,0
51,8,0,7,136,0,14,192,7,208,0
1399,8,0,0,8,0,0,0,1,90,0
263,8,0,0,0,0,0,0,0,0,0
186,8,6,184,159,132,16,0,6,32,0
1760,8,0,0,0,0,0,0,0,0,0
737,8,0,0,0,0,0,0,0,4,0
852,8,31,255,64,0,0,3,190,0,0
1505,8,137,63,224,11,10,0,44,128,0
354,8,0,8,0,163,234,17,244,206,0
167,8,32,16,250,36,193,37,192,160,0
675,8,0,0,0,3,254,128,120,128,0
293,8,144,0,64,159,66,189,95,96,0
961,8,123,85,31,187,79,85,233,46,0
14,8,32,82,150,2,8,9,117,220,0
339,8,0,0,0,4,0,12,0,4,0
1634,8,78,224,0,0,64,0,0,0,0
412,8,24,10,32,27,130,0,40,192,0
208,8,98,119,12,96,240,0,0,0,0
51,8,0,7,128,0,15,0,7,208,0
628,8,0,242,44,242,80,124,134,185,0
192,8,32,0,0,0,0,0,0,0,0
403,8,0,8,8,3,232,136,0,0,0
526,8,78,32,3,160,0,63,111,239,0
1314,8,223,127,208,45,76,104,61,92,0
870,8,127,221,200,2,1,71,206,120,0
852,8,31,255,64,0,0,3,190,0,0
1505,8,137,63,224,11,10,0,44,128,0
651,8,0,0,0,0,0,0,0,0,0
1408,8,0,0,0,3,150,136,0,0,0
1076,8,4,10,160,160,0,0,0,0,0
1760,8,0,0,0,0,0,0,0,0,0
1788,8,0,0,7,93,82,183,88,0,0
167,8,32,16,250,36,193,37,192,160,0
569,8,0,0,0,125,0,0,67,0,0
1176,8,135,255,191,252,250,128,0,2,0
560,8,138,0,3,66,164,0,26,0,0
1694,8,4,64,4,127,31,192,21,194,0
293,8,144,0,64,159,66,191,33,96,0
14,8,32,82,150,2,8,9,117,208,0
661,8,0,0,0,0,0,0,8,64,0
208,8,106,119,12,96,239,0,0,0,0
51,8,0,7,120,0,15,64,7,208,0
215,8,0,0,2,0,128,0,0,0,0
263,8,0,0,0,0,0,0,0,0,0
1760,8,0,0,0,0,0,0,0,0,0
737,8,0,0,0,0,0,0,0,4,0
852,8,31,255,64,0,0,3,175,0,0
1505,8,137,63,224,11,10,0,44,128,0
354,8,0,8,0,163,234,17,244,206,0
167,8,0,16,250,36,193,37,192,160,0
622,8,1,6,64,130,137,14,10,4,0
1175,8,0,0,0,0,0,0,0,0,0
293,8,144,0,64,159,66,191,3,96,0
14,8,32,82,150,2,8,9,117,214,0
738,8,24,8,13,64,64,0,1,24,0
837,8,5,2,2,194,60,119,64,129,0
1072,8,0,48,68,139,220,128,16,160,0
304,8,0,1,80,0,0,0,0,0,0
339,8,0,0,0,4,0,12,0,4,0
1634,8,78,224,0,0,64,0,0,0,0
412,8,28,6,32,27,130,0,40,192,0
208,8,114,119,12,96,238,0,0,0,0
51,8,0,7,112,0,15,128,7,208,0
628,8,0,242,46,240,80,124,134,185,0
192,8,32,0,0,0,0,0,0,0,0
403,8,0,8,8,3,232,136,0,0,0
526,8,78,32,3,160,0,63,111,255,0
1314,8,223,127,208,37,211,112,55,156,0
870,8,127,221,200,2,1,71,206,120,0
1408,8,0,0,0,3,143,8,0,0,0
852,8,31,255,64,0,0,4,24,0,0
961,8,123,85,31,187,78,150,169,46,0
1505,8,137,63,224,11,10,0,44,128,0
651,8,0,0,0,0,0,0,0,0,0
1076,8,4,42,160,160,0,0,0,0,0
1760,8,0,0,0,0,0,0,0,0,0
167,8,0,16,250,36,193,37,192,160,0
722,8,0,0,16,0,0,0,0,0,0
1176,8,135,255,191,252,249,128,0,3,0
1124,8,0,2,64,0,0,144,19,154,0
631,8,30,1,128,0,0,0,1,8,0
560,8,159,0,2,146,156,0,28,0,0
1694,8,4,64,4,127,31,192,21,194,0
293,8,144,0,64,159,66,190,229,96,0
14,8,32,82,150,2,8,9,117,214,0
208,8,122,119,12,96,237,0,0,0,0
51,8,0,7,104,0,15,192,7,208,0
263,8,0,0,0,0,0,0,0,0,0
186,8,6,184,158,132,16,0,6,32,0
1307,8,40,177,129,177,137,199,248,193,0
813,8,128,0,4,32,172,1,0,32,0
1277,8,1,131,10,77,153,21,203,132,0
1760,8,0,0,0,0,0,0,0,0,0
737,8,0,0,0,0,0,0,0,4,0
852,8,31,255,64,0,0,4,24,0,0
705,8,1,243,143,199,202,31,66,182,0
1505,8,137,63,224,11,10,0,40,128,0
354,8,0,8,0,163,234,17,244,206,0
244,8,154,12,1,2,4,177,2,64,0
167,8,0,16,250,36,193,37,192,160,0
930,8,0,0,0,0,12,1,224,0,0
293,8,144,0,64,159,66,190,199,96,0
1644,8,0,0,0,0,24,0,0,0,0
1560,8,251,125,190,255,247,119,191,221,0
14,8,32,82,150,2,8,9,117,220,0
1255,8,0,0,0,20,3,102,0,0,0
339,8,0,0,0,4,0,12,0,4,0
1413,8,0,64,0,0,0,2,0,24,0
661,8,0,0,0,0,0,0,8,64,0
1634,8,78,224,0,0,64,0,0,0,0
1668,8,76,213,128,25,65,84,16,30,0
1590,8,36,156,0,0,240,0,0,0,0
727,8,16,0,96,216,0,0,0,8,0
412,8,0,34,32,27,130,0,40,192,0
403,8,0,8,8,3,232,136,0,0,0
526,8,78,32,3,160,0,63,143,255,0
1314,8,223,127,208,28,219,248,49,92,0
208,8,2,119,12,96,252,0,0,0,0
852,8,31,255,64,0,0,4,16,128,0
1505,8,137,63,224,11,10,0,40,128,0
651,8,0,0,0,0,0,0,0,0,0
51,8,0,7,224,0,12,0,7,208,0
628,8,0,242,32,254,80,124,134,185,0
870,8,127,221,200,2,1,71,206,120,0
1408,8,0,0,0,3,135,136,0,0,0
1076,8,4,74,160,160,0,0,0,0,0
192,8,32,0,0,0,0,0,0,0,0
167,8,0,16,250,36,193,37,192,160,0
1031,8,64,1,95,240,20,128,189,160,0
60,8,0,0,4,0,41,0,0,0,0
996,8,0,208,0,0,133,0,0,0,0
1760,8,0,0,0,0,0,0,0,0,0
1628,8,64,8,178,117,32,0,0,0,0
1694,8,4,64,4,127,31,192,21,194,0
519,8,4,4,96,72,42,222,149,24,0
293,8,144,0,64,159,66,190,169,96,0
1176,8,135,255,191,252,248,128,0,4,0
1225,8,1,249,21,130,13,3,246,75,0
470,8,2,143,194,128,52,116,5,144,0
961,8,123,85,31,187,14,23,105,46,0
1399,8,0,0,8,0,0,0,1,90,0
560,8,174,0,2,18,156,0,30,0,0
14,8,32,82,150,2,8,9,117,214,0
208,8,10,119,12,96,251,0,0,0,0
51,8,0,7,216,0,12,64,7,208,0
263,8,0,0,0,0,0,0,0,0,0
1760,8,0,0,0,0,0,0,0,0,0
737,8,0,0,0,0,0,0,0,4,0
852,8,31,255,64,0,0,4,1,128,0
1505,8,137,63,224,11,10,0,40,128,0
354,8,0,8,0,195,234,17,244,206,0
167,8,0,16,250,36,193,37,192,160,0
293,8,144,0,64,159,66,190,139,96,0
14,8,32,82,150,2,8,9,117,220,0
426,8,144,190,189,68,161,99,230,64,0
339,8,0,0,0,4,0,12,0,4,0
1634,8,78,224,0,0,64,0,0,0,0
412,8,4,30,32,27,130,0,40,192,0
208,8,18,119,12,96,250,0,0,0,0
51,8,0,7,208,0,12,128,7,208,0
628,8,0,242,34,252,80,124,134,185,0
192,8,32,0,0,0,0,0,0,0,0
403,8,0,8,8,3,232,136,0,0,0
526,8,78,32,3,160,0,63,143,255,0
1314,8,223,127,208,19,236,0,44,28,0
870,8,127,221,200,2,1,71,206,120,0
852,8,31,255,64,0,0,4,1,128,0
1505,8,137,63,224,11,10,0,40,128,0
651,8,0,0,0,0,0,0,0,0,0
1408,8,0,0,0,3,248,8,0,0,0
1076,8,4,104,0,160,0,0,0,0,0
1760,8,0,0,0,0,0,0,0,0,0
167,8,0,16,250,36,193,37,192,160,0
61,8,0,0,4,128,0,0,0,0,0
1176,8,135,255,191,252,247,128,0,5,0
560,8,207,0,1,130,156,0,0,0,0
1694,8,4,64,4,127,31,192,21,194,0
293,8,144,0,64,159,66,190,109,96,0
14,8,32,82,150,2,8,9,117,214,0
1459,8,4,0,0,0,0,0,4,0,0
661,8,0,0,0,0,0,0,8,64,0
208,8,26,119,12,96,249,0,0,0,0
51,8,0,7,200,0,12,192,7,208,0
263,8,0,0,0,0,0,0,0,0,0
186,8,6,184,158,4,16,0,6,32,0
1760,8,0,0,0,0,0,0,0,0,0
737,8,0,0,0,0,0,0,0,4,0
852,8,31,255,64,0,0,3,250,0,0
961,8,123,85,31,187,77,87,233,46,0
1505,8,137,63,224,11,10,0,44,128,0
354,8,0,8,0,227,234,17,244,206,0
167,8,0,16,250,36,193,37,192,160,0
1372,8,16,27,0,0,65,130,48,0,0
293,8,144,0,64,159,66,190,79,96,0
14,8,32,82,150,2,8,9,117,214,0
339,8,0,0,0,4,0,12,0,4,0
1634,8,78,224,0,0,64,0,0,0,0
412,8,8,26,32,27,130,0,40,192,0
208,8,34,119,12,96,248,0,0,0,0
51,8,0,7,192,0,13,0,7,208,0
628,8,0,242,36,250,80,124,134,185,0
192,8,32,0,0,0,0,0,0,0,0
778,8,64,45,80,1,211,50,50,0,0
452,8,0,0,2,0,2,0,0,0,0
676,8,54,220,0,28,4,8,152,208,0
403,8,0,8,8,3,232,136,0,0,0
526,8,78,32,3,160,0,63,143,247,0
1314,8,223,127,208,14,240,136,39,28,0
870,8,127,221,200,2,1,71,206,120,0
852,8,31,255,64,0,0,3,250,0,0
1505,8,137,63,224,11,10,0,48,128,0
651,8,0,0,0,0,0,0,0,0,0
1408,8,0,0,0,3,240,136,0,0,0
1076,8,0,136,224,160,0,0,0,0,0
1760,8,0,0,0,0,0,0,0,0,0
167,8,0,16,250,36,193,37,192,160,0
692,8,20,233,153,0,0,0,88,0,0
458,8,63,241,255,128,0,0,12,56,0
1176,8,135,255,191,252,246,128,0,6,0
813,8,128,0,4,32,172,1,0,32,0
1277,8,1,125,10,77,147,20,203,132,0
560,8,222,0,1,2,148,0,2,0,0
1694,8,4,64,4,127,31,192,21,194,0
293,8,144,0,64,159,66,190,49,96,0
14,8,32,82,150,2,8,9,117,214,0
208,8,42,119,12,96,247,0,0,0,0
51,8,0,7,184,0,13,64,7,208,0
1399,8,0,0,8,0,0,0,1,90,0
263,8,0,0,0,0,0,0,0,0,0
1760,8,0,0,0,0,0,0,0,0,0
737,8,0,0,0,0,0,0,0,4,0
852,8,31,255,64,0,0,3,235,0,0
1505,8,137,63,224,11,10,0,48,128,0
354,8,0,8,1,35,234,17,244,206,0
167,8,0,16,250,100,193,37,192,160,0
675,8,0,0,0,3,254,128,118,0,0
293,8,144,0,64,159,66,190,19,96,0
961,8,123,85,31,187,140,152,105,46,0
14,8,32,82,150,2,8,9,117,228,0
339,8,0,0,0,4,0,12,0,4,0
661,8,0,0,0,0,0,0,8,64,0
1634,8,78,224,0,0,64,0,0,0,0
412,8,12,22,32,27,130,0,40,192,0
208,8,50,119,12,96,246,0,0,0,0
51,8,0,7,176,0,13,128,7,208,0
628,8,0,242,38,248,80,124,134,185,0
192,8,32,0,0,0,0,0,0,0,0
403,8,0,8,8,3,232,136,0,0,0
526,8,78,32,3,160,0,63,143,255,0
1314,8,223,127,208,11,115,144,34,220,0
870,8,127,221,200,2,1,71,206,120,0
1408,8,0,0,0,3,233,8,0,0,0
852,8,31,255,64,0,0,3,220,0,0
1505,8,137,63,224,11,10,0,52,128,0
651,8,0,0,0,0,0,0,0,0,0
1076,8,0,168,224,160,0,0,0,0,0
1760,8,0,0,0,0,0,0,0,0,0
1788,8,0,0,7,93,178,183,88,0,0
167,8,0,16,250,100,193,37,192,160,0
569,8,0,0,0,125,0,0,67,0,0
1176,8,135,255,191,252,245,128,0,7,0
560,8,228,0,0,202,148,0,4,0,0
1694,8,4,64,4,127,31,192,21,194,0
293,8,144,0,64,159,66,189,245,96,0
14,8,32,82,150,2,8,9,117,208,0
208,8,58,119,12,96,245,0,0,0,0
51,8,0,7,168,0,13,192,7,208,0
215,8,0,0,2,0,128,0,0,0,0
263,8,0,0,0,0,0,0,0,0,0
186,8,6,184,157,196,16,0,6,32,0
1760,8,0,0,0,0,0,0,0,0,0
737,8,0,0,0,0,0,0,0,4,0
852,8,31,255,64,0,0,3,220,0,0
1505,8,137,63,224,11,10,0,60,128,0
354,8,0,8,1,83,234,17,244,206,0
167,8,0,16,249,228,193,37,192,160,0
1175,8,0,0,0,0,0,0,0,0,0
293,8,144,0,64,159,66,189,215,96,0
622,8,1,6,64,130,137,14,10,4,0
14,8,32,82,150,2,8,9,117,228,0
738,8,24,8,13,64,64,0,1,24,0
837,8,5,2,2,194,60,119,64,129,0
1072,8,0,48,68,139,220,128,16,160,0
304,8,0,1,80,0,0,0,0,0,0
339,8,0,0,0,4,0,12,0,4,0
1634,8,78,224,0,0,64,0,0,0,0
412,8,16,18,32,27,130,0,40,192,0
208,8,66,119,12,96,244,0,0,0,0
51,8,0,7,160,0,14,0,7,208,0
628,8,0,242,40,246,80,124,134,185,0
192,8,32,0,0,0,0,0,0,0,0
37,8,0,0,2,136,64,62,34,1,0
403,8,0,8,8,3,232,136,0,0,0
526,8,78,32,3,160,0,63,143,255,0
1314,8,223,127,208,8,118,24,30,28,0
870,8,127,221,200,2,1,71,206,120,0
1408,8,0,0,0,3,225,136,0,0,0
852,8,31,255,64,0,0,3,212,128,0
961,8,123,85,31,187,76,25,41,46,0
1505,8,137,63,224,11,10,0,60,128,0
651,8,0,0,0,0,0,0,0,0,0
1076,8,0,199,32,160,0,0,0,0,0
1760,8,0,0,0,0,0,0,0,0,0
167,8,0,16,249,228,193,37,192,160,0
722,8,0,0,24,0,0,0,0,0,0
1176,8,135,255,191,252,244,128,0,8,0
1124,8,0,2,64,0,0,144,18,155,0
560,8,233,0,0,154,148,0,6,0,0
1694,8,4,64,4,127,31,192,21,194,0
293,8,144,0,64,159,66,189,185,96,0
14,8,32,82,150,2,8,9,117,228,0
661,8,0,0,0,0,0,0,8,64,0
208,8,74,119,12,96,243,0,0,0,0
51,8,0,7,152,0,14,64,7,208,0
263,8,0,0,0,0,0,0,0,0,0
813,8,128,0,4,32,172,1,0,32,0
1277,8,1,120,10,77,141,20,75,132,0
1760,8,0,0,0,0,0,0,0,0,0
737,8,0,0,0,0,0,0,0,4,0
852,8,31,255,64,0,0,3,197,128,0
1505,8,137,63,224,11,10,0,68,128,0
354,8,0,8,1,147,234,17,244,206,0
167,8,0,16,249,228,193,37,192,160,0
244,8,154,12,1,2,4,177,2,64,0
293,8,144,0,64,159,66,189,155,96,0
1644,8,0,0,0,0,24,0,0,0,0
705,8,1,243,207,199,201,159,44,202,0
14,8,32,82,150,2,8,9,117,214,0
1255,8,0,0,0,20,3,102,0,0,0
339,8,0,0,0,4,0,12,0,4,0
1413,8,0,64,0,0,0,2,0,24,0
1634,8,78,224,0,0,64,0,0,0,0
1668,8,76,213,128,25,65,84,16,30,0
1590,8,36,156,0,0,240,0,0,0,0
727,8,16,0,96,216,0,0,0,8,0
412,8,20,14,32,27,130,0,40,192,0
208,8,82,119,12,96,242,0,0,0,0
403,8,0,8,8,3,232,136,0,0,0
526,8,78,32,3,160,0,63,143,255,0
1314,8,223,127,208,5,248,32,26,28,0
852,8,31,255,64,0,0,3,197,128,0
1505,8,137,63,224,11,10,0,72,128,0
651,8,0,0,0,0,0,0,0,0,0
51,8,0,7,144,0,14,128,7,208,0
628,8,0,242,42,244,80,124,134,185,0
870,8,127,221,200,2,1,71,206,120,0
1408,8,0,0,0,3,218,8,0,0,0
1076,8,0,231,0,160,0,0,0,0,0
192,8,32,0,0,0,0,0,0,0,0
167,8,0,16,249,228,193,37,192,160,0
1031,8,64,1,95,240,20,128,189,160,0
60,8,0,0,4,0,40,0,0,0,0
996,8,0,208,0,0,133,0,0,0,0
1760,8,0,0,0,0,0,0,0,0,0
1628,8,64,8,178,117,32,0,0,0,0
1176,8,135,255,191,252,243,128,0,9,0
519,8,4,4,224,88,42,222,149,24,0
1694,8,4,64,4,127,31,192,21,194,0
293,8,144,0,64,159,66,189,125,96,0
1225,8,1,249,21,130,13,2,246,75,0
470,8,2,11,128,128,48,36,5,128,0
1399,8,0,0,8,0,0,0,1,90,0
961,8,123,85,31,186,140,25,233,46,0
560,8,237,0,0,114,148,0,8,0,0
14,8,32,82,150,2,8,9,117,228,0
1331,8,237,127,207,126,255,241,239,127,0
208,8,90,119,12,96,241,0,0,0,0
51,8,0,7,136,0,14,192,7,208,0
263,8,0,0,0,0,0,0,0,0,0
186,8,6,184,157,68,16,0,6,32,0
1760,8,0,0,0,0,0,0,0,0,0
737,8,0,0,0,0,0,0,0,4,0
852,8,31,255,0,0,0,3,198,0,0
1505,8,137,63,224,11,10,0,76,128,0
354,8,0,8,1,211,234,17,244,206,0
167,8,0,16,250,100,193,37,192,160,0
293,8,144,0,64,159,66,189,95,96,0
1227,8,128,0,0,0,0,0,0,0,0
640,8,24,224,2,112,0,0,0,0,0
14,8,32,82,150,2,8,9,117,228,0
6,8,8,0,0,100,0,0,0,0,0
339,8,0,0,0,4,0,12,0,4,0
661,8,0,0,0,0,0,0,8,64,0
1634,8,78,224,0,0,64,0,0,0,0
412,8,24,10,32,27,130,0,40,192,0
208,8,98,119,12,96,240,0,0,0,0
51,8,0,7,128,0,15,0,7,208,0
628,8,0,242,44,242,80,124,134,185,0
192,8,32,0,0,0,0,0,0,0,0
403,8,0,8,8,3,232,136,0,0,0
526,8,78,31,255,160,0,63,143,255,0
1314,8,223,127,208,4,121,40,22,28,0
870,8,127,221,200,2,1,71,206,120,0
1408,8,0,0,0,3,210,136,0,0,0
852,8,31,255,0,0,0,3,198,0,0
1505,8,137,63,224,11,10,0,88,128,0
651,8,0,0,0,0,0,0,0,0,0
1076,8,1,5,160,160,0,0,0,0,0
1760,8,0,0,0,0,0,0,0,0,0
167,8,0,16,252,100,193,37,192,160,0
61,8,0,0,4,128,0,0,0,0,0
1176,8,135,255,191,252,242,128,0,10,0
560,8,240,0,0,82,148,0,10,0,0
1694,8,4,64,4,127,31,192,21,194,0
293,8,144,0,64,159,66,191,33,96,0
1459,8,4,0,0,0,0,0,4,0,0
14,8,32,82,150,2,8,9,117,234,0
208,8,106,119,12,96,239,0,0,0,0
51,8,0,7,120,0,15,64,7,208,0
263,8,0,0,0,0,0,0,0,0,0
1455,8,32,192,0,0,0,32,112,0,0
1760,8,0,0,0,0,0,0,0,0,0
737,8,0,0,0,0,0,0,0,4,0
852,8,31,255,0,0,0,3,183,0,0
961,8,123,85,31,186,139,154,105,46,0
1505,8,137,63,224,11,10,0,96,128,0
354,8,0,8,2,35,234,17,244,206,0
167,8,0,16,251,228,193,37,192,160,0
293,8,144,0,64,159,66,191,3,96,0
14,8,32,82,150,2,8,9,117,228,0
339,8,0,0,0,0,0,12,0,2,0
1634,8,78,224,0,0,64,0,0,0,0
412,8,28,10,32,27,2,0,40,192,0
208,8,114,119,12,96,238,0,0,0,0
51,8,0,7,112,0,15,128,7,208,0
628,8,0,242,46,240,80,124,134,181,0
192,8,32,0,0,0,0,0,0,0,0
778,8,64,45,80,1,211,52,50,0,0
813,8,128,0,4,32,172,1,0,32,0
1277,8,1,129,10,77,151,21,203,132,0
403,8,0,8,8,3,232,136,0,0,0
526,8,78,31,255,160,0,63,143,247,0
1314,8,223,127,208,2,250,48,19,28,0
870,8,127,221,200,2,1,71,206,120,0
852,8,31,255,0,0,0,4,32,0,0
1505,8,137,63,224,11,10,0,104,128,0
651,8,0,0,0,0,0,0,0,0,0
1408,8,0,0,0,3,203,8,0,0,0
1076,8,1,38,32,160,0,0,0,0,0
1760,8,0,0,0,0,0,0,0,0,0
167,8,0,16,251,100,193,37,192,160,0
692,8,20,233,153,0,0,0,88,0,0
458,8,63,241,255,128,0,0,12,56,0
1176,8,135,255,191,252,241,128,0,11,0
560,8,242,0,0,58,148,0,12,0,0
1694,8,4,64,4,127,31,192,21,194,0
293,8,144,0,64,159,66,190,229,96,0
14,8,32,82,150,2,8,9,117,228,0
661,8,0,0,0,0,0,0,8,64,0
208,8,122,119,12,96,237,0,0,0,0
51,8,0,7,104,0,15,192,7,208,0
1399,8,0,0,8,0,0,0,1,90,0
263,8,0,0,0,0,0,0,0,0,0
186,8,6,184,157,68,16,0,6,32,0
1760,8,0,0,0,0,0,0,0,0,0
737,8,0,0,0,0,0,0,0,4,0
852,8,31,255,0,0,0,4,32,0,0
1505,8,137,63,224,11,10,0,108,128,0
354,8,0,8,2,83,234,17,244,206,0
167,8,0,16,251,100,193,37,192,160,0
675,8,0,0,0,3,254,128,116,0,0
293,8,144,0,64,159,66,190,199,96,0
961,8,123,85,31,186,75,90,233,46,0
14,8,32,82,150,2,8,9,117,240,0
339,8,0,0,0,0,0,12,0,2,0
1634,8,78,224,0,0,64,0,0,0,0
412,8,0,38,32,27,2,0,40,192,0
208,8,2,119,12,96,252,0,0,0,0
51,8,0,7,224,0,12,0,7,208,0
628,8,0,242,32,254,80,124,134,181,0
192,8,32,0,0,0,0,0,0,0,0
403,8,0,8,8,3,232,136,0,0,0
526,8,78,31,255,160,0,63,143,247,0
1314,8,223,127,208,1,123,56,16,220,0
870,8,127,221,200,2,1,71,206,120,0
852,8,31,255,0,0,0,4,24,128,0
1505,8,137,63,224,11,10,0,116,128,0
651,8,0,0,0,0,0,0,0,0,0
1408,8,0,0,0,3,195,136,0,0,0
1076,8,1,70,128,160,0,0,0,0,0
1760,8,0,0,0,0,0,0,0,0,0
1788,8,0,0,7,93,210,183,80,0,0
167,8,0,16,251,100,193,37,192,160,0
569,8,0,0,0,125,0,0,67,0,0
1176,8,135,255,191,252,240,128,0,12,0
560,8,244,0,0,34,148,0,14,0,0
1694,8,4,64,4,127,32,0,21,226,0
293,8,144,0,64,159,66,190,169,96,0
14,8,32,82,150,2,8,9,117,240,0
208,8,10,119,12,96,251,0,0,0,0
51,8,0,7,216,0,12,64,7,208,0
215,8,0,0,2,0,128,0,0,0,0
263,8,0,0,0,0,0,0,0,0,0
1760,8,0,0,0,0,0,0,0,0,0
692,8,20,233,154,0,0,0,88,0,0
737,8,0,0,0,0,0,0,0,4,0
852,8,31,254,192,0,0,4,17,128,0
1505,8,137,63,224,11,10,0,124,128,0
354,8,0,8,2,163,234,17,244,206,0
167,8,0,16,249,228,193,37,192,160,0
1175,8,0,0,0,0,0,0,0,0,0
622,8,1,6,64,130,137,14,10,4,0
293,8,144,0,64,159,66,190,139,96,0
14,8,32,82,150,2,8,9,117,228,0
738,8,24,8,13,64,64,0,1,24,0
837,8,5,2,2,194,60,119,64,129,0
1072,8,0,48,68,139,220,128,16,160,0
304,8,0,1,80,0,0,0,0,0,0
339,8,0,0,0,0,0,12,0,2,0
661,8,0,0,0,0,0,0,8,64,0
1634,8,78,224,0,0,64,0,0,0,0
412,8,4,34,32,27,2,0,40,192,0
208,8,18,119,12,96,250,0,0,0,0
51,8,0,7,208,0,12,128,7,208,0
628,8,0,242,34,252,80,124,134,181,0
192,8,32,0,0,0,0,0,0,0,0
403,8,0,8,8,3,232,136,0,0,0
526,8,78,31,255,160,0,63,143,247,0
1314,8,223,127,208,0,251,64,14,156,0
870,8,127,221,200,2,1,71,206,120,0
852,8,31,254,192,0,0,4,17,128,0
1505,8,137,63,224,11,10,0,136,128,0
961,8,123,85,31,186,202,27,169,46,0
651,8,0,0,0,0,0,0,0,0,0
1408,8,0,0,0,3,188,8,0,0,0
1076,8,1,104,96,160,0,0,0,0,0
1760,8,0,0,0,0,0,0,0,0,0
167,8,0,16,249,228,193,37,192,160,0
722,8,0,0,32,0,0,0,0,0,0
1372,8,16,27,0,0,65,130,48,0,0
1176,8,135,255,191,252,239,128,0,13,0
1124,8,0,2,64,0,0,144,17,156,0
560,8,246,0,0,10,148,0,16,0,0
1694,8,4,64,4,126,31,192,21,226,0
293,8,144,0,64,159,66,190,109,96,0
14,8,32,82,150,2,8,9,117,240,0
208,8,26,119,12,96,249,0,0,0,0
51,8,0,7,200,0,12,192,7,208,0
263,8,0,0,0,0,0,0,0,0,0
186,8,6,184,157,4,16,0,6,32,0
1307,8,41,9,24,63,1,6,8,1,0
813,8,128,0,4,32,172,1,0,32,0
1277,8,1,136,10,77,159,22,203,132,0
1760,8,0,0,0,0,0,0,0,0,0
737,8,0,0,0,0,0,0,0,4,0
852,8,31,254,192,0,0,4,10,0,0
1505,8,137,63,224,11,10,0,144,128,0
354,8,0,8,2,211,234,17,244,206,0
167,8,0,16,250,100,193,37,192,160,0
244,8,154,12,1,2,4,177,2,64,0
293,8,144,0,64,159,66,190,79,96,0
1644,8,0,0,0,0,24,0,0,0,0
14,8,32,82,150,2,8,9,117,234,0
1255,8,0,0,0,20,3,102,0,0,0
339,8,0,0,0,0,0,12,0,2,0
1413,8,0,64,0,0,0,2,0,24,0
1634,8,78,224,0,0,64,0,0,0,0
1668,8,76,213,128,25,65,84,16,30,0
1590,8,36,156,0,0,240,0,0,0,0
727,8,16,0,96,216,0,0,0,8,0
412,8,8,34,32,26,130,0,40,192,0
208,8,34,119,12,96,248,0,0,0,0
403,8,0,8,8,3,232,136,0,0,0
526,8,78,32,3,160,0,63,143,247,0
1314,8,223,127,208,0,250,200,13,28,0
51,8,0,7,192,0,13,0,7,208,0
852,8,31,254,192,0,0,4,10,0,0
705,8,1,243,207,199,198,159,34,224,0
1505,8,137,63,224,11,10,0,156,128,0
651,8,0,0,0,0,0,0,0,0,0
628,8,0,242,36,250,80,124,134,177,0
870,8,127,221,200,2,1,71,206,120,0
1408,8,0,0,0,3,180,136,0,0,0
1076,8,1,134,192,160,0,0,0,0,0
1760,8,0,0,0,0,0,0,0,0,0
192,8,32,0,0,0,0,0,0,0,0
167,8,0,16,250,100,193,37,192,160,0
1031,8,64,1,95,240,20,128,189,160,0
60,8,0,0,4,0,41,0,0,0,0
1176,8,135,255,191,252,238,128,0,14,0
996,8,0,208,0,0,133,0,0,0,0
1694,8,4,64,4,127,31,192,21,226,0
1628,8,64,8,178,117,32,0,0,0,0
293,8,144,0,64,159,66,190,49,96,0
519,8,4,4,96,72,42,222,149,24,0
1225,8,1,249,21,130,13,2,246,75,0
470,8,2,15,130,128,48,36,5,128,0
961,8,123,85,31,187,73,28,41,46,0
1399,8,0,0,8,0,0,0,1,90,0
560,8,245,0,0,10,148,0,18,0,0
14,8,32,82,150,2,8,9,117,246,0
661,8,0,0,0,0,0,0,8,64,0
208,8,42,119,12,96,247,0,0,0,0
51,8,0,7,184,0,13,64,7,208,0
263,8,0,0,0,0,0,0,0,0,0
1760,8,0,0,0,0,0,0,0,0,0
737,8,0,0,0,0,0,0,0,4,0
852,8,31,254,192,0,0,3,251,0,0
1505,8,137,63,224,11,10,0,164,128,0
354,8,0,8,3,19,234,17,244,206,0
167,8,0,16,250,100,193,37,192,160,0
293,8,144,0,64,159,66,190,19,96,0
14,8,32,82,150,2,8,9,117,234,0
1398,8,127,248,0,0,63,252,31,192,0
339,8,0,0,0,0,0,12,0,2,0
1634,8,78,224,0,0,64,0,0,0,0
412,8,12,30,32,26,130,0,40,192,0
208,8,50,119,12,96,246,0,0,0,0
51,8,0,7,176,0,13,128,7,208,0
628,8,0,242,38,248,80,124,134,177,0
192,8,32,0,0,0,0,0,0,0,0
403,8,0,8,8,3,232,136,0,0,0
526,8,78,32,3,160,0,63,143,239,0
1314,8,223,127,208,0,250,80,11,220,0
870,8,127,221,200,2,1,71,206,120,0
852,8,31,254,192,0,0,3,236,0,0
1505,8,137,63,224,11,10,0,172,128,0
651,8,0,0,0,0,0,0,0,0,0
1408,8,0,0,0,3,173,8,0,0,0
1076,8,1,166,0,160,0,16,0,0,0
1760,8,0,0,0,0,0,0,0,0,0
167,8,0,16,251,100,193,37,192,160,0
61,8,0,0,4,128,0,0,0,0,0
1176,8,135,255,191,252,237,128,0,15,0
560,8,244,0,0,10,148,0,20,0,0
1694,8,4,64,4,127,31,192,21,226,0
293,8,144,0,64,223,66,189,213,96,0
1459,8,4,0,0,0,0,0,4,0,0
14,8,32,82,150,2,8,9,117,228,0
208,8,58,119,12,96,245,0,0,0,0
51,8,0,7,168,0,13,192,7,208,0
263,8,0,0,0,0,0,0,0,0,0
186,8,6,184,156,132,16,0,6,32,0
1760,8,0,0,0,0,0,0,0,0,0
737,8,0,0,0,0,0,0,0,4,0
961,8,123,85,31,187,8,156,233,46,0
852,8,31,254,192,0,0,3,236,0,0
1505,8,137,63,224,11,10,0,184,128,0
354,8,0,8,3,67,234,17,244,206,0
167,8,0,16,250,100,193,37,192,160,0
293,8,144,0,64,223,66,189,183,96,0
14,8,32,82,150,2,8,9,117,246,0
339,8,0,0,0,0,0,12,0,2,0
661,8,0,0,0,0,0,0,8,64,0
1634,8,78,224,0,0,64,0,0,0,0
412,8,16,26,32,26,130,0,40,192,0
208,8,66,119,12,96,244,0,0,0,0
51,8,0,7,160,0,14,0,7,208,0
628,8,0,242,40,246,80,124,134,177,0
192,8,32,0,0,0,0,0,0,0,0
813,8,128,0,4,32,172,1,0,32,0
1277,8,1,127,10,77,149,21,75,4,0
403,8,0,8,8,3,232,120,0,0,0
526,8,78,32,3,160,0,63,111,239,0
1314,8,223,127,208,0,249,216,10,156,0
870,8,127,221,200,2,1,71,206,120,0
852,8,31,254,192,0,0,3,228,128,0
1505,8,137,63,224,11,10,0,196,128,0
651,8,0,0,0,0,0,0,0,0,0
1408,8,0,0,0,3,165,136,0,0,0
1076,8,1,198,64,160,0,16,0,0,0
1760,8,0,0,0,0,0,0,0,0,0
167,8,0,16,249,228,193,37,192,160,0
692,8,20,233,154,0,0,0,88,0,0
458,8,63,241,255,128,0,0,12,56,0
1176,8,135,255,191,252,252,128,0,0,0
560,8,243,0,0,10,148,0,22,0,0
1694,8,4,64,4,127,31,192,21,226,0
293,8,144,0,64,223,66,189,153,96,0
14,8,32,82,150,2,8,9,117,246,0
208,8,74,119,12,96,243,0,0,0,0
51,8,0,7,152,0,14,64,7,208,0
1399,8,0,0,8,0,0,0,1,90,0
263,8,0,0,0,0,0,0,0,0,0
1760,8,0,0,0,0,0,0,0,0,0
737,8,0,0,0,0,0,0,0,4,0
852,8,31,254,192,0,0,3,213,128,0
1505,8,137,63,224,11,10,0,200,128,0
354,8,0,8,3,131,234,17,244,206,0
167,8,0,16,249,228,193,37,192,160,0
675,8,0,0,0,3,254,128,114,0,0
695,8,0,32,40,64,0,0,128,64,0
293,8,144,0,64,223,66,189,123,96,0
961,8,123,85,31,187,71,221,105,46,0
14,8,32,82,150,2,8,9,117,252,0
339,8,0,0,0,0,0,12,0,2,0
1634,8,78,224,0,0,64,0,0,0,0
412,8,20,22,32,26,130,0,40,192,0
208,8,82,119,12,96,242,0,0,0,0
51,8,0,7,144,0,14,128,7,208,0
628,8,0,242,42,244,80,124,134,177,0
192,8,32,0,0,0,0,0,0,0,0
403,8,0,8,8,3,232,120,0,0,0
526,8,78,32,3,160,0,63,111,247,0
1314,8,223,127,208,0,121,224,9,156,0
870,8,127,221,200,2,1,71,206,120,0
852,8,31,254,192,0,0,3,213,128,0
1505,8,137,63,224,11,10,0,208,128,0
651,8,0,0,0,0,0,0,0,0,0
1408,8,0,0,0,3,158,8,0,0,0
1076,8,1,229,160,160,0,16,0,0,0
1760,8,0,0,0,0,0,0,0,0,0
1788,8,0,0,7,95,114,183,72,0,0
167,8,0,16,249,228,193,37,192,160,0
569,8,0,0,0,125,0,0,67,32,0
1176,8,135,255,191,252,251,128,0,1,0
560,8,242,0,0,10,148,0,24,0,0
1694,8,4,64,4,127,31,192,21,226,0
293,8,144,0,64,223,66,189,93,96,0
14,8,32,82,150,2,8,9,117,252,0
661,8,0,0,0,0,0,0,8,64,0
208,8,90,119,12,96,241,0,0,0,0
51,8,0,7,136,0,14,192,7,208,0
263,8,0,0,0,0,0,0,0,0,0
186,8,6,184,156,68,16,0,6,32,0
215,8,0,0,2,0,128,0,0,0,0
1760,8,0,0,0,0,0,0,0,0,0
737,8,0,0,0,0,0,0,0,4,0
852,8,31,254,192,0,0,3,206,0,0
1505,8,137,63,224,11,10,0,212,128,0
354,8,0,8,3,163,234,17,244,206,0
167,8,0,16,249,100,193,37,192,160,0
1175,8,0,0,0,0,0,0,0,0,0
293,8,144,0,64,223,66,189,63,96,0
622,8,1,6,64,130,137,14,10,4,0
14,8,32,82,150,2,8,9,117,252,0
738,8,24,8,13,64,64,0,1,24,0
837,8,5,2,2,194,60,119,64,129,0
1072,8,0,48,68,139,220,128,16,160,0
304,8,0,1,80,0,0,0,0,0,0
339,8,0,0,0,0,0,12,0,2,0
1634,8,78,224,0,0,64,0,0,0,0
412,8,24,18,32,26,130,0,40,192,0
208,8,98,119,12,96,240,0,0,0,0
51,8,0,7,128,0,15,0,7,208,0
628,8,0,242,44,242,80,124,134,177,0
192,8,32,0,0,0,0,0,0,0,0
403,8,0,8,8,3,232,120,0,0,0
526,8,78,32,3,160,0,63,143,255,0
1314,8,223,127,208,0,121,104,9,92,0
870,8,127,221,200,2,1,71,206,120,0
1408,8,0,0,0,3,150,136,0,0,0
852,8,31,254,192,0,0,3,206,0,0
961,8,123,85,31,187,71,30,41,46,0
1505,8,137,63,224,11,10,0,216,128,0
651,8,0,0,0,0,0,0,0,0,0
1076,8,2,8,32,160,0,16,0,0,0
1760,8,0,0,0,0,0,0,0,0,0
167,8,0,16,249,228,193,37,192,160,0
722,8,0,0,40,0,0,0,0,0,0
1176,8,135,255,191,252,250,128,0,2,0
1124,8,0,2,64,0,0,144,17,93,0
560,8,242,0,0,2,156,0,26,0,0
1694,8,4,64,4,127,31,192,21,194,0
293,8,144,0,64,223,66,191,1,96,0
14,8,32,82,150,2,8,9,117,252,0
208,8,106,119,12,96,239,0,0,0,0
51,8,0,7,120,0,15,64,7,208,0
263,8,0,0,0,0,0,0,0,0,0
452,8,0,0,2,0,2,64,0,0,0
676,8,78,30,1,28,4,8,152,208,0
813,8,128,0,4,32,172,1,0,32,0
1760,8,0,0,0,0,0,0,0,0,0
1277,8,1,125,10,77,147,20,203,132,0
737,8,0,0,0,0,0,0,0,4,0
852,8,31,254,192,0,0,3,191,0,0
1505,8,137,63,224,11,10,0,220,128,0
354,8,0,8,3,227,234,17,244,206,0
167,8,0,16,250,228,193,37,192,160,0
683,8,164,208,201,215,226,215,202,255,0
244,8,154,12,1,2,4,177,2,64,0
1751,8,65,2,207,2,176,7,34,60,0
293,8,144,0,64,223,66,190,227,96,0
1644,8,0,0,0,0,24,0,0,0,0
300,8,121,6,224,0,0,1,253,208,0
1227,8,128,0,0,0,0,14,0,0,0
14,8,32,82,150,2,8,9,118,8,0
1255,8,0,0,0,20,3,102,0,0,0
339,8,0,0,0,0,0,12,0,2,0
1413,8,0,64,0,0,0,2,0,24,0
661,8,0,0,0,0,0,0,8,64,0
1634,8,78,224,0,0,64,0,0,0,0
1668,8,76,213,128,25,65,84,16,30,0
1590,8,36,156,0,0,240,0,0,0,0
727,8,16,0,96,216,0,0,0,8,0
412,8,28,14,32,26,130,0,40,192,0
403,8,0,8,8,3,232,120,0,0,0
526,8,78,32,3,160,0,63,111,255,0
1314,8,223,127,208,0,120,240,8,156,0
852,8,31,254,192,0,0,4,40,0,0
1505,8,137,63,224,11,10,0,228,128,0
651,8,0,0,0,0,0,0,0,0,0
208,8,114,119,12,96,238,0,0,0,0
51,8,0,7,112,0,15,128,7,208,0
628,8,0,242,46,240,80,124,134,177,0
870,8,127,221,200,2,1,71,206,120,0
1408,8,0,0,0,3,143,8,0,0,0
1076,8,2,40,32,160,0,16,0,0,0
1760,8,0,0,0,0,0,0,0,0,0
192,8,32,0,0,0,0,0,0,0,0
167,8,0,16,250,228,193,37,192,160,0
1031,8,64,1,95,240,20,128,189,160,0
60,8,0,0,4,0,41,0,0,0,0
996,8,0,208,0,0,133,0,0,0,0
1176,8,135,255,191,252,249,128,0,3,0
1628,8,64,8,178,117,32,0,0,0,0
1694,8,4,64,4,127,31,192,21,194,0
519,8,4,4,96,72,42,222,149,24,0
293,8,144,0,64,223,66,190,197,96,0
1225,8,1,249,21,130,13,2,246,75,0
470,8,6,11,128,128,48,36,5,128,0
961,8,123,85,31,187,134,94,169,46,0
705,8,1,243,47,199,202,159,6,246,0
1399,8,0,0,8,0,0,0,1,90,0
14,8,32,82,150,2,8,9,117,252,0
560,8,241,0,0,2,156,0,28,0,0
208,8,122,119,12,96,237,0,0,0,0
51,8,0,7,104,0,15,192,7,208,0
263,8,0,0,0,0,0,0,0,0,0
186,8,6,184,156,4,16,0,6,32,0
1760,8,0,0,0,0,0,0,0,0,0
737,8,0,0,0,0,0,0,0,4,0
852,8,31,254,192,0,0,4,40,0,0
1505,8,137,63,224,11,10,0,232,128,0
354,8,0,8,4,3,234,17,244,206,0
167,8,0,16,251,100,193,37,192,160,0
293,8,144,0,64,223,66,190,167,96,0
640,8,24,224,2,112,0,0,0,0,0
14,8,32,82,86,2,8,9,117,252,0
339,8,0,0,0,0,0,12,0,2,0
1634,8,78,224,0,0,64,0,0,0,0
412,8,0,42,32,26,130,0,40,192,0
208,8,2,119,12,96,252,0,0,0,0
51,8,0,7,224,0,12,0,7,208,0
628,8,0,242,32,254,80,124,134,177,0
192,8,32,0,0,0,0,0,0,0,0
403,8,0,8,8,3,232,120,0,0,0
526,8,78,32,3,160,0,63,111,255,0
1314,8,223,127,208,0,120,120,8,28,0
870,8,127,221,200,2,1,71,206,120,0
1408,8,0,0,0,3,135,136,0,0,0
852,8,31,254,192,0,0,4,32,128,0
1505,8,137,63,224,11,10,0,232,128,0
651,8,0,0,0,0,0,0,0,0,0
1076,8,2,64,0,160,0,16,0,0,0
1760,8,0,0,0,0,0,0,0,0,0
167,8,0,16,250,100,193,37,192,160,0
61,8,0,0,4,128,0,0,0,0,0
1176,8,135,255,191,252,248,128,0,4,0
560,8,240,0,0,2,156,0,30,0,0
1694,8,4,64,4,127,31,192,21,194,0
293,8,144,0,64,223,66,190,137,96,0
1227,8,128,0,0,0,0,14,0,0,0
14,8,32,82,150,2,8,9,118,8,0
1459,8,4,0,0,0,0,0,4,0,0
661,8,0,0,0,0,0,0,8,64,0
208,8,10,119,12,96,251,0,0,0,0
51,8,0,7,216,0,12,64,7,208,0
263,8,0,0,0,0,0,0,0,0,0
1760,8,0,0,0,0,0,0,0,0,0
737,8,0,0,0,0,0,0,0,4,0
961,8,123,85,31,187,69,223,105,46,0
852,8,31,254,128,0,0,4,25,128,0
1505,8,137,63,224,11,10,0,236,128,0
354,8,0,8,4,51,234,17,244,206,0
167,8,0,16,251,100,193,37,192,160,0
1372,8,16,27,0,0,65,130,48,0,0
293,8,144,0,64,223,66,190,107,96,0
14,8,32,82,150,2,8,9,118,2,0
339,8,0,0,0,0,0,12,0,2,0
1634,8,78,224,0,0,64,0,0,0,0
412,8,4,38,32,26,130,0,40,192,0
208,8,18,119,12,96,250,0,0,0,0
51,8,0,7,208,0,12,128,7,208,0
628,8,0,242,34,252,80,124,134,177,0
192,8,32,0,0,0,0,0,0,0,0
813,8,128,0,4,32,172,1,0,32,0
1277,8,1,128,10,78,151,21,75,132,0
403,8,0,8,8,3,232,120,0,0,0
526,8,78,32,3,160,0,63,111,255,0
692,8,20,233,154,0,0,0,88,0,0
1314,8,223,127,208,0,127,128,7,156,0
852,8,31,254,128,0,0,4,25,128,0
1505,8,137,63,224,11,10,0,240,128,0
651,8,0,0,0,0,0,0,0,0,0
870,8,127,221,200,2,1,71,206,120,0
1408,8,0,0,0,3,248,8,0,0,0
1076,8,2,96,0,160,0,16,0,0,0
1760,8,0,0,0,0,0,0,0,0,0
167,8,0,16,251,228,193,37,192,160,0
458,8,63,241,255,128,0,0,12,56,0
1176,8,135,255,191,252,247,128,0,5,0
560,8,255,0,0,2,156,0,0,0,0
1694,8,4,64,4,127,32,0,21,194,0
293,8,144,0,64,223,66,190,77,96,0
14,8,32,82,86,2,8,9,118,8,0
1049,8,10,155,70,77,4,95,195,79,0
208,8,26,119,12,96,249,0,0,0,0
51,8,0,7,200,0,12,192,7,208,0
1399,8,0,0,8,0,0,0,1,90,0
263,8,0,0,0,0,0,0,0,0,0
186,8,6,184,156,4,16,0,6,32,0
241,8,62,16,28,192,3,89,204,0,0
1760,8,0,0,0,0,0,0,0,0,0
737,8,0,0,0,0,0,0,0,4,0
852,8,31,254,128,0,0,4,18,0,0
1505,8,137,63,224,11,10,0,248,128,0
354,8,0,8,4,83,234,17,244,206,0
167,8,0,16,250,100,193,37,192,160,0
675,8,0,0,0,3,254,128,113,0,0
293,8,144,0,64,223,66,190,47,96,0
961,8,123,85,31,187,69,95,233,46,0
14,8,32,82,150,2,8,9,118,14,0
339,8,0,0,0,0,0,12,0,2,0
661,8,0,0,0,0,0,0,8,64,0
1634,8,78,224,0,0,64,0,0,0,0
412,8,8,38,32,26,2,0,40,192,0
208,8,34,119,12,96,248,0,0,0,0
51,8,0,7,192,0,13,0,7,208,0
628,8,0,242,36,250,80,124,134,177,0
192,8,32,0,0,0,0,0,0,0,0
403,8,0,8,8,3,232,120,0,0,0
526,8,78,32,3,160,0,63,111,255,0
1314,8,223,127,208,0,127,8,7,28,0
870,8,127,221,200,2,1,71,206,120,0
1408,8,0,0,0,3,240,136,0,0,0
852,8,31,254,128,0,0,4,18,0,0
1505,8,137,63,224,11,10,1,0,128,0
651,8,0,0,0,0,0,0,0,0,0
1076,8,2,138,160,160,0,16,0,0,0
1760,8,0,0,0,0,0,0,0,0,0
1788,8,0,0,7,96,18,183,64,0,0
167,8,0,16,249,228,193,37,192,160,0
569,8,0,0,0,125,0,0,67,32,0
1176,8,135,255,191,252,246,128,0,6,0
560,8,254,0,0,2,156,0,2,0,0
1694,8,4,64,4,127,31,192,21,194,0
293,8,144,0,64,223,66,190,17,96,0
14,8,32,82,150,2,8,9,118,8,0
208,8,42,119,12,96,247,0,0,0,0
51,8,0,7,184,0,13,64,7,208,0
215,8,0,0,2,0,128,0,0,0,0
263,8,0,0,0,0,0,0,0,0,0
1760,8,0,0,0,0,0,0,0,0,0
737,8,0,0,0,0,0,0,0,4,0
852,8,31,254,128,0,0,4,3,0,0
1505,8,137,63,224,11,10,1,4,128,0
354,8,0,8,4,131,234,17,244,206,0
167,8,0,16,249,228,193,37,192,160,0
1175,8,0,0,0,0,0,0,0,0,0
622,8,1,6,64,130,137,14,10,4,0
293,8,144,0,64,223,66,189,243,96,0
14,8,32,82,86,2,8,9,118,14,0
738,8,24,8,13,64,64,0,1,24,0
837,8,5,2,2,194,60,119,64,129,0
1072,8,0,48,68,139,220,128,16,160,0
304,8,0,1,80,0,0,0,0,0,0
339,8,0,0,0,0,0,12,0,2,0
1634,8,78,224,0,0,64,0,0,0,0
412,8,12,34,32,26,2,0,40,192,0
208,8,50,119,12,96,246,0,0,0,0
51,8,0,7,176,0,13,128,7,208,0
628,8,0,242,38,248,80,124,134,173,0
192,8,32,0,0,0,0,0,0,0,0
403,8,0,8,8,3,232,120,0,0,0
526,8,78,32,3,160,0,63,143,255,0
1314,8,223,127,208,0,126,144,6,156,0
870,8,127,221,200,2,1,71,206,120,0
1408,8,0,0,0,3,233,8,0,0,0
852,8,31,254,128,0,0,3,244,0,0
961,8,123,85,31,187,68,160,169,46,0
1505,8,137,63,224,11,10,1,12,128,0
651,8,0,0,0,0,0,0,0,0,0
1076,8,2,170,160,160,0,16,0,0,0
1760,8,0,0,0,0,0,0,0,0,0
167,8,0,16,249,228,193,37,192,160,0
722,8,0,0,48,0,0,0,0,0,0
1176,8,135,255,191,252,245,128,0,7,0
1124,8,0,2,64,0,0,144,16,94,0
560,8,253,0,0,2,164,0,4,0,0
1694,8,4,64,4,127,31,192,21,226,0
293,8,144,0,64,223,66,189,213,96,0
14,8,32,82,86,2,8,9,118,14,0
661,8,0,0,0,0,0,0,8,64,0
208,8,58,119,12,96,245,0,0,0,0
51,8,0,7,168,0,13,192,7,208,0
263,8,0,0,0,0,0,0,0,0,0
186,8,6,184,155,132,16,0,6,32,0
663,8,17,0,0,32,0,2,81,16,0
1307,8,40,12,65,1,40,0,1,33,0
813,8,128,0,4,32,172,1,0,32,0
1277,8,1,128,10,77,151,21,75,4,0
1760,8,0,0,0,0,0,0,0,0,0
737,8,0,0,0,0,0,0,0,4,0
852,8,31,254,128,0,0,3,244,0,0
1505,8,137,63,224,11,10,1,16,128,0
354,8,0,8,4,147,234,17,244,206,0
167,8,0,16,249,228,193,37,192,160,0
244,8,154,12,1,2,4,177,2,64,0
293,8,144,0,64,223,66,189,183,96,0
1644,8,0,0,0,0,24,0,0,0,0
14,8,32,82,86,2,8,9,118,8,0
1255,8,0,0,0,20,3,102,0,0,0
1413,8,0,64,0,0,0,2,0,24,0
339,8,0,0,0,0,0,12,0,2,0
1634,8,78,224,0,0,64,0,0,0,0
1668,8,76,213,128,25,65,84,16,30,0
1590,8,36,156,0,0,240,0,0,0,0
727,8,16,0,96,216,0,0,0,8,0
412,8,16,30,32,26,2,0,40,192,0
403,8,0,8,8,3,232,120,0,0,0
526,8,78,32,3,160,0,63,143,255,0
1314,8,223,127,208,0,126,24,6,92,0
208,8,66,119,12,96,244,0,0,0,0
51,8,0,7,160,0,14,0,7,208,0
852,8,31,254,128,0,0,3,236,128,0
1505,8,137,63,224,11,10,1,20,128,0
651,8,0,0,0,0,0,0,0,0,0
628,8,0,242,40,246,80,124,134,173,0
870,8,127,221,200,2,1,71,206,120,0
1408,8,0,0,0,3,225,136,0,0,0
1076,8,2,202,160,160,0,16,0,0,0
1760,8,0,0,0,0,0,0,0,0,0
192,8,32,0,0,0,0,0,0,0,0
167,8,0,16,250,100,193,37,192,160,0
1031,8,64,1,96,0,20,128,189,160,0
60,8,0,0,4,0,40,0,0,0,0
1176,8,135,255,191,252,244,128,0,8,0
996,8,0,208,0,0,133,0,0,0,0
1628,8,64,8,178,117,32,0,0,0,0
519,8,4,4,96,72,42,222,149,24,0
1225,8,1,249,21,130,13,2,246,75,0
1694,8,4,64,4,127,31,192,21,226,0
293,8,144,0,64,223,66,189,153,96,0
470,8,2,15,130,128,48,36,5,128,0
1399,8,0,0,8,0,0,0,1,90,0
961,8,123,85,31,187,68,33,41,46,0
117,8,15,50,0,15,174,30,224,0,0
560,8,252,0,0,2,164,0,6,0,0
14,8,32,82,86,2,8,9,118,8,0
208,8,74,119,12,96,243,0,0,0,0
51,8,0,7,152,0,14,64,7,208,0
263,8,0,0,0,0,0,0,0,0,0
1760,8,0,0,0,0,0,0,0,0,0
737,8,0,0,0,0,0,0,0,4,0
705,8,1,243,143,199,201,30,243,10,0
852,8,31,254,128,0,0,3,221,128,0
1505,8,137,63,224,11,10,1,24,128,0
354,8,0,8,4,179,234,17,244,206,0
167,8,0,16,251,228,193,37,192,160,0
58,8,0,0,0,0,0,29,8,0,0
293,8,144,0,64,223,66,189,123,96,0
14,8,32,82,86,2,8,9,118,20,0
248,8,126,223,244,253,73,251,167,184,0
339,8,0,0,0,0,0,12,0,2,0
661,8,0,0,0,0,0,0,8,64,0
1634,8,78,224,0,0,64,0,0,0,0
412,8,20,26,32,26,2,0,40,192,0
208,8,82,119,12,96,242,0,0,0,0
51,8,0,7,144,0,14,128,7,208,0
628,8,0,242,42,244,80,124,134,173,0
192,8,32,0,0,0,0,0,0,0,0
403,8,0,8,8,3,232,120,0,0,0
526,8,78,32,3,160,0,63,143,255,0
1314,8,223,127,208,0,125,160,6,28,0
870,8,127,221,200,2,1,71,206,120,0
1408,8,0,0,0,3,218,8,0,0,0
852,8,31,254,128,0,0,3,221,128,0
1505,8,137,63,224,11,10,1,28,128,0
651,8,0,0,0,0,0,0,0,0,0
1076,8,2,234,160,160,16,16,0,0,0
1760,8,0,0,0,0,0,0,0,0,0
167,8,0,16,251,100,193,37,192,160,0
61,8,0,0,4,128,0,0,0,0,0
1176,8,135,255,191,252,243,128,0,9,0
560,8,251,0,0,2,164,0,8,0,0
1694,8,4,64,4,127,31,192,21,226,0
293,8,144,0,64,223,66,189,93,96,0
1459,8,4,0,0,0,0,0,4,0,0
14,8,32,82,86,2,8,9,118,20,0
208,8,90,119,12,96,241,0,0,0,0
51,8,0,7,136,0,14,192,7,208,0
263,8,0,0,0,0,0,0,0,0,0
186,8,6,184,155,68,16,0,6,32,0
1760,8,0,0,0,0,0,0,0,0,0
737,8,0,0,0,0,0,0,0,4,0
961,8,123,85,31,187,131,33,233,46,0
852,8,31,254,128,0,0,3,214,0,0
1505,8,137,63,224,11,10,1,36,128,0
354,8,0,8,4,211,234,17,244,206,0
167,8,0,16,250,100,193,37,192,160,0
293,8,144,0,64,223,66,189,63,96,0
14,8,32,82,86,2,8,9,118,20,0
339,8,0,0,0,0,0,12,0,2,0
1634,8,78,224,0,0,64,0,0,0,0
412,8,24,22,32,26,2,0,40,192,0
208,8,98,119,12,96,240,0,0,0,0
51,8,0,7,128,0,15,0,7,208,0
628,8,0,242,44,242,80,124,134,173,0
192,8,32,0,0,0,0,0,0,0,0
813,8,128,0,4,32,172,1,0,32,0
1277,8,1,124,10,77,145,20,203,4,0
403,8,0,8,8,3,232,120,0,0,0
526,8,78,32,3,160,0,63,111,255,0
692,8,20,233,154,0,0,0,88,0,0
1314,8,223,127,208,0,125,40,5,156,0
870,8,127,221,200,2,1,71,206,120,0
852,8,31,254,128,0,0,3,214,0,0
1505,8,137,63,224,11,10,1,40,128,0
651,8,0,0,0,0,0,0,0,0,0
1408,8,0,0,0,3,210,136,0,0,0
1076,8,3,10,128,160,16,16,0,0,0
1760,8,0,0,0,0,0,0,0,0,0
167,8,0,16,249,228,193,37,192,160,0
458,8,63,241,255,128,0,0,12,56,0
1176,8,135,255,191,252,242,128,0,10,0
560,8,250,0,0,2,164,0,10,0,0
1694,8,4,64,4,127,31,192,21,226,0
293,8,144,0,64,223,66,191,1,96,0
14,8,32,82,86,2,8,9,118,20,0
661,8,0,0,0,0,0,0,8,64,0
208,8,106,119,12,96,239,0,0,0,0
51,8,0,7,120,0,15,64,7,208,0
263,8,0,0,0,0,0,0,0,0,0
1399,8,0,0,8,0,0,0,1,90,0
1760,8,0,0,0,0,0,0,0,0,0
737,8,0,0,0,0,0,0,0,4,0
852,8,31,254,64,0,0,3,207,0,0
1505,8,137,63,224,11,10,1,44,128,0
354,8,0,8,4,243,234,17,244,206,0
167,8,0,16,249,228,193,37,192,160,0
675,8,0,0,0,4,0,128,111,128,0
293,8,144,0,64,223,66,190,227,96,0
961,8,123,85,31,187,194,98,105,46,0
14,8,32,82,86,2,8,9,118,14,0
339,8,0,0,0,0,0,12,0,2,0
1634,8,78,224,0,0,64,0,0,0,0
412,8,28,18,32,26,2,0,40,192,0
208,8,114,119,12,96,238,0,0,0,0
51,8,0,7,112,0,15,128,7,208,0
628,8,0,242,46,240,80,124,134,173,0
192,8,32,0,0,0,0,0,0,0,0
403,8,0,8,8,3,232,120,0,0,0
526,8,78,32,3,160,0,63,143,247,0
1314,8,223,127,208,0,124,176,5,92,0
870,8,127,221,200,2,1,71,206,120,0
852,8,31,254,64,0,0,4,56,0,0
1505,8,137,63,224,11,10,1,48,128,0
651,8,0,0,0,0,0,0,0,0,0
1408,8,0,0,0,3,203,8,0,0,0
1076,8,3,42,0,160,16,16,0,0,0
1760,8,0,0,0,0,0,0,0,0,0
1788,8,0,0,7,97,18,183,48,0,0
167,8,0,16,249,228,193,37,192,160,0
569,8,0,0,0,125,0,0,67,64,0
1176,8,135,255,191,252,241,128,0,11,0
560,8,249,0,0,2,164,0,12,0,0
1694,8,4,64,4,127,31,192,21,194,0
293,8,144,0,64,223,66,190,197,96,0
14,8,32,82,86,2,8,9,118,14,0
208,8,122,119,12,96,237,0,0,0,0
51,8,0,7,104,0,15,192,7,208,0
215,8,0,0,2,0,128,0,0,0,0
263,8,0,0,0,0,0,0,0,0,0
186,8,6,184,155,4,16,0,6,32,0
1760,8,0,0,0,0,0,0,0,0,0
737,8,0,0,0,0,0,0,0,4,0
852,8,31,254,64,0,0,4,56,0,0
1505,8,137,63,224,11,10,1,48,128,0
354,8,0,8,5,3,234,17,244,206,0
167,8,0,16,249,228,193,37,192,160,0
1175,8,0,0,0,0,0,0,0,0,0
622,8,1,6,64,130,137,14,10,4,0
293,8,144,0,64,223,66,190,167,96,0
14,8,32,82,150,2,8,9,118,2,0
738,8,24,8,13,64,64,0,1,24,0
837,8,5,2,2,194,60,119,64,129,0
1072,8,0,48,68,139,220,128,16,160,0
304,8,0,1,80,0,0,0,0,0,0
339,8,0,0,0,0,0,12,0,2,0
661,8,0,0,0,0,0,0,8,64,0
1634,8,78,224,0,0,64,0,0,0,0
412,8,0,48,32,25,194,0,40,192,0
208,8,2,119,12,96,252,0,0,0,0
51,8,0,7,224,0,12,0,7,208,0
628,8,0,242,32,254,80,124,134,173,0
192,8,32,0,0,0,0,0,0,0,0
403,8,0,8,8,3,232,120,0,0,0
526,8,78,32,3,160,0,63,143,239,0
1314,8,223,127,208,0,124,56,4,220,0
870,8,127,221,200,2,1,71,206,120,0
1408,8,0,0,0,3,195,136,0,0,0
961,8,123,85,31,186,130,227,41,46,0
852,8,31,254,64,0,0,4,48,128,0
1505,8,137,63,224,11,10,1,52,128,0
651,8,0,0,0,0,0,0,0,0,0
1076,8,3,74,160,160,16,16,0,0,0
1760,8,0,0,0,0,0,0,0,0,0
167,8,0,16,251,100,193,37,192,160,0
722,8,0,0,56,0,0,0,0,0,0
1372,8,16,27,0,0,65,130,48,0,0
1176,8,135,255,191,252,240,128,0,12,0
1124,8,0,2,64,0,0,144,15,95,0
560,8,248,0,0,2,164,0,14,0,0
1694,8,4,64,4,126,31,192,21,226,0
293,8,144,0,64,223,66,190,137,96,0
14,8,32,82,86,2,8,9,118,20,0
208,8,10,119,12,96,251,0,0,0,0
51,8,0,7,216,0,12,64,7,208,0
263,8,0,0,0,0,0,0,0,0,0
813,8,128,0,4,32,172,1,0,32,0
1277,8,1,126,10,77,147,21,75,4,0
1760,8,0,0,0,0,0,0,0,0,0
737,8,0,0,0,0,0,0,0,4,0
852,8,31,254,64,0,0,4,33,128,0
1505,8,137,63,224,11,10,1,60,128,0
354,8,0,8,5,35,234,17,244,206,0
167,8,0,16,251,100,193,37,192,160,0
244,8,154,12,1,2,4,177,2,64,0
293,8,144,0,64,223,66,190,107,96,0
1644,8,0,0,0,0,24,0,0,0,0
14,8,32,82,86,2,8,9,118,20,0
1255,8,0,0,0,20,3,102,0,0,0
1413,8,0,64,0,0,0,2,0,24,0
339,8,0,0,0,0,0,12,0,2,0
1634,8,78,224,0,0,64,0,0,0,0
1668,8,76,213,128,25,65,84,16,30,0
1590,8,36,156,0,0,240,0,0,0,0
727,8,16,0,96,216,0,0,0,8,0
412,8,4,44,32,25,194,0,40,192,0
403,8,0,8,8,3,232,120,0,0,0
526,8,78,31,255,160,0,63,143,247,0
1314,8,223,127,208,0,123,192,4,156,0
208,8,18,119,12,96,250,0,0,0,0
852,8,31,254,64,0,0,4,33,128,0
1505,8,137,63,224,11,10,1,64,128,0
651,8,0,0,0,0,0,0,0,0,0
51,8,0,7,208,0,12,128,7,208,0
628,8,0,242,34,252,80,124,134,171,0
870,8,127,221,200,2,1,71,206,120,0
1408,8,0,0,0,3,188,8,0,0,0
1076,8,3,106,160,160,16,32,0,0,0
1760,8,0,0,0,0,0,0,0,0,0
192,8,32,0,0,0,0,0,0,0,0
167,8,0,16,250,100,193,37,192,160,0
1031,8,64,1,96,16,20,128,189,160,0
60,8,0,0,4,0,59,0,0,0,0
1176,8,135,255,191,252,239,128,0,13,0
996,8,0,208,0,0,133,0,0,0,0
1628,8,64,8,178,117,32,0,0,0,0
519,8,4,4,96,72,42,222,149,24,0
1225,8,1,249,21,130,13,2,246,75,0
1694,8,4,64,4,126,31,192,21,194,0
293,8,144,0,64,223,66,190,77,96,0
470,8,2,11,128,128,48,36,5,128,0
1399,8,0,0,8,0,0,0,1,90,0
961,8,123,85,31,186,130,99,169,46,0
560,8,247,0,0,2,164,0,16,0,0
14,8,32,82,86,2,8,9,118,20,0
661,8,0,0,0,0,0,0,8,64,0
208,8,26,119,12,96,249,0,0,0,0
51,8,0,7,200,0,12,192,7,208,0
263,8,0,0,0,0,0,0,0,0,0
186,8,6,184,154,132,16,0,6,32,0
1760,8,0,0,0,0,0,0,0,0,0
737,8,0,0,0,0,0,0,0,4,0
852,8,31,254,64,0,0,4,26,0,0
1505,8,137,63,224,11,10,1,68,128,0
354,8,0,8,5,51,234,17,244,206,0
167,8,0,16,249,228,193,37,192,160,0
293,8,144,0,64,223,66,190,47,96,0
1227,8,128,0,0,0,0,14,0,0,0
640,8,24,224,2,112,0,0,0,0,0
705,8,1,243,143,199,201,158,221,30,0
14,8,32,82,86,2,8,9,118,26,0
339,8,0,0,0,0,0,12,0,2,0
1634,8,78,224,0,0,64,0,0,0,0
412,8,8,40,32,25,194,0,40,192,0
208,8,34,119,12,96,248,0,0,0,0
51,8,0,7,192,0,13,0,7,208,0
628,8,0,242,36,250,80,124,134,171,0
192,8,32,0,0,0,0,0,0,0,0
403,8,0,8,8,3,232,120,0,0,0
526,8,78,32,3,160,0,63,143,255,0
1314,8,223,127,208,0,123,72,4,92,0
870,8,127,221,200,2,1,71,206,120,0
852,8,31,254,64,0,0,4,26,0,0
1505,8,137,63,224,11,10,1,68,128,0
651,8,0,0,0,0,0,0,0,0,0
1408,8,0,0,0,3,180,136,0,0,0
1076,8,3,130,160,160,16,32,0,0,0
1760,8,0,0,0,0,0,0,0,0,0
167,8,0,16,249,228,193,37,192,160,0
61,8,0,0,4,128,0,0,0,0,0
1176,8,135,255,191,252,238,128,0,14,0
560,8,246,0,0,2,164,0,18,0,0
1694,8,4,64,4,126,31,192,21,194,0
293,8,144,0,64,223,66,190,17,96,0
1459,8,4,0,0,0,0,0,4,0,0
14,8,32,82,86,2,8,9,118,26,0
208,8,42,119,12,96,247,0,0,0,0
51,8,0,7,184,0,13,64,7,208,0
263,8,0,0,0,0,0,0,0,0,0
1760,8,0,0,0,0,0,0,0,0,0
737,8,0,0,0,0,0,0,0,4,0
961,8,123,85,31,187,64,228,105,46,0
852,8,31,254,64,0,0,4,11,0,0
1505,8,137,63,224,11,10,1,72,128,0
354,8,0,8,5,67,234,17,244,206,0
167,8,0,16,249,228,193,37,192,160,0
293,8,144,0,64,223,66,189,243,96,0
14,8,32,82,150,2,8,9,118,14,0
339,8,0,0,0,0,0,12,0,2,0
661,8,0,0,0,0,0,0,8,64,0
1634,8,78,224,0,0,64,0,0,0,0
412,8,12,36,32,25,194,0,40,192,0
208,8,50,119,12,96,246,0,0,0,0
51,8,0,7,176,0,13,128,7,208,0
628,8,0,242,38,248,80,124,134,171,0
192,8,32,0,0,0,0,0,0,0,0
452,8,0,0,2,0,2,128,0,0,0
403,8,0,8,8,3,232,120,0,0,0
526,8,78,32,3,160,0,63,143,255,0
1314,8,223,127,208,0,122,208,4,28,0
870,8,127,221,200,2,1,71,206,120,0
1408,8,0,0,0,3,173,8,0,0,0
852,8,31,254,64,0,0,3,252,0,0
1505,8,137,63,224,11,10,1,72,128,0
651,8,0,0,0,0,0,0,0,0,0
1076,8,3,170,160,160,16,32,0,0,0
1760,8,0,0,0,0,0,0,0,0,0
167,8,0,16,250,228,193,37,192,160,0
692,8,20,233,154,0,0,0,88,0,0
458,8,63,241,255,128,0,0,12,56,0
676,8,46,140,2,28,4,8,152,208,0
1176,8,135,255,191,252,237,128,0,15,0
813,8,128,0,4,32,172,1,0,32,0
1277,8,1,122,10,77,143,20,75,132,0
560,8,245,0,0,2,164,0,20,0,0
1694,8,4,64,4,126,31,192,21,194,0
293,8,144,0,64,223,66,189,213,96,0
14,8,32,82,86,2,8,9,118,14,0
208,8,58,119,12,96,245,0,0,0,0
51,8,0,7,168,0,13,192,7,208,0
1399,8,0,0,8,0,0,0,1,88,0
263,8,0,0,0,0,0,0,0,0,0
186,8,6,184,154,132,16,0,6,32,0
1760,8,0,0,0,0,0,0,0,0,0
737,8,0,0,0,0,0,0,0,4,0
852,8,31,254,64,0,0,3,252,0,0
1505,8,137,63,224,11,10,1,76,128,0
354,8,0,8,5,83,234,17,244,206,0
167,8,0,16,251,100,193,37,192,160,0
675,8,0,0,0,4,0,128,111,16,0
293,8,144,0,64,223,66,189,183,96,0
961,8,123,85,31,187,255,228,233,46,0
14,8,32,82,86,2,8,9,118,26,0
339,8,0,0,0,0,0,12,0,2,0
1634,8,78,224,0,0,64,0,0,0,0
412,8,16,32,32,25,194,0,40,192,0
208,8,66,119,12,96,244,0,0,0,0
51,8,0,7,160,0,14,0,7,208,0
628,8,0,242,40,246,80,124,134,171,0
192,8,32,0,0,0,0,0,0,0,0
403,8,0,8,8,3,232,120,0,0,0
526,8,78,32,3,160,0,63,144,7,0
1314,8,223,127,208,0,122,88,4,28,0
870,8,127,221,200,2,1,71,206,120,0
852,8,31,254,64,0,0,3,244,128,0
1505,8,137,63,224,11,10,1,80,128,0
651,8,0,0,0,0,0,0,0,0,0
1408,8,0,0,0,3,165,136,0,0,0
1076,8,3,202,160,160,16,32,0,0,0
1760,8,0,0,0,0,0,0,0,0,0
1788,8,0,0,7,97,114,183,40,0,0
167,8,0,16,250,228,193,37,192,160,0
569,8,0,0,0,125,0,0,67,128,0
1176,8,135,255,191,252,252,128,0,0,0
560,8,244,0,0,2,164,0,22,0,0
1694,8,4,64,4,126,31,192,21,226,0
293,8,144,0,64,223,66,189,153,96,0
14,8,32,82,86,2,8,9,118,26,0
661,8,0,0,0,0,0,0,8,64,0
208,8,74,119,12,96,243,0,0,0,0
51,8,0,7,152,0,14,64,7,208,0
215,8,0,0,2,0,128,0,0,0,0
263,8,0,0,0,0,0,0,0,0,0
1621,8,120,3,252,0,48,0,0,0,0
1760,8,0,0,0,0,0,0,0,0,0
737,8,0,0,0,0,0,0,0,4,0
852,8,31,254,64,0,0,3,229,128,0
1505,8,137,63,224,11,10,1,84,128,0
354,8,0,8,5,115,234,17,244,206,0
167,8,0,16,250,100,193,37,192,160,0
1175,8,0,0,0,0,0,0,0,0,0
622,8,1,6,64,130,137,14,10,4,0
293,8,144,0,64,223,66,189,123,96,0
14,8,32,82,86,2,8,9,118,20,0
738,8,24,8,13,64,64,0,1,24,0
837,8,5,2,2,194,60,119,64,129,0
1072,8,0,48,68,139,220,128,16,160,0
304,8,0,1,80,0,0,0,0,0,0
339,8,0,0,0,0,0,12,0,2,0
1634,8,78,224,0,0,64,0,0,0,0
412,8,20,28,32,25,194,0,40,192,0
208,8,82,119,12,96,242,0,0,0,0
51,8,0,7,144,0,14,128,7,208,0
628,8,0,242,42,244,80,124,134,171,0
192,8,32,0,0,0,0,0,0,0,0
403,8,0,8,8,3,232,120,0,0,0
526,8,78,32,3,160,0,63,111,255,0
1314,8,223,127,208,0,121,224,3,156,0
870,8,127,221,200,2,1,71,206,120,0
1408,8,0,0,0,3,158,8,0,0,0
852,8,31,254,64,0,0,3,229,128,0
961,8,123,85,31,187,63,229,169,46,0
1505,8,137,63,224,11,10,1,84,128,0
651,8,0,0,0,0,0,0,0,0,0
1076,8,3,234,160,160,16,32,0,0,0
1760,8,0,0,0,0,0,0,0,0,0
167,8,0,16,249,228,193,37,192,160,0
722,8,0,0,64,0,0,0,0,0,0
1176,8,135,255,191,252,251,128,0,1,0
1124,8,0,2,64,0,0,144,30,80,0
560,8,243,0,0,2,172,0,24,0,0
1694,8,4,64,4,126,31,192,21,194,0
293,8,144,0,64,223,66,189,93,96,0
14,8,32,82,86,2,8,9,118,20,0
208,8,90,119,12,96,241,0,0,0,0
51,8,0,7,136,0,14,192,7,208,0
263,8,0,0,0,0,0,0,0,0,0
186,8,6,184,154,68,16,0,6,32,0
1307,8,8,2,135,77,92,176,0,1,0
813,8,128,0,4,32,172,1,0,32,0
1277,8,17,114,10,77,153,21,203,8,0
1760,8,0,0,0,0,0,0,0,0,0
737,8,0,0,0,0,0,0,0,4,0
852,8,31,254,64,0,0,3,222,0,0
1505,8,137,63,224,11,10,1,88,128,0
354,8,0,8,5,131,234,17,244,206,0
167,8,0,16,249,228,193,37,192,160,0
244,8,154,12,1,2,4,177,2,64,0
293,8,144,0,64,223,66,189,63,96,0
1644,8,0,0,0,0,24,0,0,0,0
14,8,32,82,86,2,8,9,118,14,0
1255,8,0,0,0,20,3,102,0,0,0
1413,8,0,64,0,0,0,2,0,24,0
339,8,0,0,0,0,0,12,0,2,0
661,8,0,0,0,0,0,0,8,64,0
1634,8,78,224,0,0,64,0,0,0,0
1668,8,76,213,128,25,65,84,16,30,0
1590,8,36,156,0,0,240,0,0,0,0
727,8,16,0,96,216,0,0,0,8,0
412,8,24,24,32,25,194,0,40,192,0
403,8,0,8,8,3,232,120,0,0,0
526,8,78,32,3,160,0,63,111,255,0
1314,8,223,127,208,0,121,104,3,156,0
208,8,98,119,12,96,240,0,0,0,0
852,8,31,254,64,0,0,3,222,0,0
1505,8,137,63,224,11,10,1,88,128,0
651,8,0,0,0,0,0,0,0,0,0
51,8,0,7,128,0,15,0,7,208,0
628,8,0,242,44,242,80,124,134,171,0
870,8,127,221,200,2,1,71,206,120,0
1408,8,0,0,0,3,150,136,0,0,0
1076,8,4,10,160,160,16,32,0,0,0
1760,8,0,0,0,0,0,0,0,0,0
192,8,32,0,0,0,0,0,0,0,0
167,8,0,16,249,228,193,37,192,160,0
1031,8,64,1,96,32,20,128,189,160,0
60,8,0,0,4,0,42,0,0,0,0
1176,8,135,255,191,252,250,128,0,2,0
996,8,0,208,0,0,133,0,0,0,0
1694,8,4,64,4,126,31,192,21,194,0
1628,8,64,8,178,117,32,0,0,0,0
293,8,144,0,64,223,66,191,1,96,0
519,8,4,4,96,72,42,222,149,24,0
1225,8,1,249,21,130,13,2,246,75,0
470,8,2,15,130,128,48,36,5,128,0
961,8,123,85,31,187,63,102,41,46,0
1399,8,0,0,8,0,0,0,1,88,0
560,8,242,0,0,2,172,0,26,0,0
14,8,32,82,86,2,8,9,118,14,0
208,8,106,119,12,96,239,0,0,0,0
51,8,0,7,120,0,15,64,7,208,0
263,8,0,0,0,0,0,0,0,0,0
1760,8,0,0,0,0,0,0,0,0,0
737,8,0,0,0,0,0,0,0,4,0
852,8,31,254,64,0,0,3,207,0,0
1505,8,137,63,224,11,10,1,88,128,0
354,8,0,8,5,147,234,17,244,206,0
167,8,0,16,249,228,193,37,192,160,0
293,8,144,0,64,223,66,190,227,96,0
14,8,32,82,86,2,8,9,118,20,0
1331,8,237,127,207,126,255,241,239,127,0
339,8,0,0,0,0,0,12,0,2,0
1634,8,78,224,0,0,64,0,0,0,0
412,8,28,20,32,25,194,0,40,192,0
208,8,114,119,12,96,238,0,0,0,0
51,8,0,7,112,0,15,128,7,208,0
628,8,0,242,46,240,80,124,134,171,0
192,8,32,0,0,0,0,0,0,0,0
403,8,0,8,8,3,232,120,0,0,0
526,8,78,32,3,160,0,63,111,255,0
1314,8,223,127,208,0,120,240,3,92,0
870,8,127,221,200,2,1,71,206,56,0
852,8,31,254,64,0,0,4,56,0,0
705,8,1,243,47,199,201,30,207,52,0
1505,8,137,63,224,11,10,1,92,128,0
651,8,0,0,0,0,0,0,0,0,0
1408,8,0,0,0,3,143,8,0,0,0
1076,8,4,42,160,160,16,32,16,16,0
1760,8,0,0,0,0,0,0,0,0,0
167,8,0,16,250,100,193,37,192,160,0
61,8,0,0,5,0,0,0,0,0,0
1176,8,135,255,191,252,249,128,0,3,0
560,8,241,0,0,2,172,0,28,0,0
1694,8,4,64,4,126,31,192,21,194,0
293,8,144,0,64,223,66,190,197,96,0
1459,8,4,0,0,0,0,0,4,0,0
14,8,32,82,86,2,8,9,118,26,0
661,8,0,0,0,0,0,0,8,64,0
208,8,122,119,12,96,237,0,0,0,0
51,8,0,7,104,0,15,192,7,208,0
263,8,0,0,0,0,0,0,0,0,0
186,8,6,184,154,4,16,0,6,32,0
1760,8,0,0,0,0,0,0,0,0,0
737,8,0,0,0,0,0,0,0,4,0
961,8,123,85,31,187,190,38,233,46,0
852,8,31,254,64,0,0,4,56,0,0
1505,8,137,63,224,11,10,1,96,128,0
354,8,0,8,5,147,234,17,244,206,0
167,8,0,16,250,228,193,37,192,160,0
1372,8,16,27,0,0,65,130,48,0,0
293,8,144,0,64,223,66,190,167,96,0
14,8,32,82,86,2,8,9,118,26,0
339,8,0,0,0,0,0,12,0,2,0
1634,8,78,224,0,0,64,0,0,0,0
412,8,0,48,32,25,194,0,40,192,0
208,8,2,119,12,96,252,0,0,0,0
51,8,0,7,224,0,12,0,7,208,0
628,8,0,242,32,254,80,124,134,171,0
192,8,32,0,0,0,0,0,0,0,0
813,8,128,0,4,32,172,1,0,32,0
1277,8,17,102,10,77,137,19,75,8,0
403,8,0,8,8,3,232,120,0,0,0
526,8,78,32,3,160,0,63,111,255,0
692,8,20,233,154,0,0,0,88,0,0
1314,8,223,127,208,0,120,120,3,92,0
870,8,127,221,200,2,1,71,206,56,0
852,8,31,254,64,0,0,4,48,128,0
1505,8,137,63,224,11,10,1,104,128,0
651,8,0,0,0,0,0,0,0,0,0
1408,8,0,0,0,3,135,136,0,0,0
1076,8,4,74,160,160,32,32,16,16,0
1760,8,0,0,0,0,0,0,0,0,0
167,8,0,16,250,228,193,37,192,160,0
458,8,63,241,255,128,0,0,12,56,0
1176,8,135,255,191,252,248,128,0,4,0
560,8,240,0,0,2,172,0,30,0,0
1694,8,4,64,4,126,31,192,21,194,0
293,8,144,0,64,223,66,190,137,96,0
14,8,32,82,86,2,8,9,118,32,0
208,8,10,119,12,96,251,0,0,0,0
51,8,0,7,216,0,12,64,7,208,0
1399,8,0,0,8,0,0,0,1,88,0
263,8,0,0,0,0,0,0,0,0,0
1760,8,0,0,0,0,0,0,0,0,0
737,8,0,0,0,0,0,0,0,4,0
852,8,31,254,64,0,0,4,33,128,0
1505,8,137,63,224,11,10,1,104,128,0
354,8,0,8,5,163,234,17,244,206,0
167,8,0,16,249,228,193,37,192,160,0
675,8,0,0,0,4,0,128,109,16,0
293,8,144,0,64,223,66,190,107,96,0
961,8,123,85,31,187,125,231,105,46,0
14,8,32,82,86,2,8,9,118,26,0
339,8,0,0,0,0,0,12,0,2,0
661,8,0,0,0,0,0,0,8,64,0
1634,8,78,224,0,0,64,0,0,0,0
412,8,4,44,32,25,194,0,40,192,0
208,8,18,119,12,96,250,0,0,0,0
51,8,0,7,208,0,12,128,7,208,0
628,8,0,242,34,252,80,124,134,171,0
192,8,32,0,0,0,0,0,0,0,0
403,8,0,8,8,3,232,120,0,0,0
526,8,78,32,3,160,0,63,143,247,0
1314,8,223,127,208,0,127,128,3,28,0
870,8,127,221,200,2,1,71,206,56,0
1408,8,0,0,0,3,248,8,0,0,0
852,8,31,254,64,0,0,4,33,128,0
1505,8,137,63,224,11,10,1,104,128,0
651,8,0,0,0,0,0,0,0,0,0
1076,8,4,104,0,160,32,32,16,16,0
1760,8,0,0,0,0,0,0,0,0,0
1788,8,0,0,7,97,178,183,40,0,0
167,8,0,16,249,228,193,37,192,160,0
569,8,0,0,0,125,0,0,67,160,0
1176,8,135,255,191,252,247,128,0,5,0
560,8,255,0,0,2,172,0,0,0,0
1694,8,4,64,4,126,31,192,21,194,0
293,8,144,0,64,223,66,190,77,96,0
14,8,32,82,86,2,8,9,118,20,0
208,8,26,119,12,96,249,0,0,0,0
51,8,0,7,200,0,12,192,7,208,0
215,8,0,0,2,0,128,0,0,0,0
263,8,0,0,0,0,0,0,0,0,0
186,8,6,184,153,132,16,0,6,32,0
1760,8,0,0,0,0,0,0,0,0,0
737,8,0,0,0,0,0,0,0,4,0
852,8,31,254,64,0,0,4,26,0,0
1505,8,137,63,224,11,10,1,100,128,0
354,8,0,8,5,179,234,17,244,206,0
167,8,0,16,251,100,193,37,192,160,0
1175,8,0,0,0,0,0,0,0,0,0
293,8,144,0,64,223,66,190,47,96,0
622,8,1,6,64,130,137,14,10,4,0
14,8,32,82,86,2,8,9,118,20,0
738,8,24,8,13,64,64,0,1,24,0
837,8,5,2,2,194,60,119,64,129,0
1072,8,0,48,68,139,220,128,16,160,0
304,8,0,1,80,0,0,0,0,0,0
339,8,0,0,0,0,0,12,0,2,0
1634,8,78,224,0,0,64,0,0,0,0
412,8,8,40,32,25,194,0,40,192,0
208,8,34,119,12,96,248,0,0,0,0
51,8,0,7,192,0,13,0,7,208,0
628,8,0,242,36,250,80,124,134,171,0
192,8,32,0,0,0,0,0,0,0,0
403,8,0,8,8,3,232,120,0,0,0
526,8,78,32,3,160,0,63,143,247,0
1314,8,223,127,208,0,127,8,2,220,0
870,8,127,221,200,2,1,71,206,56,0
1408,8,0,0,0,3,240,136,0,0,0
852,8,31,254,64,0,0,4,26,0,0
961,8,123,85,31,187,188,232,41,46,0
1505,8,137,63,224,11,10,1,100,128,0
651,8,0,0,0,0,0,0,0,0,0
1076,8,0,136,224,160,32,32,16,16,0
1760,8,0,0,0,0,0,0,0,0,0
167,8,0,16,251,100,193,37,192,160,0
722,8,0,0,72,0,0,0,0,0,0
1176,8,135,255,191,252,246,128,0,6,0
1124,8,0,2,64,0,0,144,29,81,0
560,8,254,0,0,2,172,0,2,0,0
1694,8,4,64,4,126,31,192,21,194,0
293,8,144,0,64,223,66,190,17,96,0
14,8,32,82,86,2,8,9,118,20,0
661,8,0,0,0,0,0,0,8,64,0
208,8,42,119,12,96,247,0,0,0,0
51,8,0,7,184,0,13,64,7,208,0
263,8,0,0,0,0,0,0,0,0,0
813,8,128,0,4,32,172,1,0,32,0
1277,8,17,112,10,77,149,21,75,8,0
1760,8,0,0,0,0,0,0,0,0,0
737,8,0,0,0,0,0,0,0,4,0
852,8,31,254,64,0,0,4,11,0,0
1505,8,137,63,224,11,10,1,104,128,0
354,8,0,8,5,195,234,17,244,206,0
167,8,0,16,250,100,193,37,192,160,0
244,8,154,12,1,2,4,177,2,64,0
293,8,144,0,64,223,66,189,243,96,0
1644,8,0,0,0,0,24,0,0,0,0
14,8,32,82,86,2,8,9,118,32,0
1413,8,0,64,0,0,0,2,0,24,0
1255,8,0,0,0,20,3,102,0,0,0
339,8,0,0,0,0,0,12,0,2,0
1634,8,78,224,0,0,64,0,0,0,0
1668,8,76,213,128,25,65,84,16,30,0
1590,8,36,156,0,0,240,0,0,0,0
727,8,16,0,96,216,0,0,0,8,0
412,8,12,36,32,25,194,0,40,192,0
403,8,0,8,8,3,232,120,0,0,0
526,8,78,32,3,160,0,63,111,247,0
1314,8,223,127,208,0,126,144,2,220,0
208,8,50,119,12,96,246,0,0,0,0
51,8,0,7,176,0,13,128,7,208,0
852,8,31,254,64,0,0,3,252,0,0
1505,8,137,63,224,11,10,1,104,128,0
651,8,0,0,0,0,0,0,0,0,0
628,8,0,242,38,248,80,124,134,171,0
870,8,127,221,200,2,1,71,206,56,0
1408,8,0,0,0,3,233,8,0,0,0
1076,8,0,168,224,160,32,64,16,16,0
1760,8,0,0,0,0,0,0,0,0,0
192,8,32,0,0,0,0,0,0,0,0
167,8,0,16,249,228,193,37,192,160,0
1031,8,64,1,96,48,20,128,189,160,0
60,8,0,0,4,0,41,0,0,0,0
1176,8,135,255,191,252,245,128,0,7,0
996,8,0,208,0,0,133,0,0,0,0
1628,8,64,8,178,117,32,0,0,0,0
519,8,4,4,96,72,42,222,149,24,0
1225,8,1,249,21,130,13,2,246,75,0
1694,8,4,64,4,126,31,192,21,194,0
293,8,144,0,64,223,66,189,213,96,0
470,8,2,11,128,128,48,36,5,128,0
1399,8,0,0,8,0,0,0,1,88,0
961,8,123,85,31,187,124,168,169,46,0
560,8,253,0,0,2,172,0,4,0,0
14,8,32,82,86,2,8,9,118,26,0
208,8,58,119,12,96,245,0,0,0,0
51,8,0,7,168,0,13,192,7,208,0
263,8,0,0,0,0,0,0,0,0,0
186,8,6,184,152,68,16,0,6,32,0
1760,8,0,0,0,0,0,0,0,0,0
737,8,0,0,0,0,0,0,0,4,0
852,8,31,254,64,0,0,3,252,0,0
1505,8,137,63,224,11,10,1,108,128,0
354,8,0,8,5,211,234,17,244,206,0
167,8,0,16,249,228,193,37,192,160,0
293,8,144,0,64,223,66,189,183,96,0
1227,8,128,0,0,0,0,14,0,0,0
640,8,24,224,2,112,0,0,0,0,0
14,8,32,82,86,2,8,9,118,32,0
339,8,0,0,0,0,0,12,0,2,0
661,8,0,0,0,0,0,0,8,64,0
1634,8,78,224,0,0,64,0,0,0,0
412,8,16,32,32,25,194,0,40,192,0
208,8,66,119,12,96,244,0,0,0,0
51,8,0,7,160,0,14,0,7,208,0
628,8,0,242,40,246,80,124,134,171,0
192,8,32,0,0,0,0,0,0,0,0
403,8,0,8,8,3,232,120,0,0,0
526,8,78,32,3,160,0,63,143,247,0
1314,8,223,127,208,0,126,24,2,156,0
870,8,127,221,200,2,1,71,206,56,0
1408,8,0,0,0,3,225,136,0,0,0
852,8,31,254,64,0,0,3,244,128,0
1505,8,137,63,224,11,10,1,108,128,0
651,8,0,0,0,0,0,0,0,0,0
1076,8,0,199,32,160,32,64,16,16,0
1760,8,0,0,0,0,0,0,0,0,0
167,8,0,16,249,228,193,37,192,160,0
61,8,0,0,5,0,0,0,0,0,0
1176,8,135,255,191,252,223,128,5,72,0
560,8,252,0,0,2,172,0,6,0,0
1694,8,4,64,4,126,31,192,21,194,0
293,8,144,0,64,223,66,189,153,96,0
705,8,1,243,175,199,201,30,179,72,0
1459,8,4,0,0,0,0,0,4,0,0
14,8,32,82,86,2,8,9,118,26,0
208,8,74,119,12,96,243,0,0,0,0
51,8,0,7,152,0,14,64,7,208,0
263,8,0,0,0,0,0,0,0,0,0
1760,8,0,0,0,0,0,0,0,0,0
737,8,0,0,0,0,0,0,0,4,0
961,8,123,85,31,186,252,105,105,46,0
852,8,31,254,64,0,0,3,229,128,0
1505,8,137,63,224,11,10,1,108,128,0
354,8,0,8,5,211,234,17,244,206,0
167,8,0,16,249,228,193,37,192,160,0
293,8,144,0,64,223,66,189,123,96,0
14,8,32,82,86,2,8,9,118,20,0
339,8,0,0,0,0,0,12,0,2,0
1634,8,78,224,0,0,64,0,0,0,0
412,8,20,28,32,25,194,0,40,192,0
208,8,82,119,12,96,242,0,0,0,0
51,8,0,7,144,0,14,128,7,208,0
628,8,0,242,42,244,80,124,134,171,0
192,8,32,0,0,0,0,0,0,0,0
813,8,128,0,4,32,172,1,0,32,0
1277,8,17,104,10,77,139,19,203,8,0
403,8,0,8,8,3,232,120,0,0,0
526,8,78,32,3,160,0,63,143,255,0
692,8,20,233,154,0,0,0,88,0,0
1314,8,223,127,208,0,125,160,2,92,0
852,8,31,254,64,0,0,3,229,128,0
1505,8,137,63,224,11,10,1,108,128,0
651,8,0,0,0,0,0,0,0,0,0
870,8,127,221,200,2,1,71,206,56,0
1408,8,0,0,0,3,218,8,0,0,0
1076,8,0,231,0,160,32,64,16,16,0
1760,8,0,0,0,0,0,0,0,0,0
167,8,0,16,251,100,193,37,192,160,0
458,8,63,241,255,128,0,0,12,56,0
1176,8,135,255,191,252,222,128,5,73,0
560,8,251,0,0,2,180,0,8,0,0
1694,8,4,64,4,126,31,192,21,194,0
293,8,144,0,64,223,66,189,93,96,0
14,8,32,82,86,2,8,9,118,38,0
661,8,0,0,0,0,0,0,8,64,0
208,8,90,119,12,96,241,0,0,0,0
51,8,0,7,136,0,14,192,7,208,0
263,8,0,0,0,0,0,0,0,0,0
186,8,6,184,152,68,16,0,6,32,0
1399,8,0,0,8,0,0,0,1,88,0
1760,8,0,0,0,0,0,0,0,0,0
737,8,0,0,0,0,0,0,0,4,0
852,8,31,254,64,0,0,3,222,0,0
1505,8,137,63,224,11,10,1,108,128,0
354,8,0,8,5,227,234,17,244,206,0
167,8,0,16,251,228,193,37,192,160,0
675,8,0,0,0,132,2,128,107,144,0
293,8,144,0,64,223,66,189,63,96,0
961,8,123,85,31,186,188,41,233,46,0
14,8,32,82,86,2,8,9,118,44,0
339,8,0,0,0,0,0,12,0,2,0
1634,8,78,224,0,0,64,0,0,0,0
412,8,24,24,32,25,194,0,40,192,0
208,8,98,119,12,96,240,0,0,0,0
51,8,0,7,128,0,15,0,7,208,0
628,8,0,242,44,242,80,124,134,171,0
192,8,32,0,0,0,0,0,0,0,0
403,8,0,8,8,3,232,120,0,0,0
526,8,78,31,255,160,0,63,143,247,0
1314,8,223,127,208,0,125,40,2,92,0
870,8,127,221,200,2,1,71,206,56,0
852,8,31,254,64,0,0,3,222,0,0
1505,8,137,63,224,11,10,1,112,128,0
651,8,0,0,0,0,0,0,0,0,0
1408,8,0,0,0,3,210,136,0,0,0
1076,8,1,5,160,160,32,64,32,32,0
1760,8,0,0,0,0,0,0,0,0,0
1788,8,0,0,7,97,242,183,40,0,0
167,8,0,16,250,100,193,37,192,160,0
569,8,0,0,0,125,0,0,67,160,0
1176,8,135,255,191,252,221,128,5,74,0
560,8,250,0,0,2,180,0,10,0,0
1694,8,4,64,4,126,31,192,21,194,0
293,8,144,0,64,223,66,191,1,96,0
14,8,32,82,86,2,8,9,118,44,0
208,8,106,119,12,96,239,0,0,0,0
51,8,0,7,120,0,15,64,7,208,0
215,8,0,0,2,0,128,0,0,0,0
263,8,0,0,0,0,0,0,0,0,0
1760,8,0,0,0,0,0,0,0,0,0
737,8,0,0,0,0,0,0,0,4,0
852,8,31,254,64,0,0,3,207,0,0
1505,8,137,63,224,11,10,1,112,128,0
354,8,0,8,5,243,234,17,244,206,0
167,8,0,16,249,228,193,37,192,160,0
1175,8,0,0,0,0,0,0,0,0,0
293,8,144,0,64,223,66,190,227,96,0
622,8,1,6,64,130,137,14,10,4,0
14,8,32,82,86,2,8,9,118,32,0
738,8,24,8,13,64,64,0,1,24,0
837,8,5,2,2,194,60,119,64,129,0
1072,8,0,48,68,139,220,128,16,160,0
304,8,0,1,80,0,0,0,0,0,0
339,8,0,0,0,0,0,12,0,2,0
661,8,0,0,0,0,0,0,8,64,0
1634,8,78,224,0,0,64,0,0,0,0
412,8,28,20,32,25,194,0,40,192,0
208,8,114,119,12,96,238,0,0,0,0
51,8,0,7,112,0,15,128,7,208,0
628,8,0,242,46,240,80,124,134,171,0
192,8,32,0,0,0,0,0,0,0,0
403,8,0,8,8,3,232,120,0,0,0
526,8,78,32,3,160,0,63,143,247,0
1314,8,223,127,208,0,124,176,2,92,0
870,8,127,221,200,2,1,71,206,56,0
961,8,123,85,31,187,122,170,169,46,0
852,8,31,254,0,0,0,4,64,0,0
1505,8,137,63,224,11,10,1,112,128,0
651,8,0,0,0,0,0,0,0,0,0
1408,8,0,0,0,3,203,8,0,0,0
1076,8,1,38,32,160,32,64,32,32,0
1760,8,0,0,0,0,0,0,0,0,0
167,8,0,16,249,100,193,37,192,160,0
722,8,0,0,80,0,0,0,0,0,0
1372,8,16,27,0,0,65,130,48,0,0
1176,8,135,255,191,252,220,128,5,75,0
1124,8,0,2,64,0,0,144,28,82,0
560,8,249,0,0,2,180,0,12,0,0
1694,8,4,64,4,126,31,192,21,194,0
293,8,144,0,64,223,66,190,197,96,0
14,8,32,82,86,2,8,9,118,26,0
208,8,122,119,12,96,237,0,0,0,0
51,8,0,7,104,0,15,192,7,208,0
263,8,0,0,0,0,0,0,0,0,0
186,8,6,184,151,196,16,0,6,32,0
627,8,0,0,0,8,0,0,0,0,0
1760,8,0,0,0,0,0,0,0,0,0
452,8,0,0,2,0,2,192,0,0,0
676,8,32,32,3,28,4,8,152,208,0
737,8,0,0,0,0,0,0,0,4,0
852,8,31,254,0,0,0,4,64,0,0
1505,8,137,63,224,11,10,1,108,128,0
354,8,0,8,5,243,234,17,244,206,0
167,8,0,16,250,228,193,37,192,160,0
881,8,1,6,0,0,0,0,8,128,0
1661,8,0,24,96,2,8,0,2,32,0
1307,8,40,26,50,9,178,129,128,193,0
813,8,128,0,4,32,172,1,0,32,0
204,8,67,65,5,50,56,175,162,14,0
1277,8,17,107,10,77,143,20,75,8,0
244,8,154,12,1,2,4,177,2,64,0
293,8,144,0,64,223,66,190,167,96,0
1644,8,0,0,0,0,24,0,0,0,0
1533,8,189,221,253,255,254,255,237,218,0
14,8,32,82,86,2,8,9,118,26,0
1413,8,0,64,0,0,0,2,0,24,0
1255,8,0,0,0,20,3,102,0,0,0
339,8,0,0,0,0,0,12,0,2,0
1634,8,78,224,0,0,64,0,0,0,0
1668,8,76,213,128,25,65,84,16,30,0
1590,8,36,156,0,0,240,0,0,0,0
727,8,16,0,96,216,0,0,0,8,0
412,8,0,52,32,25,66,0,40,192,0
208,8,2,119,12,96,252,0,0,0,0
403,8,0,8,8,3,232,120,0,0,0
526,8,78,32,3,160,0,63,143,255,0
1314,8,223,127,208,0,124,56,2,28,0
51,8,0,7,224,0,12,0,7,208,0
852,8,31,254,0,0,0,4,56,128,0
1505,8,137,63,224,11,10,1,112,128,0
651,8,0,0,0,0,0,0,0,0,0
628,8,0,242,32,254,80,124,134,171,0
870,8,127,221,200,2,1,71,206,56,0
192,8,32,0,0,0,0,0,0,0,0
1408,8,0,0,0,3,195,136,0,0,0
167,8,0,16,251,228,193,37,192,160,0
1076,8,1,70,128,160,64,64,32,32,0
253,8,0,0,1,0,128,16,0,0,0
1760,8,0,0,0,0,0,0,0,0,0
1031,8,64,1,96,48,20,128,189,160,0
60,8,0,0,4,0,41,0,0,0,0
1176,8,135,255,191,252,219,128,5,76,0
1694,8,4,64,4,126,31,192,21,194,0
293,8,144,0,64,223,66,190,137,96,0
996,8,0,208,0,0,133,0,0,0,0
1628,8,64,8,194,117,32,15,0,0,0
519,8,4,4,96,72,42,222,149,24,0
1225,8,1,249,21,130,13,2,246,75,0
470,8,2,15,130,128,48,36,5,128,0
961,8,123,85,31,187,185,235,41,46,0
420,8,0,0,0,2,236,204,0,0,0
14,8,32,82,86,2,8,9,118,44,0
1399,8,0,0,8,0,0,0,1,88,0
560,8,248,0,0,2,180,0,14,0,0
661,8,0,0,0,0,0,0,8,64,0
208,8,10,119,12,96,251,0,0,0,0
51,8,0,7,216,0,12,64,7,208,0
263,8,0,0,0,0,0,0,0,0,0
1760,8,0,0,0,0,0,0,0,0,0
737,8,0,0,0,0,0,0,0,4,0
852,8,31,254,0,0,0,4,41,128,0
1505,8,137,63,224,11,10,1,116,128,0
354,8,0,8,6,3,234,17,244,206,0
167,8,0,16,250,228,193,37,192,160,0
293,8,144,0,64,223,66,190,107,96,0
14,8,32,82,86,2,8,9,118,44,0
339,8,0,0,0,0,0,12,0,2,0
1634,8,78,224,0,0,64,0,0,0,0
412,8,4,48,32,25,66,0,40,192,0
208,8,18,119,12,96,250,0,0,0,0
51,8,0,7,208,0,12,128,7,208,0
628,8,0,242,34,252,80,124,134,167,0
192,8,32,0,0,0,0,0,0,0,0
403,8,0,8,8,3,232,120,0,0,0
526,8,78,32,3,160,0,63,143,255,0
1314,8,223,127,208,0,123,192,1,220,0
852,8,31,254,0,0,0,4,41,128,0
1505,8,137,63,224,11,10,1,120,128,0
651,8,0,0,0,0,0,0,0,0,0
870,8,127,221,200,2,1,71,206,56,0
1408,8,0,0,0,3,188,8,0,0,0
1076,8,1,104,96,160,64,64,32,32,0
1760,8,0,0,0,0,0,0,0,0,0
167,8,0,16,249,228,193,37,192,160,0
61,8,0,0,5,0,0,0,0,0,0
1176,8,135,255,191,252,202,128,9,77,0
560,8,247,0,0,2,180,0,16,0,0
1694,8,4,64,4,126,31,192,21,194,0
293,8,144,0,64,223,66,190,77,96,0
1459,8,4,0,0,0,0,0,4,0,0
14,8,32,82,86,2,8,9,118,38,0
208,8,26,119,12,96,249,0,0,0,0
51,8,0,7,200,0,12,192,7,208,0
263,8,0,0,0,0,0,0,0,0,0
186,8,6,184,151,68,16,0,6,32,0
1760,8,0,0,0,0,0,0,0,0,0
737,8,0,0,0,0,0,0,0,4,0
961,8,123,85,31,186,249,235,233,46,0
705,8,1,243,175,199,199,158,163,94,0
852,8,31,254,0,0,0,4,34,0,0
1505,8,137,63,224,11,10,1,116,128,0
354,8,0,8,6,3,234,17,244,206,0
167,8,0,16,249,100,193,37,192,160,0
293,8,144,0,64,223,66,190,47,96,0
14,8,32,82,86,2,8,9,118,26,0
339,8,0,0,0,0,0,12,0,2,0
661,8,0,0,0,0,0,0,8,64,0
1634,8,78,224,0,0,64,0,0,0,0
412,8,8,44,32,25,66,0,40,192,0
208,8,34,119,12,96,248,0,0,0,0
51,8,0,7,192,0,13,0,7,208,0
628,8,0,242,36,250,80,124,134,167,0
192,8,32,0,0,0,0,0,0,0,0
485,8,1,70,4,5,168,65,163,224,0
403,8,0,8,8,3,232,120,0,0,0
526,8,78,32,3,160,0,63,143,247,0
1314,8,223,127,208,0,123,72,1,220,0
870,8,127,221,200,2,1,71,206,56,0
1408,8,0,0,0,3,180,136,0,0,0
852,8,31,254,0,0,0,4,34,0,0
1505,8,137,63,224,11,10,1,112,128,0
651,8,0,0,0,0,0,0,0,0,0
1076,8,1,134,192,160,64,64,32,32,0
1760,8,0,0,0,0,0,0,0,0,0
167,8,0,16,250,228,193,37,192,160,0
692,8,20,233,154,0,0,0,88,0,0
458,8,63,241,255,128,0,0,12,56,0
1176,8,135,255,191,252,201,128,9,78,0
813,8,128,0,4,32,172,1,0,32,0
1277,8,17,110,10,77,147,20,203,8,0
560,8,246,0,0,2,180,0,18,0,0
1694,8,4,64,4,126,31,192,21,194,0
293,8,144,0,64,223,66,190,17,96,0
14,8,32,82,86,2,8,9,118,32,0
208,8,42,119,12,96,247,0,0,0,0
51,8,0,7,184,0,13,64,7,208,0
1399,8,0,0,8,0,0,0,1,88,0
263,8,0,0,0,0,0,0,0,0,0
241,8,62,16,28,192,3,89,204,0,0
1760,8,0,0,0,0,0,0,0,0,0
737,8,0,0,0,0,0,0,0,4,0
852,8,31,254,0,0,0,4,19,0,0
1505,8,137,63,224,11,10,1,116,128,0
354,8,0,8,6,3,234,17,244,206,0
167,8,0,16,251,228,193,37,192,160,0
675,8,0,0,0,132,2,128,107,144,0
293,8,144,0,64,223,66,189,243,96,0
961,8,123,85,31,186,121,236,105,46,0
14,8,32,82,86,2,8,9,118,50,0
339,8,0,0,0,0,0,12,0,2,0
1634,8,78,224,0,0,64,0,0,0,0
412,8,12,40,32,25,66,0,40,192,0
208,8,50,119,12,96,246,0,0,0,0
51,8,0,7,176,0,13,128,7,208,0
628,8,0,242,38,248,80,124,134,167,0
192,8,32,0,0,0,0,0,0,0,0
403,8,0,8,8,3,232,120,0,0,0
526,8,78,31,255,160,0,63,143,247,0
1314,8,223,127,208,0,122,208,1,220,0
870,8,127,221,200,2,1,71,206,56,0
852,8,31,254,0,0,0,4,4,0,0
1505,8,137,63,224,11,10,1,120,128,0
651,8,0,0,0,0,0,0,0,0,0
1408,8,0,0,0,3,173,8,0,0,0
1076,8,1,166,0,160,64,80,32,32,0
1760,8,0,0,0,0,0,0,0,0,0
1788,8,0,0,7,98,114,183,32,0,0
167,8,0,16,251,100,193,37,192,160,0
569,8,0,0,0,125,0,0,67,192,0
1176,8,135,255,191,252,197,128,10,15,0
560,8,245,0,0,2,180,0,20,0,0
1694,8,4,64,4,126,31,192,21,194,0
293,8,144,0,64,223,66,189,213,96,0
14,8,32,82,86,2,8,9,118,50,0
661,8,0,0,0,0,0,0,8,64,0
208,8,58,119,12,96,245,0,0,0,0
51,8,0,7,168,0,13,192,7,208,0
263,8,0,0,0,0,0,0,0,0,0
186,8,6,184,151,4,16,0,6,32,0
65,8,128,34,0,32,1,0,0,0,0
215,8,0,0,2,0,128,0,0,0,0
1760,8,0,0,0,0,0,0,0,0,0
737,8,0,0,0,0,0,0,0,4,0
852,8,31,254,0,0,0,4,4,0,0
1505,8,137,63,224,11,10,1,120,128,0
354,8,0,8,6,19,234,17,244,206,0
167,8,0,16,249,100,193,37,192,160,0
1175,8,0,0,0,0,0,0,0,0,0
293,8,144,0,64,223,66,189,183,96,0
622,8,1,6,64,130,137,14,10,4,0
14,8,32,82,86,2,8,9,118,38,0
738,8,24,8,13,64,64,0,1,24,0
837,8,5,2,2,194,60,119,64,129,0
1072,8,0,48,68,139,220,128,16,160,0
304,8,0,1,80,0,0,0,0,0,0
339,8,0,0,0,0,0,12,0,2,0
1634,8,78,224,0,0,64,0,0,0,0
412,8,16,36,32,25,66,0,40,192,0
208,8,66,119,12,96,244,0,0,0,0
51,8,0,7,160,0,14,0,7,208,0
628,8,0,242,40,246,80,124,134,167,0
192,8,32,0,0,0,0,0,0,0,0
403,8,0,8,8,3,232,120,0,0,0
526,8,78,31,255,160,0,63,143,247,0
1314,8,223,127,208,0,122,88,1,156,0
870,8,127,221,200,2,1,71,206,56,0
1408,8,0,0,0,3,165,136,0,0,0
852,8,31,253,192,0,0,4,4,128,0
961,8,123,85,31,186,121,45,41,46,0
1505,8,137,63,224,11,10,1,116,128,0
651,8,0,0,0,0,0,0,0,0,0
1076,8,1,198,64,160,64,80,64,64,0
1760,8,0,0,0,0,0,0,0,0,0
167,8,0,16,249,100,193,37,192,160,0
722,8,0,0,8,0,0,0,0,0,0
1176,8,135,255,191,252,207,128,11,64,0
1124,8,0,2,64,0,0,144,27,83,0
560,8,244,0,0,2,188,0,22,0,0
1694,8,4,64,4,126,31,192,21,194,0
293,8,144,0,64,223,66,189,153,96,0
14,8,32,82,86,2,8,9,118,38,0
208,8,74,119,12,96,243,0,0,0,0
51,8,0,7,152,0,14,64,7,208,0
263,8,0,0,0,0,0,0,0,0,0
663,8,17,0,0,32,0,2,81,16,0
1455,8,32,192,0,0,0,32,112,0,0
813,8,128,0,4,32,172,1,0,32,0
1277,8,17,107,10,77,143,20,75,8,0
1760,8,0,0,0,0,0,0,0,0,0
737,8,0,0,0,0,0,0,0,4,0
852,8,31,253,192,0,0,3,245,128,0
1505,8,137,63,224,11,10,1,112,128,0
354,8,0,8,6,19,234,17,244,206,0
167,8,0,16,251,228,193,37,192,160,0
244,8,154,12,1,2,4,177,2,64,0
1644,8,0,0,0,0,24,0,0,0,0
293,8,144,0,64,223,66,189,123,96,0
14,8,32,82,86,2,8,9,118,50,0
1255,8,0,0,0,20,3,102,0,0,0
339,8,0,0,0,0,0,12,0,2,0
1413,8,0,64,0,0,0,2,0,24,0
661,8,0,0,0,0,0,0,8,64,0
1634,8,78,224,0,0,64,0,0,0,0
1668,8,76,213,128,25,65,84,16,30,0
1590,8,36,156,0,0,240,0,0,0,0
727,8,16,0,96,216,0,0,0,8,0
412,8,20,32,32,25,66,0,40,192,0
403,8,0,8,8,3,232,120,0,0,0
526,8,78,32,3,160,0,63,143,247,0
1314,8,223,127,208,0,121,224,1,156,0
208,8,82,119,12,96,242,0,0,0,0
852,8,31,253,192,0,0,3,245,128,0
1505,8,137,63,224,11,10,1,116,128,0
651,8,0,0,0,0,0,0,0,0,0
51,8,0,7,144,0,14,128,7,208,0
628,8,0,242,42,244,80,124,134,167,0
870,8,127,221,200,2,1,71,206,56,0
1408,8,0,0,0,3,158,8,0,0,0
1076,8,1,229,160,160,64,80,64,64,0
1760,8,0,0,0,0,0,0,0,0,0
192,8,32,0,0,0,0,0,0,0,0
167,8,0,16,252,100,193,37,192,160,0
1031,8,64,1,96,48,20,128,189,160,0
60,8,0,0,4,0,59,0,0,0,0
1176,8,135,255,191,252,206,128,11,65,0
996,8,0,208,0,0,133,0,0,0,0
1694,8,4,64,4,126,31,192,21,194,0
1628,8,64,8,194,117,32,15,0,0,0
293,8,144,0,64,223,66,189,93,96,0
519,8,4,4,96,72,42,222,149,24,0
1225,8,1,249,21,130,13,2,246,75,0
470,8,2,11,128,128,48,36,5,128,0
961,8,123,85,31,187,119,173,169,46,0
1399,8,0,0,8,0,0,0,1,88,0
117,8,15,50,0,15,174,30,224,0,0
14,8,32,82,86,2,8,9,118,50,0
560,8,243,0,0,2,188,0,24,0,0
208,8,90,119,12,96,241,0,0,0,0
51,8,0,7,136,0,14,192,7,208,0
263,8,0,0,0,0,0,0,0,0,0
186,8,6,184,150,196,16,0,6,32,0
1760,8,0,0,0,0,0,0,0,0,0
737,8,0,0,0,0,0,0,0,4,0
852,8,31,253,192,0,0,3,238,0,0
1505,8,137,63,224,11,10,1,120,128,0
354,8,0,8,6,19,234,17,244,206,0
167,8,0,16,250,100,193,37,192,160,0
58,8,0,0,0,0,0,29,8,0,0
293,8,144,0,64,223,66,189,63,96,0
1227,8,128,0,0,0,0,14,0,0,0
640,8,24,224,2,112,0,0,0,0,0
14,8,32,82,86,2,8,9,118,38,0
953,8,32,4,114,0,0,0,28,66,0
339,8,0,0,0,0,0,12,0,2,0
1634,8,78,224,0,0,64,0,0,0,0
412,8,24,32,32,24,194,0,40,192,0
208,8,98,119,12,96,240,0,0,0,0
51,8,0,7,128,0,15,0,7,208,0
628,8,0,242,44,242,80,124,134,163,0
192,8,32,0,0,0,0,0,0,0,0
403,8,0,8,8,3,232,120,0,0,0
526,8,78,32,3,160,0,63,111,247,0
541,8,0,0,0,0,0,1,0,0,0
1314,8,223,127,208,0,121,104,1,156,0
870,8,127,221,200,2,1,71,206,56,0
852,8,31,253,192,0,0,3,238,0,0
1505,8,137,63,224,11,10,1,112,128,0
651,8,0,0,0,0,0,0,0,0,0
1408,8,0,0,0,3,150,136,0,0,0
1076,8,2,8,32,160,80,80,64,64,0
1760,8,0,0,0,0,0,0,0,0,0
167,8,0,16,249,100,193,37,192,160,0
61,8,0,0,5,0,0,0,0,0,0
1176,8,135,255,191,252,205,128,11,66,0
1262,8,160,0,13,8,240,76,64,8,0
560,8,242,0,0,2,188,0,26,0,0
1694,8,4,64,4,126,31,192,21,194,0
293,8,144,0,64,223,66,191,1,96,0
1459,8,4,0,0,0,0,0,4,0,0
14,8,32,82,86,2,8,9,118,38,0
661,8,0,0,0,0,0,0,8,64,0
208,8,106,119,12,96,239,0,0,0,0
51,8,0,7,120,0,15,64,7,208,0
263,8,0,0,0,0,0,0,0,0,0
1760,8,0,0,0,0,0,0,0,0,0
737,8,0,0,0,0,0,0,0,4,0
961,8,123,85,31,187,246,110,105,46,0
852,8,31,253,128,0,0,3,231,0,0
1505,8,137,63,224,11,10,1,108,128,0
354,8,0,8,6,35,234,17,244,206,0
167,8,0,16,251,228,193,37,192,160,0
1372,8,16,27,0,0,65,130,48,0,0
1693,8,128,141,207,176,79,193,252,177,0
293,8,144,0,64,223,66,190,227,96,0
705,8,1,243,111,199,200,158,143,114,0
14,8,32,82,86,2,8,9,118,50,0
1049,8,10,155,70,77,4,95,194,47,0
339,8,0,0,0,0,0,12,0,2,0
1634,8,78,224,0,0,64,0,0,0,0
412,8,28,28,32,24,194,0,40,192,0
208,8,114,119,12,96,238,0,0,0,0
51,8,0,7,112,0,15,128,7,208,0
628,8,0,242,46,240,80,124,134,163,0
192,8,32,0,0,0,0,0,0,0,0
813,8,128,0,4,32,172,1,0,32,0
1277,8,17,110,10,77,147,20,203,8,0
403,8,0,8,8,3,232,120,0,0,0
526,8,78,32,3,160,0,63,143,247,0
692,8,20,233,154,0,0,0,88,0,0
1314,8,223,127,208,0,120,240,1,92,0
852,8,31,253,128,0,0,4,80,0,0
1505,8,137,63,224,11,10,1,112,128,0
651,8,0,0,0,0,0,0,0,0,0
870,8,127,221,200,2,1,71,206,56,0
1408,8,0,0,0,3,143,8,0,0,0
1076,8,2,40,32,160,80,80,64,64,0
1760,8,0,0,0,0,0,0,0,0,0
167,8,0,16,252,100,193,37,192,160,0
458,8,63,241,255,128,0,0,12,56,0
1176,8,135,255,191,252,198,128,12,195,0
1512,8,0,0,2,4,0,57,176,0,0
560,8,241,0,0,2,188,0,28,0,0
1694,8,4,64,4,126,31,192,21,194,0
293,8,144,0,64,223,66,190,197,96,0
14,8,32,82,86,2,8,9,118,38,0
208,8,122,119,12,96,237,0,0,0,0
51,8,0,7,104,0,15,192,7,208,0
1399,8,0,0,8,0,0,0,1,88,0
263,8,0,0,0,0,0,0,0,0,0
186,8,6,184,150,196,16,0,6,32,0
1760,8,0,0,0,0,0,0,0,0,0
737,8,0,0,0,0,0,0,0,4,0
852,8,31,253,128,0,0,4,80,0,0
1505,8,137,63,224,11,10,1,116,128,0
354,8,0,8,6,35,234,17,244,206,0
167,8,0,16,250,100,193,37,192,160,0
675,8,0,0,0,132,2,128,106,16,0
293,8,144,0,64,223,66,190,167,96,0
961,8,123,85,31,186,246,238,233,46,0
14,8,32,82,86,2,8,9,118,38,0
339,8,0,0,0,0,0,12,0,2,0
661,8,0,0,0,0,0,0,8,64,0
1634,8,78,224,0,0,64,0,0,0,0
412,8,0,60,32,24,66,0,40,192,0
208,8,2,119,12,96,252,0,0,0,0
51,8,0,7,224,0,12,0,7,208,0
628,8,0,242,32,254,80,124,134,163,0
192,8,32,0,0,0,0,0,0,0,0
403,8,0,8,8,3,232,120,0,0,0
526,8,78,32,3,160,0,63,143,247,0
1314,8,223,127,208,0,120,120,1,92,0
870,8,127,221,200,2,1,71,206,56,0
1408,8,0,0,0,3,135,136,0,0,0
852,8,31,253,128,0,0,4,72,128,0
1505,8,137,63,224,11,10,1,116,128,0
651,8,0,0,0,0,0,0,0,0,0
1076,8,2,64,0,160,80,112,64,64,0
1760,8,0,0,0,0,0,0,0,0,0
1788,8,0,0,7,99,82,183,16,0,0
167,8,0,16,249,228,193,37,192,160,0
569,8,0,0,0,125,0,0,67,224,0
1176,8,135,255,191,252,197,128,12,196,0
560,8,240,0,0,2,188,0,30,0,0
1694,8,4,64,4,126,31,192,21,194,0
293,8,144,0,64,223,66,190,137,96,0
14,8,32,82,86,2,8,9,118,68,0
208,8,10,119,12,96,251,0,0,0,0
51,8,0,7,216,0,12,64,7,208,0
215,8,0,0,2,0,128,0,0,0,0
263,8,0,0,0,0,0,0,0,0,0
1760,8,0,0,0,0,0,0,0,0,0
737,8,0,0,0,0,0,0,0,4,0
852,8,31,253,64,0,0,4,65,128,0
1505,8,137,63,224,11,10,1,120,128,0
354,8,0,8,6,35,234,17,244,206,0
167,8,0,16,251,100,193,37,192,160,0
1175,8,0,0,0,0,0,0,0,0,0
293,8,144,0,64,223,66,190,107,96,0
622,8,1,6,64,130,137,14,10,4,0
14,8,32,82,86,2,8,9,118,44,0
738,8,24,8,13,64,64,0,1,24,0
837,8,5,2,2,194,60,119,64,129,0
1072,8,0,48,68,139,218,128,16,160,0
304,8,0,1,80,0,0,0,0,0,0
339,8,0,0,0,0,0,12,0,2,0
1634,8,78,224,0,0,64,0,0,0,0
412,8,4,56,32,24,66,0,40,192,0
208,8,18,119,12,96,250,0,0,0,0
51,8,0,7,208,0,12,128,7,208,0
628,8,0,242,34,252,80,124,134,159,0
192,8,32,0,0,0,0,0,0,0,0
403,8,0,8,8,3,232,120,0,0,0
526,8,78,31,255,160,0,63,143,255,0
1314,8,223,127,208,0,127,128,1,92,0
870,8,127,221,200,2,1,71,206,56,0
1408,8,0,0,0,3,248,8,0,0,0
852,8,31,253,64,0,0,4,65,128,0
961,8,123,85,31,186,246,47,169,46,0
1505,8,137,63,224,11,10,1,120,128,0
651,8,0,0,0,0,0,0,0,0,0
1076,8,2,96,0,160,80,112,80,80,0
1760,8,0,0,0,0,0,0,0,0,0
167,8,0,16,251,100,193,37,192,160,0
722,8,0,0,16,0,0,0,0,0,0
1176,8,135,255,191,252,188,128,14,197,0
1124,8,0,2,64,0,0,144,26,84,0
560,8,255,0,0,2,188,0,0,0,0
1694,8,4,64,4,126,31,192,21,194,0
293,8,144,0,64,223,66,190,77,96,0
14,8,32,82,86,2,8,9,118,62,0
661,8,0,0,0,0,0,0,8,64,0
208,8,26,119,12,96,249,0,0,0,0
51,8,0,7,200,0,12,192,7,208,0
263,8,0,0,0,0,0,0,0,0,0
186,8,6,184,150,132,16,0,6,32,0
1307,8,40,66,169,202,58,145,137,65,0
813,8,128,0,4,32,172,1,0,32,0
1277,8,17,107,10,77,143,20,75,136,0
1760,8,0,0,0,0,0,0,0,0,0
737,8,0,0,0,0,0,0,0,4,0
852,8,31,253,64,0,0,4,58,0,0
1505,8,137,63,224,11,10,1,124,128,0
354,8,0,8,6,35,234,17,244,206,0
167,8,0,16,250,100,193,37,192,160,0
1644,8,0,0,0,0,24,0,0,0,0
244,8,154,12,1,2,4,177,2,64,0
293,8,144,0,64,223,66,190,47,96,0
1560,8,251,125,190,255,247,119,191,221,0
14,8,32,82,86,2,8,9,118,68,0
1413,8,0,64,0,0,0,2,0,24,0
1255,8,0,0,0,20,3,102,0,0,0
339,8,0,0,0,0,0,12,0,2,0
1634,8,78,224,0,0,64,0,0,0,0
1668,8,76,213,128,25,65,84,16,30,0
1590,8,36,156,0,0,240,0,0,0,0
727,8,16,0,96,216,0,0,0,8,0
412,8,8,54,32,24,2,0,40,192,0
208,8,34,119,12,96,248,0,0,0,0
403,8,0,8,8,3,232,120,0,0,0
526,8,78,32,3,160,0,63,111,247,0
1314,8,223,127,208,0,127,8,1,92,0
51,8,0,7,192,0,13,0,7,208,0
628,8,0,242,36,250,80,124,134,159,0
852,8,31,253,64,0,0,4,58,0,0
1505,8,137,63,224,11,10,1,124,128,0
651,8,0,0,0,0,0,0,0,0,0
870,8,127,221,200,2,1,71,206,56,0
1408,8,0,0,0,3,240,136,0,0,0
1076,8,2,138,160,160,80,112,80,80,0
192,8,32,0,0,0,0,0,0,0,0
1760,8,0,0,0,0,0,0,0,0,0
167,8,0,16,250,100,193,37,192,160,0
1031,8,64,1,96,48,20,128,189,160,0
60,8,0,0,4,0,52,0,0,0,0
1176,8,135,255,191,252,187,128,14,198,0
996,8,0,208,0,0,133,0,0,0,0
1628,8,64,8,194,117,32,15,0,0,0
519,8,4,4,96,72,42,222,149,24,0
1225,8,1,249,21,130,13,3,246,75,0
1694,8,4,64,4,126,31,192,21,194,0
293,8,144,0,64,223,66,190,17,96,0
470,8,2,143,194,128,52,116,5,144,0
1399,8,0,0,8,0,0,0,1,88,0
961,8,123,85,31,187,53,112,41,46,0
560,8,254,0,0,2,188,0,2,0,0
14,8,32,82,86,2,8,9,118,62,0
208,8,42,119,12,96,247,0,0,0,0
51,8,0,7,184,0,13,64,7,208,0
263,8,0,0,0,0,0,0,0,0,0
1760,8,0,0,0,0,0,0,0,0,0
737,8,0,0,0,0,0,0,0,4,0
852,8,31,253,64,0,0,4,43,0,0
1505,8,137,63,224,11,10,1,124,128,0
354,8,0,8,6,35,234,17,244,206,0
167,8,0,16,250,100,177,37,192,160,0
293,8,144,0,64,223,66,189,243,96,0
14,8,32,82,86,2,8,9,118,44,0
426,8,144,190,189,68,161,99,230,64,0
339,8,0,0,0,0,0,12,0,2,0
661,8,0,0,0,0,0,0,8,64,0
1634,8,78,224,0,0,64,0,0,0,0
412,8,12,50,32,24,2,0,40,192,0
208,8,50,119,12,96,246,0,0,0,0
51,8,0,7,176,0,13,128,7,208,0
628,8,0,242,38,248,80,124,134,157,0
192,8,32,0,0,0,0,0,0,0,0
403,8,0,8,8,3,232,120,0,0,0
526,8,78,32,3,160,0,63,111,255,0
1314,8,223,127,208,0,126,144,1,28,0
870,8,127,221,200,2,1,71,206,56,0
1408,8,0,0,0,3,233,8,0,0,0
852,8,31,253,64,0,0,4,28,0,0
1505,8,137,63,224,11,10,1,124,128,0
651,8,0,0,0,0,0,0,0,0,0
1076,8,2,170,160,160,112,112,80,80,0
1760,8,0,0,0,0,0,0,0,0,0
167,8,0,16,250,100,193,37,192,160,0
61,8,0,0,5,0,0,0,0,0,0
1176,8,135,255,191,252,181,128,16,7,0
560,8,253,0,0,2,188,0,4,0,0
1694,8,4,64,4,126,31,192,21,194,0
293,8,144,0,64,223,66,189,213,96,0
1459,8,4,0,0,0,0,0,4,0,0
14,8,32,82,86,2,8,9,118,68,0
208,8,58,119,12,96,245,0,0,0,0
51,8,0,7,168,0,13,192,7,208,0
263,8,0,0,0,0,0,0,0,0,0
186,8,6,184,150,68,16,0,6,32,0
1760,8,0,0,0,0,0,0,0,0,0
737,8,0,0,0,0,0,0,0,4,0
961,8,123,85,31,187,116,112,233,46,0
852,8,31,253,64,0,0,4,28,0,0
1505,8,137,63,224,11,10,1,124,128,0
354,8,0,8,6,35,234,17,244,206,0
167,8,0,16,250,228,193,37,192,160,0
293,8,144,0,64,223,66,189,183,96,0
14,8,32,82,86,2,8,9,118,62,0
339,8,0,0,0,0,0,12,0,2,0
1634,8,78,224,0,0,64,0,0,0,0
412,8,16,46,32,24,2,0,40,192,0
208,8,66,119,12,96,244,0,0,0,0
51,8,0,7,160,0,14,0,7,208,0
628,8,0,242,40,246,80,124,134,157,0
192,8,32,0,0,0,0,0,0,0,0
778,8,64,45,80,1,211,52,50,0,0
452,8,1,112,2,0,40,7,190,2,0
676,8,54,220,0,28,4,8,152,208,0
403,8,0,8,8,3,232,120,0,0,0
526,8,78,32,3,160,0,63,111,255,0
1314,8,223,127,208,0,126,24,1,28,0
870,8,127,221,200,2,1,71,206,56,0
852,8,31,253,0,0,0,4,28,128,0
705,8,1,243,47,199,201,30,123,136,0
1505,8,137,63,224,11,10,1,124,128,0
651,8,0,0,0,0,0,0,0,0,0
1408,8,0,0,0,3,225,136,0,0,0
1076,8,2,202,160,160,112,128,80,80,0
1760,8,0,0,0,0,0,0,0,0,0
167,8,0,16,250,100,193,37,192,160,0
692,8,20,233,154,0,0,0,88,0,0
458,8,63,241,255,128,0,0,12,56,0
1176,8,135,255,191,252,175,128,17,72,0
813,8,128,0,4,32,172,1,0,32,0
1277,8,17,114,10,77,153,21,203,8,0
560,8,252,0,0,2,188,0,6,0,0
1694,8,4,64,4,126,31,192,21,194,0
293,8,144,0,64,223,66,189,153,96,0
14,8,32,82,86,2,8,9,118,44,0
661,8,0,0,0,0,0,0,8,64,0
208,8,74,119,12,96,243,0,0,0,0
51,8,0,7,152,0,14,64,7,208,0
1399,8,0,0,8,0,0,0,1,88,0
263,8,0,0,0,0,0,0,0,0,0
1760,8,0,0,0,0,0,0,0,0,0
737,8,0,0,0,0,0,0,0,4,0
852,8,31,253,0,0,0,4,13,128,0
1505,8,137,63,224,11,10,1,128,128,0
354,8,0,8,6,35,234,17,244,206,0
167,8,0,16,249,228,193,37,192,160,0
675,8,0,0,0,132,4,128,105,144,0
293,8,144,0,64,223,66,189,123,96,0
961,8,123,85,31,187,52,49,105,46,0
14,8,32,82,86,2,8,9,118,68,0
339,8,0,0,0,0,0,12,0,2,0
1634,8,78,224,0,0,64,0,0,0,0
412,8,20,46,32,23,130,0,40,192,0
208,8,82,119,12,96,242,0,0,0,0
51,8,0,7,144,0,14,128,7,208,0
628,8,0,242,42,244,80,124,134,157,0
192,8,32,0,0,0,0,0,0,0,0
403,8,0,8,8,3,232,120,0,0,0
526,8,78,32,3,160,0,63,111,255,0
1314,8,223,127,208,0,125,160,1,28,0
870,8,127,221,200,2,1,71,206,56,0
852,8,31,253,0,0,0,4,13,128,0
1505,8,137,63,224,11,10,1,128,128,0
651,8,0,0,0,0,0,0,0,0,0
1408,8,0,0,0,3,218,8,0,0,0
1076,8,2,234,160,160,112,128,80,80,0
1760,8,0,0,0,0,0,0,0,0,0
1788,8,0,0,7,99,210,183,0,0,0
167,8,0,16,250,228,177,37,192,160,0
569,8,0,0,0,125,0,0,68,0,0
1176,8,135,255,191,252,163,128,20,9,0
560,8,251,0,0,2,196,0,8,0,0
1694,8,4,64,4,126,31,192,21,194,0
293,8,144,0,64,223,66,189,93,96,0
14,8,32,82,86,2,8,9,118,62,0
208,8,90,119,12,96,162,0,79,0,0
51,8,0,7,136,0,14,192,7,208,0
215,8,0,0,2,0,128,0,0,0,0
263,8,0,0,0,0,0,0,0,0,0
186,8,6,184,149,196,16,0,6,32,0
1760,8,0,0,0,0,0,0,0,0,0
737,8,0,0,0,0,0,0,0,4,0
852,8,31,253,0,0,0,4,6,0,0
1505,8,137,63,224,11,10,1,128,128,0
354,8,0,8,6,35,234,17,244,206,0
167,8,0,16,250,100,193,37,192,160,0
1175,8,0,0,0,0,0,0,0,0,0
293,8,144,0,64,223,66,189,63,96,0
14,8,32,82,86,2,8,9,118,62,0
738,8,24,8,13,64,64,0,1,24,0
837,8,5,2,2,194,60,119,64,129,0
1072,8,0,48,68,139,218,128,16,160,0
304,8,0,1,80,0,0,0,0,0,0
339,8,0,0,0,0,0,12,0,2,0
661,8,0,0,0,0,0,0,8,64,0
1634,8,78,224,0,0,64,0,0,0,0
412,8,24,42,32,23,130,0,40,192,0
208,8,98,119,12,96,161,0,79,0,0
51,8,0,7,128,0,15,0,7,208,0
628,8,0,242,44,242,80,124,134,153,0
192,8,32,0,0,0,0,0,0,0,0
622,8,1,6,64,130,137,14,10,4,0
403,8,0,8,8,3,232,120,0,0,0
526,8,78,32,3,160,0,63,79,255,0
1314,8,223,127,208,0,125,40,1,28,0
870,8,127,221,200,2,1,71,206,56,0
961,8,123,85,31,187,115,50,41,46,0
852,8,31,253,0,0,0,4,6,0,0
1505,8,137,63,224,11,10,1,128,128,0
651,8,0,0,0,0,0,0,0,0,0
1408,8,0,0,0,3,210,136,0,0,0
1076,8,3,10,128,160,112,128,112,112,0
1760,8,0,0,0,0,0,0,0,0,0
167,8,0,16,250,228,193,37,192,160,0
722,8,0,0,24,0,0,0,0,0,0
1372,8,16,27,0,0,65,130,48,0,0
37,8,0,0,2,136,64,62,34,1,0
1176,8,135,255,191,252,162,128,20,10,0
1124,8,0,2,64,0,0,144,25,85,0
560,8,250,0,0,2,196,0,10,0,0
1694,8,4,64,4,126,31,192,21,194,0
293,8,144,0,64,223,66,191,1,96,0
14,8,32,82,86,2,8,9,118,68,0
208,8,106,119,12,96,160,0,79,0,0
51,8,0,7,120,0,15,64,7,208,0
263,8,0,0,0,0,0,0,0,0,0
813,8,128,0,4,32,172,1,0,32,0
1277,8,17,101,10,77,135,19,75,8,0
1760,8,0,0,0,0,0,0,0,82,0
737,8,0,0,0,0,0,0,0,4,0
852,8,31,253,0,0,0,3,247,0,0
1505,8,137,63,224,11,10,1,128,128,0
354,8,0,8,6,35,234,17,244,206,0
167,8,0,16,251,100,177,37,192,160,0
1644,8,0,0,0,0,24,0,0,0,0
244,8,154,12,1,2,4,177,2,64,0
293,8,144,0,64,223,66,190,227,96,0
14,8,32,82,86,2,8,9,118,50,0
1413,8,0,64,0,0,0,2,0,24,0
1255,8,0,0,0,20,3,102,0,0,0
339,8,0,0,0,0,0,12,0,2,0
1634,8,78,224,0,0,64,0,0,0,0
1668,8,76,213,128,25,65,84,16,30,0
1590,8,36,156,0,0,240,0,0,0,0
727,8,16,0,96,216,0,0,0,8,0
412,8,28,38,32,23,130,0,40,192,0
208,8,114,119,12,96,159,0,79,0,0
403,8,0,8,8,3,232,120,0,0,0
526,8,78,32,3,160,0,63,111,255,0
1314,8,223,127,208,0,124,176,1,28,0
51,8,0,7,112,0,15,128,7,208,0
628,8,0,242,46,240,80,124,134,153,0
852,8,31,253,0,0,0,4,96,0,0
1505,8,137,63,224,11,10,1,124,128,0
651,8,0,0,0,0,0,0,0,0,0
870,8,127,221,200,2,1,71,206,56,0
1408,8,0,0,0,3,203,8,0,0,0
1076,8,3,42,0,160,128,128,112,112,0
192,8,32,0,0,0,0,0,0,0,0
1760,8,0,0,0,0,0,0,0,82,0
167,8,0,16,250,100,193,37,192,160,0
1031,8,64,1,96,48,20,128,189,160,0
60,8,0,0,4,0,41,0,0,0,0
1176,8,135,255,191,252,157,128,21,11,0
996,8,0,208,0,0,133,0,0,0,0
1628,8,64,8,194,117,32,15,0,0,0
519,8,4,4,224,88,42,222,149,24,0
1225,8,1,249,21,130,13,2,246,75,0
1694,8,4,64,4,126,31,192,21,194,0
293,8,144,0,64,223,66,190,197,96,0
470,8,2,11,128,128,48,36,5,128,0
1399,8,0,0,8,0,0,0,1,88,0
961,8,123,85,31,187,242,50,169,46,0
560,8,249,0,0,2,196,0,12,0,0
14,8,32,82,86,2,8,9,118,68,0
661,8,0,0,0,0,0,0,8,64,0
208,8,122,119,12,96,154,0,83,0,0
51,8,0,7,104,0,15,192,7,208,0
263,8,0,0,0,0,0,0,0,0,0
186,8,6,184,149,132,16,0,6,32,0
1760,8,0,0,0,0,0,0,0,82,0
737,8,0,0,0,0,0,0,0,4,0
852,8,31,253,0,0,0,4,96,0,0
1505,8,137,63,224,11,10,1,124,128,0
354,8,0,8,6,35,234,17,244,206,0
167,8,0,16,250,228,193,37,192,160,0
293,8,144,0,64,223,66,190,167,96,0
1227,8,128,0,0,0,0,14,0,0,0
640,8,24,224,2,112,0,0,0,0,0
14,8,32,82,86,2,8,9,118,74,0
6,8,8,0,0,100,0,0,0,0,0
339,8,0,0,0,0,0,12,0,2,0
1634,8,78,224,0,0,64,0,0,0,0
412,8,0,66,32,23,130,0,40,192,0
208,8,2,119,12,96,169,0,83,0,0
51,8,0,7,224,0,12,0,7,208,0
628,8,0,242,32,254,80,124,134,153,0
192,8,32,0,0,0,0,0,0,0,0
403,8,0,8,8,3,232,120,0,0,0
526,8,78,32,3,160,0,63,143,255,0
1314,8,223,127,208,0,124,56,1,28,0
870,8,127,221,200,2,1,71,206,56,0
1408,8,0,0,0,3,195,136,0,0,0
852,8,31,252,192,0,0,4,96,128,0
1505,8,137,63,224,11,10,1,124,128,0
651,8,0,0,0,0,0,0,0,0,0
1076,8,3,74,160,160,128,160,112,112,0
1760,8,0,0,0,0,0,86,0,82,0
167,8,0,16,251,100,193,37,192,160,0
61,8,0,0,5,128,0,0,0,0,0
1176,8,135,255,191,252,150,128,22,140,0
560,8,248,0,0,2,196,0,14,0,0
1694,8,4,64,4,126,31,192,21,194,0
293,8,144,0,64,223,66,190,137,96,0
1459,8,4,0,0,0,0,0,4,0,0
14,8,32,82,86,2,8,9,118,50,0
1331,8,237,127,207,126,255,242,239,127,0
208,8,10,119,12,96,162,0,89,0,0
51,8,0,7,216,0,12,64,7,208,0
263,8,0,0,0,0,0,0,0,0,0
1760,8,0,0,0,0,0,86,0,82,0
737,8,0,0,0,0,0,0,0,4,0
961,8,123,85,31,186,242,115,105,46,0
852,8,31,252,192,0,0,4,81,128,0
1505,8,137,63,224,11,10,1,124,128,0
354,8,0,8,6,35,234,17,244,206,0
167,8,0,16,250,100,193,37,192,160,0
293,8,144,0,64,223,66,190,107,96,0
14,8,32,82,86,2,8,9,118,88,0
339,8,0,0,0,0,0,12,0,2,0
661,8,0,0,0,0,0,0,8,64,0
1634,8,78,224,0,0,64,0,0,0,0
412,8,4,62,32,23,130,0,40,192,0
208,8,18,119,12,96,161,0,89,0,0
51,8,0,7,208,0,12,128,7,208,0
628,8,0,242,34,252,80,124,134,153,0
192,8,32,0,0,0,0,0,0,0,0
778,8,64,45,80,1,211,54,50,0,0
403,8,0,8,8,3,232,120,0,0,0
526,8,78,32,3,160,0,63,143,255,0
1314,8,223,127,208,0,123,192,0,220,0
870,8,127,221,200,2,1,71,206,56,0
1408,8,0,0,0,3,188,8,0,0,0
852,8,31,252,192,0,0,4,81,128,0
1505,8,137,63,224,11,10,1,128,128,0
651,8,0,0,0,0,0,0,0,0,0
1076,8,3,106,160,160,128,160,112,112,0
1760,8,0,0,0,0,0,86,0,82,0
167,8,0,16,250,100,193,37,192,160,0
692,8,20,233,154,0,0,0,88,0,0
458,8,63,241,255,128,0,0,12,56,0
1176,8,135,255,191,252,142,128,24,77,0
813,8,128,0,4,32,172,1,0,32,0
1277,8,17,105,10,77,141,20,75,8,0
560,8,247,0,0,2,196,0,16,0,0
1694,8,4,64,4,126,31,192,21,194,0
293,8,144,0,64,223,66,190,77,96,0
705,8,1,243,207,199,202,30,89,156,0
14,8,32,82,86,2,8,9,118,50,0
208,8,26,119,12,96,153,0,96,0,0
51,8,0,7,200,0,12,192,7,208,0
1399,8,0,0,8,0,0,0,1,88,0
263,8,0,0,0,0,0,0,0,0,0
186,8,6,184,149,132,16,0,6,32,0
1760,8,0,0,0,0,0,86,0,82,0
737,8,0,0,0,0,0,0,0,4,0
852,8,31,252,192,0,0,4,74,0,0
1505,8,137,63,224,11,10,1,128,128,0
354,8,0,8,6,35,234,17,244,206,0
167,8,0,16,250,100,177,37,192,160,0
675,8,0,0,0,132,4,128,103,144,0
293,8,144,0,64,223,66,190,47,96,0
961,8,123,85,31,187,49,179,233,46,0
14,8,32,82,86,2,8,9,118,68,0
339,8,0,0,0,0,0,12,0,2,0
1634,8,78,224,0,0,64,0,0,0,0
412,8,8,62,32,23,2,0,40,192,0
208,8,34,119,12,96,152,0,96,0,0
51,8,0,7,192,0,13,0,7,208,0
628,8,0,242,36,250,80,124,134,149,0
192,8,32,0,0,0,0,0,0,0,0
403,8,0,8,8,3,232,120,0,0,0
526,8,78,32,3,160,0,63,175,255,0
1314,8,223,127,208,0,123,72,0,220,0
870,8,127,221,200,2,1,71,206,56,0
1408,8,0,0,0,3,180,136,0,0,0
852,8,31,252,192,0,0,4,74,0,0
1505,8,137,63,224,11,10,1,132,128,0
651,8,0,0,0,0,0,0,0,0,0
1076,8,3,130,160,160,128,160,128,128,0
1760,8,0,0,0,0,0,86,0,82,0
1788,8,0,0,7,100,18,182,240,0,0
167,8,0,16,250,228,193,37,192,160,0
569,8,0,0,0,125,0,0,68,32,0
1176,8,135,255,191,252,141,128,24,78,0
560,8,246,0,0,2,196,0,18,0,0
1694,8,4,64,4,126,31,192,21,194,0
293,8,144,0,64,223,66,190,17,96,0
14,8,32,82,86,2,8,9,118,74,0
661,8,0,0,0,0,0,0,8,64,0
208,8,42,119,12,96,151,0,96,0,0
51,8,0,7,184,0,13,64,7,208,0
215,8,0,0,2,0,128,0,0,0,0
263,8,0,0,0,0,0,0,0,0,0
1760,8,0,0,0,0,0,86,0,92,0
692,8,20,233,155,0,0,0,88,0,0
737,8,0,0,0,0,0,0,0,4,0
852,8,31,252,192,0,0,4,59,0,0
1505,8,137,63,224,11,10,1,132,128,0
354,8,0,8,6,35,234,17,244,206,0
167,8,0,16,250,100,193,37,192,160,0
1175,8,0,0,0,0,0,0,0,0,0
293,8,144,0,64,223,66,189,243,96,0
14,8,32,82,86,2,8,9,118,62,0
738,8,24,8,13,64,64,0,1,24,0
837,8,5,2,2,194,60,119,64,129,0
1072,8,0,48,68,139,218,128,16,160,0
304,8,0,1,80,0,0,0,0,0,0
339,8,0,0,0,0,0,12,0,2,0
1634,8,78,224,0,0,64,0,0,0,0
412,8,12,58,32,23,2,0,40,192,0
208,8,50,119,12,96,150,0,96,0,0
51,8,0,7,176,0,13,128,7,208,0
628,8,0,242,38,248,80,124,134,149,0
192,8,32,0,0,0,0,0,0,0,0
622,8,1,6,64,130,137,14,10,4,0
403,8,0,8,8,3,232,120,0,0,0
526,8,78,32,3,160,0,63,143,247,0
1314,8,223,127,208,0,122,208,0,220,0
870,8,127,221,200,2,1,71,206,56,0
1408,8,0,0,0,3,173,8,0,0,0
961,8,123,85,31,186,177,116,169,46,0
852,8,31,252,192,0,0,4,44,0,0
1505,8,137,63,224,11,10,1,132,128,0
651,8,0,0,0,0,0,0,0,0,0
1076,8,3,170,160,160,160,160,128,128,0
1760,8,0,0,0,0,0,86,0,92,0
167,8,0,16,249,228,177,37,192,160,0
722,8,0,0,32,0,0,0,0,0,0
1176,8,135,255,191,252,137,128,25,15,0
1124,8,0,2,64,0,0,144,24,86,0
560,8,245,0,0,2,196,0,20,0,0
1694,8,4,64,4,126,31,192,21,194,0
293,8,144,0,64,223,66,189,213,96,0
14,8,32,82,86,2,8,9,118,68,0
208,8,58,119,12,96,146,0,99,0,0
51,8,0,7,168,0,13,192,7,208,0
263,8,0,0,0,0,0,0,0,0,0
186,8,6,184,149,68,16,0,6,32,0
1307,8,40,177,129,177,137,199,248,193,0
813,8,128,0,4,32,172,1,0,32,0
1277,8,17,107,10,77,143,20,75,8,0
1760,8,0,0,0,0,0,95,0,92,0
737,8,0,0,0,0,0,0,0,4,0
852,8,31,252,192,0,0,4,44,0,0
1505,8,137,63,224,11,10,1,132,128,0
354,8,0,8,6,35,234,17,244,206,0
167,8,0,16,249,228,177,37,192,160,0
293,8,144,0,64,223,66,189,183,96,0
1644,8,0,0,0,0,32,0,0,0,0
244,8,154,12,1,2,4,177,2,64,0
14,8,32,82,86,2,8,9,118,50,0
1413,8,0,64,0,0,0,2,0,24,0
1255,8,0,0,0,20,3,102,0,0,0
339,8,0,0,0,0,0,12,0,2,0
661,8,0,0,0,0,0,0,8,64,0
1634,8,78,224,0,0,64,0,0,0,0
1668,8,76,213,128,25,65,84,16,30,0
1590,8,36,156,0,0,240,0,0,0,0
727,8,16,0,96,216,0,0,0,8,0
412,8,16,54,32,23,2,0,40,192,0
403,8,0,8,8,3,232,120,0,0,0
526,8,78,31,255,160,0,63,111,247,0
1314,8,223,127,208,0,122,88,0,220,0
208,8,66,119,12,96,145,0,99,0,0
51,8,0,7,160,0,14,0,7,208,0
852,8,31,252,192,0,0,4,36,128,0
1505,8,137,63,224,11,10,1,132,128,0
651,8,0,0,0,0,0,0,0,0,0
628,8,0,242,40,246,80,124,134,149,0
870,8,127,221,200,2,1,71,206,56,0
1408,8,0,0,0,3,165,136,0,0,0
1076,8,3,202,160,160,160,176,128,128,0
1760,8,0,0,0,0,0,95,0,92,0
192,8,32,0,0,0,0,0,0,0,0
167,8,0,16,249,228,193,37,192,160,0
1031,8,64,1,96,32,20,64,189,160,0
60,8,0,0,4,0,41,0,0,0,0
1176,8,135,255,191,252,147,128,26,64,0
996,8,0,208,0,0,133,0,0,0,0
1628,8,64,8,194,117,32,15,0,0,0
519,8,4,4,96,72,42,222,149,24,0
1225,8,1,249,21,130,13,2,246,75,0
1694,8,4,64,4,126,31,192,21,194,0
293,8,144,0,64,223,66,189,153,96,0
470,8,2,15,130,128,48,36,5,128,0
1399,8,0,0,8,0,0,0,1,88,0
961,8,123,85,31,186,240,181,41,46,0
560,8,244,0,0,2,196,0,22,0,0
14,8,32,82,86,2,8,9,118,68,0
208,8,74,119,12,96,139,0,104,0,0
51,8,0,7,152,0,14,64,7,208,0
263,8,0,0,0,0,0,0,0,0,0
1760,8,0,0,0,0,0,95,0,92,0
737,8,0,0,0,0,0,0,0,4,0
852,8,31,252,192,0,0,4,21,128,0
1505,8,137,63,224,11,10,1,136,128,0
354,8,0,8,6,35,234,17,244,206,0
167,8,0,16,250,100,193,37,192,160,0
293,8,144,0,64,223,66,189,123,96,0
14,8,32,82,86,2,8,9,118,68,0
1398,8,127,248,0,0,63,252,31,192,0
339,8,0,0,0,0,0,12,0,2,0
1634,8,78,224,0,0,64,0,0,0,0
412,8,20,50,32,23,2,0,40,192,0
208,8,82,119,12,96,138,0,104,0,0
51,8,0,7,144,0,14,128,7,208,0
628,8,0,242,42,244,80,124,134,149,0
192,8,32,0,0,0,0,0,0,0,0
403,8,0,8,8,3,232,120,0,0,0
526,8,78,32,3,160,48,63,111,247,0
1314,8,223,127,208,0,121,224,0,220,0
870,8,127,221,200,2,1,71,206,56,0
852,8,31,252,192,0,0,4,21,128,0
1505,8,137,63,224,11,10,1,136,128,0
651,8,0,0,0,0,0,0,0,0,0
1408,8,0,0,0,3,158,8,0,0,0
1076,8,3,234,160,160,160,176,128,128,0
1760,8,0,0,0,0,0,95,0,92,0
167,8,0,16,250,100,193,37,192,160,0
61,8,0,0,5,128,0,0,0,0,0
1176,8,135,255,191,252,143,128,27,1,0
560,8,243,0,0,2,196,0,24,0,0
1694,8,4,64,4,126,31,192,21,194,0
293,8,144,0,64,223,66,189,93,96,0
1459,8,4,0,0,0,0,0,4,0,0
14,8,32,82,86,2,8,9,118,50,0
661,8,0,0,0,0,0,0,8,64,0
208,8,90,119,12,96,134,0,107,0,0
51,8,0,7,136,0,14,192,7,208,0
263,8,0,0,0,0,0,0,0,0,0
186,8,6,184,149,4,16,0,6,32,0
1760,8,0,87,0,0,0,95,0,92,0
737,8,0,0,0,0,0,0,0,4,0
961,8,123,85,31,187,111,117,233,46,0
852,8,31,252,192,0,0,4,14,0,0
1505,8,137,63,224,11,10,1,136,128,0
354,8,0,8,6,35,234,17,244,206,0
167,8,0,16,249,228,177,37,192,160,0
1372,8,16,27,0,0,65,130,48,0,0
293,8,144,0,64,223,66,189,63,96,0
14,8,32,82,86,2,8,9,118,74,0
339,8,0,0,0,0,0,12,0,2,0
1634,8,78,224,0,0,64,0,0,0,0
412,8,24,46,32,23,2,0,40,192,0
208,8,98,119,12,96,133,0,107,0,0
51,8,0,7,128,0,15,0,7,208,0
628,8,0,242,44,242,80,124,134,149,0
192,8,32,0,0,0,0,0,0,0,0
813,8,128,0,4,32,172,1,0,32,0
1277,8,17,105,10,77,141,20,75,8,0
403,8,0,8,8,3,232,120,0,0,0
526,8,78,32,3,160,48,63,143,255,0
692,8,20,233,155,0,0,0,88,0,0
1314,8,223,127,208,0,121,104,0,220,0
870,8,127,221,200,2,1,71,206,56,0
852,8,31,252,192,0,0,4,14,0,0
1505,8,137,63,224,11,10,1,136,128,0
651,8,0,0,0,0,0,0,0,0,0
1408,8,0,0,0,3,150,136,0,0,0
1076,8,4,10,160,160,176,176,160,160,0
1760,8,0,87,0,87,0,95,0,98,0
167,8,0,16,250,100,177,37,192,160,0
458,8,63,241,255,128,0,0,12,56,0
1176,8,135,255,191,252,142,128,27,2,0
560,8,242,0,0,2,196,0,26,0,0
1694,8,4,64,4,126,31,192,21,194,0
293,8,144,0,64,223,66,191,1,96,0
14,8,32,82,86,2,8,9,118,50,0
208,8,106,119,12,96,132,0,107,0,0
51,8,0,7,120,0,15,64,7,208,0
1399,8,0,0,8,0,0,0,1,88,0
695,8,0,32,40,64,0,0,128,64,0
263,8,0,0,0,0,0,0,0,0,0
1760,8,0,87,0,87,0,95,0,98,0
737,8,0,0,0,0,0,0,0,4,0
705,8,1,243,207,199,201,30,71,178,0
852,8,31,252,192,0,0,3,255,0,0
1505,8,137,63,224,11,10,1,132,128,0
354,8,0,8,6,19,234,17,244,206,0
167,8,0,16,250,228,177,37,192,160,0
675,8,0,0,0,132,6,128,102,144,0
293,8,144,0,64,223,66,190,227,96,0
961,8,123,85,31,187,174,182,105,46,0
14,8,32,82,86,2,8,9,118,68,0
339,8,0,0,0,0,0,12,0,2,0
661,8,0,0,0,0,0,0,8,64,0
1634,8,78,224,0,0,64,0,0,0,0
412,8,28,42,32,23,2,0,40,192,0
208,8,114,119,12,96,131,0,107,0,0
51,8,0,7,112,0,15,128,7,208,0
628,8,0,242,46,240,80,124,134,149,0
192,8,32,0,0,0,0,0,0,0,0
403,8,0,8,8,3,232,120,0,0,0
526,8,78,32,3,160,50,63,143,255,0
1314,8,223,127,208,0,120,240,0,156,0
870,8,128,93,200,2,1,71,206,56,0
1408,8,0,0,0,3,143,8,0,0,0
852,8,31,252,192,0,0,4,104,0,0
1505,8,137,63,224,11,10,1,128,128,0
651,8,0,0,0,0,0,0,0,0,0
1076,8,4,42,160,160,176,192,160,160,0
1760,8,0,87,0,87,0,100,0,98,0
1788,8,0,0,7,100,50,182,224,0,0
167,8,0,16,251,228,177,37,192,160,0
569,8,0,0,0,125,0,0,68,64,0
1176,8,135,255,191,252,138,128,27,195,0
560,8,241,0,0,2,204,0,28,0,0
1694,8,4,64,4,126,31,192,21,194,0
293,8,144,0,64,223,66,190,197,96,0
14,8,32,82,86,2,8,9,118,68,0
208,8,122,119,12,96,127,0,110,0,0
51,8,0,7,104,0,15,192,7,208,0
215,8,0,0,2,0,128,0,0,0,0
263,8,0,0,0,0,0,0,0,0,0
186,8,6,184,148,196,16,0,6,32,0
1760,8,0,87,0,87,0,100,0,98,0
737,8,0,0,0,0,0,0,0,4,0
852,8,31,252,192,0,0,4,104,0,0
1505,8,137,63,224,11,10,1,128,128,0
354,8,0,8,6,19,234,17,244,206,0
167,8,0,16,250,228,177,37,192,160,0
1175,8,0,0,0,0,0,0,0,0,0
293,8,144,0,64,223,66,190,167,96,0
14,8,32,82,86,2,8,9,118,62,0
738,8,24,8,13,64,64,0,1,24,0
837,8,5,2,2,194,60,119,64,129,0
1072,8,0,48,68,139,218,128,16,160,0
304,8,0,1,80,0,0,0,0,0,0
339,8,0,0,0,0,0,12,0,2,0
1634,8,78,224,0,0,64,0,0,0,0
412,8,0,70,32,23,2,0,40,192,0
208,8,2,119,12,96,142,0,110,0,0
51,8,0,7,224,0,12,0,7,208,0
628,8,0,242,32,254,80,124,134,149,0
192,8,32,0,0,0,0,0,0,0,0
622,8,1,6,64,130,137,14,10,4,0
403,8,0,8,8,3,232,120,0,0,0
526,8,78,32,3,160,52,191,143,255,0
1314,8,223,127,208,0,120,120,0,156,0
870,8,128,93,200,2,1,71,206,56,0
1408,8,0,0,0,3,135,136,0,0,0
961,8,123,85,31,187,110,55,41,46,0
852,8,31,252,192,0,0,4,96,128,0
1505,8,137,63,224,11,10,1,128,128,0
651,8,0,0,0,0,0,0,0,0,0
1076,8,4,74,160,160,176,192,160,160,0
1760,8,0,87,0,87,0,100,0,98,0
167,8,0,16,249,228,177,37,192,160,0
722,8,0,0,40,0,0,0,0,0,0
1176,8,135,255,191,252,134,128,28,132,0
1124,8,0,2,64,0,0,144,23,87,0
560,8,240,0,0,2,196,0,30,0,0
1694,8,4,64,4,126,31,192,21,194,0
293,8,144,0,64,223,66,190,137,96,0
14,8,32,82,86,2,8,9,118,88,0
661,8,0,0,0,0,0,0,8,64,0
208,8,10,119,12,96,138,0,113,0,0
51,8,0,7,216,0,12,64,7,208,0
263,8,0,0,0,0,0,0,0,0,0
452,8,1,112,2,0,40,65,186,2,0
676,8,78,30,1,28,4,8,152,208,0
813,8,128,0,4,32,172,1,0,32,0
1760,8,0,87,0,87,0,100,0,98,0
1277,8,17,107,10,77,143,20,75,8,0
737,8,0,0,0,0,0,0,0,4,0
852,8,31,252,192,0,0,4,81,128,0
1505,8,137,63,224,11,10,1,124,128,0
354,8,0,8,6,19,234,17,244,206,0
167,8,0,16,250,228,193,37,192,160,0
683,8,164,208,201,215,226,215,202,255,0
1751,8,65,2,207,2,192,7,34,60,0
293,8,144,0,64,223,66,190,107,96,0
1644,8,0,0,0,0,24,0,0,0,0
244,8,154,12,1,2,4,177,2,64,0
300,8,121,6,224,0,0,1,253,208,0
14,8,32,82,86,2,8,9,118,50,0
1413,8,0,64,0,0,0,2,0,24,0
1255,8,0,0,0,20,3,102,0,0,0
339,8,0,0,0,0,0,12,0,2,0
1634,8,78,224,0,0,64,0,0,0,0
1668,8,76,213,128,25,65,84,16,30,0
1590,8,36,156,0,0,240,0,0,0,0
727,8,16,0,96,216,0,0,0,8,0
412,8,4,66,32,23,2,0,40,192,0
208,8,18,119,12,96,137,0,113,0,0
403,8,0,8,8,3,232,120,0,0,0
526,8,78,32,3,160,53,63,143,255,0
1314,8,223,127,208,0,127,128,0,156,0
51,8,0,7,208,0,12,128,7,208,0
628,8,0,242,34,252,80,124,134,149,0
852,8,31,252,192,0,0,4,81,128,0
1505,8,137,63,224,11,10,1,124,128,0
651,8,0,0,0,0,0,0,0,0,0
870,8,128,93,200,2,1,71,206,56,0
1408,8,0,0,0,3,248,8,0,0,0
1076,8,4,104,0,160,192,192,176,176,0
192,8,32,0,0,0,0,0,0,0,0
1760,8,0,100,0,100,0,100,0,102,0
167,8,0,16,251,100,177,37,192,160,0
1031,8,64,1,96,32,20,64,189,160,0
60,8,0,0,4,0,50,0,0,0,0
1176,8,135,255,191,252,133,128,28,133,0
996,8,0,208,0,0,133,0,0,0,0
1628,8,64,8,194,117,32,15,0,0,0
519,8,4,4,96,72,42,222,149,24,0
1225,8,1,249,21,130,13,2,246,75,0
1694,8,4,64,4,126,31,192,21,194,0
293,8,144,0,64,223,66,190,77,96,0
470,8,6,11,128,128,48,36,5,128,0
1399,8,0,0,8,0,0,0,1,88,0
961,8,123,85,31,187,45,247,169,46,0
560,8,255,0,0,2,204,0,0,0,0
14,8,32,82,86,2,8,9,118,74,0
208,8,26,119,12,96,136,0,113,0,0
51,8,0,7,200,0,12,192,7,208,0
263,8,0,0,0,0,0,0,0,0,0
186,8,6,184,148,132,16,0,6,32,0
1760,8,0,100,0,100,0,100,0,102,0
737,8,0,0,0,0,0,0,0,4,0
852,8,31,252,128,0,0,4,82,0,0
1505,8,137,63,224,11,10,1,128,128,0
354,8,0,8,6,19,234,17,244,206,0
167,8,0,16,250,228,193,37,192,160,0
293,8,144,0,64,223,66,190,47,96,0
1227,8,128,0,0,0,0,14,0,0,0
640,8,24,224,2,112,0,0,0,0,0
14,8,32,82,86,2,8,9,118,68,0
339,8,0,0,0,0,0,12,0,2,0
661,8,0,0,0,0,0,0,8,64,0
1634,8,78,224,0,0,64,0,0,0,0
412,8,8,62,32,23,2,0,40,192,0
208,8,34,119,12,96,135,0,113,0,0
51,8,0,7,192,0,13,0,7,208,0
628,8,0,242,36,250,80,124,134,149,0
192,8,32,0,0,0,0,0,0,0,0
403,8,0,8,8,3,232,120,0,0,0
526,8,78,32,3,160,54,191,143,255,0
1314,8,223,127,208,0,127,8,0,156,0
870,8,128,221,200,2,1,71,206,56,0
1408,8,0,0,0,3,240,136,0,0,0
852,8,31,252,128,0,0,4,82,0,0
1505,8,137,63,224,11,10,1,128,128,0
651,8,0,0,0,0,0,0,0,0,0
1076,8,0,136,224,160,192,192,176,176,0
1760,8,0,100,0,100,0,100,0,102,0
167,8,0,16,249,100,177,37,192,160,0
61,8,0,0,5,128,0,0,0,0,0
1176,8,135,255,191,252,130,128,29,6,0
560,8,254,0,0,2,204,0,2,0,0
1694,8,4,64,4,126,31,192,21,194,0
293,8,144,0,64,223,66,190,17,96,0
1459,8,4,0,0,0,0,0,4,0,0
14,8,32,82,86,2,8,9,118,62,0
208,8,42,119,12,96,132,0,115,0,0
51,8,0,7,184,0,13,64,7,208,0
263,8,0,0,0,0,0,0,0,0,0
1760,8,0,100,0,100,0,103,0,102,0
961,8,123,85,31,187,45,56,105,46,0
737,8,0,0,0,0,0,0,0,4,0
852,8,31,252,128,0,0,4,67,0,0
1505,8,137,63,224,11,10,1,128,128,0
354,8,0,8,6,19,234,17,244,206,0
167,8,0,16,249,228,193,37,192,160,0
293,8,144,0,64,223,66,189,243,96,0
14,8,32,82,86,2,8,9,118,74,0
339,8,0,0,0,0,0,12,0,2,0
1634,8,78,224,0,0,64,0,0,0,0
412,8,12,62,32,22,130,0,40,192,0
208,8,50,119,12,96,131,0,115,0,0
51,8,0,7,176,0,13,128,7,208,0
628,8,0,242,38,248,80,124,134,145,0
192,8,32,0,0,0,0,0,0,0,0
813,8,128,0,4,32,172,1,0,32,0
1277,8,17,107,10,77,143,20,75,8,0
403,8,0,8,8,3,232,120,0,0,0
526,8,78,32,3,160,57,63,111,255,0
1314,8,223,127,208,0,126,144,0,156,0
870,8,128,221,200,2,1,71,206,56,0
1408,8,0,0,0,3,233,8,0,0,0
852,8,31,252,128,0,0,4,52,0,0
1505,8,137,63,224,11,10,1,128,128,0
651,8,0,0,0,0,0,0,0,0,0
1076,8,0,168,224,160,192,224,176,176,0
1760,8,0,100,0,100,0,103,0,102,0
167,8,0,16,250,100,193,37,192,160,0
692,8,20,233,155,0,0,0,88,0,0
458,8,63,241,255,128,0,0,12,56,0
1176,8,135,255,191,252,128,128,29,71,0
560,8,253,0,0,2,204,0,4,0,0
1694,8,4,64,4,126,31,192,21,194,0
293,8,144,0,64,223,66,189,213,96,0
14,8,32,82,86,2,8,9,118,62,0
1049,8,10,155,70,77,4,95,194,47,0
661,8,0,0,0,0,0,0,8,64,0
208,8,58,119,12,96,129,0,116,0,0
51,8,0,7,168,0,13,192,7,208,0
263,8,0,0,0,0,0,0,0,0,0
186,8,6,184,148,132,16,0,6,32,0
241,8,62,16,28,192,3,89,204,0,0
1399,8,0,0,8,0,0,0,1,88,0
1760,8,0,100,0,100,0,103,0,102,0
737,8,0,0,0,0,0,0,0,4,0
852,8,31,252,128,0,0,4,52,0,0
1505,8,137,63,224,11,10,1,132,128,0
354,8,0,8,6,19,234,17,244,206,0
167,8,0,16,250,100,177,37,192,160,0
675,8,0,0,0,132,6,128,102,144,0
293,8,144,0,64,223,66,189,183,96,0
961,8,123,85,31,187,108,120,233,46,0
705,8,1,243,79,199,199,30,67,198,0
14,8,32,82,86,2,8,9,118,80,0
339,8,0,0,0,0,0,12,0,2,0
1634,8,78,224,0,0,64,0,0,0,0
412,8,16,58,32,22,130,0,40,192,0
208,8,66,119,12,96,128,0,116,0,0
51,8,0,7,160,0,14,0,7,208,0
628,8,0,242,40,246,80,124,134,145,0
192,8,32,0,0,0,0,0,0,0,0
403,8,0,8,8,3,232,120,0,0,0
526,8,78,32,3,160,57,191,111,247,0
1314,8,223,127,208,0,126,24,0,156,0
870,8,128,221,200,2,1,71,206,56,0
1408,8,0,0,0,3,225,136,0,0,0
1076,8,0,199,32,160,192,224,192,192,0
852,8,31,252,128,0,0,4,44,128,0
1505,8,137,63,224,11,10,1,136,128,0
651,8,0,0,0,0,0,0,0,0,0
1760,8,0,111,0,111,0,103,0,102,0
1788,8,0,0,7,100,82,182,216,0,0
167,8,0,16,250,100,193,37,192,160,0
569,8,0,0,0,125,0,0,68,96,0
1176,8,135,255,191,252,126,128,29,136,0
560,8,252,0,0,2,204,0,6,0,0
1694,8,4,64,4,126,31,192,21,194,0
293,8,144,0,64,223,66,189,153,96,0
14,8,32,82,86,2,8,9,118,50,0
208,8,74,119,12,96,126,0,117,0,0
51,8,0,7,152,0,14,64,7,208,0
215,8,0,0,2,0,128,0,0,0,0
263,8,0,0,0,0,0,0,0,0,0
1760,8,0,111,0,111,0,103,0,105,0
737,8,0,0,0,0,0,0,0,4,0
852,8,31,252,128,0,0,4,29,128,0
1505,8,137,63,224,11,10,1,132,128,0
354,8,0,8,6,19,234,17,244,206,0
167,8,0,16,249,228,193,37,192,160,0
1175,8,0,0,0,0,0,0,0,0,0
293,8,144,0,64,223,66,189,123,96,0
14,8,32,82,86,2,8,9,118,68,0
738,8,24,8,13,64,64,0,1,24,0
837,8,5,2,2,194,60,119,64,129,0
1072,8,0,48,68,139,218,128,16,160,0
304,8,0,1,80,0,0,0,0,0,0
339,8,0,0,0,0,0,12,0,2,0
661,8,0,0,0,0,0,0,8,64,0
1634,8,78,224,0,0,64,0,0,0,0
412,8,20,54,32,22,130,0,40,192,0
208,8,82,119,12,96,125,0,117,0,0
51,8,0,7,144,0,14,128,7,208,0
628,8,0,242,42,244,80,124,134,145,0
192,8,32,0,0,0,0,0,0,0,0
622,8,1,6,64,130,137,14,10,4,0
403,8,0,8,8,3,232,120,0,0,0
526,8,78,32,3,160,59,63,111,239,0
1314,8,223,127,208,0,125,160,0,156,0
870,8,129,93,200,2,1,71,206,56,0
961,8,123,85,31,186,236,57,169,46,0
852,8,31,252,128,0,0,4,29,128,0
1505,8,137,63,224,11,10,1,132,128,0
651,8,0,0,0,0,0,0,0,0,0
1408,8,0,0,0,3,218,8,0,0,0
1076,8,0,231,0,160,224,224,192,192,0
1760,8,0,111,0,111,0,103,0,105,0
167,8,0,16,250,100,193,37,192,160,0
722,8,0,0,48,0,0,0,0,0,0
1372,8,16,27,0,0,65,130,48,0,0
1176,8,135,255,191,252,124,128,29,201,0
1124,8,0,2,64,0,0,144,22,88,0
560,8,251,0,0,2,204,0,8,0,0
1694,8,4,64,4,126,31,192,21,194,0
293,8,144,0,64,223,66,189,93,96,0
14,8,32,82,86,2,8,9,118,68,0
208,8,90,119,12,96,123,0,118,0,0
51,8,0,7,136,0,14,192,7,208,0
263,8,0,0,0,0,0,0,0,0,0
186,8,6,184,148,68,16,0,6,32,0
663,8,17,0,0,32,0,2,81,16,0
1307,8,41,9,24,63,1,6,8,1,0
813,8,128,0,4,32,172,1,0,32,0
1277,8,17,106,10,77,141,20,75,136,0
1760,8,0,111,0,111,0,107,0,105,0
737,8,0,0,0,0,0,0,0,4,0
852,8,31,252,128,0,0,4,22,0,0
1505,8,137,63,224,11,10,1,128,128,0
354,8,0,8,6,3,234,17,244,206,0
167,8,0,16,250,100,177,37,192,160,0
293,8,144,0,64,223,66,189,63,96,0
1644,8,0,0,0,0,24,0,0,0,0
244,8,154,12,1,2,4,177,2,64,0
14,8,32,82,86,2,8,9,118,62,0
1413,8,0,64,0,0,0,2,0,24,0
1255,8,0,0,0,20,3,102,0,0,0
339,8,0,0,0,0,0,12,0,2,0
1634,8,78,224,0,0,64,0,0,0,0
1668,8,76,213,128,25,65,84,16,30,0
1590,8,36,156,0,0,240,0,0,0,0
727,8,16,0,96,216,0,0,0,8,0
412,8,24,50,32,22,130,0,40,192,0
208,8,98,119,12,96,122,0,118,0,0
403,8,0,8,8,3,232,120,0,0,0
526,8,78,32,3,160,60,191,143,239,0
1314,8,223,127,208,0,125,40,0,156,0
51,8,0,7,128,0,15,0,7,208,0
628,8,0,242,44,242,80,124,134,145,0
852,8,31,252,128,0,0,4,22,0,0
1505,8,137,63,224,11,10,1,124,128,0
651,8,0,0,0,0,0,0,0,0,0
870,8,129,93,200,2,1,71,206,56,0
1408,8,0,0,0,3,210,136,0,0,0
1076,8,1,5,160,160,224,240,192,192,0
192,8,32,0,0,0,0,0,0,0,0
1760,8,0,111,0,111,0,107,0,105,0
167,8,0,16,251,100,177,37,192,160,0
1031,8,64,1,96,32,20,64,189,160,0
60,8,0,0,4,0,60,0,0,0,0
1176,8,135,255,191,252,121,128,30,74,0
996,8,0,208,0,0,133,0,0,0,0
1628,8,64,8,194,117,32,15,0,0,0
519,8,4,4,96,72,42,222,149,24,0
1225,8,1,249,21,130,13,2,246,75,0
1694,8,4,64,4,126,31,192,21,194,0
293,8,144,0,64,223,66,191,1,96,0
470,8,2,15,130,128,48,36,5,128,0
1399,8,0,0,8,0,0,0,1,88,0
961,8,123,85,31,186,171,250,41,46,0
117,8,15,50,0,15,174,30,224,0,0
560,8,250,0,0,2,204,0,10,0,0
14,8,32,82,86,2,8,9,118,74,0
661,8,0,0,0,0,0,0,8,64,0
208,8,106,119,12,96,119,0,120,0,0
51,8,0,7,120,0,15,64,7,208,0
263,8,0,0,0,0,0,0,0,0,0
1760,8,0,111,0,111,0,107,0,105,0
737,8,0,0,0,0,0,0,0,4,0
852,8,31,252,128,0,0,4,7,0,0
1505,8,137,63,224,11,10,1,120,128,0
354,8,0,8,6,3,234,17,244,206,0
167,8,0,16,250,228,177,37,192,160,0
58,8,0,0,0,0,0,29,8,0,0
293,8,144,0,64,223,66,190,227,96,0
14,8,32,82,86,2,8,9,118,62,0
248,8,126,223,244,253,73,251,167,184,0
339,8,0,0,0,0,0,12,0,2,0
1634,8,78,224,0,0,64,0,0,0,0
412,8,28,46,32,22,130,0,40,176,0
208,8,114,119,12,96,118,0,120,0,0
51,8,0,7,112,0,15,128,7,208,0
628,8,0,242,46,240,80,124,134,145,0
192,8,32,0,0,0,0,0,0,0,0
403,8,0,8,8,3,232,120,0,0,0
526,8,78,31,255,160,61,63,143,247,0
1314,8,223,127,208,0,124,176,0,156,0
870,8,129,93,200,2,1,71,206,56,0
1408,8,0,0,0,3,203,8,0,0,0
852,8,31,252,128,0,0,4,112,0,0
1505,8,137,63,224,11,10,1,116,128,0
651,8,0,0,0,0,0,0,0,0,0
1076,8,1,38,32,160,224,240,224,224,0
1760,8,0,120,0,121,0,107,0,105,0
167,8,0,16,250,228,177,37,192,160,0
61,8,0,0,5,128,0,0,0,0,0
1176,8,135,255,191,252,119,128,30,139,0
560,8,249,0,0,2,204,0,12,0,0
1694,8,4,64,4,126,31,192,21,194,0
293,8,144,0,64,223,66,190,197,96,0
1459,8,4,0,0,0,0,0,4,0,0
14,8,32,82,86,2,8,9,118,80,0
208,8,122,119,12,96,116,0,121,0,0
51,8,0,7,104,0,15,192,7,208,0
263,8,0,0,0,0,0,0,0,0,0
186,8,6,184,147,196,16,0,6,32,0
1760,8,0,120,0,121,0,107,0,110,0
961,8,123,85,31,186,171,58,233,46,0
737,8,0,0,0,0,0,0,0,4,0
852,8,31,252,128,0,0,4,112,0,0
1505,8,137,63,224,11,10,1,116,128,0
354,8,0,8,6,3,234,17,244,206,0
167,8,0,16,251,228,177,37,192,160,0
293,8,144,0,64,223,66,190,167,96,0
14,8,32,82,86,2,8,9,118,68,0
339,8,0,0,0,0,0,12,0,2,0
661,8,0,0,0,0,0,0,8,64,0
1634,8,78,224,0,0,64,0,0,0,0
412,8,0,74,32,22,130,0,40,176,0
208,8,2,119,12,96,131,0,121,0,0
51,8,0,7,224,0,12,0,7,208,0
628,8,0,242,32,254,80,124,134,145,0
192,8,32,0,0,0,0,0,0,0,0
813,8,128,0,4,32,172,1,0,32,0
403,8,0,8,8,3,232,120,0,0,0
526,8,78,31,255,160,62,191,143,255,0
1314,8,223,127,208,0,124,56,0,156,0
870,8,129,93,200,2,1,71,206,56,0
1408,8,0,0,0,3,195,136,0,0,0
852,8,31,252,64,0,0,4,112,128,0
1505,8,137,63,224,11,10,1,116,128,0
651,8,0,0,0,0,0,0,0,0,0
1076,8,1,70,128,160,240,240,224,224,0
1760,8,0,120,0,121,0,107,0,110,0
167,8,0,16,250,100,177,37,192,160,0
692,8,20,233,155,0,0,0,88,0,0
458,8,63,241,255,128,0,0,12,56,0
1176,8,135,255,191,252,117,128,30,204,0
1277,8,17,108,10,77,143,20,203,8,0
560,8,248,0,0,2,204,0,14,0,0
1694,8,4,64,4,126,31,192,21,194,0
293,8,144,0,64,223,66,190,137,96,0
14,8,32,82,86,2,8,9,118,88,0
208,8,10,119,12,96,129,0,122,0,0
51,8,0,7,216,0,12,64,7,208,0
1399,8,0,0,8,0,0,0,1,86,0
263,8,0,0,0,0,0,0,0,0,0
1760,8,0,120,0,121,0,107,0,110,0
737,8,0,0,0,0,0,0,0,4,0
852,8,31,252,64,0,0,4,97,128,0
1505,8,137,63,224,11,10,1,116,128,0
354,8,0,8,6,3,234,17,244,206,0
167,8,0,16,249,228,193,37,192,160,0
675,8,0,0,0,132,8,128,102,16,0
293,8,144,0,64,223,66,190,107,96,0
961,8,123,85,31,187,105,251,105,46,0
14,8,32,82,86,2,8,9,118,62,0
339,8,0,0,0,0,0,12,0,2,0
1634,8,78,224,0,0,64,0,0,0,0
412,8,4,72,32,22,66,0,40,176,0
208,8,18,119,12,96,128,0,122,0,0
51,8,0,7,208,0,12,128,7,208,0
628,8,0,242,34,252,80,124,134,145,0
192,8,32,0,0,0,0,0,0,0,0
403,8,0,8,8,3,232,120,0,0,0
526,8,78,32,3,160,65,63,143,255,0
1314,8,223,127,208,0,123,192,0,156,0
870,8,129,157,200,2,1,71,206,56,0
1408,8,0,0,0,3,188,8,0,0,0
852,8,31,252,64,0,0,4,97,128,0
705,8,1,243,175,199,202,30,27,220,0
1505,8,137,63,224,11,10,1,112,128,0
651,8,0,0,0,0,0,0,0,0,0
1076,8,1,104,96,160,241,16,224,224,0
1760,8,0,120,0,121,0,112,0,110,0
1788,8,0,0,7,100,146,182,208,0,0
167,8,0,16,250,228,193,37,192,160,0
569,8,0,0,0,125,0,0,68,128,0
1176,8,135,255,191,252,114,128,31,77,0
560,8,247,0,0,2,204,0,16,0,0
1694,8,4,64,4,126,31,192,21,194,0
293,8,144,0,64,223,66,190,77,96,0
14,8,32,82,86,2,8,9,118,80,0
661,8,0,0,0,0,0,0,8,64,0
208,8,26,119,12,96,125,0,124,0,0
51,8,0,7,200,0,12,192,7,208,0
215,8,0,0,2,0,128,0,0,0,0
263,8,0,0,0,0,0,0,0,0,0
186,8,6,184,147,196,16,0,6,32,0
1760,8,0,126,0,121,0,112,0,110,0
737,8,0,0,0,0,0,0,0,4,0
852,8,31,252,64,0,0,4,90,0,0
1505,8,137,63,224,11,10,1,116,128,0
354,8,0,8,6,3,234,17,244,206,0
167,8,0,16,251,100,177,37,192,160,0
1175,8,0,0,0,0,0,0,0,0,0
293,8,144,0,64,223,66,190,47,96,0
14,8,32,82,86,2,8,9,118,50,0
738,8,24,8,13,64,64,0,1,24,0
837,8,5,2,2,194,60,119,64,129,0
1072,8,0,48,68,139,218,128,16,160,0
304,8,0,1,80,0,0,0,0,0,0
339,8,0,0,0,0,0,12,0,2,0
1634,8,78,224,0,0,64,0,0,0,0
412,8,8,68,32,22,66,0,40,176,0
208,8,34,119,12,96,124,0,124,0,0
51,8,0,7,192,0,13,0,7,208,0
628,8,0,242,36,250,80,124,134,143,0
192,8,32,0,0,0,0,0,0,0,0
622,8,1,6,64,130,137,14,10,4,0
403,8,0,8,8,3,232,120,0,0,0
526,8,78,32,3,160,65,191,143,255,0
1314,8,223,127,208,0,123,72,0,92,0
870,8,129,157,200,2,1,71,206,56,0
1408,8,0,0,0,3,180,136,0,0,0
961,8,123,85,31,187,41,124,41,46,0
852,8,31,252,64,0,0,4,90,0,0
1505,8,137,63,224,11,10,1,120,128,0
651,8,0,0,0,0,0,0,0,0,0
1076,8,1,134,192,160,241,16,240,240,0
1760,8,0,126,0,126,0,112,0,110,0
167,8,0,16,250,100,177,37,192,160,0
722,8,0,0,56,0,0,0,0,0,0
1176,8,135,255,191,252,110,128,32,14,0
1124,8,0,2,64,0,0,144,21,89,0
631,8,30,1,128,0,0,0,1,8,0
560,8,246,0,0,2,204,0,18,0,0
1694,8,4,64,4,126,31,192,21,194,0
293,8,144,0,64,223,66,190,17,96,0
14,8,32,82,86,2,8,9,118,74,0
208,8,42,119,12,96,120,0,127,0,0
51,8,0,7,184,0,13,64,7,208,0
263,8,0,0,0,0,0,0,0,0,0
813,8,128,0,4,32,172,1,0,32,0
1277,8,17,106,10,77,141,20,75,8,0
1760,8,0,126,0,126,0,112,0,116,0
737,8,0,0,0,0,0,0,0,4,0
852,8,31,252,64,0,0,4,75,0,0
1505,8,137,63,224,11,10,1,120,128,0
354,8,0,8,6,3,234,17,244,206,0
167,8,0,16,249,228,177,37,192,160,0
930,8,0,0,0,0,12,1,224,0,0
1644,8,0,0,0,0,24,0,0,0,0
293,8,144,0,64,223,66,189,243,96,0
244,8,154,12,1,2,4,177,2,64,0
14,8,32,82,86,2,8,9,118,50,0
1413,8,0,64,0,0,0,2,0,24,0
1255,8,0,0,0,20,3,102,0,0,0
339,8,0,0,0,0,0,12,0,2,0
661,8,0,0,0,0,0,0,8,64,0
1634,8,78,224,0,0,64,0,0,0,0
1668,8,76,213,128,25,65,84,16,30,0
1590,8,36,156,0,0,240,0,0,0,0
727,8,16,0,96,216,0,0,0,8,0
412,8,12,64,32,22,66,0,40,176,0
403,8,0,8,8,3,232,120,0,0,0
526,8,78,32,3,160,67,63,111,255,0
1314,8,223,127,208,0,122,208,0,92,0
208,8,50,119,12,96,119,0,127,0,0
51,8,0,7,176,0,13,128,7,208,0
852,8,31,252,64,0,0,4,60,0,0
1505,8,137,63,224,11,10,1,120,128,0
651,8,0,0,0,0,0,0,0,0,0
628,8,0,242,38,248,80,124,134,143,0
870,8,129,157,200,2,1,71,206,56,0
1408,8,0,0,0,3,173,8,0,0,0
1076,8,1,166,0,161,17,16,240,240,0
1760,8,0,126,0,126,0,112,0,116,0
192,8,32,0,0,0,0,0,0,0,0
167,8,0,16,249,228,177,37,192,160,0
1031,8,64,1,96,16,20,64,189,160,0
60,8,0,0,4,0,43,0,0,0,0
1176,8,135,255,191,252,108,128,32,79,0
996,8,0,208,0,0,133,0,0,0,0
1628,8,64,8,194,117,32,15,0,0,0
519,8,4,4,96,72,42,222,149,24,0
1225,8,1,249,21,130,13,2,246,75,0
1694,8,4,64,4,126,31,192,21,194,0
293,8,144,0,64,223,66,189,213,96,0
470,8,2,11,128,128,48,36,5,128,0
961,8,123,85,31,187,104,188,169,46,0
1399,8,0,0,8,0,0,0,1,86,0
560,8,245,0,0,2,212,0,20,0,0
14,8,32,82,86,2,8,9,118,74,0
208,8,58,119,12,96,117,0,128,0,0
51,8,0,7,168,0,13,192,7,208,0
263,8,0,0,0,0,0,0,0,0,0
186,8,6,184,147,132,16,0,6,32,0
1760,8,0,126,0,126,0,119,0,116,0
737,8,0,0,0,0,0,0,0,4,0
852,8,31,252,64,0,0,4,60,0,0
1505,8,137,63,224,11,10,1,120,128,0
354,8,0,8,5,243,234,17,244,206,0
167,8,0,16,249,228,193,37,192,160,0
293,8,144,0,64,223,66,189,183,96,0
1227,8,128,0,0,0,0,14,0,0,0
640,8,24,224,2,112,0,0,0,0,0
14,8,32,82,86,2,8,9,118,68,0
339,8,0,0,0,0,0,12,0,2,0
1634,8,78,224,0,0,64,0,0,0,0
412,8,16,60,32,22,66,0,40,176,0
208,8,66,119,12,96,116,0,128,0,0
51,8,0,7,160,0,14,0,7,208,0
628,8,0,242,40,246,80,124,134,143,0
192,8,32,0,0,0,0,0,0,0,0
403,8,0,8,8,3,232,120,0,0,0
526,8,78,32,3,160,68,191,111,255,0
1314,8,223,127,208,0,122,88,0,92,0
870,8,129,157,200,2,1,71,206,56,0
1408,8,0,0,0,3,165,136,0,0,0
1076,8,1,198,64,161,17,32,241,16,0
852,8,31,252,64,0,0,4,52,128,0
1505,8,137,63,224,11,10,1,120,128,0
651,8,0,0,0,0,0,0,0,0,0
1760,8,0,131,0,126,0,119,0,116,0
167,8,0,16,249,228,193,37,192,160,0
61,8,0,0,6,0,0,0,0,0,0
1176,8,135,255,191,252,119,128,33,64,0
560,8,244,0,0,2,212,0,22,0,0
1694,8,4,64,4,126,31,192,21,194,0
293,8,144,0,64,223,66,189,153,96,0
1459,8,4,0,0,0,0,0,4,0,0
14,8,32,82,86,2,8,9,118,88,0
661,8,0,0,0,0,0,0,8,64,0
208,8,74,119,12,96,111,0,132,0,0
51,8,0,7,152,0,14,64,7,208,0
263,8,0,0,0,0,0,0,0,0,0
1760,8,0,131,0,131,0,119,0,116,0
961,8,123,85,31,187,40,61,105,46,0
737,8,0,0,0,0,0,0,0,4,0
852,8,31,252,0,0,0,4,45,128,0
1505,8,137,63,224,11,10,1,116,128,0
354,8,0,8,5,243,234,17,244,206,0
167,8,0,16,251,100,193,37,192,160,0
1372,8,16,27,0,0,65,130,48,0,0
293,8,144,0,64,223,66,189,123,96,0
14,8,32,82,86,2,8,9,118,50,0
339,8,0,0,0,0,0,12,0,2,0
1634,8,78,224,0,0,64,0,0,0,0
412,8,20,56,32,22,66,0,40,176,0
208,8,82,119,12,96,110,0,132,0,0
51,8,0,7,144,0,14,128,7,208,0
628,8,0,242,42,244,80,124,134,143,0
192,8,32,0,0,0,0,0,0,0,0
452,8,0,0,2,0,0,128,0,0,0
676,8,46,140,2,28,4,8,152,208,0
813,8,128,0,4,32,172,1,0,32,0
403,8,0,8,8,3,232,120,0,0,0
526,8,78,32,3,160,69,191,143,247,0
1314,8,223,127,208,0,121,224,0,92,0
870,8,129,157,200,2,1,71,206,56,0
852,8,31,252,0,0,0,4,45,128,0
1505,8,137,63,224,11,10,1,116,128,0
651,8,0,0,0,0,0,0,0,0,0
1408,8,0,0,0,3,158,8,0,0,0
1076,8,1,229,160,161,17,33,17,16,0
1760,8,0,131,0,131,0,119,0,116,0
167,8,0,16,252,100,177,37,192,160,0
692,8,20,233,155,0,0,0,88,0,0
458,8,63,241,255,128,0,0,12,56,0
1176,8,135,255,191,252,115,128,34,1,0
1277,8,17,103,10,77,137,19,203,8,0
560,8,243,0,0,2,212,0,24,0,0
1694,8,4,64,4,126,31,192,21,194,0
293,8,144,0,64,223,66,189,93,96,0
14,8,32,82,86,2,8,9,118,88,0
208,8,90,119,12,96,106,0,135,0,0
51,8,0,7,136,0,14,192,7,208,0
1399,8,0,0,8,0,0,0,1,86,0
263,8,0,0,0,0,0,0,0,0,0
186,8,6,184,147,132,16,0,6,32,0
1760,8,0,131,0,131,0,119,0,123,0
737,8,0,0,0,0,0,0,0,4,0
852,8,31,252,0,0,0,4,38,0,0
1505,8,137,63,224,11,10,1,112,128,0
354,8,0,8,5,243,234,17,244,206,0
167,8,0,16,251,100,177,37,192,160,0
675,8,0,0,0,132,8,128,102,16,0
293,8,144,0,64,223,66,189,63,96,0
961,8,123,85,31,187,39,189,233,46,0
14,8,32,82,86,2,8,9,118,68,0
339,8,0,0,0,0,0,12,0,2,0
661,8,0,0,0,0,0,0,8,64,0
1634,8,78,224,0,0,64,0,0,0,0
412,8,24,56,32,21,194,0,40,176,0
208,8,98,119,12,96,105,0,135,0,0
51,8,0,7,128,0,15,0,7,208,0
628,8,0,242,44,242,80,124,134,143,0
192,8,32,0,0,0,0,0,0,0,0
403,8,0,8,8,3,232,120,0,0,0
526,8,78,32,3,160,70,191,175,247,0
1314,8,223,127,208,0,121,104,0,92,0
870,8,129,157,200,2,1,71,206,56,0
1408,8,0,0,0,3,150,136,0,0,0
1076,8,2,8,32,161,33,33,17,16,0
852,8,31,252,0,0,0,4,38,0,0
1505,8,137,63,224,11,10,1,112,128,0
651,8,0,0,0,0,0,0,0,0,0
1760,8,0,131,0,131,0,119,0,123,0
1788,8,0,0,7,100,242,182,200,0,0
167,8,0,16,250,228,177,37,192,160,0
569,8,0,0,0,125,0,0,68,160,0
1176,8,135,255,191,252,112,128,34,130,0
560,8,242,0,0,2,212,0,26,0,0
1694,8,4,64,4,126,31,192,21,194,0
293,8,144,0,64,223,66,191,1,96,0
705,8,1,244,15,199,199,158,11,240,0
14,8,32,82,86,2,8,9,118,80,0
208,8,106,119,12,96,102,0,137,0,0
51,8,0,7,120,0,15,64,7,208,0
215,8,0,0,2,0,128,0,0,0,0
263,8,0,0,0,0,0,0,0,0,0
1621,8,124,3,252,0,48,0,0,0,0
1760,8,0,131,0,131,0,127,0,123,0
737,8,0,0,0,0,0,0,0,4,0
852,8,31,252,0,0,0,4,23,0,0
1505,8,137,63,224,11,10,1,108,128,0
354,8,0,8,5,243,234,17,244,206,0
167,8,0,16,251,100,193,37,176,160,0
1175,8,0,0,0,0,0,0,0,0,0
293,8,144,0,64,223,66,190,227,96,0
14,8,32,82,86,2,8,9,118,62,0
738,8,24,8,13,64,64,0,1,24,0
837,8,5,2,2,194,60,119,64,129,0
1072,8,0,48,68,139,218,128,16,160,0
304,8,0,1,80,0,0,0,0,0,0
339,8,0,0,0,0,0,12,0,2,0
1634,8,78,224,0,0,64,0,0,0,0
412,8,28,52,32,21,194,0,40,176,0
208,8,114,119,12,96,101,0,137,0,0
51,8,0,7,112,0,15,128,7,208,0
628,8,0,242,46,240,80,124,134,139,0
192,8,32,0,0,0,0,0,0,0,0
622,8,1,6,64,130,137,14,10,4,0
403,8,0,8,8,3,232,120,0,0,0
526,8,78,32,3,160,71,191,175,247,0
1314,8,223,127,208,0,120,240,0,92,0
870,8,129,157,200,2,1,71,206,56,0
1408,8,0,0,0,3,143,8,0,0,0
961,8,123,85,31,186,167,126,169,46,0
852,8,31,251,192,0,0,4,136,0,0
1505,8,137,63,224,11,10,1,104,128,0
651,8,0,0,0,0,0,0,0,0,0
1076,8,2,40,32,161,33,65,33,32,0
1760,8,0,134,0,134,0,127,0,123,0
167,8,0,16,250,100,193,37,176,160,0
722,8,0,0,64,0,0,0,0,0,0
1176,8,135,255,191,252,107,128,35,131,0
1124,8,0,2,64,0,0,144,20,90,0
560,8,241,0,0,2,212,0,28,0,0
1694,8,4,64,4,126,31,192,21,194,0
293,8,144,0,64,223,66,190,197,96,0
14,8,32,82,86,2,8,9,118,80,0
661,8,0,0,0,0,0,0,8,64,0
208,8,122,119,12,96,96,0,141,0,0
51,8,0,7,104,0,15,192,7,208,0
263,8,0,0,0,0,0,0,0,0,0
186,8,6,184,147,4,16,0,6,32,0
1307,8,40,12,65,1,40,0,1,33,0
813,8,128,0,4,32,172,1,0,32,0
1277,8,17,107,10,77,143,20,75,8,0
1760,8,0,134,0,134,0,127,0,123,0
737,8,0,0,0,0,0,0,0,4,0
852,8,31,251,192,0,0,4,136,0,0
1505,8,137,63,224,11,10,1,104,128,0
354,8,0,8,5,243,234,17,244,206,0
167,8,0,16,250,100,177,37,176,160,0
293,8,144,0,64,223,66,190,167,96,0
1644,8,0,0,0,0,24,0,0,0,0
244,8,154,12,1,2,4,177,2,64,0
14,8,32,82,86,2,8,9,118,68,0
1413,8,0,64,0,0,0,2,0,24,0
1255,8,0,0,0,20,3,102,0,0,0
339,8,0,0,0,0,0,12,0,2,0
1634,8,78,224,0,0,64,0,0,0,0
1668,8,76,213,128,25,65,84,16,30,0
1590,8,36,156,0,0,240,0,0,0,0
727,8,16,0,96,216,0,0,0,8,0
412,8,0,84,32,21,66,0,40,176,0
208,8,2,119,12,96,111,0,141,0,0
403,8,0,8,8,3,232,120,0,0,0
526,8,78,31,255,160,73,63,143,255,0
1314,8,223,127,208,0,120,120,0,92,0
51,8,0,7,224,0,12,0,7,208,0
628,8,0,242,32,254,80,124,134,139,0
852,8,31,251,192,0,0,4,128,128,0
1505,8,137,63,224,11,10,1,108,128,0
651,8,0,0,0,0,0,0,0,0,0
870,8,129,221,200,2,1,71,206,56,0
1408,8,0,0,0,3,135,136,0,0,0
1076,8,2,64,0,161,65,65,33,32,0
192,8,32,0,0,0,0,0,0,0,0
1760,8,0,134,0,134,0,127,0,132,0
167,8,0,16,250,100,193,37,176,160,0
1031,8,64,1,96,16,20,64,189,160,0
60,8,0,0,4,0,42,0,0,0,0
1176,8,135,255,191,252,103,128,36,68,0
996,8,0,208,0,0,133,0,0,0,0
1628,8,64,8,194,117,32,15,0,0,0
519,8,4,4,96,72,42,222,149,24,0
1225,8,1,249,21,130,13,2,246,75,0
1694,8,4,64,4,126,31,192,21,194,0
293,8,144,0,64,223,66,190,137,96,0
470,8,2,15,130,128,48,36,5,128,0
1399,8,0,0,8,0,0,0,1,86,0
961,8,123,85,31,186,103,63,41,46,0
560,8,240,0,0,2,212,0,30,0,0
14,8,32,82,86,2,8,9,118,68,0
208,8,10,119,12,96,107,0,144,0,0
51,8,0,7,216,0,12,64,7,208,0
263,8,0,0,0,0,0,0,0,0,0
1760,8,0,134,0,134,0,127,0,132,0
737,8,0,0,0,0,0,0,0,4,0
852,8,31,251,192,0,0,4,113,128,0
1505,8,137,63,224,11,10,1,112,128,0
354,8,0,8,5,227,234,17,244,206,0
167,8,0,16,250,100,193,37,176,160,0
293,8,144,0,64,223,66,190,107,96,0
14,8,32,82,86,2,8,9,118,88,0
339,8,0,0,0,0,0,12,0,2,0
661,8,0,0,0,0,0,0,8,64,0
1634,8,78,224,0,0,64,0,0,0,0
412,8,4,80,32,21,66,0,40,176,0
208,8,18,119,12,96,106,0,144,0,0
51,8,0,7,208,0,12,128,7,208,0
628,8,0,242,34,252,80,124,134,135,0
192,8,32,0,0,0,0,0,0,0,0
403,8,0,8,8,3,232,120,0,0,0
526,8,78,31,255,160,74,191,143,255,0
1314,8,223,127,208,0,127,128,0,92,0
870,8,129,221,200,2,1,71,206,56,0
1408,8,0,0,0,3,248,8,0,0,0
852,8,31,251,192,0,0,4,113,128,0
1505,8,137,63,224,11,10,1,112,128,0
651,8,0,0,0,0,0,0,0,0,0
1076,8,2,96,0,161,65,81,33,32,0
1760,8,0,134,0,134,0,136,0,132,0
167,8,0,16,250,100,177,37,176,160,0
61,8,0,0,6,0,0,0,0,0,0
1176,8,135,255,191,252,97,128,37,133,0
560,8,255,0,0,2,212,0,0,0,0
1694,8,4,64,4,126,31,192,21,194,0
293,8,144,0,64,223,66,190,77,96,0
1459,8,4,0,0,0,0,0,4,0,0
14,8,32,82,86,2,8,9,118,68,0
208,8,26,119,12,96,100,0,149,0,0
51,8,0,7,200,0,12,192,7,208,0
263,8,0,0,0,0,0,0,0,0,0
186,8,6,184,145,196,16,0,6,32,0
1760,8,0,137,0,137,0,136,0,132,0
961,8,123,85,31,187,37,191,233,46,0
737,8,0,0,0,0,0,0,0,4,0
852,8,31,251,192,0,0,4,106,0,0
1505,8,137,63,224,11,10,1,112,128,0
354,8,0,8,5,227,234,17,244,206,0
167,8,0,16,250,100,193,37,176,160,0
293,8,144,0,64,223,66,190,47,96,0
14,8,32,82,86,2,8,9,118,88,0
1331,8,237,127,207,126,255,242,239,127,0
339,8,0,0,0,0,0,12,0,2,0
1634,8,78,224,0,0,64,0,0,0,0
412,8,8,76,32,21,66,0,40,176,0
208,8,34,119,12,96,99,0,149,0,0
51,8,0,7,192,0,13,0,7,208,0
628,8,0,242,36,250,80,124,134,135,0
192,8,32,0,0,0,0,0,0,0,0
813,8,128,0,4,32,172,1,0,32,0
1277,8,17,108,10,77,143,20,203,8,0
403,8,0,8,8,3,232,120,0,0,0
526,8,78,32,3,160,75,191,111,247,0
1314,8,223,127,208,0,127,8,0,92,0
870,8,129,221,200,2,1,71,206,56,0
1408,8,0,0,0,3,240,136,0,0,0
852,8,31,251,192,0,0,4,106,0,0
1505,8,137,63,224,11,10,1,112,128,0
651,8,0,0,0,0,0,0,0,0,0
1076,8,2,138,160,161,65,81,65,64,0
1760,8,0,137,0,137,0,136,0,132,0
167,8,0,16,251,100,177,37,176,160,0
692,8,20,233,155,0,0,0,88,0,0
458,8,63,241,255,128,0,0,12,56,0
1176,8,135,255,191,252,91,128,38,198,0
560,8,254,0,0,2,212,0,2,0,0
1694,8,4,64,4,126,31,192,21,194,0
293,8,144,0,64,223,66,190,17,96,0
14,8,32,82,86,2,8,9,118,74,0
661,8,0,0,0,0,0,0,8,64,0
208,8,42,119,12,96,93,0,154,0,0
51,8,0,7,184,0,13,64,7,208,0
1399,8,0,0,8,0,0,0,1,86,0
263,8,0,0,0,0,0,0,0,0,0
1760,8,0,137,0,137,0,136,0,140,0
737,8,0,0,0,0,0,0,0,4,0
852,8,31,251,128,0,0,4,99,0,0
1505,8,137,63,224,11,10,1,112,128,0
354,8,0,8,5,227,234,17,244,206,0
167,8,0,16,250,228,177,37,176,160,0
675,8,0,0,0,132,10,128,102,144,0
293,8,144,0,64,223,66,189,243,96,0
961,8,123,85,31,187,164,128,105,46,0
14,8,32,82,86,2,8,9,118,80,0
339,8,0,0,0,0,0,12,0,2,0
1634,8,78,224,0,0,64,0,0,0,0
412,8,12,72,32,21,66,0,40,176,0
208,8,50,119,12,96,92,0,154,0,0
51,8,0,7,176,0,13,128,7,208,0
628,8,0,242,38,248,80,124,134,135,0
192,8,32,0,0,0,0,0,0,0,0
403,8,0,8,8,3,232,120,0,0,0
526,8,78,32,3,160,77,191,79,255,0
1314,8,223,127,208,0,126,144,0,92,0
870,8,129,221,200,2,1,71,206,56,0
1408,8,0,0,0,3,233,8,0,0,0
852,8,31,251,128,0,0,4,91,128,0
1505,8,137,63,224,11,10,1,112,128,0
651,8,0,0,0,0,0,0,0,0,0
1076,8,2,170,160,161,81,81,65,64,0
1760,8,0,137,0,137,0,136,0,140,0
1788,8,0,0,7,101,50,182,184,0,0
167,8,0,16,250,100,177,37,176,160,0
569,8,0,0,0,125,0,0,68,160,0
1176,8,135,255,191,252,88,128,39,71,0
560,8,253,0,0,2,212,0,4,0,0
1694,8,4,64,4,126,31,192,21,194,0
293,8,144,0,64,223,66,189,213,96,0
14,8,32,82,86,2,8,9,118,74,0
208,8,58,119,12,96,89,0,156,0,0
51,8,0,7,168,0,13,192,7,208,0
215,8,0,0,2,0,128,0,0,0,0
263,8,0,0,0,0,0,0,0,0,0
186,8,6,184,145,68,16,0,6,32,0
1760,8,0,137,0,137,0,144,0,140,0
705,8,1,243,15,199,201,159,252,6,0
737,8,0,0,0,0,0,0,0,4,0
852,8,31,251,128,0,0,4,91,128,0
1505,8,137,63,224,11,10,1,108,128,0
354,8,0,8,5,211,234,17,244,206,0
167,8,0,16,251,100,193,37,176,160,0
1175,8,0,0,0,0,0,0,0,0,0
293,8,144,0,64,223,66,189,183,96,0
14,8,32,82,86,2,8,9,118,68,0
738,8,24,8,13,64,64,0,1,24,0
837,8,5,2,2,194,60,119,64,129,0
1072,8,0,48,68,139,218,128,16,160,0
304,8,0,1,80,0,0,0,0,0,0
339,8,0,0,0,0,0,12,0,2,0
661,8,0,0,0,0,0,0,8,64,0
1634,8,78,224,0,0,64,0,0,0,0
412,8,16,70,32,21,2,0,40,176,0
208,8,66,119,12,96,88,0,156,0,0
51,8,0,7,160,0,14,0,7,208,0
628,8,0,242,40,246,80,124,134,135,0
192,8,32,0,0,0,0,0,0,0,0
622,8,1,6,64,130,137,14,10,4,0
403,8,0,8,8,3,232,120,0,0,0
526,8,78,32,3,160,78,191,111,255,0
1314,8,223,127,208,0,126,24,0,92,0
870,8,129,221,200,2,1,71,206,56,0
961,8,123,85,31,186,228,129,41,46,0
852,8,31,251,128,0,0,4,76,128,0
1505,8,137,63,224,11,10,1,108,128,0
651,8,0,0,0,0,0,0,0,0,0
1408,8,0,0,0,3,225,136,0,0,0
1076,8,2,202,160,161,81,97,81,80,0
1760,8,0,141,0,140,0,144,0,140,0
167,8,0,16,250,100,177,37,176,160,0
722,8,0,0,72,0,0,0,0,0,0
1372,8,16,27,0,0,65,130,48,0,0
1176,8,135,255,191,252,83,128,40,72,0
1124,8,0,2,64,0,0,144,19,91,0
560,8,252,0,0,2,212,0,6,0,0
1694,8,4,64,4,126,31,192,21,194,0
293,8,144,0,64,223,66,189,153,96,0
14,8,32,82,86,2,8,9,118,80,0
208,8,74,119,12,96,83,0,160,0,0
51,8,0,7,152,0,14,64,7,208,0
263,8,0,0,0,0,0,0,0,0,0
813,8,128,0,4,32,172,1,0,32,0
1277,8,17,107,10,77,143,20,75,8,0
1760,8,0,141,0,140,0,144,0,140,0
737,8,0,0,0,0,0,0,0,4,0
852,8,31,251,128,0,0,4,61,128,0
1505,8,137,63,224,11,10,1,104,128,0
354,8,0,8,5,211,234,17,244,206,0
167,8,0,16,249,228,177,37,176,160,0
293,8,144,0,64,223,66,189,123,96,0
1644,8,0,0,0,0,24,0,0,0,0
244,8,154,12,1,2,4,177,2,64,0
14,8,32,82,86,2,8,9,118,68,0
1413,8,0,64,0,0,0,2,0,24,0
1255,8,0,0,0,20,3,102,0,0,0
339,8,0,0,0,0,0,12,0,2,0
1634,8,78,224,0,0,64,0,0,0,0
1668,8,76,213,128,25,65,84,16,30,0
1590,8,36,156,0,0,240,0,16,0,0
727,8,16,0,96,216,0,0,0,8,0
412,8,20,66,32,21,2,0,40,176,0
208,8,82,119,12,96,82,0,160,0,0
403,8,0,8,8,3,232,120,0,0,0
526,8,78,32,3,160,80,63,111,255,0
1314,8,223,127,208,0,125,160,0,92,0
51,8,0,7,144,0,14,128,7,208,0
628,8,0,242,42,244,80,124,134,133,0
852,8,31,251,128,0,0,4,61,128,0
1505,8,137,63,224,11,10,1,104,128,0
651,8,0,0,0,0,0,0,0,0,0
870,8,129,221,200,2,1,71,206,56,0
1408,8,0,0,0,3,218,8,0,0,0
1076,8,2,234,160,161,97,97,81,80,0
192,8,32,0,0,0,0,0,0,0,0
1760,8,0,141,0,140,0,144,0,147,0
167,8,0,16,249,228,193,37,176,160,0
1031,8,64,1,96,16,20,64,189,160,0
60,8,0,0,4,0,42,0,0,0,0
1176,8,135,255,191,252,79,128,41,9,0
996,8,0,208,0,0,133,0,0,0,0
1628,8,64,8,194,117,32,15,0,0,0
519,8,4,4,96,72,42,222,149,24,0
1225,8,1,249,21,130,13,2,246,75,0
1694,8,4,64,4,126,31,192,21,194,0
293,8,144,0,64,223,66,189,93,96,0
470,8,2,11,128,128,48,36,5,128,0
1399,8,0,0,8,0,0,0,1,86,0
961,8,123,85,31,186,228,1,169,46,0
560,8,251,0,0,2,220,0,8,0,0
14,8,32,82,86,2,8,9,118,68,0
661,8,0,0,0,0,0,0,8,64,0
208,8,90,119,12,96,78,0,163,0,0
51,8,0,7,136,0,14,192,7,208,0
263,8,0,0,0,0,0,0,0,0,0
186,8,6,184,145,4,16,0,6,32,0
1760,8,0,141,0,140,0,151,0,147,0
737,8,0,0,0,0,0,0,0,4,0
852,8,31,251,128,0,0,4,54,0,0
1505,8,137,63,224,11,10,1,108,128,0
354,8,0,8,5,211,234,17,244,206,0
167,8,0,16,250,100,193,37,176,160,0
293,8,144,0,64,223,66,189,63,96,0
1227,8,128,0,0,0,0,14,0,0,0
640,8,24,224,2,112,0,0,0,0,0
14,8,32,82,86,2,8,9,118,88,0
339,8,0,0,0,0,0,12,0,2,0
1634,8,78,224,0,0,64,0,0,0,0
412,8,24,62,32,21,2,0,40,176,0
208,8,98,119,12,96,77,0,163,0,0
51,8,0,7,128,0,15,0,7,208,0
628,8,0,242,44,242,80,124,134,133,0
192,8,32,0,0,0,0,0,0,0,0
403,8,0,8,8,3,232,120,0,0,0
526,8,78,32,3,160,81,63,111,255,0
1314,8,223,127,208,0,125,40,0,92,0
870,8,130,29,200,2,1,71,206,56,0
1408,8,0,0,0,3,210,136,0,0,0
852,8,31,251,128,0,0,4,54,0,0
1505,8,137,63,224,11,10,1,108,128,0
651,8,0,0,0,0,0,0,0,0,0
1076,8,3,10,128,161,97,129,81,80,0
1760,8,0,141,0,140,0,151,0,147,0
167,8,0,16,250,100,177,37,176,160,0
61,8,0,0,6,0,0,0,0,0,0
1176,8,135,255,191,252,72,128,42,138,0
560,8,250,0,0,2,220,0,10,0,0
1694,8,4,64,4,126,31,192,21,194,0
293,8,144,0,64,223,66,191,1,96,0
1459,8,4,0,0,0,0,0,4,0,0
14,8,32,82,86,2,8,9,118,62,0
208,8,106,119,12,96,70,0,169,0,0
51,8,0,7,120,0,15,64,7,208,0
263,8,0,0,0,0,0,0,0,0,0
1760,8,0,144,0,144,0,151,0,147,0
961,8,123,85,31,188,97,194,105,46,0
737,8,0,0,0,0,0,0,0,4,0
852,8,31,251,64,0,0,4,47,0,0
1505,8,137,63,224,11,10,1,112,128,0
354,8,0,8,5,211,234,17,244,206,0
167,8,0,16,250,100,177,37,176,160,0
293,8,144,0,64,223,66,190,227,96,0
14,8,32,82,86,2,8,9,118,80,0
339,8,0,0,0,0,0,12,0,2,0
661,8,0,0,0,0,0,0,8,64,0
1634,8,78,224,0,0,64,0,0,0,0
412,8,28,58,32,21,2,0,40,176,0
208,8,114,119,12,96,69,0,169,0,0
51,8,0,7,112,0,15,128,7,208,0
628,8,0,242,46,240,80,124,134,133,0
192,8,32,0,0,0,0,0,0,0,0
813,8,128,0,4,32,172,1,0,32,0
403,8,0,8,8,3,232,120,0,0,0
526,8,78,32,7,160,83,63,143,255,0
1314,8,223,127,208,0,124,176,0,92,0
870,8,130,29,200,2,1,71,206,56,0
1408,8,0,0,0,3,203,8,0,0,0
852,8,31,251,64,0,0,4,152,0,0
1505,8,137,63,224,11,10,1,108,128,0
651,8,0,0,0,0,0,0,0,0,0
1076,8,3,42,0,161,129,129,97,96,0
1760,8,0,144,0,144,0,151,0,154,0
167,8,0,16,250,228,193,37,176,160,0
692,8,20,233,155,0,0,0,88,0,0
458,8,63,241,255,128,0,0,12,56,0
1176,8,135,255,191,252,69,128,43,11,0
1277,8,17,94,10,77,127,18,75,8,0
560,8,249,0,0,2,220,0,12,0,0
1694,8,4,64,4,126,31,192,21,194,0
293,8,144,0,64,223,66,190,197,96,0
14,8,32,82,86,2,8,9,118,74,0
208,8,122,119,12,96,66,0,171,0,0
51,8,0,7,104,0,15,192,7,208,0
1399,8,0,0,8,0,0,0,1,86,0
263,8,0,0,0,0,0,0,0,0,0
186,8,6,184,145,4,16,0,6,32,0
1760,8,0,144,0,144,0,151,0,154,0
737,8,0,0,0,0,0,0,0,4,0
852,8,31,251,64,0,0,4,152,0,0
1505,8,137,63,224,11,10,1,108,128,0
354,8,0,8,5,195,234,17,244,206,0
167,8,0,16,251,228,193,37,176,160,0
675,8,0,0,0,132,10,128,102,144,0
293,8,144,0,64,223,66,190,167,96,0
961,8,123,85,31,187,98,66,233,46,0
14,8,32,82,86,2,8,9,118,74,0
339,8,0,0,0,0,0,12,0,2,0
1634,8,78,224,0,0,64,0,0,0,0
412,8,0,90,32,20,130,0,40,176,0
208,8,2,119,12,96,81,0,171,0,0
51,8,0,7,224,0,12,0,7,208,0
628,8,0,242,32,254,80,124,134,129,0
192,8,32,0,0,0,0,0,0,0,0
403,8,0,8,8,3,232,120,0,0,0
526,8,78,32,3,160,84,63,175,255,0
1314,8,223,127,208,0,124,56,0,92,0
870,8,130,29,200,2,1,71,206,56,0
1408,8,0,0,0,3,195,136,0,0,0
1076,8,3,74,160,161,129,145,97,96,0
852,8,31,251,64,0,0,4,144,128,0
1505,8,137,63,224,11,10,1,104,128,0
651,8,0,0,0,0,0,0,0,0,0
1760,8,0,144,0,144,0,156,0,154,0
1788,8,0,0,7,101,82,182,168,0,0
167,8,0,16,251,100,177,37,176,160,0
569,8,0,0,0,125,0,0,68,192,0
1176,8,135,255,191,252,65,128,43,204,0
560,8,248,0,0,2,220,0,14,0,0
1694,8,4,64,4,126,31,192,21,194,0
293,8,144,0,64,223,66,190,137,96,0
14,8,32,82,86,2,8,9,118,94,0
661,8,0,0,0,0,0,0,8,64,0
208,8,10,119,12,96,77,0,174,0,0
51,8,0,7,216,0,12,64,7,208,0
215,8,0,0,2,0,128,0,0,0,0
263,8,0,0,0,0,0,0,0,0,0
1760,8,0,148,0,144,0,156,0,154,0
737,8,0,0,0,0,0,0,0,4,0
852,8,31,251,64,0,0,4,129,128,0
1505,8,137,63,224,11,10,1,104,128,0
354,8,0,8,5,195,234,17,244,206,0
167,8,0,16,249,228,177,37,176,160,0
1175,8,0,0,0,0,0,0,0,0,0
293,8,144,0,64,223,66,190,107,96,0
705,8,1,243,175,199,202,159,218,26,0
14,8,32,82,86,2,8,9,118,74,0
738,8,24,8,13,64,64,0,1,24,0
837,8,5,2,2,194,60,119,64,129,0
1072,8,0,48,68,139,218,128,16,160,0
304,8,0,1,80,0,0,0,0,0,0
339,8,0,0,0,0,0,12,0,2,0
1634,8,78,224,0,0,64,0,0,0,0
412,8,4,86,32,20,130,0,40,192,0
208,8,18,119,12,96,76,0,174,0,0
51,8,0,7,208,0,12,128,7,208,0
628,8,0,242,34,252,80,124,134,129,0
192,8,32,0,0,0,0,0,0,0,0
403,8,0,8,8,3,232,120,0,0,0
526,8,78,32,3,160,85,63,143,255,0
1314,8,223,127,208,0,123,192,0,92,0
870,8,130,29,200,2,1,71,206,56,0
1408,8,0,0,0,3,188,8,0,0,0
961,8,123,85,31,186,226,3,169,46,0
852,8,31,251,64,0,0,4,129,128,0
1505,8,137,63,224,11,10,1,100,128,0
651,8,0,0,0,0,0,0,0,0,0
1076,8,3,106,160,161,145,145,129,128,0
1760,8,0,148,0,147,0,156,0,159,0
167,8,0,16,250,100,177,37,176,160,0
722,8,0,0,80,0,0,0,0,0,0
622,8,1,6,64,130,137,14,10,4,0
1176,8,135,255,191,252,61,128,44,141,0
1124,8,0,2,64,0,0,144,18,92,0
560,8,247,0,0,2,220,0,16,0,0
1694,8,4,64,4,126,31,192,21,194,0
293,8,144,0,64,223,66,190,77,96,0
14,8,32,82,86,2,8,9,118,68,0
208,8,26,119,12,96,72,0,177,0,0
51,8,0,7,200,0,12,192,7,208,0
263,8,0,0,0,0,0,0,0,0,0
186,8,6,184,144,196,16,0,6,32,0
627,8,0,0,0,8,0,0,0,0,0
452,8,0,0,2,0,0,192,0,0,0
676,8,32,32,3,28,4,8,152,208,0
1760,8,0,148,0,147,0,156,0,159,0
881,8,1,6,0,0,0,0,8,128,0
1661,8,0,24,96,2,8,0,2,32,0
1307,8,8,2,135,77,93,16,0,1,0
737,8,0,0,0,0,0,0,0,4,0
852,8,31,251,64,0,0,4,122,0,0
1505,8,137,63,224,11,10,1,100,128,0
354,8,0,8,5,195,234,17,244,206,0
167,8,0,16,250,228,193,37,176,160,0
813,8,128,0,4,32,172,1,0,32,0
204,8,67,65,6,50,56,175,162,14,0
1277,8,17,106,10,77,143,20,75,8,0
1533,8,189,221,253,255,254,255,237,218,0
293,8,144,0,64,223,66,190,47,96,0
1644,8,0,0,0,0,24,0,0,0,0
244,8,154,12,1,2,4,177,2,64,0
14,8,32,82,86,2,8,9,118,80,0
1413,8,0,64,0,0,0,2,0,24,0
1255,8,0,0,0,20,3,102,0,0,0
339,8,0,0,0,0,0,12,0,2,0
661,8,0,0,0,0,0,0,8,64,0
1634,8,78,224,0,0,64,0,0,0,0
1668,8,76,213,128,25,65,84,16,30,0
1590,8,36,156,0,0,240,0,16,0,0
727,8,16,0,96,216,0,0,0,8,0
412,8,8,82,32,20,130,0,40,192,0
403,8,0,8,8,3,232,120,0,0,0
526,8,78,32,3,160,86,63,143,255,0
1314,8,223,127,208,0,123,72,0,28,0
208,8,34,119,12,96,71,0,177,0,0
51,8,0,7,192,0,13,0,7,208,0
852,8,31,251,64,0,0,4,122,0,0
1505,8,137,63,224,11,10,1,104,128,0
651,8,0,0,0,0,0,0,0,0,0
628,8,0,242,36,250,80,124,134,129,0
870,8,130,29,200,2,1,71,206,56,0
1408,8,0,0,0,3,180,136,0,0,0
1076,8,3,130,160,161,145,177,129,128,0
1760,8,0,148,0,147,0,162,0,159,0
192,8,32,0,0,0,0,0,0,0,0
167,8,0,16,250,100,177,37,176,160,0
253,8,0,0,1,0,128,16,0,0,0
1031,8,64,1,96,16,20,64,189,160,0
60,8,0,0,4,0,60,0,0,0,0
1176,8,135,255,191,252,56,128,45,142,0
1694,8,4,64,4,126,31,192,21,194,0
293,8,144,0,64,223,66,190,17,96,0
996,8,0,208,0,0,133,0,0,0,0
1628,8,64,8,194,117,32,15,0,0,0
519,8,4,4,96,72,42,222,149,24,0
1225,8,1,249,21,130,13,2,246,75,0
961,8,123,85,31,187,33,68,41,46,0
470,8,2,15,130,128,48,36,5,128,0
420,8,0,0,0,2,236,204,0,0,0
14,8,32,82,86,2,8,9,118,74,0
1399,8,0,0,8,0,0,0,1,86,0
560,8,246,0,0,2,220,0,18,0,0
208,8,42,119,12,96,66,0,181,0,0
51,8,0,7,184,0,13,64,7,208,0
263,8,0,0,0,0,0,0,0,0,0
1760,8,0,148,0,147,0,162,0,159,0
737,8,0,0,0,0,0,0,0,4,0
852,8,31,251,64,0,0,4,107,0,0
1505,8,137,63,224,11,10,1,108,128,0
354,8,0,8,5,179,234,17,244,206,0
167,8,0,16,250,100,177,37,176,160,0
293,8,144,0,64,223,66,189,243,96,0
14,8,32,82,86,2,8,9,118,88,0
339,8,0,0,0,0,0,12,0,2,0
1634,8,78,224,0,0,64,0,0,0,0
412,8,12,78,32,20,130,0,40,192,0
208,8,50,119,12,96,65,0,181,0,0
51,8,0,7,176,0,13,128,7,208,0
628,8,0,242,38,248,80,124,134,129,0
192,8,32,0,0,0,0,0,0,0,0
403,8,0,8,8,3,232,120,0,0,0
526,8,78,32,3,160,87,191,79,247,0
1314,8,223,127,208,0,122,208,0,28,0
852,8,31,251,0,0,0,4,100,0,0
1505,8,137,63,224,11,10,1,108,128,0
651,8,0,0,0,0,0,0,0,0,0
870,8,130,29,200,2,1,71,206,56,0
1408,8,0,0,0,3,173,8,0,0,0
1076,8,3,170,160,161,145,177,145,144,0
1760,8,0,154,0,153,0,162,0,159,0
167,8,0,16,249,228,177,37,176,160,0
61,8,0,0,6,0,0,0,0,0,0
1176,8,135,255,191,252,52,128,46,79,0
560,8,245,0,0,2,220,0,20,0,0
1694,8,4,64,4,126,31,192,21,194,0
293,8,144,0,64,223,66,189,213,96,0
1459,8,4,0,0,0,0,0,4,0,0
14,8,32,82,86,2,8,9,118,88,0
661,8,0,0,0,0,0,0,8,64,0
208,8,58,119,12,96,61,0,184,0,0
51,8,0,7,168,0,13,192,7,208,0
263,8,0,0,0,0,0,0,0,0,0
186,8,6,184,144,132,16,0,6,36,0
1760,8,0,154,0,153,0,162,0,163,0
961,8,123,85,31,187,160,4,233,46,0
737,8,0,0,0,0,0,0,0,4,0
852,8,31,251,0,0,0,4,100,0,0
1505,8,137,63,224,11,10,1,104,128,0
354,8,0,8,5,179,234,17,244,206,0
167,8,0,16,249,228,193,37,176,160,0
1372,8,16,27,0,0,65,130,48,0,0
293,8,144,0,64,223,66,189,183,96,0
14,8,32,82,86,2,8,9,118,74,0
339,8,0,0,0,0,0,12,0,2,0
1634,8,78,224,0,0,64,0,0,0,0
412,8,16,78,32,20,2,0,40,192,0
208,8,66,119,12,96,60,0,184,0,0
51,8,0,7,160,0,14,0,7,208,0
628,8,0,242,40,246,80,124,134,129,0
192,8,32,0,0,0,0,0,0,0,0
485,8,1,70,4,5,168,65,163,224,0
813,8,128,0,4,32,172,1,0,32,0
1277,8,17,114,10,77,153,21,203,8,0
403,8,0,8,8,3,232,120,0,0,0
526,8,78,32,3,160,88,191,79,247,0
1314,8,223,127,208,0,122,88,0,28,0
870,8,130,29,200,2,1,71,206,56,0
852,8,31,251,0,0,0,4,92,128,0
1505,8,137,63,224,11,10,1,104,128,0
651,8,0,0,0,0,0,0,0,0,0
1408,8,0,0,0,3,165,136,0,0,0
1076,8,3,202,160,161,177,193,145,144,0
1760,8,0,154,0,153,0,165,0,163,0
167,8,0,16,250,228,193,37,176,160,0
692,8,20,233,155,0,0,0,88,0,0
458,8,63,241,255,128,0,0,12,56,0
1176,8,135,255,191,252,66,128,46,128,0
560,8,244,0,0,2,220,0,22,0,0
1694,8,4,64,4,126,31,192,21,194,0
293,8,144,0,64,223,66,189,153,96,0
14,8,32,82,86,2,8,9,118,74,0
208,8,74,119,12,96,58,0,185,0,0
51,8,0,7,152,0,14,64,7,208,0
1399,8,0,0,8,0,0,0,1,86,0
263,8,0,0,0,0,0,0,0,0,0
241,8,62,16,28,192,3,89,204,0,0
1760,8,0,154,0,153,0,165,0,163,0
737,8,0,0,0,0,0,0,0,4,0
852,8,31,251,0,0,0,4,77,128,0
1505,8,137,63,224,11,10,1,104,128,0
354,8,0,8,5,179,234,17,244,206,0
167,8,0,16,251,100,177,37,176,160,0
675,8,0,0,0,132,12,128,104,16,0
293,8,144,0,64,223,66,189,123,96,0
961,8,123,85,31,187,95,197,105,46,0
14,8,32,82,86,2,8,9,118,88,0
339,8,0,0,0,0,0,12,0,2,0
661,8,0,0,0,0,0,0,8,64,0
1634,8,78,224,0,0,64,0,0,0,0
412,8,20,74,32,20,2,0,40,192,0
208,8,82,119,12,96,57,0,185,0,0
51,8,0,7,144,0,14,128,7,208,0
628,8,0,242,42,244,80,124,134,125,0
192,8,32,0,0,0,0,0,0,0,0
403,8,0,8,8,3,232,120,0,0,0
526,8,78,32,3,160,90,191,111,247,0
1314,8,223,127,208,0,121,224,0,28,0
870,8,130,29,200,2,1,71,206,56,0
1408,8,0,0,0,3,158,8,0,0,0
852,8,31,251,0,0,0,4,77,128,0
1505,8,137,63,224,11,10,1,104,128,0
651,8,0,0,0,0,0,0,0,0,0
1076,8,3,234,160,161,177,193,145,176,0
1760,8,0,160,0,153,0,165,0,163,0
1788,8,0,0,7,101,82,182,152,0,0
167,8,0,16,250,228,177,37,176,160,0
569,8,0,0,0,125,0,0,68,192,0
1176,8,135,255,191,252,61,128,47,129,0
560,8,243,0,0,2,220,0,24,0,0
1694,8,4,64,4,126,31,192,21,194,0
293,8,144,0,64,223,66,189,93,96,0
14,8,32,82,86,2,8,9,118,80,0
208,8,90,119,12,96,52,0,189,0,0
51,8,0,7,136,0,14,192,7,208,0
215,8,0,0,2,0,128,0,0,0,0
263,8,0,0,0,0,0,0,0,0,0
186,8,6,184,144,68,16,0,6,36,0
65,8,128,34,0,32,1,0,0,0,0
1760,8,0,160,0,159,0,165,0,167,0
737,8,0,0,0,0,0,0,0,4,0
852,8,31,251,0,0,0,4,70,0,0
1505,8,137,63,224,11,10,1,100,128,0
354,8,0,8,5,163,234,17,244,206,0
167,8,0,16,249,228,177,37,176,160,0
1175,8,0,0,0,0,0,0,0,0,0
293,8,144,0,64,223,66,189,63,96,0
14,8,32,82,86,2,8,9,118,74,0
738,8,24,8,13,64,64,0,1,24,0
837,8,5,2,2,194,60,119,64,129,0
1072,8,0,48,68,139,218,128,16,160,0
304,8,0,1,80,0,0,0,0,0,0
339,8,0,0,0,0,0,12,0,2,0
1634,8,78,224,0,0,64,0,0,0,0
412,8,24,70,32,20,2,0,40,192,0
208,8,98,119,12,96,51,0,189,0,0
51,8,0,7,128,0,15,0,7,208,0
628,8,0,242,44,242,80,124,134,125,0
192,8,32,0,0,0,0,0,0,0,0
403,8,0,8,8,3,232,120,0,0,0
526,8,78,31,255,160,91,191,111,255,0
622,8,1,6,64,130,137,14,10,4,0
1314,8,223,127,208,0,121,104,0,28,0
870,8,130,29,200,2,1,71,206,56,0
961,8,123,85,31,186,223,134,41,46,0
705,8,1,243,79,199,201,31,208,48,0
852,8,31,251,0,0,0,4,70,0,0
1505,8,137,63,224,11,10,1,100,128,0
651,8,0,0,0,0,0,0,0,0,0
1408,8,0,0,0,3,150,136,0,0,0
1076,8,4,10,160,161,193,225,177,176,0
1760,8,0,160,0,159,0,168,0,167,0
167,8,0,16,250,100,193,37,176,160,0
722,8,0,0,8,0,0,0,0,0,0
1176,8,135,255,191,252,59,128,47,194,0
1124,8,0,2,64,0,0,144,17,93,0
560,8,242,0,0,2,220,0,26,0,0
1694,8,4,64,4,126,31,192,21,194,0
293,8,144,0,64,223,66,191,1,96,0
14,8,32,82,86,2,8,9,118,88,0
661,8,0,0,0,0,0,0,8,64,0
208,8,106,119,12,96,49,0,190,0,0
51,8,0,7,120,0,15,64,7,208,0
263,8,0,0,0,0,0,0,0,0,0
663,8,17,0,0,32,0,2,81,16,0
1455,8,32,192,0,0,0,32,112,0,0
813,8,128,0,4,32,172,1,0,32,0
1277,8,17,104,10,77,139,19,203,8,0
1760,8,0,160,0,159,0,168,0,167,0
737,8,0,0,0,0,0,0,0,4,0
852,8,31,251,0,0,0,4,55,0,0
1505,8,137,63,224,11,10,1,100,128,0
354,8,0,8,5,163,234,17,244,206,0
167,8,0,16,250,228,193,37,176,160,0
1644,8,0,0,0,0,24,0,0,0,0
293,8,144,0,64,223,66,190,227,96,0
244,8,154,12,1,2,4,177,2,64,0
14,8,32,82,86,2,8,9,118,68,0
1413,8,0,64,0,0,0,2,0,24,0
1255,8,0,0,0,20,3,102,0,0,0
339,8,0,0,0,0,0,12,0,2,0
1634,8,78,224,0,0,64,0,0,0,0
1668,8,76,213,128,25,65,84,16,30,0
1590,8,36,156,0,0,240,0,16,0,0
727,8,16,0,96,216,0,0,0,8,0
412,8,28,66,32,20,2,0,40,192,0
403,8,0,8,8,3,232,120,0,0,0
526,8,78,32,3,160,93,63,143,255,0
1314,8,223,127,208,0,120,240,0,28,0
208,8,114,119,12,96,48,0,190,0,0
51,8,0,7,112,0,15,128,7,208,0
852,8,31,251,0,0,0,4,160,0,0
1505,8,137,63,224,11,10,1,104,128,0
651,8,0,0,0,0,0,0,0,0,0
628,8,0,242,46,240,80,124,134,125,0
870,8,130,29,200,2,1,71,206,56,0
1408,8,0,0,0,3,143,8,0,0,0
1076,8,4,42,160,161,193,225,177,192,0
1760,8,0,166,0,159,0,168,0,167,0
192,8,32,0,0,0,0,0,0,0,0
167,8,0,16,250,100,177,37,176,160,0
1031,8,64,1,96,0,20,64,189,160,0
60,8,0,0,4,0,42,0,0,0,0
1176,8,135,255,191,252,56,128,48,67,0
996,8,0,208,0,0,133,0,0,0,0
1628,8,64,8,194,117,32,15,0,0,0
519,8,4,4,96,72,42,222,149,24,0
1225,8,1,249,21,130,13,2,246,75,0
1694,8,4,64,4,126,31,192,21,194,0
293,8,144,0,64,223,66,190,197,96,0
470,8,2,11,128,128,48,36,5,128,0
961,8,123,85,31,188,93,134,169,46,0
1399,8,0,0,8,0,0,0,1,86,0
117,8,15,50,0,15,174,30,224,0,0
560,8,241,0,0,2,220,0,28,0,0
14,8,32,82,86,2,8,9,118,80,0
208,8,122,119,12,96,45,0,192,0,0
51,8,0,7,104,0,15,192,7,208,0
263,8,0,0,0,0,0,0,0,0,0
186,8,6,184,144,4,16,0,6,36,0
1760,8,0,166,0,165,0,168,0,169,0
737,8,0,0,0,0,0,0,0,4,0
852,8,31,251,0,0,0,4,160,0,0
1505,8,137,63,224,11,10,1,104,128,0
354,8,0,8,5,163,234,17,244,206,0
167,8,0,16,249,228,177,37,176,160,0
58,8,0,0,0,0,0,29,8,0,0
293,8,144,0,64,223,66,190,167,96,0
1227,8,128,0,0,0,0,14,0,0,0
640,8,24,224,2,112,0,0,0,0,0
14,8,32,82,86,2,8,9,118,80,0
339,8,0,0,0,0,0,12,0,2,0
661,8,0,0,0,0,0,0,8,64,0
1634,8,78,224,0,0,64,0,0,0,0
412,8,0,94,32,20,2,0,40,192,0
208,8,2,119,12,96,60,0,192,0,0
51,8,0,7,224,0,12,0,7,208,0
628,8,0,242,32,254,80,124,134,125,0
192,8,32,0,0,0,0,0,0,0,0
953,8,32,4,114,0,0,0,28,66,0
403,8,0,8,8,3,232,120,0,0,0
526,8,78,32,7,160,94,63,175,255,0
1314,8,223,127,208,0,120,120,0,28,0
870,8,130,29,200,2,1,71,206,56,0
1408,8,0,0,0,3,135,136,0,0,0
852,8,31,251,0,0,0,4,152,128,0
1505,8,137,63,224,11,10,1,100,128,0
651,8,0,0,0,0,0,0,0,0,0
1076,8,4,74,160,161,225,225,193,192,0
1760,8,0,166,0,165,0,168,0,169,0
167,8,0,16,249,100,177,37,176,160,0
61,8,0,0,6,128,0,0,0,0,0
541,8,0,0,0,0,0,1,0,0,0
1176,8,135,255,191,252,54,128,48,132,0
1262,8,160,0,13,8,240,76,64,8,0
560,8,240,0,0,2,228,0,30,0,0
1694,8,4,64,4,126,31,192,21,194,0
293,8,144,0,64,223,66,190,137,96,0
1459,8,4,0,0,0,0,0,4,0,0
14,8,32,82,86,2,8,9,118,80,0
1049,8,10,155,70,77,4,95,194,79,0
208,8,10,119,12,96,58,0,193,0,0
51,8,0,7,216,0,12,64,7,208,0
263,8,0,0,0,0,0,0,0,0,0
1760,8,0,166,0,165,0,170,0,169,0
961,8,123,85,31,187,157,135,105,46,0
737,8,0,0,0,0,0,0,0,4,0
852,8,31,251,0,0,0,4,137,128,0
1505,8,137,63,224,11,10,1,96,128,0
354,8,0,8,5,147,234,17,244,206,0
167,8,0,16,250,100,177,37,176,160,0
1693,8,128,141,207,176,79,193,252,177,0
293,8,144,0,64,223,66,190,107,96,0
14,8,32,82,86,2,8,9,118,68,0
339,8,0,0,0,0,0,12,0,2,0
1634,8,78,224,0,0,64,0,0,0,0
412,8,4,90,32,20,2,0,40,192,0
208,8,18,119,12,96,57,0,193,0,0
51,8,0,7,208,0,12,128,7,208,0
628,8,0,242,34,252,80,124,134,125,0
192,8,32,0,0,0,0,0,0,0,0
813,8,128,0,4,32,172,1,0,32,0
1277,8,17,111,10,77,149,21,75,8,0
403,8,0,8,8,3,232,120,0,0,0
692,8,20,233,155,0,0,0,88,0,0
526,8,78,32,3,160,96,63,175,247,0
1314,8,223,127,208,0,127,128,0,28,0
852,8,31,251,0,0,0,4,137,128,0
1505,8,137,63,224,11,10,1,100,128,0
651,8,0,0,0,0,0,0,0,0,0
870,8,130,29,200,2,1,71,206,56,0
1408,8,0,0,0,3,248,8,0,0,0
1076,8,4,104,0,161,225,241,193,192,0
1760,8,0,166,0,165,0,170,0,169,0
167,8,0,16,251,100,177,37,176,160,0
458,8,63,241,255,128,0,0,12,56,0
1176,8,135,255,191,252,52,128,48,197,0
1512,8,0,0,2,4,0,57,176,0,0
560,8,255,0,0,2,228,0,0,0,0
1694,8,4,64,4,126,31,192,21,194,0
293,8,144,0,64,223,66,190,77,96,0
14,8,32,82,86,2,8,9,118,88,0
661,8,0,0,0,0,0,0,8,64,0
208,8,26,119,12,96,55,0,194,0,0
51,8,0,7,200,0,12,192,7,208,0
263,8,0,0,0,0,0,0,0,0,0
186,8,6,184,144,4,16,0,6,36,0
1399,8,0,0,8,0,0,0,1,86,0
1760,8,0,171,0,171,0,170,0,171,0
737,8,0,0,0,0,0,0,0,4,0
852,8,31,251,0,0,0,4,130,0,0
1505,8,137,63,224,11,10,1,100,128,0
354,8,0,8,5,147,234,17,244,206,0
167,8,0,16,251,100,177,37,176,160,0
675,8,0,0,0,132,12,128,104,144,0
293,8,144,0,64,223,66,190,47,96,0
961,8,123,85,31,187,29,135,233,46,0
14,8,32,82,86,2,8,9,118,80,0
339,8,0,0,0,0,0,12,0,2,0
1634,8,78,224,0,0,64,0,0,0,0
412,8,8,86,32,20,2,0,40,192,0
208,8,34,119,12,96,54,0,194,0,0
51,8,0,7,192,0,13,0,7,208,0
628,8,0,242,36,250,80,124,134,125,0
192,8,32,0,0,0,0,0,0,0,0
403,8,0,8,8,3,232,120,0,0,0
526,8,78,32,3,160,96,63,175,255,0
1314,8,223,127,208,0,127,8,0,28,0
870,8,130,29,200,2,1,71,206,56,0
1408,8,0,0,0,3,240,136,0,0,0
1076,8,0,136,224,161,241,241,225,224,0
852,8,31,251,0,0,0,4,130,0,0
1505,8,137,63,224,11,10,1,96,128,0
651,8,0,0,0,0,0,0,0,0,0
1760,8,0,171,0,171,0,170,0,171,0
1788,8,0,0,7,101,82,182,144,0,0
167,8,0,16,249,228,193,37,176,160,0
569,8,0,0,0,125,0,0,68,224,0
1176,8,135,255,191,252,49,128,49,70,0
560,8,254,0,0,2,228,0,2,0,0
1694,8,4,64,4,126,31,192,21,194,0
293,8,144,0,64,223,66,190,17,96,0
14,8,32,82,86,2,8,9,118,74,0
208,8,42,119,12,96,51,0,196,0,0
51,8,0,7,184,0,13,64,7,208,0
215,8,0,0,2,0,128,0,0,0,0
263,8,0,0,0,0,0,0,0,0,0
1760,8,0,171,0,171,0,172,0,171,0
737,8,0,0,0,0,0,0,0,4,0
852,8,31,251,0,0,0,4,115,0,0
1505,8,137,63,224,11,10,1,96,128,0
354,8,0,8,5,147,234,17,244,206,0
167,8,0,16,250,100,177,37,176,160,0
1175,8,0,0,0,0,0,0,0,0,0
293,8,144,0,64,223,66,189,243,96,0
14,8,32,82,86,2,8,9,118,74,0
738,8,24,8,13,64,64,0,1,24,0
837,8,5,2,2,194,60,119,64,129,0
1072,8,0,48,68,139,218,128,16,160,0
304,8,0,1,80,0,0,0,0,0,0
339,8,0,0,0,0,0,12,0,2,0
661,8,0,0,0,0,0,0,8,64,0
1634,8,78,224,0,0,64,0,0,0,0
412,8,12,82,32,20,2,0,40,192,0
208,8,50,119,12,96,50,0,196,0,0
51,8,0,7,176,0,13,128,7,208,0
628,8,0,242,38,248,80,124,134,125,0
192,8,32,0,0,0,0,0,0,0,0
403,8,0,8,8,3,232,120,0,0,0
526,8,78,32,3,160,97,191,143,255,0
1314,8,223,127,208,0,126,144,0,28,0
622,8,1,6,64,130,137,14,10,4,0
961,8,123,85,31,186,157,72,169,46,0
852,8,31,251,0,0,0,4,100,0,0
1505,8,137,63,224,11,10,1,96,128,0
651,8,0,0,0,0,0,0,0,0,0
870,8,130,29,200,2,1,71,206,56,0
1408,8,0,0,0,3,233,8,0,0,0
1076,8,0,168,224,161,242,1,225,240,0
1760,8,0,178,0,171,0,172,0,171,0
167,8,0,16,250,100,177,37,176,160,0
722,8,0,0,16,0,0,0,0,0,0
1372,8,16,27,0,0,65,130,48,0,0
1176,8,135,255,191,252,47,128,49,135,0
1124,8,0,2,64,0,0,144,16,94,0
560,8,253,0,0,2,228,0,4,0,0
1694,8,4,64,4,126,31,192,21,194,0
293,8,144,0,64,223,66,189,213,96,0
705,8,1,243,47,199,202,31,186,68,0
14,8,32,82,86,2,8,9,118,80,0
208,8,58,119,12,96,48,0,197,0,0
51,8,0,7,168,0,13,192,7,208,0
263,8,0,0,0,0,0,0,0,0,0
186,8,6,184,143,196,16,0,6,36,0
1307,8,40,26,50,9,178,129,128,193,0
813,8,128,0,4,32,172,1,0,32,0
1277,8,17,101,10,77,135,19,75,8,0
1760,8,0,178,0,177,0,172,0,174,0
737,8,0,0,0,0,0,0,0,4,0
852,8,31,251,0,0,0,4,100,0,0
1505,8,137,63,224,11,10,1,100,128,0
354,8,0,8,5,147,234,17,244,206,0
167,8,0,16,250,100,177,37,176,160,0
293,8,144,0,64,223,66,189,183,96,0
1644,8,0,0,0,0,24,0,0,0,0
1560,8,251,125,190,255,247,119,191,221,0
14,8,32,82,86,2,8,9,118,62,0
244,8,154,12,1,2,4,177,2,64,0
1413,8,0,64,0,0,0,2,0,24,0
1255,8,0,0,0,20,3,102,0,0,0
339,8,0,0,0,0,0,12,0,2,0
1634,8,78,224,0,0,64,0,0,0,0
1668,8,76,213,128,25,65,84,16,30,0
1590,8,36,156,0,0,240,0,16,0,0
727,8,16,0,96,216,0,0,0,8,0
412,8,16,78,32,20,2,0,40,192,0
208,8,66,119,12,96,47,0,197,0,0
403,8,0,8,8,3,232,120,0,0,0
526,8,78,31,255,160,98,63,79,255,0
1314,8,223,127,208,0,126,24,0,28,0
51,8,0,7,160,0,14,0,7,208,0
628,8,0,242,40,246,80,124,134,125,0
852,8,31,251,0,0,0,4,92,128,0
1505,8,137,63,224,11,10,1,96,128,0
651,8,0,0,0,0,0,0,0,0,0
870,8,130,29,200,2,1,71,206,56,0
192,8,32,0,0,0,0,0,0,0,0
1408,8,0,0,0,3,225,136,0,0,0
167,8,0,16,249,228,193,37,176,160,0
1076,8,0,199,32,162,2,1,241,240,0
1031,8,64,1,96,0,20,64,189,160,0
1760,8,0,178,0,177,0,172,0,174,0
60,8,0,0,4,0,42,0,0,0,0
1176,8,135,255,191,252,45,128,49,200,0
996,8,0,208,0,0,133,0,0,0,0
1628,8,64,8,194,117,32,15,0,0,0
519,8,4,4,96,72,42,222,149,24,0
1225,8,1,249,21,130,13,3,246,75,0
1694,8,4,64,4,126,31,192,21,194,0
293,8,144,0,64,223,66,189,153,96,0
470,8,2,143,194,128,52,116,5,144,0
1399,8,0,0,8,0,0,0,1,86,0
961,8,123,85,31,186,29,73,41,46,0
560,8,252,0,0,2,228,0,6,0,0
14,8,32,82,86,2,8,9,118,88,0
661,8,0,0,0,0,0,0,8,64,0
208,8,74,119,12,96,45,0,198,0,0
51,8,0,7,152,0,14,64,7,208,0
263,8,0,0,0,0,0,0,0,0,0
1760,8,0,178,0,177,0,175,0,174,0
737,8,0,0,0,0,0,0,0,4,0
852,8,31,250,192,0,0,4,85,128,0
1505,8,137,63,224,11,10,1,92,128,0
354,8,0,8,5,131,234,17,244,206,0
167,8,0,16,250,100,177,37,176,160,0
293,8,144,0,64,223,66,189,123,96,0
14,8,32,82,86,2,8,9,118,74,0
426,8,144,190,189,68,161,99,230,64,0
339,8,0,0,0,0,0,12,0,2,0
1634,8,78,224,0,0,64,0,0,0,0
412,8,20,74,32,20,2,0,40,176,0
208,8,82,119,12,96,44,0,198,0,0
51,8,0,7,144,0,14,128,7,208,0
628,8,0,242,42,244,80,124,134,125,0
192,8,32,0,0,0,0,0,0,0,0
403,8,0,8,8,3,232,120,0,0,0
526,8,78,31,255,160,100,63,47,255,0
1314,8,223,127,208,0,125,160,0,28,0
870,8,130,29,200,2,1,71,206,56,0
1408,8,0,0,0,3,218,8,0,0,0
852,8,31,250,192,0,0,4,85,128,0
1505,8,137,63,224,11,10,1,92,128,0
651,8,0,0,0,0,0,0,0,0,0
1076,8,0,231,0,162,2,33,242,0,0
1760,8,0,184,0,177,0,175,0,174,0
167,8,0,16,251,228,177,37,176,160,0
61,8,0,0,6,128,0,0,0,0,0
1176,8,135,255,191,252,43,128,50,9,0
560,8,251,0,0,2,228,0,8,0,0
1694,8,4,64,4,126,31,192,21,194,0
293,8,144,0,64,223,66,189,93,96,0
1459,8,4,0,0,0,0,0,4,0,0
14,8,32,82,86,2,8,9,118,74,0
208,8,90,119,12,96,42,0,199,0,0
51,8,0,7,136,0,14,192,7,208,0
263,8,0,0,0,0,0,0,0,0,0
186,8,6,184,143,132,16,0,6,36,0
1760,8,0,184,0,183,0,175,0,176,0
961,8,123,85,31,186,92,73,233,46,0
737,8,0,0,0,0,0,0,0,4,0
852,8,31,250,192,0,0,4,78,0,0
1505,8,137,63,224,11,10,1,96,128,0
354,8,0,8,5,131,234,17,244,206,0
167,8,0,16,250,228,193,37,176,160,0
293,8,144,0,64,223,66,189,63,96,0
14,8,32,82,86,2,8,9,118,80,0
339,8,0,0,0,0,0,12,0,2,0
661,8,0,0,0,0,0,0,8,64,0
1634,8,78,224,0,0,64,0,0,0,0
412,8,24,74,32,19,130,0,40,176,0
208,8,98,119,12,96,41,0,199,0,0
51,8,0,7,128,0,15,0,7,208,0
628,8,0,242,44,242,80,124,134,125,0
192,8,32,0,0,0,0,0,0,0,0
778,8,64,45,80,1,211,54,50,0,0
403,8,0,8,8,3,232,120,0,0,0
526,8,78,31,255,160,101,63,79,247,0
1314,8,223,127,208,0,125,40,0,28,0
870,8,130,29,200,2,1,71,206,56,0
1408,8,0,0,0,3,210,136,0,0,0
852,8,31,250,192,0,0,4,78,0,0
1505,8,137,63,224,11,10,1,92,128,0
651,8,0,0,0,0,0,0,0,0,0
1076,8,1,5,160,162,34,34,2,0,0
1760,8,0,184,0,183,0,175,0,176,0
167,8,0,16,249,100,177,37,176,160,0
692,8,20,233,155,0,0,0,88,0,0
458,8,63,241,255,128,0,0,12,56,0
452,8,0,0,2,0,1,0,0,0,0
676,8,54,220,0,28,4,8,152,208,0
1176,8,135,255,191,252,40,128,50,138,0
813,8,128,0,4,32,172,1,0,32,0
1277,8,17,101,10,77,135,19,75,8,0
560,8,250,0,0,2,228,0,10,0,0
1694,8,4,64,4,126,31,192,21,194,0
293,8,144,0,64,223,66,191,1,96,0
14,8,32,82,86,2,8,9,118,88,0
208,8,106,119,12,96,38,0,201,0,0
51,8,0,7,120,0,15,64,7,208,0
1399,8,0,0,8,0,0,0,1,86,0
263,8,0,0,0,0,0,0,0,0,0
1760,8,0,184,0,183,0,177,0,176,0
737,8,0,0,0,0,0,0,0,4,0
852,8,31,250,192,0,0,4,63,0,0
1505,8,137,63,224,11,10,1,84,128,0
354,8,0,8,5,131,234,17,244,206,0
167,8,0,16,250,100,193,37,176,160,0
675,8,0,0,0,132,12,128,102,144,0
293,8,144,0,64,223,66,190,227,96,0
961,8,123,85,31,187,90,202,105,46,0
14,8,32,82,86,2,8,9,118,80,0
339,8,0,0,0,0,0,12,0,2,0
1634,8,78,224,0,0,64,0,0,0,0
412,8,28,70,32,19,130,0,40,176,0
208,8,114,119,12,96,37,0,201,0,0
51,8,0,7,112,0,15,128,7,208,0
628,8,0,242,46,240,80,124,134,121,0
192,8,32,0,0,0,0,0,0,0,0
403,8,0,8,8,3,232,120,0,0,0
526,8,78,32,3,160,102,191,111,255,0
1314,8,223,127,208,0,124,176,0,28,0
870,8,130,29,200,2,1,71,206,56,0
852,8,31,250,192,0,0,4,168,0,0
1505,8,137,63,224,11,10,1,88,128,0
651,8,0,0,0,0,0,0,0,0,0
1408,8,0,0,0,3,203,8,0,0,0
1076,8,1,38,32,162,34,50,2,32,0
1760,8,0,188,0,183,0,177,0,176,0
1788,8,0,0,7,100,210,182,136,0,0
167,8,0,16,251,100,193,37,176,160,0
569,8,0,0,0,125,0,0,68,224,0
1176,8,135,255,191,252,38,128,50,203,0
560,8,249,0,0,2,228,0,12,0,0
1694,8,4,64,4,126,31,192,21,194,0
293,8,144,0,64,223,66,190,197,96,0
14,8,32,82,86,2,8,9,118,74,0
661,8,0,0,0,0,0,0,8,64,0
208,8,122,119,12,96,35,0,202,0,0
51,8,0,7,104,0,15,192,7,208,0
263,8,0,0,0,0,0,0,0,0,0
186,8,6,184,143,68,16,0,6,36,0
215,8,0,0,2,0,128,0,0,0,0
1760,8,0,188,0,188,0,177,0,179,0
737,8,0,0,0,0,0,0,0,4,0
852,8,31,250,192,0,0,4,168,0,0
1505,8,137,63,224,11,10,1,92,128,0
354,8,0,8,5,115,234,17,244,206,0
167,8,0,16,250,100,177,37,176,160,0
1175,8,0,0,0,0,0,0,0,0,0
293,8,144,0,64,223,66,190,167,96,0
14,8,32,82,86,2,8,9,118,88,0
738,8,24,8,13,64,64,0,1,24,0
837,8,5,2,2,194,60,119,64,129,0
1072,8,0,48,68,139,218,128,16,160,0
304,8,0,1,80,0,0,0,0,0,0
339,8,0,0,0,0,0,12,0,2,0
1634,8,78,224,0,0,64,0,0,0,0
412,8,0,98,32,19,130,0,40,176,0
208,8,2,119,12,96,50,0,202,0,0
51,8,0,7,224,0,12,0,7,208,0
628,8,0,242,32,254,80,124,134,121,0
192,8,32,0,0,0,0,0,0,0,0
403,8,0,8,8,3,232,120,0,0,0
526,8,78,32,7,160,103,191,143,255,0
1314,8,223,127,208,0,124,56,0,28,0
870,8,130,29,200,2,1,71,206,56,0
1408,8,0,0,0,3,195,136,0,0,0
961,8,123,85,31,188,89,74,233,46,0
852,8,31,250,192,0,0,4,160,128,0
1505,8,137,63,224,11,10,1,92,128,0
651,8,0,0,0,0,0,0,0,0,0
1076,8,1,70,128,162,50,50,34,32,0
1760,8,0,188,0,188,0,177,0,179,0
167,8,0,16,249,228,177,37,176,160,0
722,8,0,0,24,0,0,0,0,0,0
1176,8,135,255,191,252,35,128,51,76,0
1124,8,0,2,64,0,0,144,15,95,0
560,8,248,0,0,2,228,0,14,0,0
1694,8,4,64,4,126,31,192,21,194,0
293,8,144,0,64,223,66,190,137,96,0
622,8,1,6,64,130,137,14,10,4,0
14,8,32,82,86,2,8,9,118,100,0
208,8,10,119,12,96,47,0,204,0,0
51,8,0,7,216,0,12,64,7,208,0
263,8,0,0,0,0,0,0,0,0,0
37,8,0,0,2,136,64,62,34,1,0
813,8,128,0,4,32,172,1,0,32,0
1277,8,17,102,10,77,137,19,203,8,0
1760,8,0,188,0,188,0,181,0,179,0
705,8,1,243,239,199,201,31,156,90,0
737,8,0,0,0,0,0,0,0,4,0
852,8,31,250,192,0,0,4,145,128,0
1505,8,137,63,224,11,10,1,88,128,0
354,8,0,8,5,115,234,17,244,206,0
167,8,0,16,249,228,177,37,176,160,0
1644,8,0,0,0,0,24,0,0,0,0
293,8,144,0,64,223,66,190,107,96,0
14,8,32,82,86,2,8,9,118,80,0
244,8,154,12,1,2,4,177,2,64,0
1413,8,0,64,0,0,0,2,0,24,0
1255,8,0,0,0,20,3,102,0,0,0
339,8,0,0,0,0,0,12,0,2,0
661,8,0,0,0,0,0,0,8,64,0
1634,8,78,224,0,0,64,0,0,0,0
1668,8,76,213,128,25,65,84,16,30,0
1590,8,36,156,0,0,240,0,32,0,0
727,8,16,0,96,216,0,0,0,8,0
412,8,4,94,32,19,130,0,40,176,0
403,8,0,8,8,3,232,120,0,0,0
526,8,78,32,3,160,105,63,175,247,0
1314,8,223,127,208,0,123,192,0,28,0
208,8,18,119,12,96,46,0,204,0,0
51,8,0,7,208,0,12,128,7,208,0
852,8,31,250,192,0,0,4,145,128,0
1505,8,137,63,224,11,10,1,84,128,0
651,8,0,0,0,0,0,0,0,0,0
628,8,0,242,34,252,80,124,134,121,0
870,8,130,29,200,2,1,71,206,56,0
1408,8,0,0,0,3,188,8,0,0,0
1076,8,1,104,96,162,50,82,50,48,0
1760,8,0,193,0,192,0,181,0,179,0
192,8,32,0,0,0,0,0,0,0,0
167,8,0,16,250,100,177,37,176,160,0
1031,8,64,1,96,0,20,64,189,160,0
60,8,0,0,4,0,43,0,0,0,0
1176,8,135,255,191,252,32,128,51,205,0
996,8,0,208,0,0,133,0,0,0,0
1628,8,64,8,194,117,32,15,0,0,0
519,8,4,4,224,88,42,222,149,24,0
1225,8,1,249,21,130,13,2,246,75,0
1694,8,4,64,4,126,31,192,21,194,0
293,8,144,0,64,223,66,190,77,96,0
470,8,2,11,128,128,48,36,5,128,0
961,8,123,85,31,187,25,203,169,46,0
1399,8,0,0,8,0,0,0,1,86,0
560,8,247,0,0,2,228,0,16,0,0
14,8,32,82,86,2,8,9,118,74,0
208,8,26,119,12,96,43,0,206,0,0
51,8,0,7,200,0,12,192,7,208,0
263,8,0,0,0,0,0,0,0,0,0
186,8,6,184,143,4,16,0,6,36,0
1760,8,0,193,0,192,0,181,0,183,0
737,8,0,0,0,0,0,0,0,4,0
852,8,31,250,192,0,0,4,138,0,0
1505,8,137,63,224,11,10,1,84,128,0
354,8,0,8,5,115,234,17,244,206,0
167,8,0,16,251,100,177,37,176,160,0
293,8,144,0,64,223,66,190,47,96,0
1227,8,128,0,0,0,0,14,0,0,0
640,8,24,224,2,112,0,0,0,0,0
14,8,32,82,86,2,8,9,118,88,0
6,8,8,0,0,100,0,0,0,0,0
339,8,0,0,0,0,0,12,0,2,0
1634,8,78,224,0,0,64,0,0,0,0
412,8,8,90,32,19,130,0,40,176,0
208,8,34,119,12,96,42,0,206,0,0
51,8,0,7,192,0,13,0,7,208,0
628,8,0,242,36,250,80,124,134,121,0
192,8,32,0,0,0,0,0,0,0,0
403,8,0,8,8,3,232,120,0,0,0
526,8,78,31,255,160,106,63,143,255,0
1314,8,223,127,208,0,123,72,0,28,0
870,8,130,29,200,2,1,71,206,56,0
1408,8,0,0,0,3,180,136,0,0,0
1076,8,1,134,192,162,82,98,50,48,0
852,8,31,250,192,0,0,4,138,0,0
1505,8,137,63,224,11,10,1,84,128,0
651,8,0,0,0,0,0,0,0,0,0
1760,8,0,193,0,192,0,185,0,183,0
167,8,0,16,250,228,193,37,176,160,0
61,8,0,0,6,128,0,0,0,0,0
1176,8,135,255,191,252,29,128,52,78,0
560,8,246,0,0,2,228,0,18,0,0
1694,8,4,64,4,126,31,192,21,194,0
293,8,144,0,64,223,66,190,17,96,0
1459,8,4,0,0,0,0,0,4,0,0
14,8,32,82,86,2,8,9,118,88,0
661,8,0,0,0,0,0,0,8,64,0
208,8,42,119,12,96,39,0,208,0,0
51,8,0,7,184,0,13,64,7,208,0
263,8,0,0,0,0,0,0,0,0,0
1760,8,0,197,0,192,0,185,0,183,0
961,8,123,85,31,186,217,140,41,46,0
737,8,0,0,0,0,0,0,0,4,0
852,8,31,250,128,0,0,4,131,0,0
1505,8,137,63,224,11,10,1,84,128,0
354,8,0,8,5,99,234,17,244,206,0
167,8,0,16,250,100,193,37,176,160,0
1372,8,16,27,0,0,65,130,48,0,0
293,8,144,0,64,223,66,189,243,96,0
14,8,32,82,86,2,8,9,118,74,0
339,8,0,0,0,0,0,12,0,2,0
1634,8,78,224,0,0,64,0,0,0,0
412,8,12,86,32,19,130,0,40,176,0
208,8,50,119,12,96,38,0,208,0,0
51,8,0,7,176,0,13,128,7,208,0
628,8,0,242,38,248,80,124,134,121,0
192,8,32,0,0,0,0,0,0,0,0
778,8,64,45,80,1,211,56,50,0,0
813,8,128,0,4,32,172,1,0,32,0
1277,8,17,109,10,77,147,20,203,8,0
403,8,0,8,8,3,232,120,0,0,0
526,8,78,31,255,160,107,191,143,255,0
1314,8,223,127,208,0,122,208,0,28,0
870,8,130,29,200,2,1,71,206,56,0
852,8,31,250,128,0,0,4,116,0,0
1505,8,137,63,224,11,10,1,80,128,0
651,8,0,0,0,0,0,0,0,0,0
1408,8,0,0,0,3,173,8,0,0,0
1076,8,1,166,0,162,82,98,82,80,0
1760,8,0,197,0,195,0,185,0,183,0
167,8,0,16,250,100,177,37,176,160,0
692,8,20,233,155,0,0,0,88,0,0
458,8,63,241,255,128,0,0,12,56,0
1176,8,135,255,191,252,25,128,53,15,0
560,8,245,0,0,2,228,0,20,0,0
1694,8,4,64,4,126,31,192,21,194,0
293,8,144,0,64,223,66,189,213,96,0
14,8,32,82,86,2,8,9,118,68,0
1331,8,237,127,207,126,255,243,239,127,0
208,8,58,119,12,96,34,0,211,0,0
51,8,0,7,168,0,13,192,7,208,0
1399,8,0,0,8,0,0,0,1,86,0
263,8,0,0,0,0,0,0,0,0,0
186,8,6,184,143,4,16,0,6,36,0
1760,8,0,197,0,195,0,185,0,187,0
737,8,0,0,0,0,0,0,0,4,0
852,8,31,250,128,0,0,4,116,0,0
1505,8,137,63,224,11,10,1,80,128,0
354,8,0,8,5,99,234,17,244,206,0
167,8,0,16,250,100,177,37,176,160,0
675,8,0,0,0,132,14,128,101,16,0
293,8,144,0,64,223,66,189,183,96,0
961,8,123,85,31,186,89,76,233,46,0
14,8,32,82,86,2,8,9,118,88,0
339,8,0,0,0,0,0,12,0,2,0
661,8,0,0,0,0,0,0,8,64,0
1634,8,78,224,0,0,64,0,0,0,0
412,8,16,84,32,19,66,0,40,176,0
208,8,66,119,12,96,33,0,211,0,0
51,8,0,7,160,0,14,0,7,208,0
628,8,0,242,40,246,80,124,134,121,0
192,8,32,0,0,0,0,0,0,0,0
403,8,0,8,8,3,232,120,0,0,0
526,8,78,31,255,160,108,191,111,247,0
1314,8,223,127,208,0,122,88,0,28,0
870,8,130,29,200,2,1,71,206,56,0
1408,8,0,0,0,3,165,136,0,0,0
1076,8,1,198,64,162,98,130,82,80,0
852,8,31,250,128,0,0,4,108,128,0
1505,8,137,63,224,11,10,1,80,128,0
651,8,0,0,0,0,0,0,0,0,0
1760,8,0,197,0,195,0,189,0,187,0
1788,8,0,0,7,101,50,182,128,0,0
167,8,0,16,250,100,177,37,176,160,0
569,8,0,0,0,125,0,0,69,0,0
1176,8,135,255,191,252,39,128,53,64,0
560,8,244,0,0,2,228,0,22,0,0
1694,8,4,64,4,126,31,192,21,194,0
293,8,144,0,64,223,66,189,153,96,0
14,8,32,82,86,2,8,9,118,88,0
208,8,74,119,12,96,31,0,212,0,0
51,8,0,7,152,0,14,64,7,208,0
215,8,0,0,2,0,128,0,0,0,0
263,8,0,0,0,0,0,0,0,0,0
1760,8,0,200,0,199,0,189,0,187,0
692,8,20,233,156,0,0,0,88,0,0
737,8,0,0,0,0,0,0,0,4,0
852,8,31,250,128,0,0,4,93,128,0
1505,8,137,63,224,11,10,1,80,128,0
354,8,0,8,5,99,234,17,244,206,0
167,8,0,16,250,100,177,37,176,160,0
1175,8,0,0,0,0,0,0,0,0,0
293,8,144,0,64,223,66,189,123,96,0
14,8,32,82,86,2,8,9,118,80,0
738,8,24,8,13,64,64,0,1,24,0
837,8,5,2,2,194,60,119,64,129,0
1072,8,0,48,68,139,216,128,16,160,0
339,8,0,0,0,0,0,12,0,2,0
1634,8,78,224,0,0,64,0,0,0,0
412,8,20,80,32,19,66,0,40,176,0
208,8,82,119,12,96,30,0,212,0,0
51,8,0,7,144,0,14,128,7,208,0
628,8,0,242,42,244,80,124,134,119,0
192,8,32,0,0,0,0,0,0,0,0
304,8,0,1,80,0,0,0,0,0,0
403,8,0,8,8,3,232,120,0,0,0
526,8,78,31,255,160,109,63,79,255,0
1314,8,223,127,208,0,121,224,0,28,0
870,8,130,29,200,2,1,71,206,56,0
961,8,123,85,31,186,152,141,105,46,0
852,8,31,250,128,0,0,4,93,128,0
1505,8,137,63,224,11,10,1,80,128,0
651,8,0,0,0,0,0,0,0,0,0
1408,8,0,0,0,3,158,8,0,0,0
1076,8,1,229,160,162,98,130,98,96,0
1760,8,0,200,0,199,0,189,0,187,0
167,8,0,16,251,228,177,37,176,160,0
722,8,0,0,32,0,0,0,0,0,0
622,8,1,6,64,130,137,14,10,4,0
1176,8,135,255,191,252,34,128,54,65,0
1124,8,0,2,64,0,0,144,30,80,0
560,8,243,0,0,2,236,0,24,0,0
1694,8,4,64,4,126,31,192,21,194,0
293,8,144,0,64,223,66,189,93,96,0
14,8,32,82,86,2,8,9,118,80,0
661,8,0,0,0,0,0,0,8,64,0
208,8,90,119,12,96,25,0,216,0,0
51,8,0,7,136,0,14,192,7,208,0
263,8,0,0,0,0,0,0,0,0,0
186,8,6,184,142,196,16,0,6,36,0
1307,8,40,66,169,202,58,145,137,65,0
813,8,128,0,4,32,172,1,0,32,0
1277,8,17,103,10,77,137,19,203,8,0
1760,8,0,200,0,199,0,189,0,192,0
737,8,0,0,0,0,0,0,0,4,0
852,8,31,250,128,0,0,4,86,0,0
1505,8,137,63,224,11,10,1,80,128,0
354,8,0,8,5,99,234,17,244,206,0
167,8,0,16,251,100,177,37,176,160,0
1644,8,0,0,0,0,24,0,0,0,0
293,8,144,0,64,223,66,189,63,96,0
705,8,1,243,111,199,201,31,144,110,0
14,8,32,82,86,2,8,9,118,94,0
244,8,154,12,1,2,4,177,2,64,0
1413,8,0,64,0,0,0,2,0,24,0
1255,8,0,0,0,20,3,102,0,0,0
339,8,0,0,0,0,0,12,0,2,0
1634,8,78,224,0,0,64,0,0,0,0
1668,8,76,213,128,25,65,84,16,30,0
1590,8,36,156,0,0,240,0,32,0,0
727,8,16,0,96,216,0,0,0,8,0
412,8,24,76,32,19,66,0,40,176,0
208,8,98,119,12,96,24,0,216,0,0
403,8,0,8,8,3,232,120,0,0,0
526,8,78,32,3,160,110,191,143,255,0
1314,8,223,127,208,0,121,104,0,28,0
51,8,0,7,128,0,15,0,7,208,0
628,8,0,242,44,242,80,124,134,119,0
852,8,31,250,128,0,0,4,86,0,0
1505,8,137,63,224,11,10,1,76,128,0
651,8,0,0,0,0,0,0,0,0,0
870,8,130,29,200,2,1,71,206,56,0
192,8,32,0,0,0,0,0,0,0,0
1408,8,0,0,0,3,150,136,0,0,0
167,8,0,16,249,228,177,37,176,160,0
1076,8,2,8,32,162,130,146,98,128,0
1031,8,64,1,95,240,20,64,189,160,0
1760,8,0,201,0,199,0,193,0,192,0
60,8,0,0,4,0,60,0,0,0,0
1176,8,135,255,191,252,32,128,54,130,0
996,8,0,208,0,0,133,0,0,0,0
1628,8,64,8,194,117,32,15,0,0,0
519,8,4,4,96,72,42,222,149,24,0
1225,8,1,249,21,130,13,2,246,75,0
1694,8,4,64,4,126,31,192,21,194,0
293,8,144,0,64,223,66,191,1,96,0
470,8,2,15,130,128,48,36,5,128,0
1399,8,0,0,8,0,0,0,1,86,0
961,8,123,85,31,187,87,14,41,46,0
560,8,242,0,0,2,236,0,26,0,0
14,8,32,82,86,2,8,9,118,80,0
208,8,106,119,12,96,22,0,217,0,0
51,8,0,7,120,0,15,64,7,208,0
263,8,0,0,0,0,0,0,0,0,0
1760,8,0,201,0,201,0,193,0,192,0
737,8,0,0,0,0,0,0,0,4,0
852,8,31,250,64,0,0,4,79,0,0
1505,8,137,63,224,11,10,1,72,128,0
354,8,0,8,5,83,234,17,244,206,0
167,8,0,16,250,100,177,37,176,160,0
293,8,144,0,64,223,66,190,227,96,0
14,8,32,82,86,2,8,9,118,80,0
1398,8,127,248,0,0,63,252,31,192,0
339,8,0,0,0,0,0,12,0,2,0
661,8,0,0,0,0,0,0,8,64,0
1634,8,78,224,0,0,64,0,0,0,0
412,8,28,72,32,19,66,0,40,176,0
208,8,114,119,12,96,21,0,217,0,0
51,8,0,7,112,0,15,128,7,208,0
628,8,0,242,46,240,80,124,134,119,0
192,8,32,0,0,0,0,0,0,0,0
403,8,0,8,8,3,232,120,0,0,0
526,8,78,32,3,160,111,191,175,255,0
1314,8,223,127,208,0,120,240,0,28,0
870,8,130,29,200,2,1,71,206,56,0
852,8,31,250,64,0,0,4,184,0,0
1505,8,137,63,224,11,10,1,72,128,0
651,8,0,0,0,0,0,0,0,0,0
1408,8,0,0,0,3,143,8,0,0,0
1076,8,2,40,32,162,146,146,130,128,0
1760,8,0,201,0,201,0,193,0,196,0
167,8,0,16,251,100,177,37,176,160,0
61,8,0,0,7,0,0,0,0,0,0
1176,8,135,255,191,252,27,128,55,131,0
560,8,241,0,0,2,236,0,28,0,0
1694,8,4,64,4,126,31,192,21,194,0
293,8,144,0,64,223,66,190,197,96,0
1459,8,4,0,0,0,0,0,4,0,0
14,8,32,82,86,2,8,9,118,88,0
208,8,122,119,12,96,16,0,221,0,0
51,8,0,7,104,0,15,192,7,208,0
263,8,0,0,0,0,0,0,0,0,0
186,8,6,184,142,196,16,0,6,36,0
1760,8,0,201,0,201,0,198,0,196,0
961,8,123,85,31,187,150,78,169,46,0
737,8,0,0,0,0,0,0,0,4,0
852,8,31,250,64,0,0,4,184,0,0
1505,8,137,63,224,11,10,1,76,128,0
354,8,0,8,5,83,234,17,244,206,0
167,8,0,16,250,100,177,37,176,160,0
293,8,144,0,64,223,66,190,167,96,0
14,8,32,82,86,2,8,9,118,88,0
339,8,0,0,0,0,0,12,0,2,0
1634,8,78,224,0,0,64,0,0,0,0
412,8,0,104,32,18,194,0,40,176,0
208,8,2,119,12,96,31,0,221,0,0
51,8,0,7,224,0,12,0,7,208,0
628,8,0,242,32,254,80,124,134,115,0
192,8,32,0,0,0,0,0,0,0,0
813,8,128,0,4,32,172,1,0,32,0
1277,8,17,106,10,77,141,20,75,8,0
403,8,0,8,8,3,232,120,0,0,0
526,8,78,32,3,160,113,63,175,255,0
1314,8,223,127,208,0,120,120,0,28,0
870,8,130,29,200,2,1,71,206,56,0
1408,8,0,0,0,3,135,136,0,0,0
852,8,31,250,64,0,0,4,176,128,0
1505,8,137,63,224,11,10,1,76,128,0
651,8,0,0,0,0,0,0,0,0,0
1076,8,2,64,0,162,146,162,146,144,0
1760,8,0,204,0,202,0,198,0,196,0
167,8,0,16,249,228,193,37,176,160,0
692,8,20,233,156,0,0,0,88,0,0
458,8,63,241,255,128,0,0,12,56,0
1176,8,135,255,191,252,22,128,56,132,0
560,8,240,0,0,2,236,0,30,0,0
695,8,0,32,40,64,0,0,128,64,0
1694,8,4,64,4,126,31,192,21,194,0
293,8,144,0,64,223,66,190,137,96,0
14,8,32,82,86,2,8,9,118,80,0
661,8,0,0,0,0,0,0,8,64,0
208,8,10,119,12,96,26,0,225,0,0
51,8,0,7,216,0,12,64,7,208,0
1399,8,0,0,8,0,0,0,1,84,0
263,8,0,0,0,0,0,0,0,0,0
1760,8,0,204,0,202,0,198,0,196,0
737,8,0,0,0,0,0,0,0,4,0
852,8,31,250,64,0,0,4,161,128,0
1505,8,137,63,224,11,10,1,76,128,0
354,8,0,8,5,83,234,17,244,206,0
167,8,0,16,249,228,177,37,176,160,0
675,8,0,0,0,132,14,128,100,144,0
293,8,144,0,64,223,66,190,107,96,0
961,8,123,85,31,186,150,143,105,46,0
14,8,32,82,86,2,8,9,118,80,0
339,8,0,0,0,0,0,12,0,2,0
1634,8,78,224,0,0,64,0,0,0,0
412,8,4,100,32,18,194,0,40,176,0
208,8,18,119,12,96,25,0,225,0,0
51,8,0,7,208,0,12,128,7,208,0
628,8,0,242,34,252,80,124,134,115,0
192,8,32,0,0,0,0,0,0,0,0
403,8,0,8,8,3,232,120,0,0,0
526,8,78,31,255,160,114,63,175,247,0
1314,8,223,127,208,0,127,128,0,28,0
870,8,130,29,200,2,1,71,206,56,0
852,8,31,250,64,0,0,4,161,128,0
1505,8,137,63,224,11,10,1,76,128,0
651,8,0,0,0,0,0,0,0,0,0
1408,8,0,0,0,3,248,8,0,0,0
1076,8,2,96,0,162,162,162,146,144,0
1760,8,0,204,0,202,0,198,0,201,0
1788,8,0,0,7,101,146,182,120,0,0
167,8,0,16,251,100,177,37,176,160,0
569,8,0,0,0,125,0,0,69,0,0
1176,8,135,255,191,252,19,128,57,5,0
560,8,255,0,0,2,236,0,0,0,0
1694,8,4,64,4,126,31,192,21,194,0
293,8,144,0,64,223,66,190,77,96,0
14,8,32,82,86,2,8,9,118,94,0
208,8,26,119,12,96,22,0,227,0,0
51,8,0,7,200,0,12,192,7,208,0
215,8,0,0,2,0,128,0,0,0,0
263,8,0,0,0,0,0,0,0,0,0
186,8,6,184,142,132,16,0,6,36,0
1760,8,0,205,0,202,0,203,0,201,0
737,8,0,0,0,0,0,0,0,4,0
852,8,31,250,64,0,0,4,154,0,0
1505,8,137,63,224,11,10,1,76,128,0
354,8,0,8,5,67,234,17,244,206,0
167,8,0,16,251,100,177,37,176,160,0
1175,8,0,0,0,0,0,0,0,0,0
293,8,144,0,64,223,66,190,47,96,0
14,8,32,82,86,2,8,9,118,88,0
738,8,24,8,13,64,64,0,1,24,0
837,8,5,2,2,194,60,119,64,129,0
1072,8,0,48,68,139,216,128,16,160,0
339,8,0,0,0,0,0,12,0,2,0
661,8,0,0,0,0,0,0,8,64,0
1634,8,78,224,0,0,64,0,0,0,0
412,8,8,96,32,18,194,0,40,176,0
208,8,34,119,12,96,21,0,227,0,0
51,8,0,7,192,0,13,0,7,208,0
628,8,0,242,36,250,80,124,134,115,0
192,8,32,0,0,0,0,0,0,0,0
304,8,0,1,80,0,0,0,0,0,0
403,8,0,8,8,3,232,120,0,0,0
526,8,78,31,255,160,115,63,143,255,0
1314,8,223,127,208,0,127,8,0,28,0
870,8,130,29,200,2,1,71,206,56,0
961,8,123,85,31,186,150,15,233,46,0
852,8,31,250,64,0,0,4,154,0,0
1505,8,137,63,224,11,10,1,72,128,0
651,8,0,0,0,0,0,0,0,0,0
1408,8,0,0,0,3,240,136,0,0,0
1076,8,2,138,160,162,162,194,162,160,0
1760,8,0,205,0,204,0,203,0,201,0
167,8,0,16,249,228,177,37,176,160,0
722,8,0,0,40,0,0,0,0,0,0
1372,8,16,27,0,0,65,130,48,0,0
1176,8,135,255,191,252,14,128,58,6,0
1124,8,0,2,64,0,0,144,29,81,0
560,8,254,0,0,2,236,0,2,0,0
1694,8,4,64,4,126,31,192,21,162,0
293,8,144,0,64,223,66,190,17,96,0
622,8,1,6,64,130,137,14,10,4,0
14,8,32,82,86,2,8,9,118,74,0
208,8,42,119,12,96,16,0,231,0,0
51,8,0,7,184,0,13,64,7,208,0
263,8,0,0,0,0,0,0,0,0,0
452,8,0,0,2,0,1,64,0,0,0
676,8,78,30,1,28,4,8,152,208,0
813,8,128,0,4,32,172,1,0,32,0
1760,8,0,205,0,204,0,203,0,206,0
1277,8,17,97,10,77,129,18,203,8,0
737,8,0,0,0,0,0,0,0,4,0
852,8,31,250,0,0,0,4,147,0,0
1505,8,137,63,224,11,10,1,72,128,0
354,8,0,8,5,67,234,17,244,206,0
167,8,0,16,249,228,193,37,176,160,0
683,8,164,208,201,215,226,215,202,255,0
1751,8,65,2,207,2,208,7,34,60,0
1644,8,0,0,0,0,32,0,0,0,0
293,8,144,0,64,223,66,189,243,96,0
300,8,121,6,224,0,0,1,253,208,0
1413,8,0,64,0,0,0,2,0,24,0
14,8,32,82,86,2,8,9,118,74,0
244,8,154,12,1,2,4,177,2,64,0
1255,8,0,0,0,20,3,102,0,0,0
339,8,0,0,0,0,0,12,0,2,0
1634,8,78,224,0,0,64,0,0,0,0
1668,8,76,213,128,25,65,84,16,30,0
1590,8,36,156,0,0,240,0,32,0,0
727,8,16,0,96,216,0,0,0,8,0
412,8,12,92,32,18,194,0,40,176,0
208,8,50,119,12,96,15,0,231,0,0
403,8,0,8,8,3,232,120,0,0,0
526,8,78,31,255,160,116,63,79,255,0
1314,8,223,127,208,0,126,144,0,28,0
51,8,0,7,176,0,13,128,7,208,0
705,8,1,242,239,199,201,31,132,130,0
852,8,31,250,0,0,0,4,132,0,0
1505,8,137,63,224,11,10,1,72,128,0
651,8,0,0,0,0,0,0,0,0,0
628,8,0,242,38,248,80,124,134,115,0
870,8,130,29,200,2,1,71,206,56,0
192,8,32,0,0,0,0,0,0,0,0
1408,8,0,0,0,3,233,8,0,0,0
167,8,0,16,250,228,177,37,176,160,0
1076,8,2,170,160,162,194,210,162,160,0
1031,8,64,1,95,240,20,64,189,160,0
1760,8,0,205,0,204,0,208,0,206,0
60,8,0,0,4,0,50,0,0,0,0
1176,8,135,255,191,252,10,128,58,199,0
996,8,0,208,0,0,133,0,0,0,0
1694,8,4,64,4,126,31,192,21,162,0
1628,8,64,8,194,117,32,15,0,0,0
293,8,144,0,64,223,66,189,213,96,0
519,8,4,4,96,72,42,222,149,24,0
1225,8,1,249,21,130,13,2,246,75,0
470,8,6,11,128,128,48,36,5,128,0
961,8,123,85,31,186,149,80,169,46,0
1399,8,0,0,8,0,0,0,1,84,0
560,8,253,0,0,2,236,0,4,0,0
14,8,32,82,86,2,8,9,118,80,0
661,8,0,0,0,0,0,0,8,64,0
208,8,58,119,12,96,11,0,234,0,0
51,8,0,7,168,0,13,192,7,208,0
263,8,0,0,0,0,0,0,0,0,0
186,8,6,184,142,68,16,0,6,36,0
1760,8,0,207,0,206,0,208,0,206,0
737,8,0,0,0,0,0,0,0,4,0
852,8,31,250,0,0,0,4,132,0,0
1505,8,137,63,224,11,10,1,72,128,0
354,8,0,8,5,67,234,17,244,206,0
167,8,0,16,250,228,177,37,176,160,0
293,8,144,0,64,223,66,189,183,96,0
1227,8,128,0,0,0,0,14,0,0,0
640,8,24,224,2,112,0,0,0,0,0
14,8,32,82,86,2,8,9,118,94,0
339,8,0,0,0,0,0,12,0,2,0
1634,8,78,224,0,0,64,0,0,0,0
412,8,16,92,32,18,66,0,40,176,0
208,8,66,119,12,96,10,0,234,0,0
51,8,0,7,160,0,14,0,7,208,0
628,8,0,242,40,246,80,124,134,111,0
192,8,32,0,0,0,0,0,0,0,0
403,8,0,8,8,3,232,120,0,0,0
526,8,78,32,3,160,117,63,79,247,0
1314,8,223,127,208,0,126,24,0,28,0
870,8,130,29,200,2,1,71,206,56,0
1408,8,0,0,0,3,225,136,0,0,0
852,8,31,250,0,0,0,4,124,128,0
1505,8,137,63,224,11,10,1,72,128,0
651,8,0,0,0,0,0,0,0,0,0
1076,8,2,202,160,162,210,210,194,192,0
1760,8,0,207,0,206,0,208,0,210,0
167,8,0,16,250,100,193,37,176,160,0
61,8,0,0,7,0,0,0,0,0,0
1176,8,135,255,191,252,5,128,59,200,0
560,8,252,0,0,2,236,0,6,0,0
1694,8,4,64,4,126,31,192,21,162,0
293,8,144,0,64,223,66,189,153,96,0
1459,8,4,0,0,0,0,0,4,0,0
14,8,32,82,86,2,8,9,118,88,0
208,8,74,119,12,96,5,0,238,0,0
51,8,0,7,152,0,14,64,7,208,0
263,8,0,0,0,0,0,0,0,0,0
1760,8,0,207,0,206,0,212,0,210,0
961,8,123,85,31,187,20,81,41,46,0
737,8,0,0,0,0,0,0,0,4,0
852,8,31,250,0,0,0,4,109,128,0
1505,8,137,63,224,11,10,1,72,128,0
354,8,0,8,5,51,234,17,244,206,0
167,8,0,16,250,228,193,37,176,160,0
293,8,144,0,64,223,66,189,123,96,0
14,8,32,82,86,2,8,9,118,88,0
1049,8,10,155,70,77,4,95,194,79,0
339,8,0,0,0,0,0,12,0,2,0
661,8,0,0,0,0,0,0,8,64,0
1634,8,78,224,0,0,64,0,0,0,0
412,8,20,88,32,18,66,0,40,176,0
208,8,82,119,12,96,4,0,238,0,0
51,8,0,7,144,0,14,128,7,208,0
628,8,0,242,42,244,80,124,134,111,0
192,8,32,0,0,0,0,0,0,0,0
813,8,128,0,4,32,172,1,0,32,0
403,8,0,8,8,3,232,120,0,0,0
526,8,78,32,3,160,118,191,79,247,0
1314,8,223,127,208,0,125,160,0,28,0
870,8,130,29,200,2,1,71,206,56,0
852,8,31,250,0,0,0,4,109,128,0
1505,8,137,63,224,11,10,1,68,128,0
651,8,0,0,0,0,0,0,0,0,0
1408,8,0,0,0,3,218,8,0,0,0
1076,8,2,234,160,162,210,242,194,208,0
1760,8,0,208,0,206,0,212,0,210,0
167,8,0,16,251,228,193,37,176,160,0
692,8,20,233,156,0,0,0,88,0,0
458,8,63,241,255,128,0,0,12,64,0
1176,8,135,255,191,252,1,128,60,137,0
1277,8,17,113,10,77,151,21,75,8,0
560,8,251,0,0,2,236,0,8,0,0
1694,8,4,64,4,126,31,192,21,162,0
293,8,144,0,64,223,66,189,93,96,0
14,8,32,82,86,2,8,9,118,80,0
208,8,90,119,12,96,0,0,241,0,0
51,8,0,7,136,0,14,192,7,208,0
1399,8,0,0,8,0,0,0,1,84,0
263,8,0,0,0,0,0,0,0,0,0
186,8,6,184,142,68,16,0,6,36,0
241,8,62,16,28,192,3,89,204,0,0
1760,8,0,208,0,207,0,212,0,210,0
737,8,0,0,0,0,0,0,0,4,0
852,8,31,249,192,0,0,4,110,0,0
1505,8,137,63,224,11,10,1,68,128,0
354,8,0,8,5,51,234,17,244,206,0
167,8,0,16,250,100,177,37,176,160,0
675,8,0,0,0,132,14,128,99,144,0
293,8,144,0,64,223,66,189,63,96,0
961,8,123,85,31,187,83,81,233,46,0
14,8,32,82,86,2,8,9,118,80,0
339,8,0,0,0,0,0,12,0,2,0
1634,8,78,224,0,0,64,0,0,0,0
412,8,24,84,32,18,66,0,40,176,0
208,8,98,119,12,96,255,0,241,0,0
51,8,0,7,128,0,15,0,7,208,0
628,8,0,242,44,242,80,124,134,111,0
192,8,32,0,0,0,0,0,0,0,0
403,8,0,8,8,3,232,120,0,0,0
526,8,78,32,3,160,120,63,111,255,0
1314,8,223,127,208,0,125,40,0,28,0
870,8,130,29,200,2,1,71,206,56,0
1408,8,0,0,0,3,210,136,0,0,0
1076,8,3,10,128,162,242,242,210,208,0
852,8,31,249,192,0,0,4,110,0,0
1505,8,137,63,224,11,10,1,64,128,0
651,8,0,0,0,0,0,0,0,0,0
1760,8,0,208,0,207,0,212,0,215,0
1788,8,0,0,7,101,114,182,104,0,0
167,8,0,16,249,228,177,37,176,160,0
569,8,0,0,0,125,0,0,69,0,0
1176,8,135,255,191,252,254,128,61,10,0
560,8,250,0,0,2,236,0,10,0,0
1694,8,4,64,4,126,31,192,21,162,0
293,8,144,0,64,223,66,191,1,96,0
14,8,32,82,86,2,8,9,118,80,0
661,8,0,0,0,0,0,0,8,64,0
208,8,106,119,12,96,252,0,243,0,0
51,8,0,7,120,0,15,64,7,208,0
215,8,0,0,2,0,128,0,0,0,0
263,8,0,0,0,0,0,0,0,0,0
1760,8,0,209,0,207,0,216,0,215,0
737,8,0,0,0,0,0,0,0,4,0
852,8,31,249,192,0,0,4,95,0,0
1505,8,137,63,224,11,10,1,64,128,0
354,8,0,8,5,51,234,17,244,206,0
167,8,0,16,250,100,193,37,176,160,0
1175,8,0,0,0,0,0,0,0,0,0
293,8,144,0,64,223,66,190,227,96,0
14,8,32,82,86,2,8,9,118,50,0
738,8,24,8,13,64,64,0,1,24,0
837,8,5,2,2,194,60,119,64,129,0
1072,8,0,48,68,139,216,128,16,160,0
339,8,0,0,0,0,0,12,0,2,0
1634,8,78,224,0,0,64,0,0,0,0
412,8,28,84,32,17,194,0,40,176,0
208,8,114,119,12,96,251,0,243,0,0
51,8,0,7,112,0,15,128,7,208,0
628,8,0,242,46,240,80,124,134,111,0
192,8,32,0,0,0,0,0,0,0,0
304,8,0,1,80,0,0,0,0,0,0
403,8,0,8,8,3,232,120,0,0,0
526,8,78,32,3,160,120,191,175,255,0
1314,8,223,127,208,0,124,176,0,28,0
870,8,130,29,200,2,1,71,206,56,0
1408,8,0,0,0,3,203,8,0,0,0
961,8,123,85,31,186,211,82,105,46,0
852,8,31,249,192,0,0,4,200,0,0
1505,8,137,63,224,11,10,1,68,128,0
651,8,0,0,0,0,0,0,0,0,0
1076,8,3,42,0,162,243,2,242,240,0
1760,8,0,209,0,209,0,216,0,215,0
167,8,0,16,250,228,177,37,176,160,0
722,8,0,0,48,0,0,0,0,0,0
1176,8,135,255,191,252,250,128,61,203,0
1124,8,0,2,64,0,0,144,28,82,0
560,8,249,0,0,2,236,0,12,0,0
622,8,1,6,64,130,137,14,10,4,0
1694,8,4,64,4,126,31,192,21,194,0
293,8,144,0,64,223,66,190,197,96,0
14,8,32,82,86,2,8,9,118,68,0
208,8,122,119,12,96,247,0,246,0,0
51,8,0,7,104,0,15,192,7,208,0
263,8,0,0,0,0,0,0,0,0,0
186,8,6,184,142,4,16,0,6,36,0
663,8,17,0,0,32,0,2,81,16,0
1307,8,40,177,129,177,137,199,248,193,0
813,8,128,0,4,32,172,1,0,32,0
1760,8,0,209,0,209,0,216,0,218,0
1277,8,17,95,10,77,127,18,75,8,0
737,8,0,0,0,0,0,0,0,4,0
852,8,31,249,192,0,0,4,200,0,0
1505,8,137,63,224,11,10,1,68,128,0
354,8,0,8,5,35,234,17,244,206,0
167,8,0,16,250,228,177,37,176,160,0
1644,8,0,0,0,0,24,0,0,0,0
293,8,144,0,64,223,66,190,167,96,0
1413,8,0,64,0,0,0,2,0,24,0
14,8,32,82,86,2,8,9,118,68,0
244,8,154,12,1,2,4,177,2,64,0
1255,8,0,0,0,20,3,102,0,0,0
339,8,0,0,0,0,0,12,0,2,0
661,8,0,0,0,0,0,0,8,64,0
1634,8,78,224,0,0,64,0,0,0,0
1668,8,76,213,128,25,65,84,16,30,0
1590,8,36,156,0,0,240,0,48,0,0
727,8,16,0,96,216,0,0,0,8,0
412,8,0,112,32,17,194,0,40,176,0
403,8,0,8,8,3,232,120,0,0,0
526,8,78,32,3,160,121,63,175,247,0
1314,8,223,127,208,0,124,56,0,28,0
208,8,2,119,12,96,6,0,246,0,0
51,8,0,7,224,0,12,0,7,208,0
852,8,31,249,192,0,0,4,192,128,0
1505,8,137,63,224,11,10,1,68,128,0
651,8,0,0,0,0,0,0,0,0,0
628,8,0,242,32,254,80,124,134,107,0
870,8,130,29,200,2,1,71,206,56,0
1408,8,0,0,0,3,195,136,0,0,0
1076,8,3,74,160,163,3,34,242,240,0
1760,8,0,209,0,209,0,220,0,218,0
192,8,32,0,0,0,0,0,0,0,0
167,8,0,16,251,100,177,37,176,160,0
1031,8,64,1,95,240,20,64,189,160,0
60,8,0,0,4,0,43,0,0,0,0
1176,8,135,255,191,252,246,128,62,140,0
996,8,0,208,0,0,133,0,0,0,0
1628,8,64,8,194,117,32,15,0,0,0
519,8,4,4,96,72,42,222,149,24,0
1225,8,1,249,21,130,13,2,246,75,0
1694,8,4,64,4,126,31,192,21,194,0
293,8,144,0,64,223,66,190,137,96,0
470,8,2,15,130,128,48,36,5,128,0
961,8,123,85,31,186,83,19,41,46,0
705,8,1,244,79,199,201,31,88,152,0
1399,8,0,0,8,0,0,0,1,84,0
117,8,15,50,0,15,174,30,224,0,0
14,8,32,82,86,2,8,9,118,94,0
560,8,248,0,0,2,236,0,14,0,0
208,8,10,119,12,96,2,0,249,0,0
51,8,0,7,216,0,12,64,7,208,0
263,8,0,0,0,0,0,0,0,0,0
1760,8,0,213,0,209,0,220,0,218,0
737,8,0,0,0,0,0,0,0,4,0
852,8,31,249,192,0,0,4,177,128,0
1505,8,137,63,224,11,10,1,68,128,0
354,8,0,8,5,35,234,17,244,206,0
167,8,0,16,250,228,177,37,176,160,0
58,8,0,0,0,0,0,29,8,0,0
293,8,144,0,64,223,66,190,107,96,0
14,8,32,82,86,2,8,9,118,74,0
248,8,126,223,244,253,73,251,167,184,0
339,8,0,0,0,0,0,12,0,2,0
1634,8,78,224,0,0,64,0,0,0,0
412,8,4,108,32,17,194,0,40,176,0
208,8,18,119,12,96,1,0,249,0,0
51,8,0,7,208,0,12,128,7,208,0
628,8,0,242,34,252,80,124,134,107,0
192,8,32,0,0,0,0,0,0,0,0
403,8,0,8,8,3,232,120,0,0,0
526,8,78,31,255,160,122,63,175,255,0
1314,8,223,127,208,0,123,192,0,28,0
870,8,130,29,200,2,1,71,206,56,0
1408,8,0,0,0,3,188,8,0,0,0
852,8,31,249,192,0,0,4,177,128,0
1505,8,137,63,224,11,10,1,64,128,0
651,8,0,0,0,0,0,0,0,0,0
1076,8,3,106,160,163,35,35,3,0,0
1760,8,0,213,0,211,0,220,0,222,0
167,8,0,16,250,100,193,37,176,160,0
61,8,0,0,7,0,0,0,0,0,0
1176,8,135,255,191,252,242,128,63,77,0
560,8,247,0,0,2,244,0,16,0,0
1694,8,4,64,4,126,31,192,21,194,0
1459,8,4,0,0,0,0,0,4,0,0
293,8,144,0,64,223,66,190,77,96,0
14,8,32,82,86,2,8,9,118,68,0
661,8,0,0,0,0,0,0,8,64,0
208,8,26,119,12,96,253,0,252,0,0
51,8,0,7,200,0,12,192,7,208,0
263,8,0,0,0,0,0,0,0,0,0
186,8,6,168,139,196,16,0,6,36,0
1760,8,0,213,0,211,0,223,0,222,0
961,8,123,85,31,186,82,147,169,46,0
737,8,0,0,0,0,0,0,0,4,0
852,8,31,249,128,0,0,4,178,0,0
1505,8,137,63,224,11,10,1,64,128,0
354,8,0,8,5,35,234,17,244,206,0
167,8,0,16,250,100,193,37,176,160,0
1372,8,16,27,0,0,65,130,48,0,0
293,8,144,0,64,223,66,190,47,96,0
14,8,32,82,86,2,8,9,118,62,0
339,8,0,0,0,0,0,12,0,2,0
1634,8,78,224,0,0,64,0,0,0,0
412,8,8,104,32,17,194,0,40,176,0
208,8,34,119,12,96,252,0,252,0,0
51,8,0,7,192,0,13,0,7,208,0
628,8,0,242,36,250,80,124,134,107,0
192,8,32,0,0,0,0,0,0,0,0
813,8,128,0,4,32,172,1,0,32,0
1277,8,17,93,10,77,125,17,203,8,0
403,8,0,8,8,3,232,120,0,0,0
526,8,78,31,255,160,123,191,111,255,0
1314,8,223,127,208,0,123,72,0,28,0
870,8,130,29,200,2,1,71,206,56,0
1408,8,0,0,0,3,180,136,0,0,0
852,8,31,249,128,0,0,4,178,0,0
1505,8,137,63,224,11,10,1,64,128,0
651,8,0,0,0,0,0,0,0,0,0
1076,8,3,130,160,163,35,51,3,32,0
1760,8,0,216,0,211,0,223,0,222,0
167,8,0,16,250,100,193,37,176,160,0
692,8,20,233,156,0,0,0,88,0,0
458,8,63,241,255,128,0,0,12,64,0
1176,8,135,255,191,252,239,128,63,206,0
560,8,246,0,0,2,244,0,18,0,0
1694,8,4,64,4,126,31,192,21,194,0
293,8,144,0,64,223,66,190,17,96,0
14,8,32,82,86,2,8,9,118,68,0
208,8,42,119,12,96,249,0,254,0,0
51,8,0,7,184,0,13,64,7,208,0
1399,8,0,0,8,0,0,0,1,84,0
263,8,0,0,0,0,0,0,0,0,0
1760,8,0,216,0,214,0,223,0,225,0
737,8,0,0,0,0,0,0,0,4,0
852,8,31,249,128,0,0,4,163,0,0
1505,8,137,63,224,11,10,1,68,128,0
354,8,0,8,5,19,234,17,244,206,0
167,8,0,16,250,100,177,37,176,160,0
675,8,0,0,0,132,16,128,96,144,0
293,8,144,0,64,223,66,189,243,96,0
961,8,123,85,31,186,81,212,105,46,0
14,8,32,82,86,2,8,9,118,68,0
339,8,0,0,0,0,0,12,0,2,0
661,8,0,0,0,0,0,0,8,64,0
1634,8,78,224,0,0,64,0,0,0,0
412,8,12,102,32,17,130,0,40,176,0
208,8,50,119,12,96,248,0,254,0,0
51,8,0,7,176,0,13,128,7,208,0
628,8,0,242,38,248,80,124,134,107,0
192,8,32,0,0,0,0,0,0,0,0
403,8,0,8,8,3,232,120,0,0,0
526,8,78,31,255,160,124,191,47,255,0
1314,8,223,127,208,0,122,208,0,28,0
870,8,130,29,200,2,1,71,206,56,0
1408,8,0,0,0,3,173,8,0,0,0
852,8,31,249,128,0,0,4,148,0,0
1505,8,137,63,224,11,10,1,64,128,0
651,8,0,0,0,0,0,0,0,0,0
1076,8,3,170,160,163,51,67,35,32,0
1760,8,0,216,0,214,0,225,0,225,0
1788,8,0,0,7,101,18,182,88,0,0
167,8,0,16,250,100,193,37,176,160,0
569,8,0,0,0,125,0,0,69,32,0
1176,8,135,255,191,252,235,128,64,79,0
560,8,245,0,0,2,244,0,20,0,0
1694,8,4,64,4,126,31,192,21,194,0
293,8,144,0,64,223,66,189,213,96,0
14,8,32,82,86,2,8,9,118,62,0
208,8,58,119,12,96,244,1,0,0,0
51,8,0,7,168,0,13,192,7,208,0
215,8,0,0,2,0,128,0,0,0,0
263,8,0,0,0,0,0,0,0,0,0
186,8,6,168,139,4,16,0,6,36,0
1760,8,0,217,0,214,0,225,0,225,0
737,8,0,0,0,0,0,0,0,4,0
852,8,31,249,128,0,0,4,148,0,0
1505,8,137,63,224,11,10,1,64,128,0
354,8,0,8,5,19,234,17,244,206,0
167,8,0,16,250,100,177,37,176,160,0
1175,8,0,0,0,0,0,0,0,0,0
293,8,144,0,64,223,66,189,183,96,0
14,8,32,82,86,2,8,9,118,62,0
738,8,24,8,13,64,64,0,1,24,0
837,8,5,2,2,194,60,119,64,129,0
1072,8,0,48,68,139,216,128,16,160,0
304,8,0,1,80,0,0,0,0,0,0
339,8,0,0,0,0,0,12,0,2,0
1634,8,78,224,0,0,64,0,0,0,0
412,8,16,98,32,17,130,0,40,176,0
208,8,66,119,12,96,243,1,0,0,0
51,8,0,7,160,0,14,0,7,208,0
628,8,0,242,40,246,80,124,134,105,0
192,8,32,0,0,0,0,0,0,0,0
403,8,0,8,8,3,232,120,0,0,0
526,8,78,31,255,160,125,191,47,255,0
1314,8,223,127,208,0,122,88,0,28,0
870,8,130,29,200,2,1,71,206,56,0
1408,8,0,0,0,3,165,136,0,0,0
961,8,123,85,31,186,145,20,233,46,0
852,8,31,249,128,0,0,4,140,128,0
1505,8,137,63,224,11,10,1,64,128,0
651,8,0,0,0,0,0,0,0,0,0
1076,8,3,202,160,163,67,67,51,48,0
1760,8,0,217,0,217,0,225,0,227,0
167,8,0,16,250,228,193,37,176,160,0
722,8,0,0,56,0,0,0,0,0,0
1176,8,135,255,191,252,247,128,65,0,0
1124,8,0,2,64,0,0,144,27,83,0
560,8,244,0,0,2,244,0,22,0,0
622,8,1,6,64,130,137,14,10,4,0
1694,8,4,64,4,126,31,192,21,194,0
293,8,144,0,64,223,66,189,153,96,0
14,8,32,82,86,2,8,9,118,62,0
661,8,0,0,0,0,0,0,8,64,0
208,8,74,119,12,96,239,1,3,0,0
51,8,0,7,152,0,14,64,7,208,0
263,8,0,0,0,0,0,0,0,0,0
813,8,128,0,4,32,172,1,0,32,0
1277,8,17,95,10,77,127,18,75,8,0
1760,8,0,217,0,217,0,228,0,227,0
737,8,0,0,0,0,0,0,0,4,0
852,8,31,249,128,0,0,4,125,128,0
1505,8,137,63,224,11,10,1,64,128,0
354,8,0,8,5,19,234,17,244,206,0
167,8,0,16,250,100,177,37,176,160,0
1644,8,0,0,0,0,24,0,0,0,0
293,8,144,0,64,223,66,189,123,96,0
1413,8,0,64,0,0,0,2,0,24,0
14,8,32,82,86,2,8,9,118,68,0
244,8,154,12,1,2,4,177,2,64,0
1255,8,0,0,0,20,3,102,0,0,0
339,8,0,0,0,0,0,12,0,2,0
1634,8,78,224,0,0,64,0,0,0,0
1668,8,76,213,128,25,65,84,16,30,0
1590,8,36,156,0,0,240,0,48,0,0
727,8,16,0,96,216,0,0,0,8,0
412,8,20,94,32,17,130,0,40,176,0
403,8,0,8,8,3,232,120,0,0,0
526,8,78,32,3,160,126,191,79,255,0
1314,8,223,127,208,0,121,224,0,28,0
208,8,82,119,12,96,238,1,3,0,0
51,8,0,7,144,0,14,128,7,208,0
852,8,31,249,128,0,0,4,125,128,0
1505,8,137,63,224,11,10,1,64,128,0
651,8,0,0,0,0,0,0,0,0,0
628,8,0,242,42,244,80,124,134,105,0
870,8,130,29,200,2,1,71,206,56,0
1408,8,0,0,0,3,158,8,0,0,0
1076,8,3,234,160,163,67,99,51,64,0
1760,8,0,222,0,217,0,228,0,227,0
192,8,32,0,0,0,0,0,0,0,0
167,8,0,16,249,228,177,37,176,160,0
1031,8,64,1,95,240,20,64,189,160,0
60,8,0,0,4,0,42,0,0,0,0
1176,8,135,255,191,252,245,128,65,65,0
996,8,0,208,0,0,133,0,0,0,0
1628,8,64,8,194,117,32,15,0,0,0
519,8,4,4,96,72,42,222,149,24,0
1225,8,1,249,21,130,13,2,246,75,0
1694,8,4,64,4,126,31,192,21,194,0
293,8,144,0,64,223,66,189,93,96,0
470,8,2,11,128,128,48,36,5,128,0
961,8,123,85,31,187,143,85,169,46,0
1399,8,0,0,8,0,0,0,1,84,0
560,8,243,0,0,2,244,0,24,0,0
14,8,32,82,86,2,8,9,118,74,0
208,8,90,119,12,96,236,1,4,0,0
51,8,0,7,136,0,14,192,7,208,0
263,8,0,0,0,0,0,0,0,0,0
186,8,6,168,139,68,16,0,6,36,0
1760,8,0,222,0,221,0,228,0,229,0
705,8,1,243,47,199,203,159,76,172,0
737,8,0,0,0,0,0,0,0,4,0
852,8,31,249,128,0,0,4,118,0,0
1505,8,137,63,224,11,10,1,64,128,0
354,8,0,8,5,3,234,17,244,206,0
167,8,0,16,249,228,193,37,176,160,0
293,8,144,0,64,223,66,189,63,96,0
1227,8,128,0,0,0,0,14,0,0,0
640,8,24,224,2,112,0,0,0,0,0
14,8,32,82,86,2,8,9,118,74,0
339,8,0,0,0,0,0,12,0,2,0
661,8,0,0,0,0,0,0,8,64,0
1634,8,78,224,0,0,64,0,0,0,0
412,8,24,90,32,17,130,0,40,176,0
208,8,98,119,12,96,235,1,4,0,0
51,8,0,7,128,0,15,0,7,208,0
628,8,0,242,44,242,80,124,134,105,0
192,8,32,0,0,0,0,0,0,0,0
403,8,0,8,8,3,232,120,0,0,0
526,8,78,32,3,160,127,191,143,255,0
1314,8,223,127,208,0,121,104,0,28,0
870,8,130,29,200,2,1,71,206,56,0
852,8,31,249,128,0,0,4,118,0,0
1505,8,137,63,224,11,10,1,64,128,0
651,8,0,0,0,0,0,0,0,0,0
1408,8,0,0,0,3,150,136,0,0,0
1076,8,4,10,160,163,99,115,67,64,0
1760,8,0,222,0,221,0,230,0,229,0
167,8,0,16,250,100,193,37,176,160,0
61,8,0,0,7,0,0,0,0,0,0
1176,8,135,255,191,252,242,128,65,194,0
560,8,242,0,0,2,244,0,26,0,0
1694,8,4,64,4,126,31,192,21,194,0
293,8,144,0,64,223,66,191,1,96,0
1459,8,4,0,0,0,0,0,4,0,0
14,8,32,82,86,2,8,9,118,74,0
208,8,106,119,12,96,232,1,6,0,0
51,8,0,7,120,0,15,64,7,208,0
263,8,0,0,0,0,0,0,0,0,0
1760,8,0,222,0,221,0,230,0,229,0
961,8,123,85,31,188,14,86,41,46,0
737,8,0,0,0,0,0,0,0,4,0
852,8,31,249,128,0,0,4,103,0,0
1505,8,137,63,224,11,10,1,64,128,0
354,8,0,8,5,3,234,17,244,206,0
167,8,0,16,250,228,177,37,176,160,0
293,8,144,0,64,223,66,190,227,96,0
14,8,32,82,86,2,8,9,118,74,0
339,8,0,0,0,0,0,12,0,2,0
1634,8,78,224,0,0,64,0,0,0,0
412,8,28,86,32,17,130,0,40,176,0
208,8,114,119,12,96,231,1,6,0,0
51,8,0,7,112,0,15,128,7,208,0
628,8,0,242,46,240,80,124,134,105,0
192,8,32,0,0,0,0,0,0,0,0
452,8,0,0,2,0,1,128,0,0,0
676,8,46,140,2,28,4,8,152,208,0
403,8,0,8,8,3,232,120,0,0,0
526,8,78,32,7,160,129,63,175,255,0
1314,8,223,127,208,0,120,240,0,28,0
870,8,130,29,200,2,1,71,206,56,0
1408,8,0,0,0,3,143,8,0,0,0
852,8,31,249,128,0,0,4,95,128,0
1505,8,137,63,224,11,10,1,64,128,0
651,8,0,0,0,0,0,0,0,0,0
1076,8,4,42,160,163,115,115,99,96,0
1760,8,0,225,0,223,0,230,0,231,0
167,8,0,16,250,228,177,37,176,160,0
692,8,20,233,156,0,0,0,88,0,0
458,8,63,241,255,128,0,0,12,64,0
1176,8,135,255,191,252,240,128,66,3,0
813,8,128,0,4,32,172,1,0,32,0
1277,8,17,86,10,77,115,16,203,8,0
560,8,241,0,0,2,244,0,28,0,0
1694,8,4,64,4,126,31,192,21,194,0
293,8,144,0,64,223,66,190,197,96,0
14,8,32,82,86,2,8,9,118,68,0
661,8,0,0,0,0,0,0,8,64,0
208,8,122,119,12,96,229,1,7,0,0
51,8,0,7,104,0,15,192,7,208,0
263,8,0,0,0,0,0,0,0,0,0
186,8,6,168,139,68,16,0,6,36,0
1399,8,0,0,8,0,0,0,1,84,0
1760,8,0,225,0,223,0,231,0,231,0
737,8,0,0,0,0,0,0,0,4,0
852,8,31,249,128,0,0,4,95,128,0
1505,8,137,63,224,11,10,1,60,128,0
354,8,0,8,5,3,234,17,244,206,0
167,8,0,16,250,100,193,37,176,160,0
675,8,0,0,0,132,16,128,93,144,0
293,8,144,0,64,223,66,190,167,96,0
961,8,123,85,31,187,205,214,233,46,0
14,8,32,82,86,2,8,9,118,44,0
339,8,0,0,0,0,0,12,0,2,0
1634,8,78,224,0,0,64,0,0,0,0
412,8,0,114,32,17,130,0,40,176,0
208,8,2,119,12,96,244,1,7,0,0
51,8,0,7,224,0,12,0,7,208,0
628,8,0,242,32,254,80,124,134,105,0
192,8,32,0,0,0,0,0,0,0,0
403,8,0,8,8,3,232,120,0,0,0
526,8,78,32,3,160,129,191,175,247,0
1314,8,223,127,208,0,120,120,0,28,0
870,8,130,29,200,2,1,71,206,56,0
1408,8,0,0,0,3,135,136,0,0,0
1076,8,4,74,160,163,115,147,99,96,0
852,8,31,249,128,0,0,4,200,128,0
1505,8,137,63,224,11,10,1,60,128,0
651,8,0,0,0,0,0,0,0,0,0
1760,8,0,225,0,223,0,231,0,231,0
1788,8,0,0,7,100,114,182,80,0,0
167,8,0,16,250,100,193,37,176,160,0
569,8,0,0,0,125,0,0,69,0,0
1176,8,135,255,191,252,238,128,66,68,0
560,8,240,0,0,2,244,0,30,0,0
1694,8,4,64,4,126,31,192,21,194,0
293,8,144,0,64,223,66,190,137,96,0
14,8,32,82,86,2,8,9,118,62,0
208,8,10,119,12,96,242,1,8,0,0
51,8,0,7,216,0,12,64,7,208,0
215,8,0,0,2,0,128,0,0,0,0
263,8,0,0,0,0,0,0,0,0,0
1621,8,128,3,252,0,48,0,0,0,0
1760,8,0,229,0,228,0,231,0,231,0
737,8,0,0,0,0,0,0,0,4,0
852,8,31,249,128,0,0,4,185,128,0
1505,8,137,63,224,11,10,1,60,128,0
354,8,0,8,4,243,234,17,244,206,0
167,8,0,16,250,100,193,37,176,160,0
1175,8,0,0,0,0,0,0,0,0,0
293,8,144,0,64,223,66,190,107,96,0
14,8,32,82,86,2,8,9,118,68,0
738,8,24,8,13,64,64,0,1,24,0
837,8,5,2,2,194,60,119,64,129,0
1072,8,0,47,68,139,216,128,16,160,0
339,8,0,0,0,0,0,12,0,2,0
661,8,0,0,0,0,0,0,8,64,0
1634,8,78,224,0,0,64,0,0,0,0
412,8,4,110,32,17,130,0,40,176,0
208,8,18,119,12,96,241,1,8,0,0
51,8,0,7,208,0,12,128,7,208,0
628,8,0,242,34,252,80,124,134,105,0
192,8,32,0,0,0,0,0,0,0,0
304,8,0,1,80,0,0,0,0,0,0
403,8,0,8,8,3,232,120,0,0,0
526,8,78,31,255,160,130,191,143,247,0
1314,8,223,127,208,0,127,128,0,28,0
870,8,130,29,200,2,1,71,206,56,0
961,8,123,85,31,186,15,23,105,46,0
852,8,31,249,128,0,0,4,185,128,0
1505,8,137,63,224,11,10,1,60,128,0
651,8,0,0,0,0,0,0,0,0,0
1408,8,0,0,0,3,248,8,0,0,0
1076,8,4,104,0,163,147,147,115,112,0
1760,8,0,229,0,228,0,231,0,231,0
167,8,0,16,250,100,177,37,176,160,0
722,8,0,0,64,0,0,0,0,0,0
1372,8,16,27,0,0,65,130,48,0,0
1176,8,135,255,191,252,236,128,66,133,0
1124,8,0,2,64,0,0,144,26,84,0
560,8,255,0,0,2,244,0,0,0,0
622,8,1,6,64,130,137,14,10,4,0
1694,8,4,64,4,126,31,192,21,194,0
293,8,144,0,64,223,66,190,77,96,0
14,8,32,82,86,2,8,9,118,68,0
208,8,26,119,12,96,239,1,9,0,0
51,8,0,7,200,0,12,192,7,208,0
263,8,0,0,0,0,0,0,0,0,0
186,8,6,168,139,68,16,0,6,36,0
1307,8,41,9,24,63,1,6,8,1,0
813,8,128,0,4,32,172,1,0,32,0
1277,8,17,93,10,77,123,17,203,8,0
1760,8,0,229,0,228,0,232,0,231,0
737,8,0,0,0,0,0,0,0,4,0
852,8,31,249,128,0,0,4,178,0,0
1505,8,137,63,224,11,10,1,60,128,0
354,8,0,8,4,243,234,17,244,206,0
167,8,0,16,250,100,177,37,176,160,0
1644,8,0,0,0,0,24,0,0,0,0
293,8,144,0,64,223,66,190,47,96,0
1413,8,0,64,0,0,0,2,0,24,0
14,8,32,82,86,2,8,9,118,50,0
1255,8,0,0,0,20,3,102,0,0,0
244,8,154,12,1,2,4,177,2,64,0
339,8,0,0,0,0,0,12,0,2,0
1634,8,78,224,0,0,64,0,0,0,0
1668,8,76,213,128,25,65,84,16,30,0
1590,8,36,156,0,0,240,0,48,0,0
727,8,16,0,96,216,0,0,0,8,0
412,8,8,106,32,17,130,0,40,176,0
403,8,0,8,8,3,232,120,0,0,0
526,8,78,31,251,160,131,191,79,255,0
1314,8,223,127,208,0,127,8,0,28,0
208,8,34,119,12,96,238,1,9,0,0
51,8,0,7,192,0,13,0,7,208,0
852,8,31,249,128,0,0,4,178,0,0
1505,8,137,63,224,11,10,1,60,128,0
651,8,0,0,0,0,0,0,0,0,0
628,8,0,242,36,250,80,124,134,105,0
870,8,130,29,200,2,1,71,206,56,0
192,8,32,0,0,0,0,0,0,0,0
1408,8,0,0,0,3,240,136,0,0,0
167,8,0,16,250,228,177,37,176,160,0
1076,8,0,0,0,163,147,163,115,144,0
1031,8,64,1,95,240,20,64,189,160,0
1760,8,0,233,0,228,0,232,0,231,0
60,8,0,0,4,0,56,0,0,0,0
1176,8,135,255,191,252,234,128,66,198,0
996,8,0,208,0,0,133,0,0,0,0
1628,8,64,8,194,117,32,15,0,0,0
519,8,4,4,96,72,42,222,149,24,0
1225,8,1,249,21,130,13,2,246,75,0
1694,8,4,64,4,126,31,192,21,194,0
293,8,144,0,64,223,66,190,17,96,0
470,8,2,15,130,128,48,36,5,128,0
961,8,123,85,31,186,141,216,41,46,0
1399,8,0,0,8,0,0,0,1,84,0
560,8,254,0,0,2,244,0,2,0,0
14,8,32,82,86,2,8,9,118,68,0
661,8,0,0,0,0,0,0,8,64,0
208,8,42,119,12,96,236,1,10,0,0
51,8,0,7,184,0,13,64,7,208,0
263,8,0,0,0,0,0,0,0,0,0
1760,8,0,233,0,233,0,232,0,233,0
737,8,0,0,0,0,0,0,0,4,0
852,8,31,249,128,0,0,4,163,0,0
1505,8,137,63,224,11,10,1,56,128,0
354,8,0,8,4,243,234,17,244,206,0
167,8,0,16,250,228,177,37,176,160,0
293,8,144,0,64,223,66,189,243,96,0
705,8,1,242,207,199,201,31,70,194,0
14,8,32,82,86,2,8,9,118,74,0
339,8,0,0,0,0,0,12,0,2,0
1634,8,78,224,0,0,64,0,0,0,0
412,8,12,102,32,17,130,0,40,176,0
208,8,50,119,12,96,235,1,10,0,0
51,8,0,7,176,0,13,128,7,208,0
628,8,0,242,38,248,80,124,134,105,0
192,8,32,0,0,0,0,0,0,0,0
403,8,0,8,8,3,232,120,0,0,0
526,8,78,32,3,160,132,63,79,247,0
1314,8,223,127,208,0,126,144,0,28,0
870,8,130,29,200,2,1,71,206,56,0
1408,8,0,0,0,3,233,8,0,0,0
852,8,31,249,128,0,0,4,148,0,0
1505,8,137,63,224,11,10,1,56,128,0
651,8,0,0,0,0,0,0,0,0,0
1076,8,0,32,0,163,163,195,147,144,0
1760,8,0,233,0,233,0,233,0,233,0
167,8,0,16,249,228,193,37,176,160,0
61,8,0,0,7,128,0,0,0,0,0
1176,8,135,255,191,252,231,128,67,71,0
560,8,253,0,0,2,244,0,4,0,0
1694,8,4,64,4,126,31,192,21,194,0
1459,8,4,0,0,0,0,0,4,0,0
293,8,144,0,64,223,66,189,213,96,0
14,8,32,82,86,2,8,9,118,62,0
208,8,58,119,12,96,232,1,12,0,0
51,8,0,7,168,0,13,192,7,208,0
263,8,0,0,0,0,0,0,0,0,0
186,8,6,168,139,4,16,0,6,36,0
1760,8,0,238,0,236,0,233,0,233,0
961,8,123,85,31,187,76,152,169,46,0
737,8,0,0,0,0,0,0,0,4,0
852,8,31,249,128,0,0,4,148,0,0
1505,8,137,63,224,11,10,1,56,128,0
354,8,0,8,4,227,234,17,244,206,0
167,8,0,16,250,100,193,37,176,160,0
293,8,144,0,64,223,66,189,183,96,0
14,8,32,82,86,2,8,9,118,50,0
339,8,0,0,0,0,0,12,0,2,0
661,8,0,0,0,0,0,0,8,64,0
1634,8,78,224,0,0,64,0,0,0,0
412,8,16,98,32,17,130,0,40,176,0
208,8,66,119,12,96,231,1,12,0,0
51,8,0,7,160,0,14,0,7,208,0
628,8,0,242,40,246,80,124,134,105,0
192,8,32,0,0,0,0,0,0,0,0
813,8,128,0,4,32,172,1,0,32,0
403,8,0,8,8,3,232,120,0,0,0
526,8,78,32,3,160,133,191,111,255,0
1314,8,223,127,208,0,126,24,0,28,0
870,8,130,29,200,2,1,71,206,56,0
1408,8,0,0,0,3,225,136,0,0,0
852,8,31,249,64,0,0,4,148,128,0
1505,8,137,63,224,11,10,1,56,128,0
651,8,0,0,0,0,0,0,0,0,0
1076,8,0,86,128,163,195,195,163,160,0
1760,8,0,238,0,236,0,233,0,234,0
167,8,0,16,250,100,177,37,176,160,0
692,8,20,233,156,0,0,0,88,0,0
458,8,63,241,255,128,0,0,12,64,0
1176,8,135,255,191,252,229,128,67,136,0
1277,8,17,90,10,77,121,17,75,8,0
560,8,252,0,0,2,244,0,6,0,0
1694,8,4,64,4,126,31,192,21,194,0
293,8,144,0,64,223,66,189,153,96,0
14,8,32,82,86,2,8,9,118,62,0
208,8,74,119,12,96,229,1,13,0,0
51,8,0,7,152,0,14,64,7,208,0
1399,8,0,0,8,0,0,0,1,84,0
263,8,0,0,0,0,0,0,0,0,0
1760,8,0,238,0,236,0,235,0,234,0
737,8,0,0,0,0,0,0,0,4,0
852,8,31,249,64,0,0,4,133,128,0
1505,8,137,63,224,11,10,1,56,128,0
354,8,0,8,4,227,234,17,244,206,0
167,8,0,16,250,100,193,37,176,160,0
675,8,0,0,0,132,16,128,91,16,0
293,8,144,0,64,223,66,189,123,96,0
961,8,123,85,31,187,75,217,105,46,0
14,8,32,82,86,2,8,9,118,74,0
339,8,0,0,0,0,0,12,0,2,0
1634,8,78,224,0,0,64,0,0,0,0
412,8,20,98,32,17,2,0,40,176,0
208,8,82,119,12,96,228,1,13,0,0
51,8,0,7,144,0,14,128,7,208,0
628,8,0,242,42,244,80,124,134,105,0
192,8,32,0,0,0,0,0,0,0,0
1331,8,237,127,207,126,255,243,239,127,0
403,8,0,8,8,3,232,120,0,0,0
526,8,78,32,3,160,134,191,143,247,0
1314,8,223,127,208,0,125,160,0,28,0
870,8,130,29,200,2,1,71,206,56,0
1408,8,0,0,0,3,218,8,0,0,0
1076,8,0,119,128,163,195,211,195,192,0
852,8,31,249,64,0,0,4,133,128,0
1505,8,137,63,224,11,10,1,56,128,0
651,8,0,0,0,0,0,0,0,0,0
1760,8,0,241,0,240,0,235,0,234,0
1788,8,0,0,7,100,18,182,72,0,0
167,8,0,16,250,100,177,37,176,160,0
569,8,0,0,0,125,0,0,69,0,0
1176,8,135,255,191,252,227,128,67,201,0
560,8,251,0,0,2,244,0,8,0,0
1694,8,4,64,4,126,31,192,21,194,0
293,8,144,0,64,223,66,189,93,96,0
14,8,32,82,86,2,8,9,118,74,0
661,8,0,0,0,0,0,0,8,64,0
208,8,90,119,12,96,226,1,14,0,0
51,8,0,7,136,0,14,192,7,208,0
215,8,0,0,2,0,128,0,0,0,0
263,8,0,0,0,0,0,0,0,0,0
186,8,6,168,138,196,16,0,6,36,0
1760,8,0,241,0,240,0,235,0,236,0
737,8,0,0,0,0,0,0,0,4,0
852,8,31,249,64,0,0,4,126,0,0
1505,8,137,63,224,11,10,1,56,128,0
354,8,0,8,4,227,234,17,244,206,0
167,8,0,16,250,228,177,37,176,160,0
1175,8,0,0,0,0,0,0,0,0,0
293,8,144,0,64,223,66,189,63,96,0
14,8,32,82,86,2,8,9,118,62,0
738,8,24,8,13,64,64,0,1,24,0
837,8,5,2,2,194,60,119,64,129,0
1072,8,0,47,68,139,216,128,16,160,0
339,8,0,0,0,0,0,12,0,2,0
1634,8,78,224,0,0,64,0,0,0,0
412,8,24,94,32,17,2,0,40,176,0
208,8,98,119,12,96,225,1,14,0,0
51,8,0,7,128,0,15,0,7,208,0
628,8,0,242,44,242,80,124,134,101,0
192,8,32,0,0,0,0,0,0,0,0
304,8,0,1,80,0,0,0,0,0,0
403,8,0,8,8,3,232,120,0,0,0
526,8,78,32,3,160,135,191,175,247,0
1314,8,223,127,208,0,125,40,0,28,0
870,8,130,29,200,2,1,71,206,56,0
1408,8,0,0,0,3,210,136,0,0,0
961,8,123,85,31,187,11,153,233,46,0
852,8,31,249,64,0,0,4,126,0,0
1505,8,137,63,224,11,10,1,52,128,0
651,8,0,0,0,0,0,0,0,0,0
1076,8,0,136,224,163,211,243,195,208,0
1760,8,0,244,0,240,0,236,0,236,0
167,8,0,16,250,228,177,37,176,160,0
722,8,0,0,72,0,0,0,0,0,0
1176,8,135,255,191,252,225,128,68,10,0
1124,8,0,2,64,0,0,144,25,85,0
560,8,250,0,0,2,244,0,10,0,0
1694,8,4,64,4,126,31,192,21,194,0
293,8,144,0,64,223,66,191,1,96,0
622,8,1,6,64,130,137,14,10,4,0
14,8,32,82,86,2,8,9,118,50,0
208,8,106,119,12,96,223,1,15,0,0
51,8,0,7,120,0,15,64,7,208,0
263,8,0,0,0,0,0,0,0,0,0
813,8,128,0,4,32,172,1,0,32,0
1277,8,17,93,10,77,125,17,203,8,0
1760,8,0,244,0,244,0,236,0,236,0
737,8,0,0,0,0,0,0,0,4,0
852,8,31,249,64,0,0,4,111,0,0
1505,8,137,63,224,11,10,1,52,128,0
354,8,0,8,4,211,234,17,244,206,0
167,8,0,16,250,100,177,37,176,160,0
1644,8,0,0,0,0,24,0,0,0,0
293,8,144,0,64,223,66,190,227,96,0
1413,8,0,64,0,0,0,2,0,24,0
14,8,32,82,86,2,8,9,118,62,0
1255,8,0,0,0,20,3,102,0,0,0
244,8,154,12,1,2,4,177,2,64,0
339,8,0,0,0,0,0,12,0,2,0
661,8,0,0,0,0,0,0,8,64,0
1634,8,78,224,0,0,64,0,0,0,0
1668,8,76,213,128,25,65,84,16,30,0
1590,8,36,156,0,0,240,0,64,0,0
403,8,0,8,8,3,232,120,0,0,0
526,8,78,32,3,160,136,191,175,255,0
1314,8,223,127,208,0,124,176,0,28,0
727,8,16,0,96,216,0,0,0,8,0
412,8,28,90,32,17,2,0,40,176,0
852,8,31,249,64,0,0,4,216,0,0
1505,8,137,63,224,11,10,1,52,128,0
651,8,0,0,0,0,0,0,0,0,0
208,8,114,119,12,96,222,1,15,0,0
51,8,0,7,112,0,15,128,7,208,0
628,8,0,242,46,240,80,124,134,101,0
870,8,130,29,200,2,1,71,206,56,0
1408,8,0,0,0,3,203,8,0,0,0
1076,8,0,168,224,163,243,243,211,208,0
1760,8,0,244,0,244,0,236,0,238,0
192,8,32,0,0,0,0,0,0,0,0
167,8,0,16,250,100,193,37,176,160,0
1031,8,64,1,95,240,20,64,189,160,0
60,8,0,0,4,0,58,0,0,0,0
1176,8,135,255,191,252,223,128,68,75,0
1694,8,4,64,4,126,31,192,21,194,0
293,8,144,0,64,223,66,190,197,96,0
996,8,0,208,0,0,133,0,0,0,0
1628,8,64,8,194,117,32,15,0,0,0
519,8,4,4,96,72,42,222,149,24,0
1225,8,1,249,21,130,13,2,246,75,0
961,8,123,85,31,186,203,26,169,46,0
470,8,2,11,128,128,48,36,5,128,0
1399,8,0,0,8,0,0,0,1,84,0
14,8,32,82,86,2,8,9,118,62,0
560,8,249,0,0,2,244,0,12,0,0
208,8,122,119,12,96,220,1,16,0,0
51,8,0,7,104,0,15,192,7,208,0
263,8,0,0,0,0,0,0,0,0,0
186,8,6,168,138,132,16,0,6,36,0
1760,8,0,247,0,244,0,238,0,238,0
737,8,0,0,0,0,0,0,0,4,0
852,8,31,249,64,0,0,4,216,0,0
1505,8,137,63,224,11,10,1,52,128,0
354,8,0,8,4,211,234,17,244,206,0
167,8,0,16,250,100,177,37,176,160,0
293,8,144,0,64,223,66,190,167,96,0
1227,8,128,0,0,0,0,14,0,0,0
640,8,24,224,2,112,0,0,0,0,0
14,8,32,82,86,2,8,9,118,62,0
339,8,0,0,0,0,0,12,0,2,0
1634,8,78,224,0,0,64,0,0,0,0
412,8,0,118,32,17,2,0,40,176,0
208,8,2,119,12,96,235,1,16,0,0
51,8,0,7,224,0,12,0,7,208,0
628,8,0,242,32,254,80,124,134,101,0
192,8,32,0,0,0,0,0,0,0,0
403,8,0,8,8,3,232,120,0,0,0
526,8,78,31,255,160,137,63,175,255,0
1314,8,223,127,208,0,124,56,0,28,0
870,8,130,29,200,2,1,71,206,56,0
1408,8,0,0,0,3,195,136,0,0,0
705,8,1,244,15,199,202,159,24,214,0
852,8,31,249,64,0,0,4,208,128,0
1505,8,137,63,224,11,10,1,52,128,0
651,8,0,0,0,0,0,0,0,0,0
1076,8,0,199,32,163,244,3,243,240,0
1760,8,0,247,0,246,0,238,0,238,0
167,8,0,16,250,100,193,37,176,160,0
61,8,0,0,7,128,0,0,0,0,0
1176,8,135,255,191,252,221,128,68,140,0
560,8,248,0,0,2,244,0,14,0,0
1694,8,4,64,4,126,31,192,21,194,0
293,8,144,0,64,223,66,190,137,96,0
1459,8,4,0,0,0,0,0,4,0,0
14,8,32,82,86,2,8,9,118,62,0
661,8,0,0,0,0,0,0,8,64,0
208,8,10,119,12,96,233,1,17,0,0
51,8,0,7,216,0,12,64,7,208,0
263,8,0,0,0,0,0,0,0,0,0
1760,8,0,247,0,246,0,238,0,239,0
961,8,123,85,31,186,138,219,41,46,0
737,8,0,0,0,0,0,0,0,4,0
852,8,31,249,64,0,0,4,193,128,0
1505,8,137,63,224,11,10,1,52,128,0
354,8,0,8,4,211,234,17,244,206,0
167,8,0,16,250,228,193,37,176,160,0
1372,8,16,27,0,0,65,130,48,0,0
293,8,144,0,64,223,66,190,107,96,0
14,8,32,82,86,2,8,9,118,62,0
339,8,0,0,0,0,0,12,0,2,0
1634,8,78,224,0,0,64,0,0,0,0
412,8,4,114,32,17,2,0,40,176,0
208,8,18,119,12,96,232,1,17,0,0
51,8,0,7,208,0,12,128,7,208,0
628,8,0,242,34,252,80,124,134,101,0
192,8,32,0,0,0,0,0,0,0,0
813,8,128,0,4,32,172,1,0,32,0
1277,8,17,88,10,77,119,17,75,8,0
403,8,0,8,8,3,232,120,0,0,0
526,8,78,31,255,160,138,191,111,255,0
1314,8,223,127,208,0,123,192,0,28,0
870,8,130,29,200,2,1,71,206,56,0
1408,8,0,0,0,3,188,8,0,0,0
852,8,31,249,64,0,0,4,193,128,0
1505,8,137,63,224,11,10,1,48,128,0
651,8,0,0,0,0,0,0,0,0,0
1076,8,0,231,0,164,4,19,244,0,0
1760,8,0,251,0,246,0,239,0,239,0
167,8,0,16,250,228,177,37,176,160,0
692,8,20,233,156,0,0,0,88,0,0
458,8,63,241,255,128,0,0,12,64,0
1176,8,135,255,191,252,219,128,68,205,0
560,8,247,0,0,2,244,0,16,0,0
1694,8,4,64,4,126,31,192,21,194,0
293,8,144,0,64,223,66,190,77,96,0
14,8,32,82,86,2,8,9,118,68,0
208,8,26,119,12,96,230,1,18,0,0
51,8,0,7,200,0,12,192,7,208,0
1399,8,0,0,8,0,0,0,1,84,0
263,8,0,0,0,0,0,0,0,0,0
186,8,6,168,138,132,16,0,6,36,0
1760,8,0,251,0,249,0,239,0,239,0
737,8,0,0,0,0,0,0,0,4,0
852,8,31,249,64,0,0,4,186,0,0
1505,8,137,63,224,11,10,1,48,128,0
354,8,0,8,4,211,234,17,244,206,0
167,8,0,16,250,100,177,37,192,160,0
675,8,0,0,0,132,16,128,89,16,0
293,8,144,0,64,223,66,190,47,96,0
961,8,123,85,31,186,201,219,233,46,0
14,8,32,82,86,2,8,9,118,68,0
339,8,0,0,0,0,0,12,0,2,0
661,8,0,0,0,0,0,0,8,64,0
1634,8,78,224,0,0,64,0,0,0,0
412,8,8,110,32,17,2,0,40,176,0
208,8,34,119,12,96,229,1,18,0,0
51,8,0,7,192,0,13,0,7,208,0
628,8,0,242,36,250,80,124,134,101,0
192,8,32,0,0,0,0,0,0,0,0
403,8,0,8,8,3,232,120,0,0,0
526,8,78,32,3,160,140,63,111,247,0
1314,8,223,127,208,0,123,72,0,28,0
870,8,130,29,200,2,1,71,206,56,0
1408,8,0,0,0,3,180,136,0,0,0
1076,8,1,5,160,164,20,52,4,0,0
852,8,31,249,64,0,0,4,186,0,0
1505,8,137,63,224,11,10,1,44,128,0
651,8,0,0,0,0,0,0,0,0,0
1760,8,0,251,0,249,0,242,0,241,0
1788,8,0,0,7,99,242,182,64,0,0
167,8,0,16,250,100,177,37,192,160,0
569,8,0,0,0,125,0,0,69,0,0
1176,8,135,255,191,252,216,128,69,78,0
560,8,246,0,0,2,244,0,18,0,0
1694,8,4,64,4,126,31,192,21,194,0
293,8,144,0,64,223,66,190,17,96,0
14,8,32,82,86,2,8,9,118,50,0
208,8,42,119,12,96,226,1,20,0,0
51,8,0,7,184,0,13,64,7,208,0
215,8,0,0,2,0,128,0,0,0,0
263,8,0,0,0,0,0,0,0,0,0
1760,8,0,253,0,249,0,242,0,241,0
737,8,0,0,0,0,0,0,0,4,0
852,8,31,249,64,0,0,4,171,0,0
1505,8,137,63,224,11,10,1,44,128,0
354,8,0,8,4,195,234,17,244,206,0
167,8,0,16,250,228,193,37,192,160,0
1175,8,0,0,0,0,0,0,0,0,0
293,8,144,0,64,223,66,189,243,96,0
14,8,32,82,86,2,8,9,118,62,0
738,8,24,8,13,64,64,0,1,24,0
837,8,5,2,2,194,60,119,64,129,0
1072,8,0,47,68,139,216,128,16,160,0
339,8,0,0,0,0,0,12,0,2,0
1634,8,78,224,0,0,64,0,0,0,0
412,8,12,106,32,17,2,0,40,176,0
208,8,50,119,12,96,225,1,20,0,0
51,8,0,7,176,0,13,128,7,208,0
628,8,0,242,38,248,80,124,134,101,0
192,8,32,0,0,0,0,0,0,0,0
304,8,0,1,80,0,0,0,0,0,0
403,8,0,8,8,3,232,120,0,0,0
526,8,78,32,3,160,141,63,111,247,0
1314,8,223,127,208,0,122,208,0,28,0
870,8,130,29,200,2,1,71,206,56,0
961,8,123,85,31,187,9,28,105,46,0
852,8,31,249,64,0,0,4,156,0,0
1505,8,137,63,224,11,10,1,44,128,0
651,8,0,0,0,0,0,0,0,0,0
1408,8,0,0,0,3,173,8,0,0,0
1076,8,1,38,32,164,52,52,20,16,0
1760,8,0,253,0,251,0,242,0,243,0
167,8,0,16,250,228,193,37,192,160,0
722,8,0,0,80,0,0,0,0,0,0
1176,8,135,255,191,252,213,128,69,207,0
1124,8,0,2,64,0,0,144,24,86,0
560,8,245,0,0,2,244,0,20,0,0
1694,8,4,64,4,127,31,192,21,194,0
293,8,144,0,64,223,66,189,213,96,0
622,8,1,6,64,130,137,14,10,4,0
14,8,32,82,86,2,8,9,118,62,0
661,8,0,0,0,0,0,0,8,64,0
208,8,58,119,12,96,222,1,22,0,0
51,8,0,7,168,0,13,192,7,208,0
263,8,0,0,0,0,0,0,0,0,0
186,8,6,168,138,132,16,0,6,36,0
627,8,0,0,0,8,0,0,0,0,0
452,8,0,0,2,0,1,192,0,0,0
676,8,32,32,3,28,4,8,152,208,0
1760,8,0,253,0,251,0,245,0,243,0
881,8,1,6,0,0,0,0,8,128,0
1661,8,0,24,96,2,8,0,2,32,0
737,8,0,0,0,0,0,0,0,4,0
852,8,31,249,64,0,0,4,156,0,0
1505,8,137,63,224,11,10,1,44,128,0
354,8,0,8,4,195,234,17,244,206,0
167,8,0,16,251,100,193,37,192,160,0
1307,8,40,12,65,1,40,0,1,33,0
813,8,128,0,4,32,172,1,0,32,0
204,8,67,65,6,178,56,175,162,14,0
1277,8,17,90,10,77,121,17,75,8,0
1533,8,189,221,253,255,254,255,237,218,0
293,8,144,0,64,223,66,189,183,96,0
1644,8,0,0,0,0,24,0,0,0,0
1413,8,0,64,0,0,0,2,0,24,0
14,8,32,82,86,2,8,9,118,62,0
1255,8,0,0,0,20,3,102,0,0,0
244,8,154,12,1,2,4,177,2,64,0
339,8,0,0,0,0,0,12,0,2,0
1634,8,78,224,0,0,64,0,0,0,0
1668,8,76,213,128,25,65,84,16,30,0
1590,8,36,156,0,0,240,0,64,0,0
403,8,0,8,8,3,232,120,0,0,0
526,8,78,32,3,160,141,191,111,247,0
1314,8,223,127,208,0,122,88,0,28,0
727,8,16,0,96,216,0,0,0,8,0
412,8,16,102,32,17,2,0,40,176,0
852,8,31,249,0,0,0,4,156,128,0
1505,8,137,63,224,11,10,1,40,128,0
651,8,0,0,0,0,0,0,0,0,0
208,8,66,119,12,96,221,1,22,0,0
51,8,0,7,160,0,14,0,7,208,0
628,8,0,242,40,246,80,124,134,101,0
870,8,130,29,200,2,1,71,206,56,0
192,8,32,0,0,0,0,0,0,0,0
1408,8,0,0,0,3,165,136,0,0,0
167,8,0,16,250,100,177,37,208,160,0
1076,8,1,70,128,164,52,68,20,48,0
253,8,0,0,1,0,128,16,0,0,0
1760,8,0,254,0,251,0,245,0,243,0
1031,8,64,1,95,240,20,64,189,160,0
1694,8,4,64,4,127,31,192,21,194,0
60,8,0,0,4,0,48,0,0,0,0
293,8,144,0,64,223,66,189,153,96,0
1176,8,135,255,191,252,226,128,70,64,0
996,8,0,208,0,0,133,0,0,0,0
961,8,123,85,31,187,135,221,41,46,0
1628,8,64,8,194,117,32,15,0,0,0
519,8,4,4,96,72,42,222,149,24,0
1225,8,1,249,21,130,13,2,246,75,0
14,8,32,82,86,2,8,9,118,68,0
470,8,2,15,130,128,48,36,5,128,0
420,8,0,0,0,2,236,204,0,0,0
1399,8,0,0,8,0,0,0,1,84,0
208,8,74,119,12,96,218,1,24,0,0
51,8,0,7,152,0,14,64,7,208,0
560,8,244,0,0,2,244,0,22,0,0
263,8,0,0,0,0,0,0,0,0,0
1760,8,0,254,0,254,0,245,0,246,0
737,8,0,0,0,0,0,0,0,4,0
852,8,31,249,0,0,0,4,141,128,0
1505,8,137,63,224,11,10,1,40,128,0
354,8,0,8,4,195,234,17,244,206,0
167,8,0,16,249,228,177,37,224,160,0
293,8,144,0,64,223,66,189,123,96,0
14,8,32,82,86,2,8,9,118,44,0
339,8,0,0,0,0,0,12,0,2,0
661,8,0,0,0,0,0,0,8,64,0
1634,8,78,224,0,0,64,0,0,0,0
412,8,20,98,32,17,2,0,40,176,0
208,8,82,119,12,96,217,1,24,0,0
51,8,0,7,144,0,14,128,7,208,0
628,8,0,242,42,244,80,124,134,101,0
192,8,32,0,0,0,0,0,0,0,0
403,8,0,8,8,3,232,120,0,0,0
526,8,78,32,3,160,142,191,143,255,0
1314,8,223,127,208,0,121,224,0,28,0
870,8,130,29,200,2,1,71,206,56,0
1408,8,0,0,0,3,158,8,0,0,0
852,8,31,249,0,0,0,4,141,128,0
1505,8,137,63,224,11,10,1,40,128,0
651,8,0,0,0,0,0,0,0,0,0
1076,8,1,104,96,164,68,100,52,64,0
1760,8,1,1,0,254,0,247,0,246,0
167,8,0,16,250,100,177,37,224,160,0
61,8,0,0,7,128,0,0,0,0,0
1176,8,135,255,191,252,224,128,70,129,0
560,8,243,0,0,2,244,0,24,0,0
1694,8,4,64,4,127,31,192,21,194,0
1459,8,4,0,0,0,0,0,4,0,0
293,8,144,0,64,159,66,125,157,96,0
705,8,1,244,15,199,201,159,6,236,0
14,8,32,82,86,2,8,9,118,68,0
208,8,90,119,12,96,215,1,25,0,0
51,8,0,7,136,0,14,192,7,208,0
263,8,0,0,0,0,0,0,0,0,0
186,8,6,168,138,68,16,0,6,36,0
1760,8,1,1,0,255,0,247,0,246,0
961,8,123,85,31,187,135,93,169,46,0
737,8,0,0,0,0,0,0,0,4,0
852,8,31,249,0,0,0,4,134,0,0
1505,8,137,63,224,11,10,1,40,128,0
354,8,0,8,4,195,234,17,244,206,0
167,8,0,16,250,100,177,37,224,160,0
293,8,144,0,64,159,66,125,127,96,0
14,8,32,82,86,2,8,9,118,68,0
339,8,0,0,0,0,0,12,0,2,0
1634,8,78,224,0,0,64,0,0,0,0
412,8,24,98,32,16,130,0,40,176,0
208,8,98,119,12,96,214,1,25,0,0
51,8,0,7,128,0,15,0,7,208,0
628,8,0,242,44,242,80,124,134,97,0
192,8,32,0,0,0,0,0,0,0,0
485,8,1,70,4,5,168,65,163,224,0
813,8,128,0,4,32,172,1,0,32,0
1277,8,17,87,10,76,117,16,203,8,0
403,8,0,8,8,3,232,120,0,0,0
526,8,78,32,3,160,144,63,175,255,0
1314,8,223,127,208,0,121,104,0,28,0
870,8,130,29,200,2,1,71,206,56,0
852,8,31,249,0,0,0,4,134,0,0
1505,8,137,63,224,11,10,1,40,128,0
651,8,0,0,0,0,0,0,0,0,0
1408,8,0,0,0,3,150,136,0,0,0
1076,8,1,134,192,164,100,100,68,64,0
1760,8,1,1,0,255,0,247,0,248,0
167,8,0,16,250,100,177,37,224,160,0
692,8,20,233,156,0,0,0,88,0,0
458,8,63,241,255,128,0,0,12,64,0
1176,8,135,255,191,252,220,128,71,66,0
560,8,242,0,0,2,244,0,26,0,0
1694,8,4,64,4,127,31,192,21,194,0
293,8,144,0,64,159,66,127,65,96,0
14,8,32,82,86,2,8,9,118,62,0
661,8,0,0,0,0,0,0,8,64,0
208,8,106,119,12,96,210,1,28,0,0
51,8,0,7,120,0,15,64,7,208,0
1399,8,0,0,8,0,0,0,1,84,0
263,8,0,0,0,0,0,0,0,0,0
241,8,62,16,28,192,3,89,204,0,0
1760,8,1,2,0,255,0,250,0,248,0
737,8,0,0,0,0,0,0,0,4,0
852,8,31,249,0,0,0,4,119,0,0
1505,8,137,63,224,11,10,1,40,128,0
354,8,0,8,4,179,234,17,244,206,0
167,8,0,16,251,100,193,37,224,160,0
675,8,0,0,0,132,16,128,86,16,0
293,8,144,0,64,159,66,127,35,96,0
961,8,123,85,31,187,7,30,105,46,0
14,8,32,82,86,2,8,9,118,68,0
339,8,0,0,0,0,0,12,0,2,0
1634,8,78,224,0,0,64,0,0,0,0
412,8,28,94,32,16,130,0,40,176,0
208,8,114,119,12,96,209,1,28,0,0
51,8,0,7,112,0,15,128,7,208,0
628,8,0,242,46,240,80,124,134,97,0
192,8,32,0,0,0,0,0,0,0,0
403,8,0,8,8,3,232,120,0,0,0
526,8,78,32,3,160,145,63,175,247,0
1314,8,223,127,208,0,120,240,0,28,0
870,8,130,29,200,2,1,71,206,56,0
1408,8,0,0,0,3,143,8,0,0,0
1076,8,1,166,0,164,100,116,100,96,0
852,8,31,249,0,0,0,4,224,0,0
1505,8,137,63,224,11,10,1,40,128,0
651,8,0,0,0,0,0,0,0,0,0
1760,8,1,2,1,0,0,250,0,248,0
1788,8,0,0,7,99,242,182,56,0,0
167,8,0,16,250,228,193,37,224,160,0
569,8,0,0,0,125,0,0,69,0,0
1176,8,135,255,191,252,217,128,71,195,0
560,8,241,0,0,2,244,0,28,0,0
1694,8,4,64,4,127,31,192,21,194,0
293,8,144,0,64,159,66,127,5,96,0
14,8,32,82,86,2,8,9,118,62,0
208,8,122,119,12,96,206,1,30,0,0
51,8,0,7,104,0,15,192,7,208,0
215,8,0,0,2,0,128,0,0,0,0
263,8,0,0,0,0,0,0,0,0,0
186,8,6,168,138,4,16,0,6,36,0
65,8,128,34,0,32,1,0,0,0,0
1760,8,1,2,1,0,0,250,0,252,0
737,8,0,0,0,0,0,0,0,4,0
852,8,31,249,0,0,0,4,224,0,0
1505,8,137,63,224,11,10,1,36,128,0
354,8,0,8,4,179,234,17,244,206,0
167,8,0,16,249,228,193,37,240,160,0
1175,8,0,0,0,0,0,0,0,0,0
293,8,144,0,64,159,66,126,231,96,0
14,8,32,82,86,2,8,9,118,50,0
738,8,24,8,13,64,64,0,1,24,0
837,8,5,2,2,194,60,119,64,129,0
1072,8,0,47,68,139,216,128,16,160,0
339,8,0,0,0,0,0,12,0,2,0
661,8,0,0,0,0,0,0,8,64,0
1634,8,78,224,0,0,64,0,0,0,0
412,8,0,122,32,16,130,0,40,176,0
208,8,2,119,12,96,221,1,30,0,0
51,8,0,7,224,0,12,0,7,208,0
628,8,0,242,32,254,80,124,134,97,0
192,8,32,0,0,0,0,0,0,0,0
304,8,0,1,80,0,0,0,0,0,0
403,8,0,8,8,3,232,120,0,0,0
526,8,78,32,3,160,145,191,143,247,0
1314,8,223,127,208,0,120,120,0,28,0
870,8,129,221,200,2,1,71,206,56,0
961,8,123,85,31,187,70,94,233,46,0
852,8,31,249,0,0,0,4,216,128,0
1505,8,137,63,224,11,10,1,36,128,0
651,8,0,0,0,0,0,0,0,0,0
1408,8,0,0,0,3,135,136,0,0,0
1076,8,1,198,64,164,116,148,100,112,0
1760,8,1,3,1,0,0,253,0,252,0
167,8,0,16,250,100,177,37,240,160,0
722,8,0,0,8,0,0,0,0,0,0
1372,8,16,27,0,0,65,130,48,0,0
1176,8,135,255,191,252,214,128,72,68,0
1124,8,0,2,64,0,0,144,23,87,0
560,8,240,0,0,2,244,0,30,0,0
1694,8,4,64,4,127,31,192,21,194,0
293,8,144,0,64,159,66,126,201,96,0
622,8,1,6,64,130,137,14,10,4,0
14,8,32,82,86,2,8,9,118,62,0
208,8,10,119,12,96,218,1,32,0,0
51,8,0,7,216,0,12,64,7,208,0
263,8,0,0,0,0,0,0,0,0,0
663,8,17,0,0,32,0,2,81,16,0
1455,8,32,192,0,0,0,32,112,0,0
1760,8,1,3,1,2,0,253,0,252,0
813,8,128,0,4,32,172,1,0,32,0
1277,8,17,93,10,77,125,17,203,8,0
737,8,0,0,0,0,0,0,0,4,0
852,8,31,249,0,0,0,4,201,128,0
1505,8,137,63,224,11,10,1,36,128,0
354,8,0,8,4,179,234,17,244,206,0
167,8,0,16,250,100,193,38,0,160,0
1644,8,0,0,0,0,24,0,0,0,0
293,8,144,0,64,159,66,126,171,96,0
14,8,32,82,86,2,8,9,118,50,0
1413,8,0,64,0,0,0,2,0,24,0
1255,8,0,0,0,20,3,102,0,0,0
339,8,0,0,0,0,0,12,0,2,0
244,8,154,12,1,2,4,177,2,64,0
1634,8,78,224,0,0,64,0,0,0,0
1668,8,76,213,128,25,65,84,16,30,0
1590,8,36,156,0,0,240,0,64,0,0
403,8,0,8,8,3,232,120,0,0,0
526,8,78,32,3,160,145,191,111,247,0
1314,8,223,127,208,0,127,128,0,28,0
727,8,16,0,96,216,0,0,0,8,0
412,8,4,118,32,16,130,0,40,176,0
852,8,31,249,0,0,0,4,201,128,0
1505,8,137,63,224,11,10,1,40,128,0
651,8,0,0,0,0,0,0,0,0,0
208,8,18,119,12,96,217,1,32,0,0
51,8,0,7,208,0,12,128,7,208,0
628,8,0,242,34,252,80,124,134,97,0
870,8,129,221,200,2,1,71,206,56,0
1408,8,0,0,0,3,248,8,0,0,0
1076,8,1,229,160,164,148,148,116,112,0
1760,8,1,3,1,2,0,253,0,254,0
192,8,32,0,0,0,0,0,0,0,0
167,8,0,16,250,228,177,38,0,160,0
1031,8,64,1,95,240,20,64,189,160,0
60,8,0,0,4,0,44,0,0,0,0
1176,8,135,255,191,252,211,128,72,197,0
1694,8,4,64,4,127,31,192,21,194,0
293,8,144,0,64,159,66,126,141,96,0
996,8,0,208,0,0,133,0,0,0,0
1628,8,64,8,194,117,32,15,0,0,0
519,8,4,4,96,72,42,222,149,24,0
1225,8,1,249,21,130,13,2,246,75,0
961,8,123,85,31,186,134,95,169,46,0
470,8,2,11,128,128,48,36,5,128,0
1399,8,0,0,8,0,0,0,1,84,0
14,8,32,82,86,2,8,9,118,68,0
117,8,15,50,0,15,174,30,224,0,0
560,8,255,0,0,2,236,0,0,0,0
661,8,0,0,0,0,0,0,8,64,0
208,8,26,119,12,96,214,1,34,0,0
51,8,0,7,200,0,12,192,7,208,0
263,8,0,0,0,0,0,0,0,0,0
186,8,6,168,137,196,16,0,6,36,0
1760,8,1,4,1,2,0,255,0,254,0
737,8,0,0,0,0,0,0,0,4,0
852,8,31,248,192,0,0,4,202,0,0
1505,8,137,63,224,11,10,1,40,128,0
354,8,0,8,4,163,234,17,244,206,0
167,8,0,16,250,228,177,38,0,160,0
58,8,0,0,0,0,0,29,8,0,0
293,8,144,0,64,223,66,126,79,96,0
1227,8,128,0,0,0,0,14,0,0,0
640,8,24,224,2,112,0,0,0,0,0
953,8,32,4,114,0,0,0,92,66,0
14,8,32,82,86,2,8,9,118,62,0
339,8,0,0,0,0,0,12,0,2,0
1634,8,78,224,0,0,64,0,0,0,0
412,8,8,114,32,16,130,0,40,176,0
208,8,34,119,12,96,213,1,34,0,0
51,8,0,7,192,0,13,0,7,208,0
628,8,0,242,36,250,80,124,134,97,0
192,8,32,0,0,0,0,0,0,0,0
541,8,0,0,0,0,0,1,0,0,0
403,8,0,8,8,3,232,120,0,0,0
526,8,78,32,3,160,146,191,79,247,0
1314,8,223,127,208,0,127,8,0,28,0
870,8,129,221,200,2,1,71,206,56,0
1408,8,0,0,0,3,240,136,0,0,0
852,8,31,248,192,0,0,4,202,0,0
1505,8,137,63,224,11,10,1,36,128,0
651,8,0,0,0,0,0,0,0,0,0
1076,8,2,8,32,164,164,164,148,144,0
1760,8,1,4,1,3,0,255,1,1,0
167,8,0,16,250,228,177,38,0,160,0
61,8,0,0,7,128,0,0,0,0,0
1176,8,135,255,191,252,208,128,73,70,0
1262,8,160,0,13,8,240,76,64,8,0
560,8,254,0,0,2,244,0,2,0,0
1694,8,4,64,4,127,31,192,21,194,0
1459,8,4,0,0,0,0,0,4,0,0
293,8,144,0,64,223,66,126,49,96,0
14,8,32,82,86,2,8,9,118,62,0
208,8,42,119,12,96,210,1,36,0,0
51,8,0,7,184,0,13,64,7,208,0
1049,8,10,155,70,77,4,95,194,111,0
263,8,0,0,0,0,0,0,0,0,0
1760,8,1,5,1,3,1,2,1,1,0
961,8,123,85,31,187,132,224,41,46,0
705,8,1,243,79,199,201,31,1,0,0
737,8,0,0,0,0,0,0,0,4,0
852,8,31,248,192,0,0,4,187,0,0
1505,8,137,63,224,11,10,1,32,128,0
354,8,0,8,4,163,234,17,244,206,0
167,8,0,16,250,100,177,38,16,160,0
1693,8,128,141,207,176,79,193,252,177,0
293,8,144,0,64,223,66,126,19,96,0
14,8,32,82,86,2,8,9,118,62,0
339,8,0,0,0,0,0,12,0,2,0
661,8,0,0,0,0,0,0,8,64,0
1634,8,78,224,0,0,64,0,0,0,0
412,8,12,114,32,16,2,0,40,176,0
208,8,50,119,12,96,209,1,36,0,0
51,8,0,7,176,0,13,128,7,208,0
628,8,0,242,38,248,80,124,134,97,0
192,8,32,0,0,0,0,0,0,0,0
813,8,128,0,4,32,172,1,0,32,0
403,8,0,8,8,3,232,104,0,0,0
526,8,78,32,3,160,148,63,143,255,0
1314,8,223,127,208,0,126,144,0,28,0
870,8,129,221,200,2,1,71,206,56,0
1408,8,0,0,0,3,233,8,0,0,0
852,8,31,248,192,0,0,4,179,128,0
1505,8,137,63,224,11,10,1,32,128,0
651,8,0,0,0,0,0,0,0,0,0
1076,8,2,40,32,164,164,180,164,160,0
1760,8,1,5,1,3,1,2,1,1,0
167,8,0,16,250,100,177,38,16,160,0
692,8,20,233,156,0,0,0,88,0,0
458,8,63,241,255,128,0,0,12,64,0
1176,8,135,255,191,252,204,128,74,7,0
1277,8,17,93,10,77,123,17,203,8,0
1512,8,0,0,2,4,0,57,176,0,0
560,8,253,0,0,2,244,0,4,0,0
1694,8,4,64,4,127,32,0,21,194,0
293,8,144,0,64,223,66,125,245,96,0
14,8,32,82,86,2,8,9,118,68,0
208,8,58,119,12,96,205,1,39,0,0
51,8,0,7,168,0,13,192,7,208,0
1399,8,0,0,8,0,0,0,1,84,0
263,8,0,0,0,0,0,0,0,0,0
186,8,6,168,137,196,16,0,6,36,0
1760,8,1,5,1,3,1,2,1,4,0
737,8,0,0,0,0,0,0,0,4,0
852,8,31,248,192,0,0,4,179,128,0
1505,8,137,63,224,11,10,1,32,128,0
354,8,0,8,4,163,234,17,244,206,0
167,8,0,16,249,228,177,38,16,160,0
675,8,0,0,0,132,16,128,84,16,0
293,8,144,0,64,223,66,125,215,96,0
961,8,123,85,31,187,195,224,233,46,0
14,8,32,82,86,2,8,9,118,62,0
339,8,0,0,0,0,0,12,0,2,0
1634,8,78,224,0,0,64,0,0,0,0
412,8,16,110,32,16,2,0,40,176,0
208,8,66,119,12,96,204,1,39,0,0
51,8,0,7,160,0,14,0,7,208,0
628,8,0,242,40,246,80,124,134,93,0
192,8,32,0,0,0,0,0,0,0,0
403,8,0,8,8,3,232,104,0,0,0
526,8,78,32,3,160,148,191,175,255,0
1314,8,223,127,208,0,126,24,0,28,0
870,8,129,221,200,2,1,71,206,56,0
1408,8,0,0,0,3,225,136,0,0,0
1076,8,2,64,0,164,180,212,164,176,0
852,8,31,248,192,0,0,4,164,128,0
1505,8,137,63,224,11,10,1,32,128,0
651,8,0,0,0,0,0,0,0,0,0
1760,8,1,7,1,3,1,5,1,4,0
1788,8,0,0,7,100,18,182,48,0,0
167,8,0,16,250,228,177,38,16,160,0
569,8,0,0,0,125,0,0,68,224,0
1176,8,135,255,191,252,201,128,74,136,0
560,8,252,0,0,2,244,0,6,0,0
1694,8,4,64,4,127,31,192,21,194,0
293,8,144,0,64,159,66,61,249,96,0
14,8,32,82,86,2,8,9,118,68,0
661,8,0,0,0,0,0,0,8,64,0
208,8,74,119,12,96,201,1,41,0,0
51,8,0,7,152,0,14,64,7,208,0
215,8,0,0,2,0,128,0,0,0,0
263,8,0,0,0,0,0,0,0,0,0
1760,8,1,7,1,5,1,5,1,4,0
737,8,0,0,0,0,0,0,0,4,0
852,8,31,248,192,0,0,4,149,128,0
1505,8,137,63,224,11,10,1,32,128,0
354,8,0,8,4,147,234,17,244,206,0
167,8,0,16,251,100,177,38,16,160,0
1175,8,0,0,0,0,0,0,0,0,0
293,8,144,0,64,159,66,61,219,96,0
14,8,32,82,86,2,8,9,118,44,0
738,8,24,8,13,64,64,0,1,24,0
837,8,5,2,2,194,60,119,64,129,0
1072,8,0,47,68,139,216,128,16,160,0
339,8,0,0,0,0,0,12,0,2,0
1634,8,78,224,0,0,64,0,0,0,0
412,8,20,106,32,16,2,0,40,176,0
208,8,82,119,12,96,200,1,41,0,0
51,8,0,7,144,0,14,128,7,208,0
628,8,0,242,42,244,80,124,134,93,0
192,8,32,0,0,0,0,0,0,0,0
304,8,0,1,80,0,0,0,0,0,0
403,8,0,8,8,3,232,104,0,0,0
526,8,78,32,3,160,149,63,175,255,0
1314,8,223,127,208,0,125,160,0,28,0
870,8,129,221,200,2,1,71,206,56,0
961,8,123,85,31,187,67,225,105,46,0
1408,8,0,0,0,3,218,8,0,0,0
852,8,31,248,192,0,0,4,149,128,0
1505,8,137,63,224,11,10,1,32,128,0
651,8,0,0,0,0,0,0,0,0,0
1076,8,2,96,0,164,212,212,180,176,0
1760,8,1,7,1,5,1,5,1,7,0
167,8,0,16,250,228,177,38,32,160,0
722,8,0,0,16,0,0,0,0,0,0
1176,8,135,255,191,252,198,128,75,9,0
1124,8,0,2,64,0,0,144,22,88,0
631,8,30,1,128,0,0,0,1,8,0
560,8,251,0,0,2,244,0,8,0,0
1694,8,4,64,4,127,31,192,21,194,0
293,8,144,0,64,159,66,61,189,96,0
622,8,1,6,64,130,137,14,10,4,0
14,8,32,82,86,2,8,9,118,62,0
208,8,90,119,12,96,197,1,43,0,0
51,8,0,7,136,0,14,192,7,208,0
263,8,0,0,0,0,0,0,0,0,0
186,8,6,168,137,196,16,0,6,36,0
1307,8,8,2,135,77,93,112,0,1,0
813,8,128,0,4,32,172,1,0,32,0
1277,8,17,84,10,77,113,16,75,8,0
1760,8,1,6,1,5,1,8,1,7,0
737,8,0,0,0,0,0,0,0,4,0
852,8,31,248,128,0,0,4,150,0,0
1505,8,137,63,224,11,10,1,28,128,0
354,8,0,8,4,147,234,17,244,206,0
167,8,0,16,249,228,193,38,32,160,0
930,8,0,0,0,0,12,1,224,0,0
1644,8,0,0,0,0,24,0,0,0,0
293,8,144,0,64,159,66,61,159,96,0
1560,8,251,125,190,255,247,119,191,221,0
1413,8,0,64,0,0,0,2,0,24,0
14,8,32,82,86,2,8,9,118,62,0
1255,8,0,0,0,20,3,102,0,0,0
339,8,0,0,0,0,0,12,0,2,0
244,8,154,12,1,2,4,177,2,64,0
661,8,0,0,0,0,0,0,8,64,0
1634,8,78,224,0,0,64,0,0,0,0
1668,8,76,213,128,25,65,84,16,30,0
403,8,0,8,8,3,232,104,0,0,0
526,8,78,32,3,160,150,63,111,247,0
1314,8,223,127,208,0,125,40,0,28,0
1590,8,36,156,0,0,240,0,80,0,0
727,8,16,0,96,216,0,0,0,8,0
852,8,31,248,128,0,0,4,150,0,0
1505,8,137,63,224,11,10,1,28,128,0
651,8,0,0,0,0,0,0,0,0,0
412,8,24,102,32,16,2,0,40,176,0
208,8,98,119,12,96,196,1,43,0,0
51,8,0,7,128,0,15,0,7,208,0
628,8,0,242,44,242,80,124,134,93,0
870,8,129,221,200,2,1,71,206,56,0
1408,8,0,0,0,3,210,136,0,0,0
1076,8,2,138,160,164,212,228,212,208,0
1760,8,1,6,1,6,1,8,1,7,0
192,8,32,0,0,0,0,0,0,0,0
167,8,0,16,249,228,193,38,48,160,0
1031,8,64,1,95,240,20,64,189,160,0
60,8,0,0,4,0,43,0,0,0,0
1176,8,135,255,191,252,194,128,75,202,0
1694,8,4,64,4,127,31,192,21,194,0
293,8,144,0,64,159,66,63,97,96,0
996,8,0,208,0,0,133,0,0,0,0
1628,8,64,8,194,117,32,15,0,0,0
519,8,4,4,96,72,42,222,149,24,0
1225,8,1,249,21,130,13,3,246,75,0
961,8,123,85,31,186,131,226,41,46,0
470,8,2,143,194,128,52,116,5,144,0
14,8,32,82,86,2,8,9,118,68,0
1399,8,0,0,8,0,0,0,1,84,0
560,8,250,0,0,2,244,0,10,0,0
208,8,106,119,12,96,192,1,46,0,0
51,8,0,7,120,0,15,64,7,208,0
263,8,0,0,0,0,0,0,0,0,0
1760,8,1,8,1,6,1,11,1,10,0
737,8,0,0,0,0,0,0,0,4,0
852,8,31,248,128,0,0,4,135,0,0
1505,8,137,63,224,11,10,1,28,128,0
354,8,0,8,4,147,234,17,244,206,0
167,8,0,16,250,228,193,38,48,160,0
293,8,144,0,64,159,66,63,67,96,0
14,8,32,82,86,2,8,9,118,68,0
339,8,0,0,0,0,0,12,0,2,0
1634,8,78,224,0,0,64,0,0,0,0
412,8,28,100,32,15,194,0,40,176,0
208,8,114,119,12,96,191,1,46,0,0
51,8,0,7,112,0,15,128,7,208,0
628,8,0,242,46,240,80,124,134,91,0
192,8,32,0,0,0,0,0,0,0,0
426,8,144,190,189,68,161,99,230,64,0
403,8,0,8,8,3,232,104,0,0,0
526,8,78,31,255,160,151,63,79,247,0
1314,8,223,127,208,0,124,176,0,28,0
870,8,129,221,200,2,1,71,206,56,0
1408,8,0,0,0,3,203,8,0,0,0
852,8,31,248,128,0,0,4,127,128,0
1505,8,137,63,224,11,10,1,28,128,0
651,8,0,0,0,0,0,0,0,0,0
1076,8,2,170,160,164,229,4,212,224,0
1760,8,1,8,1,6,1,11,1,10,0
167,8,0,16,251,228,177,38,48,160,0
61,8,0,0,8,0,0,0,0,0,0
1176,8,135,255,191,252,190,128,76,139,0
560,8,249,0,0,2,244,0,12,0,0
1533,8,189,221,253,128,126,255,237,218,0
1694,8,4,64,4,127,31,192,21,194,0
1459,8,4,0,0,0,0,0,4,0,0
293,8,144,0,64,159,66,63,37,96,0
14,8,32,82,86,2,8,9,118,74,0
661,8,0,0,0,0,0,0,8,64,0
208,8,122,119,12,96,187,1,49,0,0
51,8,0,7,104,0,15,192,7,208,0
263,8,0,0,0,0,0,0,0,0,0
186,8,6,168,137,132,16,0,6,36,0
1760,8,1,8,1,6,1,11,1,13,0
961,8,123,85,31,186,67,162,169,46,0
737,8,0,0,0,0,0,0,0,4,0
852,8,31,248,128,0,0,4,127,128,0
1505,8,137,63,224,11,10,1,28,128,0
354,8,0,8,4,147,234,17,244,206,0
167,8,0,16,250,228,177,38,48,160,0
1372,8,16,27,0,0,65,130,48,0,0
293,8,144,0,64,159,66,63,7,96,0
705,8,1,243,47,199,201,158,235,22,0
14,8,32,82,86,2,8,9,118,68,0
339,8,0,0,0,0,0,12,0,2,0
1634,8,78,224,0,0,64,0,0,0,0
412,8,0,128,32,15,194,0,40,176,0
208,8,2,119,12,96,202,1,49,0,0
51,8,0,7,224,0,12,0,7,208,0
628,8,0,242,32,254,80,124,134,91,0
192,8,32,0,0,0,0,0,0,0,0
778,8,64,45,80,1,211,56,50,0,0
452,8,0,0,2,0,2,0,0,0,0
403,8,0,8,8,3,232,104,0,0,0
526,8,78,32,3,160,152,63,111,255,0
1314,8,223,127,208,0,124,56,0,28,0
870,8,129,221,200,2,1,71,206,56,0
1408,8,0,0,0,3,195,136,0,0,0
852,8,31,248,128,0,0,4,232,128,0
1505,8,137,63,224,11,10,1,24,128,0
651,8,0,0,0,0,0,0,0,0,0
1076,8,2,202,160,165,5,20,229,0,0
1760,8,1,11,1,6,1,14,1,13,0
167,8,0,16,249,228,177,38,48,160,0
692,8,20,233,156,0,0,0,88,0,0
458,8,63,241,255,128,0,0,12,64,0
676,8,54,220,0,28,4,8,152,208,0
1176,8,135,255,191,252,187,128,77,12,0
813,8,128,0,4,32,172,1,0,32,0
1277,8,17,87,10,77,117,16,203,8,0
560,8,248,0,0,2,244,0,14,0,0
1694,8,4,64,4,127,31,192,21,194,0
293,8,144,0,64,159,66,62,233,96,0
14,8,32,82,86,2,8,9,118,50,0
208,8,10,119,12,96,199,1,51,0,0
51,8,0,7,216,0,12,64,7,208,0
1399,8,0,0,8,0,0,0,1,84,0
263,8,0,0,0,0,0,0,0,0,0
1760,8,1,11,1,7,1,14,1,13,0
737,8,0,0,0,0,0,0,0,4,0
852,8,31,248,128,0,0,4,217,128,0
1505,8,137,63,224,11,10,1,24,128,0
354,8,0,8,4,131,234,17,244,206,0
167,8,0,16,250,100,193,38,64,160,0
675,8,0,0,0,132,16,128,81,144,0
293,8,144,0,64,159,66,62,203,96,0
961,8,123,85,31,187,129,163,105,46,0
14,8,32,82,86,2,8,9,118,62,0
339,8,0,0,0,0,0,12,0,2,0
661,8,0,0,0,0,0,0,8,64,0
1634,8,78,224,0,0,64,0,0,0,0
412,8,4,124,32,15,194,0,40,176,0
208,8,18,119,12,96,198,1,51,0,0
51,8,0,7,208,0,12,128,7,208,0
628,8,0,242,34,252,80,124,134,91,0
192,8,32,0,0,0,0,0,0,0,0
403,8,0,8,8,3,232,104,0,0,0
526,8,78,32,3,160,153,63,111,247,0
1314,8,223,127,208,0,123,192,0,28,0
870,8,129,221,200,2,1,71,206,56,0
1408,8,0,0,0,3,188,8,0,0,0
852,8,31,248,128,0,0,4,217,128,0
1505,8,137,63,224,11,10,1,24,128,0
651,8,0,0,0,0,0,0,0,0,0
1076,8,2,234,160,165,21,21,5,0,0
1760,8,1,11,1,7,1,14,1,15,0
1788,8,0,0,7,99,210,182,40,0,0
167,8,0,16,250,228,177,38,64,160,0
569,8,0,0,0,125,0,0,68,224,0
1176,8,135,255,191,252,184,128,77,141,0
560,8,247,0,0,2,236,0,16,0,0
1694,8,4,64,4,127,31,192,21,194,0
293,8,144,0,64,159,66,62,173,96,0
14,8,32,82,86,2,8,9,118,68,0
208,8,26,119,12,96,195,1,53,0,0
51,8,0,7,200,0,12,192,7,208,0
215,8,0,0,2,0,128,0,0,0,0
263,8,0,0,0,0,0,0,0,0,0
186,8,6,168,137,68,16,0,6,36,0
1760,8,1,10,1,7,1,16,1,15,0
737,8,0,0,0,0,0,0,0,4,0
852,8,31,248,128,0,0,4,210,0,0
1505,8,137,63,224,11,10,1,28,128,0
354,8,0,8,4,131,234,17,244,206,0
167,8,0,16,250,228,177,38,64,160,0
1175,8,0,0,0,0,0,0,0,0,0
293,8,144,0,64,159,66,62,143,96,0
14,8,32,82,86,2,8,9,118,68,0
738,8,24,8,13,64,64,0,1,24,0
837,8,5,2,2,194,60,119,64,129,0
1072,8,0,47,68,139,216,128,16,160,0
339,8,0,0,0,0,0,12,0,2,0
1634,8,78,224,0,0,64,0,0,0,0
412,8,8,120,32,15,194,0,40,176,0
208,8,34,119,12,96,194,1,53,0,0
51,8,0,7,192,0,13,0,7,208,0
628,8,0,242,36,250,80,124,134,91,0
192,8,32,0,0,0,0,0,0,0,0
304,8,0,1,80,0,0,0,0,0,0
403,8,0,8,8,3,232,104,0,0,0
526,8,78,32,3,160,153,191,111,247,0
1314,8,223,127,208,0,123,72,0,28,0
870,8,129,221,200,2,1,71,206,56,0
961,8,123,85,31,187,1,163,233,46,0
1408,8,0,0,0,3,180,136,0,0,0
852,8,31,248,128,0,0,4,210,0,0
1505,8,137,63,224,11,10,1,28,128,0
651,8,0,0,0,0,0,0,0,0,0
1076,8,3,10,128,165,53,53,21,16,0
1760,8,1,10,1,10,1,16,1,18,0
167,8,0,16,250,100,177,38,64,160,0
722,8,0,0,24,0,0,0,0,0,0
1176,8,135,255,191,252,181,128,78,14,0
1124,8,0,2,64,0,0,144,21,89,0
560,8,246,0,0,2,244,0,18,0,0
1694,8,4,64,4,127,31,192,21,194,0
293,8,144,0,64,159,66,62,113,96,0
14,8,32,82,86,2,8,9,118,80,0
622,8,1,6,64,130,137,14,10,4,0
661,8,0,0,0,0,0,0,8,64,0
208,8,42,119,12,96,191,1,55,0,0
51,8,0,7,184,0,13,64,7,208,0
263,8,0,0,0,0,0,0,0,0,0
813,8,128,0,4,32,172,1,0,32,0
1277,8,17,86,10,77,115,16,203,8,0
1760,8,1,14,1,10,1,19,1,18,0
37,8,0,0,2,136,64,62,34,1,0
737,8,0,0,0,0,0,0,0,4,0
852,8,31,248,128,0,0,4,195,0,0
1505,8,137,63,224,11,10,1,24,128,0
354,8,0,8,4,131,234,17,244,206,0
167,8,0,16,249,228,177,38,80,160,0
1644,8,0,0,0,0,24,0,0,0,0
293,8,144,0,64,159,66,62,83,96,0
1413,8,0,64,0,0,0,2,0,24,0
14,8,32,82,86,2,8,9,118,62,0
1255,8,0,0,0,20,3,102,0,0,0
339,8,0,0,0,0,0,12,0,2,0
244,8,154,12,1,2,4,177,2,64,0
1634,8,78,224,0,0,64,0,0,0,0
1668,8,76,213,128,25,65,84,16,30,0
1590,8,36,156,0,0,240,0,80,0,0
403,8,0,8,8,3,232,104,0,0,0
526,8,78,32,3,160,155,63,111,247,0
1314,8,223,127,208,0,122,208,0,28,0
727,8,16,0,96,216,0,0,0,8,0
412,8,12,116,32,15,194,0,40,176,0
852,8,31,248,64,0,0,4,188,0,0
1505,8,137,63,224,11,10,1,24,128,0
651,8,0,0,0,0,0,0,0,0,0
208,8,50,119,12,96,190,1,55,0,0
51,8,0,7,176,0,13,128,7,208,0
628,8,0,242,38,248,80,124,134,91,0
870,8,129,221,200,2,1,71,206,56,0
192,8,32,0,0,0,0,0,0,0,0
1408,8,0,0,0,3,173,8,0,0,0
167,8,0,16,251,100,177,38,80,160,0
1076,8,3,42,0,165,53,69,21,48,0
1031,8,64,1,95,240,20,64,189,160,0
1760,8,1,14,1,10,1,19,1,18,0
60,8,0,0,4,0,60,0,0,0,0
1176,8,135,255,191,252,176,128,79,15,0
1694,8,4,64,4,127,31,192,21,194,0
293,8,144,0,64,159,66,62,53,96,0
996,8,0,208,0,0,133,0,0,0,0
1628,8,64,8,194,117,32,15,0,0,0
519,8,4,4,224,88,42,222,149,24,0
1225,8,1,249,21,130,13,2,246,75,0
961,8,123,85,31,187,128,100,169,46,0
470,8,2,11,128,128,48,36,5,128,0
1399,8,0,0,8,0,0,0,1,84,0
14,8,32,82,86,2,8,9,118,62,0
560,8,245,0,0,2,244,0,20,0,0
208,8,58,119,12,96,185,1,59,0,0
51,8,0,7,168,0,13,192,7,208,0
263,8,0,0,0,0,0,0,0,0,0
186,8,6,168,137,4,16,0,6,36,0
1760,8,1,14,1,12,1,19,1,20,0
737,8,0,0,0,0,0,0,0,4,0
852,8,31,248,64,0,0,4,188,0,0
1505,8,137,63,224,11,10,1,24,128,0
354,8,0,8,4,115,234,17,244,206,0
167,8,0,16,250,228,177,38,80,160,0
293,8,144,0,64,159,66,62,23,96,0
1227,8,128,0,0,0,0,14,0,0,0
640,8,24,224,2,112,0,0,0,0,0
14,8,32,82,86,2,8,9,118,74,0
339,8,0,0,0,0,0,12,0,2,0
661,8,0,0,0,0,0,0,8,64,0
1634,8,78,224,0,0,64,0,0,0,0
412,8,16,112,32,15,194,0,40,176,0
208,8,66,119,12,96,184,1,59,0,0
51,8,0,7,160,0,14,0,7,208,0
628,8,0,242,40,246,80,124,134,91,0
192,8,32,0,0,0,0,0,0,0,0
403,8,0,8,8,3,232,104,0,0,0
526,8,78,32,3,160,156,63,143,255,0
1314,8,223,127,208,0,122,88,0,28,0
870,8,129,221,200,2,1,71,206,56,0
1408,8,0,0,0,3,165,136,0,0,0
852,8,31,248,64,0,0,4,180,128,0
1505,8,137,63,224,11,10,1,28,128,0
651,8,0,0,0,0,0,0,0,0,0
1076,8,3,74,160,165,69,85,53,64,0
1760,8,1,14,1,12,1,21,1,20,0
167,8,0,16,250,100,177,38,80,160,0
61,8,0,0,8,0,0,0,0,0,0
1176,8,135,255,191,252,189,128,79,128,0
6,8,8,0,0,100,0,0,0,0,0
560,8,244,0,0,2,244,0,22,0,0
1694,8,4,64,4,127,31,192,21,194,0
293,8,144,0,64,159,66,61,249,96,0
1459,8,4,0,0,0,0,0,4,0,0
14,8,32,82,86,2,8,9,118,68,0
208,8,74,119,12,96,181,1,61,0,0
51,8,0,7,152,0,14,64,7,208,0
263,8,0,0,0,0,0,0,0,0,0
1760,8,1,14,1,13,1,21,1,20,0
961,8,123,85,31,188,63,101,41,46,0
737,8,0,0,0,0,0,0,0,4,0
852,8,31,248,64,0,0,4,165,128,0
1505,8,137,63,224,11,10,1,28,128,0
354,8,0,8,4,115,234,17,244,206,0
167,8,0,16,250,100,177,38,80,160,0
293,8,144,0,64,159,66,61,219,96,0
14,8,32,82,86,2,8,9,118,68,0
339,8,0,0,0,0,0,12,0,2,0
1634,8,78,224,0,0,64,0,0,0,0
412,8,20,112,32,15,66,0,40,176,0
208,8,82,119,12,96,180,1,61,0,0
51,8,0,7,144,0,14,128,7,208,0
628,8,0,242,42,244,80,124,134,87,0
192,8,32,0,0,0,0,0,0,0,0
778,8,64,45,80,1,211,58,50,0,0
813,8,128,0,4,32,172,1,0,32,0
1277,8,17,86,10,77,115,16,203,8,0
403,8,0,8,8,3,232,104,0,0,0
526,8,78,32,3,160,156,191,143,255,0
1314,8,223,127,208,0,121,224,0,28,0
705,8,1,243,111,199,203,30,205,42,0
852,8,31,248,64,0,0,4,165,128,0
1505,8,137,63,224,11,10,1,24,128,0
651,8,0,0,0,0,0,0,0,0,0
870,8,129,221,200,2,1,71,206,56,0
1408,8,0,0,0,3,158,8,0,0,0
1076,8,3,106,160,165,85,117,69,64,0
1760,8,1,14,1,13,1,21,1,21,0
167,8,0,16,249,100,193,38,96,160,0
692,8,20,233,156,0,0,0,88,0,0
458,8,63,241,255,128,0,0,12,64,0
1176,8,135,255,191,252,187,128,79,193,0
560,8,243,0,0,2,244,0,24,0,0
1694,8,4,64,4,127,31,192,21,194,0
293,8,144,0,64,159,66,61,189,96,0
14,8,32,82,86,2,8,9,118,68,0
661,8,0,0,0,0,0,0,8,64,0
208,8,90,119,12,96,178,1,62,0,0
51,8,0,7,136,0,14,192,7,208,0
1399,8,0,0,8,0,0,0,1,84,0
263,8,0,0,0,0,0,0,0,0,0
186,8,6,168,137,4,16,0,6,36,0
1760,8,1,16,1,13,1,21,1,21,0
737,8,0,0,0,0,0,0,0,4,0
852,8,31,248,64,0,0,4,158,0,0
1505,8,137,63,224,11,10,1,20,128,0
354,8,0,8,4,115,234,17,244,206,0
167,8,0,16,248,228,177,38,96,160,0
675,8,0,0,0,132,18,128,79,16,0
293,8,144,0,64,159,66,61,159,96,0
961,8,123,85,31,187,63,165,233,46,0
14,8,32,82,86,2,8,9,118,50,0
339,8,0,0,0,0,0,12,0,2,0
1634,8,78,224,0,0,64,0,0,0,0
412,8,24,108,32,15,66,0,40,176,0
208,8,98,119,12,96,177,1,62,0,0
51,8,0,7,128,0,15,0,7,208,0
628,8,0,242,44,242,80,124,134,87,0
192,8,32,0,0,0,0,0,0,0,0
403,8,0,8,8,3,232,104,0,0,0
526,8,78,32,3,160,157,63,143,255,0
1314,8,223,127,208,0,121,104,0,28,0
870,8,129,221,200,2,1,71,206,56,0
1408,8,0,0,0,3,150,136,0,0,0
1076,8,3,130,160,165,117,117,85,80,0
852,8,31,248,64,0,0,4,158,0,0
1505,8,137,63,224,11,10,1,24,128,0
651,8,0,0,0,0,0,0,0,0,0
1760,8,1,16,1,16,1,21,1,22,0
1788,8,0,0,7,99,210,182,32,0,0
167,8,0,16,250,228,177,38,96,160,0
569,8,0,0,0,125,0,0,68,224,0
1176,8,135,255,191,252,184,128,80,66,0
560,8,242,0,0,2,244,0,26,0,0
1694,8,4,64,4,127,31,192,21,194,0
293,8,144,0,64,159,66,63,97,96,0
14,8,32,82,86,2,8,9,118,68,0
208,8,106,119,12,96,174,1,64,0,0
51,8,0,7,120,0,15,64,7,208,0
215,8,0,0,2,0,128,0,0,0,0
1331,8,237,127,207,126,255,244,239,127,0
263,8,0,0,0,0,0,0,0,0,0
1760,8,1,19,1,16,1,23,1,22,0
692,8,20,233,157,0,0,0,88,0,0
737,8,0,0,0,0,0,0,0,4,0
852,8,31,248,64,0,0,4,143,0,0
1505,8,137,63,224,11,10,1,24,128,0
354,8,0,8,4,99,234,17,244,206,0
167,8,0,16,251,100,193,38,96,160,0
1175,8,0,0,0,0,0,0,0,0,0
293,8,144,0,64,159,66,63,67,96,0
14,8,32,82,86,2,8,9,118,68,0
738,8,24,8,13,64,64,0,1,24,0
837,8,5,2,2,194,60,119,64,129,0
1072,8,0,47,68,139,216,128,16,160,0
339,8,0,0,0,0,0,12,0,2,0
661,8,0,0,0,0,0,0,8,64,0
1634,8,78,224,0,0,64,0,0,0,0
412,8,28,104,32,15,66,0,40,176,0
208,8,114,119,12,96,173,1,64,0,0
51,8,0,7,112,0,15,128,7,208,0
628,8,0,242,46,240,80,124,134,87,0
192,8,32,0,0,0,0,0,0,0,0
304,8,0,1,80,0,0,0,0,0,0
403,8,0,8,8,3,232,104,0,0,0
526,8,78,32,3,160,157,191,111,247,0
1314,8,223,127,208,0,120,240,0,28,0
961,8,123,85,31,187,63,38,105,46,0
870,8,129,221,200,2,1,71,206,56,0
852,8,31,248,64,0,0,4,135,128,0
1505,8,137,63,224,11,10,1,28,128,0
651,8,0,0,0,0,0,0,0,0,0
1408,8,0,0,0,3,143,8,0,0,0
1076,8,3,170,160,165,117,133,117,112,0
1760,8,1,19,1,17,1,23,1,22,0
167,8,0,16,250,228,177,38,96,160,0
722,8,0,0,32,0,0,0,0,0,0
1372,8,16,27,0,0,65,130,48,0,0
1176,8,135,255,191,252,182,128,80,131,0
1124,8,0,2,64,0,0,144,20,90,0
560,8,241,0,0,2,244,0,28,0,0
1694,8,4,64,4,127,31,192,21,194,0
293,8,144,0,64,159,66,63,37,96,0
622,8,1,6,64,130,137,14,10,4,0
14,8,32,82,86,2,8,9,118,68,0
208,8,122,119,12,96,171,1,65,0,0
51,8,0,7,104,0,15,192,7,208,0
263,8,0,0,0,0,0,0,0,0,0
186,8,6,168,136,196,16,0,6,36,0
1307,8,40,26,50,9,178,129,128,193,0
813,8,128,0,4,32,172,1,0,32,0
1277,8,17,95,10,77,127,18,75,8,0
1760,8,1,19,1,17,1,24,1,23,0
737,8,0,0,0,0,0,0,0,4,0
852,8,31,248,64,0,0,4,135,128,0
1505,8,137,63,224,11,10,1,24,128,0
354,8,0,8,4,99,234,17,244,206,0
167,8,0,16,250,100,177,38,96,160,0
1644,8,0,0,0,0,24,0,0,0,0
293,8,144,0,64,159,66,63,7,96,0
1413,8,0,64,0,0,0,2,0,24,0
14,8,32,82,86,2,8,9,118,68,0
1255,8,0,0,0,20,3,102,0,0,0
339,8,0,0,0,0,0,12,0,2,0
1634,8,78,224,0,0,64,0,0,0,0
1668,8,76,213,128,25,65,84,16,30,0
244,8,154,12,1,2,4,177,2,64,0
1590,8,36,156,0,0,240,0,96,0,0
403,8,0,8,8,3,232,104,0,0,0
526,8,78,32,3,160,158,191,143,255,0
1314,8,223,127,208,0,120,120,0,28,0
727,8,16,0,96,216,0,0,0,8,0
412,8,0,132,32,15,66,0,40,176,0
852,8,31,248,64,0,0,4,240,128,0
1505,8,137,63,224,11,10,1,20,128,0
651,8,0,0,0,0,0,0,0,0,0
208,8,2,119,12,96,186,1,65,0,0
51,8,0,7,224,0,12,0,7,208,0
628,8,0,242,32,254,80,124,134,87,0
192,8,32,0,0,0,0,0,0,0,0
167,8,0,16,250,100,177,38,96,160,0
1031,8,64,1,95,240,20,64,189,160,0
60,8,0,0,4,0,43,0,0,0,0
996,8,0,208,0,0,133,0,0,0,0
870,8,129,157,200,2,1,71,206,56,0
1628,8,64,8,194,117,32,15,0,0,0
1408,8,0,0,0,3,135,136,0,0,0
519,8,4,4,96,72,42,222,149,24,0
1694,8,4,64,4,127,31,192,21,194,0
293,8,144,0,64,159,66,62,233,96,0
1076,8,3,202,160,165,133,165,117,128,0
1760,8,1,21,1,17,1,24,1,23,0
1176,8,135,255,191,252,180,128,80,196,0
961,8,123,85,31,187,126,39,41,46,0
1225,8,1,249,21,130,13,2,246,75,0
470,8,2,15,130,128,48,36,5,128,0
1399,8,0,0,8,0,0,0,1,84,0
14,8,32,82,86,2,8,9,118,50,0
560,8,240,0,0,2,236,0,30,0,0
661,8,0,0,0,0,0,0,8,64,0
208,8,10,119,12,96,184,1,66,0,0
51,8,0,7,216,0,12,64,7,208,0
263,8,0,0,0,0,0,0,0,0,0
1760,8,1,21,1,19,1,24,1,25,0
737,8,0,0,0,0,0,0,0,4,0
852,8,31,248,64,0,0,4,225,128,0
1505,8,137,63,224,11,10,1,20,128,0
354,8,0,8,4,99,234,17,244,206,0
167,8,0,16,250,228,177,38,112,160,0
293,8,144,0,64,159,66,62,203,96,0
14,8,32,82,86,2,8,9,118,50,0
339,8,0,0,0,0,0,12,0,2,0
1634,8,78,224,0,0,64,0,0,0,0
412,8,4,128,32,15,66,0,40,176,0
208,8,18,119,12,96,183,1,66,0,0
51,8,0,7,208,0,12,128,7,208,0
628,8,0,242,34,252,80,124,134,87,0
192,8,32,0,0,0,0,0,0,0,0
1398,8,127,248,0,0,63,252,31,192,0
403,8,0,8,8,3,232,104,0,0,0
526,8,78,32,3,160,159,63,143,255,0
1314,8,223,127,208,0,127,128,0,28,0
870,8,129,157,200,2,1,71,206,56,0
1408,8,0,0,0,3,248,8,0,0,0
852,8,31,248,64,0,0,4,225,128,0
1505,8,137,63,224,11,10,1,20,128,0
651,8,0,0,0,0,0,0,0,0,0
1076,8,3,234,160,165,165,181,133,160,0
1760,8,1,22,1,19,1,25,1,25,0
167,8,0,16,250,228,193,38,112,160,0
61,8,0,0,8,0,0,0,0,0,0
1176,8,135,255,191,252,178,128,81,5,0
560,8,255,0,0,2,236,0,0,0,0
1694,8,4,64,4,127,31,192,21,194,0
1459,8,4,0,0,0,0,0,4,0,0
293,8,144,0,64,159,66,62,173,96,0
14,8,32,82,86,2,8,9,118,68,0
208,8,26,119,12,96,181,1,67,0,0
51,8,0,7,200,0,12,192,7,208,0
263,8,0,0,0,0,0,0,0,0,0
186,8,6,168,136,196,16,0,6,36,0
1760,8,1,22,1,19,1,25,1,25,0
961,8,123,85,31,186,126,167,169,46,0
737,8,0,0,0,0,0,0,0,4,0
852,8,31,248,64,0,0,4,218,0,0
1505,8,137,63,224,11,10,1,24,128,0
354,8,0,8,4,99,234,17,244,206,0
167,8,0,16,250,100,177,38,96,160,0
293,8,144,0,64,159,66,62,143,96,0
14,8,32,82,86,2,8,9,118,68,0
339,8,0,0,0,0,0,12,0,2,0
661,8,0,0,0,0,0,0,8,64,0
1634,8,78,224,0,0,64,0,0,0,0
412,8,8,124,32,15,66,0,40,176,0
208,8,34,119,12,96,180,1,67,0,0
51,8,0,7,192,0,13,0,7,208,0
628,8,0,242,36,250,80,124,134,87,0
192,8,32,0,0,0,0,0,0,0,0
695,8,0,32,40,64,0,0,128,64,0
813,8,128,0,4,32,172,1,0,32,0
403,8,0,8,8,3,232,104,0,0,0
526,8,78,31,255,160,159,191,143,247,0
1314,8,223,127,208,0,127,8,0,28,0
870,8,129,157,200,2,1,71,206,56,0
852,8,31,248,64,0,0,4,218,0,0
1505,8,137,63,224,11,10,1,24,128,0
651,8,0,0,0,0,0,0,0,0,0
1408,8,0,0,0,3,240,136,0,0,0
1076,8,4,10,160,165,181,213,165,160,0
1760,8,1,22,1,22,1,26,1,26,0
167,8,0,16,250,100,177,38,96,160,0
692,8,20,233,157,0,0,0,88,0,0
458,8,63,241,255,128,0,0,12,64,0
1176,8,135,255,191,252,176,128,81,70,0
1277,8,17,91,10,77,121,17,75,8,0
560,8,254,0,0,2,244,0,2,0,0
1694,8,4,64,4,127,31,192,21,194,0
293,8,144,0,64,159,66,62,113,96,0
705,8,1,243,143,199,199,158,195,64,0
14,8,32,82,86,2,8,9,118,74,0
208,8,42,119,12,96,178,1,68,0,0
51,8,0,7,184,0,13,64,7,208,0
1399,8,0,0,8,0,0,0,1,84,0
263,8,0,0,0,0,0,0,0,0,0
1760,8,1,25,1,22,1,26,1,26,0
737,8,0,0,0,0,0,0,0,4,0
852,8,31,248,64,0,0,4,203,0,0
1505,8,137,63,224,11,10,1,20,128,0
354,8,0,8,4,83,234,17,244,206,0
167,8,0,16,248,228,177,38,112,160,0
675,8,0,0,0,132,18,128,79,16,0
293,8,144,0,64,159,66,62,83,96,0
961,8,123,85,31,187,61,40,105,46,0
14,8,32,82,86,2,8,9,118,44,0
339,8,0,0,0,0,0,12,0,2,0
1634,8,78,224,0,0,64,0,0,0,0
412,8,12,120,32,15,66,0,40,176,0
208,8,50,119,12,96,177,1,68,0,0
51,8,0,7,176,0,13,128,7,208,0
628,8,0,242,38,248,80,124,134,87,0
192,8,32,0,0,0,0,0,0,0,0
403,8,0,8,8,3,232,104,0,0,0
526,8,78,32,3,160,160,191,143,247,0
1314,8,223,127,208,0,126,144,0,28,0
870,8,129,157,200,2,1,71,206,56,0
1408,8,0,0,0,3,233,8,0,0,0
852,8,31,248,64,0,0,4,195,128,0
1505,8,137,63,224,11,10,1,16,128,0
651,8,0,0,0,0,0,0,0,0,0
1076,8,4,42,160,165,213,213,181,176,0
1760,8,1,25,1,26,1,26,1,27,0
1788,8,0,0,7,100,18,182,24,0,0
167,8,0,16,248,228,177,38,112,160,0
569,8,0,0,0,125,0,0,68,224,0
1176,8,135,255,191,252,174,128,81,135,0
560,8,253,0,0,2,236,0,4,0,0
1694,8,4,64,4,127,31,192,21,194,0
293,8,144,0,64,159,66,62,53,96,0
14,8,32,82,86,2,8,9,118,50,0
661,8,0,0,0,0,0,0,8,64,0
208,8,58,119,12,96,175,1,69,0,0
51,8,0,7,168,0,13,192,7,208,0
215,8,0,0,2,0,128,0,0,0,0
263,8,0,0,0,0,0,0,0,0,0
186,8,6,168,136,132,16,0,6,36,0
1760,8,1,28,1,26,1,26,1,27,0
737,8,0,0,0,0,0,0,0,4,0
852,8,31,248,64,0,0,4,195,128,0
1505,8,137,63,224,11,10,1,16,128,0
354,8,0,8,4,83,234,17,244,206,0
167,8,0,16,251,100,193,38,112,160,0
1175,8,0,0,0,0,0,0,0,0,0
293,8,144,0,64,159,66,62,23,96,0
14,8,32,82,86,2,8,9,118,68,0
738,8,24,8,13,64,64,0,1,24,0
837,8,5,2,2,194,60,119,64,129,0
1072,8,0,47,68,139,216,128,16,160,0
339,8,0,0,0,0,0,12,0,2,0
1634,8,78,224,0,0,64,0,0,0,0
412,8,16,116,32,15,66,0,40,176,0
208,8,66,119,12,96,174,1,69,0,0
51,8,0,7,160,0,14,0,7,208,0
628,8,0,242,40,246,80,124,134,87,0
192,8,32,0,0,0,0,0,0,0,0
304,8,0,1,80,0,0,0,0,0,0
403,8,0,8,8,3,232,104,0,0,0
526,8,78,31,255,160,161,191,175,255,0
1314,8,223,127,208,0,126,24,0,28,0
961,8,123,85,31,186,189,40,233,46,0
870,8,129,157,200,2,1,71,206,56,0
852,8,31,248,64,0,0,4,180,128,0
1505,8,137,63,224,11,10,1,20,128,0
651,8,0,0,0,0,0,0,0,0,0
1408,8,0,0,0,3,225,136,0,0,0
1076,8,4,74,160,165,213,229,181,208,0
1760,8,1,28,1,26,1,26,1,27,0
167,8,0,16,251,100,177,38,112,160,0
722,8,0,0,40,0,0,0,0,0,0
1176,8,135,255,191,252,173,128,81,136,0
1124,8,0,2,64,0,0,144,19,91,0
560,8,252,0,0,2,236,0,6,0,0
1694,8,4,64,4,127,31,192,21,194,0
293,8,144,0,64,159,66,61,249,96,0
14,8,32,82,86,2,8,9,118,68,0
622,8,1,6,64,130,137,14,10,4,0
208,8,74,119,12,96,173,1,69,0,0
51,8,0,7,152,0,14,64,7,208,0
263,8,0,0,0,0,0,0,0,0,0
452,8,0,0,2,0,2,64,0,0,0
676,8,78,30,1,28,4,8,152,208,0
813,8,128,0,4,32,172,1,0,32,0
1760,8,1,28,1,28,1,26,1,28,0
1277,8,17,88,10,77,119,16,203,8,0
737,8,0,0,0,0,0,0,0,4,0
852,8,31,248,64,0,0,4,165,128,0
1505,8,137,63,224,11,10,1,24,128,0
354,8,0,8,4,83,234,17,244,206,0
167,8,0,16,250,228,177,38,96,160,0
683,8,164,208,201,215,226,215,202,255,0
1644,8,0,0,0,0,24,0,0,0,0
293,8,144,0,64,159,66,61,219,96,0
1751,8,65,2,207,2,224,7,34,60,0
300,8,121,6,224,0,0,1,253,208,0
1413,8,0,64,0,0,0,2,0,24,0
14,8,32,82,86,2,8,9,118,74,0
1255,8,0,0,0,20,3,102,0,0,0
339,8,0,0,0,0,0,12,0,2,0
661,8,0,0,0,0,0,0,8,64,0
1634,8,78,224,0,0,64,0,0,0,0
244,8,154,12,1,2,4,177,2,64,0
1668,8,76,213,128,25,65,84,16,30,0
403,8,0,8,8,3,232,104,0,0,0
526,8,78,32,3,160,162,191,175,247,0
1314,8,223,127,208,0,125,160,0,28,0
1590,8,36,156,0,0,240,0,96,0,0
727,8,16,0,96,216,0,0,0,8,0
852,8,31,248,64,0,0,4,165,128,0
1505,8,137,63,224,11,10,1,20,128,0
651,8,0,0,0,0,0,0,0,0,0
412,8,20,112,32,15,66,0,40,176,0
208,8,82,119,12,96,172,1,69,0,0
51,8,0,7,144,0,14,128,7,208,0
628,8,0,242,42,244,80,124,134,87,0
192,8,32,0,0,0,0,0,0,0,0
167,8,0,16,249,100,193,38,96,160,0
1031,8,64,1,95,240,20,64,189,160,0
60,8,0,0,4,0,43,0,0,0,0
996,8,0,208,0,0,133,0,0,0,0
870,8,129,157,200,2,1,71,206,56,0
1628,8,64,8,194,117,32,15,0,0,0
1408,8,0,0,0,3,218,8,0,0,0
519,8,4,4,96,72,42,222,149,24,0
1694,8,4,64,4,127,31,192,21,194,0
293,8,144,0,64,159,66,61,189,96,0
1076,8,4,104,0,165,229,245,213,224,0
1760,8,1,30,1,28,1,27,1,28,0
961,8,123,85,31,187,123,169,169,46,0
1176,8,135,255,191,252,172,128,81,137,0
1225,8,1,249,21,130,13,2,246,75,0
470,8,6,11,128,128,48,36,5,128,0
14,8,32,82,86,2,8,9,118,50,0
1399,8,0,0,8,0,0,0,1,84,0
560,8,251,0,0,2,236,0,8,0,0
208,8,90,119,12,96,171,1,69,0,0
51,8,0,7,136,0,14,192,7,208,0
263,8,0,0,0,0,0,0,0,0,0
186,8,6,168,136,68,16,0,6,36,0
1760,8,1,30,1,31,1,27,1,29,0
737,8,0,0,0,0,0,0,0,4,0
852,8,31,248,64,0,0,4,158,0,0
1505,8,137,63,224,11,10,1,12,128,0
354,8,0,8,4,67,234,17,244,206,0
167,8,0,16,249,228,177,38,112,160,0
293,8,144,0,64,159,66,61,159,96,0
1227,8,128,0,0,0,0,14,0,0,0
640,8,24,224,2,112,0,0,0,0,0
14,8,32,82,86,2,8,9,118,50,0
339,8,0,0,0,0,0,12,0,2,0
1634,8,78,224,0,0,64,0,0,0,0
412,8,24,108,32,15,66,0,40,176,0
208,8,98,119,12,96,170,1,69,0,0
51,8,0,7,128,0,15,0,7,208,0
628,8,0,242,44,242,80,124,134,87,0
192,8,32,0,0,0,0,0,0,0,0
403,8,0,8,8,3,232,104,0,0,0
526,8,78,32,3,160,163,63,143,247,0
1314,8,223,127,208,0,125,40,0,28,0
870,8,129,157,200,2,1,71,206,56,0
852,8,31,248,64,0,0,4,158,0,0
1505,8,137,63,224,11,10,1,12,128,0
651,8,0,0,0,0,0,0,0,0,0
1408,8,0,0,0,3,210,136,0,0,0
1076,8,0,0,0,165,246,21,229,240,0
1760,8,1,36,1,31,1,28,1,29,0
167,8,0,16,251,100,177,38,128,160,0
61,8,0,0,8,0,0,0,0,0,0
1176,8,135,255,191,252,170,128,81,202,0
560,8,250,0,0,2,236,0,10,0,0
1694,8,4,64,4,127,31,192,21,194,0
293,8,144,0,64,159,66,63,97,96,0
1459,8,4,0,0,0,0,0,4,0,0
14,8,32,82,86,2,8,9,118,68,0
661,8,0,0,0,0,0,0,8,64,0
208,8,106,119,12,96,168,1,70,0,0
51,8,0,7,120,0,15,64,7,208,0
263,8,0,0,0,0,0,0,0,0,0
1760,8,1,36,1,33,1,28,1,29,0
961,8,123,85,31,187,123,42,41,46,0
737,8,0,0,0,0,0,0,0,4,0
852,8,31,248,64,0,0,4,143,0,0
1505,8,137,63,224,11,10,1,16,128,0
354,8,0,8,4,67,234,17,244,206,0
167,8,0,16,251,100,177,38,112,160,0
1372,8,16,27,0,0,65,130,48,0,0
293,8,144,0,64,159,66,63,67,96,0
14,8,32,82,86,2,8,9,118,68,0
339,8,0,0,0,0,0,12,0,2,0
1634,8,78,224,0,0,64,0,0,0,0
412,8,28,104,32,15,66,0,40,176,0
208,8,114,119,12,96,167,1,70,0,0
51,8,0,7,112,0,15,128,7,208,0
628,8,0,242,46,240,80,124,134,87,0
192,8,32,0,0,0,0,0,0,0,0
813,8,128,0,4,32,172,1,0,32,0
1277,8,17,90,10,76,121,17,75,8,0
1049,8,10,155,70,77,4,95,194,111,0
403,8,0,8,8,3,232,104,0,0,0
526,8,78,32,3,160,164,63,111,255,0
1314,8,223,127,208,0,124,176,0,28,0
870,8,129,157,200,2,1,71,206,56,0
852,8,31,248,64,0,0,4,135,128,0
1505,8,137,63,224,11,10,1,20,128,0
651,8,0,0,0,0,0,0,0,0,0
1408,8,0,0,0,3,203,8,0,0,0
1076,8,0,32,0,166,22,21,245,240,0
1760,8,1,36,1,33,1,28,1,29,0
167,8,0,16,250,100,177,38,112,160,0
692,8,20,233,157,0,0,0,88,0,0
458,8,63,241,255,128,0,0,12,64,0
1176,8,135,255,191,252,168,128,82,11,0
560,8,249,0,0,2,236,0,12,0,0
1694,8,4,64,4,127,31,192,21,194,0
293,8,144,0,64,159,66,63,37,96,0
14,8,32,82,86,2,8,9,118,62,0
208,8,122,119,12,96,165,1,71,0,0
51,8,0,7,104,0,15,192,7,208,0
1399,8,0,0,8,0,0,0,1,84,0
263,8,0,0,0,0,0,0,0,0,0
186,8,6,168,136,4,16,0,6,36,0
241,8,62,16,28,192,3,89,204,0,0
1760,8,1,36,1,33,1,29,1,29,0
705,8,1,243,79,199,200,158,175,84,0
737,8,0,0,0,0,0,0,0,4,0
852,8,31,248,64,0,0,4,135,128,0
1505,8,137,63,224,11,10,1,16,128,0
354,8,0,8,4,67,234,17,244,206,0
167,8,0,16,249,228,177,38,112,160,0
675,8,0,0,0,132,18,128,78,144,0
293,8,144,0,64,159,66,63,7,96,0
961,8,123,85,31,187,122,106,233,46,0
14,8,32,82,86,2,8,9,118,62,0
339,8,0,0,0,0,0,12,0,2,0
661,8,0,0,0,0,0,0,8,64,0
1634,8,78,224,0,0,64,0,0,0,0
412,8,0,132,32,15,66,0,40,176,0
208,8,2,119,12,96,180,1,71,0,0
51,8,0,7,224,0,12,0,7,208,0
628,8,0,242,32,254,80,124,134,87,0
192,8,32,0,0,0,0,0,0,0,0
403,8,0,8,8,3,232,104,0,0,0
526,8,78,32,3,160,165,63,143,247,0
1314,8,223,127,208,0,124,56,0,28,0
852,8,31,248,0,0,0,4,248,128,0
1505,8,137,63,224,11,10,1,8,128,0
651,8,0,0,0,0,0,0,0,0,0
870,8,129,157,200,2,1,71,206,56,0
1408,8,0,0,0,3,195,136,0,0,0
1076,8,0,86,128,166,38,38,22,16,0
1760,8,1,36,1,36,1,29,1,29,0
1788,8,0,0,7,99,210,182,16,0,0
167,8,0,16,248,228,193,38,128,160,0
569,8,0,0,0,125,0,0,68,224,0
1176,8,135,255,191,252,166,128,82,76,0
560,8,248,0,0,2,236,0,14,0,0
1694,8,4,64,4,127,31,192,21,194,0
293,8,144,0,64,159,66,62,233,96,0
14,8,32,82,86,2,8,9,118,44,0
208,8,10,119,12,96,178,1,72,0,0
51,8,0,7,216,0,12,64,7,208,0
215,8,0,0,2,0,128,0,0,0,0
263,8,0,0,0,0,0,0,0,0,0
1760,8,1,36,1,36,1,29,1,29,0
737,8,0,0,0,0,0,0,0,4,0
852,8,31,248,0,0,0,4,233,128,0
1505,8,137,63,224,11,10,1,8,128,0
354,8,0,8,4,67,234,17,244,206,0
167,8,0,16,249,228,177,38,128,160,0
1175,8,0,0,0,0,0,0,0,0,0
293,8,144,0,64,159,66,62,203,96,0
14,8,32,82,86,2,8,9,118,68,0
738,8,24,8,13,64,64,0,1,24,0
837,8,5,2,2,194,60,119,64,129,0
1072,8,0,47,68,139,216,128,16,160,0
339,8,0,0,0,0,0,12,0,2,0
1634,8,78,224,0,0,64,0,0,0,0
412,8,4,132,32,14,194,0,40,176,0
208,8,18,119,12,96,177,1,72,0,0
51,8,0,7,208,0,12,128,7,208,0
628,8,0,242,34,252,80,124,134,87,0
192,8,32,0,0,0,0,0,0,0,0
304,8,0,1,80,0,0,0,0,0,0
403,8,0,8,8,3,232,104,0,0,0
526,8,78,31,255,160,165,191,111,247,0
1314,8,223,127,208,0,123,192,0,28,0
961,8,123,85,31,186,186,171,105,46,0
870,8,129,93,200,2,1,71,206,56,0
852,8,31,248,0,0,0,4,233,128,0
1505,8,137,63,224,11,10,1,12,128,0
651,8,0,0,0,0,0,0,0,0,0
1408,8,0,0,0,3,188,8,0,0,0
1076,8,0,119,128,166,38,70,38,32,0
1760,8,1,36,1,38,1,29,1,29,0
167,8,0,16,251,100,177,38,128,160,0
722,8,0,0,48,0,0,0,0,0,0
1176,8,135,255,191,252,165,128,82,77,0
1124,8,0,2,64,0,0,144,18,92,0
560,8,247,0,0,2,236,0,16,0,0
1694,8,4,64,4,127,31,192,21,194,0
293,8,144,0,64,159,66,62,173,96,0
14,8,32,82,86,2,8,9,118,62,0
622,8,1,6,64,130,137,14,10,4,0
661,8,0,0,0,0,0,0,8,64,0
208,8,26,119,12,96,176,1,72,0,0
51,8,0,7,200,0,12,192,7,208,0
263,8,0,0,0,0,0,0,0,0,0
186,8,6,168,136,4,16,0,6,36,0
663,8,17,0,0,32,0,2,81,16,0
1307,8,40,66,169,202,58,145,137,65,0
813,8,128,0,4,32,172,1,0,32,0
1760,8,1,36,1,38,1,29,1,29,0
1277,8,17,93,10,77,123,17,203,8,0
737,8,0,0,0,0,0,0,0,4,0
852,8,31,248,0,0,0,4,226,0,0
1505,8,137,63,224,11,10,1,16,128,0
354,8,0,8,4,51,234,17,244,206,0
167,8,0,16,251,100,193,38,112,160,0
1644,8,0,0,0,0,24,0,0,0,0
293,8,144,0,64,159,66,62,143,96,0
1413,8,0,64,0,0,0,2,0,24,0
14,8,32,82,86,2,8,9,118,62,0
1255,8,0,0,0,20,3,102,0,0,0
339,8,0,0,0,0,0,12,0,2,0
1634,8,78,224,0,0,64,0,0,0,0
1668,8,76,213,128,25,65,84,16,30,0
1590,8,36,156,0,0,240,0,112,0,0
244,8,154,12,1,2,4,177,2,64,0
727,8,16,0,96,216,0,0,0,8,0
403,8,0,8,8,3,232,104,0,0,0
526,8,78,31,255,160,166,63,79,255,0
1314,8,223,127,208,0,123,72,0,28,0
412,8,8,128,32,14,194,0,40,176,0
852,8,31,248,0,0,0,4,226,0,0
1505,8,137,63,224,11,10,1,16,128,0
651,8,0,0,0,0,0,0,0,0,0
208,8,34,119,12,96,175,1,72,0,0
51,8,0,7,192,0,13,0,7,208,0
628,8,0,242,36,250,80,124,134,83,0
192,8,32,0,0,0,0,0,0,0,0
167,8,0,16,250,100,177,38,112,160,0
1031,8,64,1,95,240,20,64,189,160,0
60,8,0,0,4,0,43,0,0,0,0
996,8,0,208,0,0,133,0,0,0,0
870,8,129,93,200,2,1,71,206,56,0
1628,8,64,8,194,117,32,15,0,0,0
1408,8,0,0,0,3,180,136,0,0,0
519,8,4,4,96,72,42,222,149,24,0
1694,8,4,64,4,127,31,192,21,194,0
293,8,144,0,64,159,66,62,113,96,0
1076,8,0,136,224,166,70,86,38,64,0
1760,8,1,43,1,38,1,30,1,29,0
1176,8,135,255,191,252,164,128,82,78,0
961,8,123,85,31,186,58,108,41,46,0
1225,8,1,249,21,130,13,2,246,75,0
470,8,2,15,130,128,48,36,5,128,0
1399,8,0,0,8,0,0,0,1,84,0
14,8,32,82,86,2,8,9,118,62,0
117,8,15,50,0,15,174,30,224,0,0
560,8,246,0,0,2,236,0,18,0,0
208,8,42,119,12,96,174,1,72,0,0
51,8,0,7,184,0,13,64,7,208,0
263,8,0,0,0,0,0,0,0,0,0
1760,8,1,43,1,39,1,30,1,31,0
737,8,0,0,0,0,0,0,0,4,0
852,8,31,248,0,0,0,4,211,0,0
1505,8,137,63,224,11,10,1,12,128,0
354,8,0,8,4,51,234,17,244,206,0
167,8,0,16,249,228,177,38,128,160,0
58,8,0,0,0,0,0,29,8,0,0
293,8,144,0,64,159,66,62,83,96,0
14,8,32,82,86,2,8,9,118,50,0
339,8,0,0,0,0,0,12,0,2,0
661,8,0,0,0,0,0,0,8,64,0
1634,8,78,224,0,0,64,0,0,0,0
412,8,12,124,32,14,194,0,40,176,0
208,8,50,119,12,96,173,1,72,0,0
51,8,0,7,176,0,13,128,7,208,0
628,8,0,242,38,248,80,124,134,83,0
192,8,32,0,0,0,0,0,0,0,0
248,8,126,223,244,253,73,251,167,184,0
403,8,0,8,8,3,232,104,0,0,0
526,8,78,31,255,160,167,63,111,255,0
1314,8,223,127,208,0,122,208,0,28,0
870,8,129,93,200,2,1,71,206,56,0
852,8,31,248,0,0,0,4,203,128,0
1505,8,137,63,224,11,10,1,8,128,0
651,8,0,0,0,0,0,0,0,0,0
1408,8,0,0,0,3,173,8,0,0,0
1076,8,0,168,224,166,86,118,70,80,0
1760,8,1,42,1,39,1,32,1,31,0
167,8,0,16,250,228,177,38,144,160,0
61,8,0,0,8,128,0,0,0,0,0
1176,8,135,255,191,252,161,128,82,207,0
560,8,245,0,0,2,236,0,20,0,0
1694,8,4,64,4,127,31,192,21,194,0
293,8,144,0,64,159,66,62,53,96,0
1459,8,4,0,0,0,0,0,4,0,0
14,8,32,82,86,2,8,9,118,44,0
208,8,58,119,12,96,170,1,74,0,0
51,8,0,7,168,0,13,192,7,208,0
263,8,0,0,0,0,0,0,0,0,0
186,8,6,168,135,196,16,0,6,36,0
1760,8,1,42,1,42,1,32,1,31,0
961,8,123,85,31,186,249,44,169,46,0
737,8,0,0,0,0,0,0,0,4,0
852,8,31,248,0,0,0,4,203,128,0
1505,8,137,63,224,11,10,1,8,128,0
354,8,0,8,4,51,234,17,244,206,0
167,8,0,16,251,100,193,38,144,160,0
293,8,144,0,64,159,66,62,23,96,0
14,8,32,82,86,2,8,9,118,62,0
339,8,0,0,0,0,0,12,0,2,0
1634,8,78,224,0,0,64,0,0,0,0
412,8,16,120,32,14,194,0,40,176,0
208,8,66,119,12,96,169,1,74,0,0
51,8,0,7,160,0,14,0,7,208,0
628,8,0,242,40,246,80,124,134,83,0
192,8,32,0,0,0,0,0,0,0,0
813,8,128,0,4,32,172,1,0,32,0
1277,8,17,82,10,77,109,15,203,8,0
403,8,0,8,8,3,232,104,0,0,0
692,8,20,233,157,0,0,0,88,0,0
526,8,78,32,3,160,168,63,111,255,0
1314,8,223,127,208,0,122,88,0,28,0
870,8,129,93,200,2,1,71,206,56,0
852,8,31,248,0,0,0,4,188,128,0
1505,8,137,63,224,11,10,1,8,128,0
651,8,0,0,0,0,0,0,0,0,0
1408,8,0,0,0,3,165,136,0,0,0
1076,8,0,199,32,166,118,134,86,112,0
1760,8,1,43,1,42,1,32,1,32,0
167,8,0,16,250,228,177,38,128,160,0
458,8,63,241,255,128,0,0,12,64,0
1176,8,135,255,191,252,175,128,83,0,0
560,8,244,0,0,2,236,0,22,0,0
1694,8,4,64,4,127,31,192,21,194,0
293,8,144,0,64,159,66,61,249,96,0
14,8,32,82,86,2,8,9,118,62,0
661,8,0,0,0,0,0,0,8,64,0
208,8,74,119,12,96,167,1,75,0,0
51,8,0,7,152,0,14,64,7,208,0
1399,8,0,0,8,0,0,0,1,84,0
263,8,0,0,0,0,0,0,0,0,0
1760,8,1,43,1,44,1,32,1,32,0
737,8,0,0,0,0,0,0,0,4,0
852,8,31,248,0,0,0,4,173,128,0
1505,8,137,63,224,11,10,1,12,128,0
354,8,0,8,4,51,234,17,244,206,0
167,8,0,16,250,100,177,38,128,160,0
675,8,0,0,0,132,18,128,76,16,0
293,8,144,0,64,159,66,61,219,96,0
961,8,123,85,31,186,184,173,105,46,0
705,8,1,243,143,199,200,30,151,106,0
14,8,32,82,86,2,8,9,118,62,0
339,8,0,0,0,0,0,12,0,2,0
1634,8,78,224,0,0,64,0,0,0,0
412,8,20,116,32,14,194,0,40,176,0
208,8,82,119,12,96,166,1,75,0,0
51,8,0,7,144,0,14,128,7,208,0
628,8,0,242,42,244,80,124,134,83,0
192,8,32,0,0,0,0,0,0,0,0
403,8,0,8,8,3,232,104,0,0,0
526,8,78,31,255,160,168,191,143,247,0
1314,8,223,127,208,0,121,224,0,28,0
870,8,129,93,200,2,1,71,206,56,0
852,8,31,248,0,0,0,4,173,128,0
1505,8,137,63,224,11,10,1,8,128,0
651,8,0,0,0,0,0,0,0,0,0
1408,8,0,0,0,3,158,8,0,0,0
1076,8,0,231,0,166,134,134,118,112,0
1760,8,1,43,1,44,1,32,1,34,0
1788,8,0,0,7,99,210,182,16,0,0
167,8,0,16,249,100,177,38,144,160,0
569,8,0,0,0,125,0,0,68,224,0
1176,8,135,255,191,252,173,128,83,65,0
560,8,243,0,0,2,236,0,24,0,0
1694,8,4,64,4,127,31,192,21,194,0
293,8,144,0,64,159,66,61,189,96,0
14,8,32,82,86,2,8,9,118,44,0
208,8,90,119,12,96,164,1,76,0,0
51,8,0,7,136,0,14,192,7,208,0
215,8,0,0,2,0,128,0,0,0,0
263,8,0,0,0,0,0,0,0,0,0
186,8,6,168,135,196,16,0,6,36,0
1760,8,1,48,1,44,1,33,1,34,0
737,8,0,0,0,0,0,0,0,4,0
852,8,31,248,0,0,0,4,166,0,0
1505,8,137,63,224,11,10,1,0,128,0
354,8,0,8,4,35,234,17,244,206,0
167,8,0,16,249,100,193,38,160,160,0
1175,8,0,0,0,0,0,0,0,0,0
293,8,144,0,64,159,66,61,159,96,0
14,8,32,82,86,2,8,9,118,44,0
738,8,24,8,13,64,64,0,1,24,0
837,8,5,2,2,194,60,119,64,129,0
1072,8,0,47,68,139,214,128,16,160,0
339,8,0,0,0,0,0,12,0,2,0
661,8,0,0,0,0,0,0,8,64,0
1634,8,78,224,0,0,64,0,0,0,0
412,8,24,112,32,14,194,0,40,176,0
208,8,98,119,12,96,163,1,76,0,0
51,8,0,7,128,0,15,0,7,208,0
628,8,0,242,44,242,80,124,134,83,0
192,8,32,0,0,0,0,0,0,0,0
304,8,0,1,80,0,0,0,0,0,0
403,8,0,8,8,3,232,104,0,0,0
526,8,78,31,255,160,169,63,175,247,0
1314,8,223,127,208,0,121,104,0,28,0
961,8,123,85,31,186,184,45,233,46,0
852,8,31,248,0,0,0,4,166,0,0
1505,8,137,63,224,11,10,1,4,128,0
651,8,0,0,0,0,0,0,0,0,0
870,8,129,93,200,2,1,71,206,56,0
1408,8,0,0,0,3,150,136,0,0,0
1076,8,1,5,160,166,150,150,134,128,0
1760,8,1,48,1,45,1,33,1,36,0
167,8,0,16,251,228,177,38,160,160,0
722,8,0,0,56,0,0,0,0,0,0
1372,8,16,27,0,0,65,130,48,0,0
1176,8,135,255,191,252,171,128,83,130,0
1124,8,0,2,64,0,0,144,17,93,0
560,8,242,0,0,2,236,0,26,0,0
1694,8,4,64,4,127,31,192,21,194,0
293,8,144,0,64,159,66,63,97,96,0
14,8,32,82,86,2,8,9,118,62,0
622,8,1,6,64,130,137,14,10,4,0
208,8,106,119,12,96,161,1,77,0,0
51,8,0,7,120,0,15,64,7,208,0
263,8,0,0,0,0,0,0,0,0,0
813,8,128,0,4,32,172,1,0,32,0
1277,8,17,91,10,77,121,17,75,8,0
1760,8,1,46,1,45,1,37,1,36,0
737,8,0,0,0,0,0,0,0,4,0
852,8,31,248,0,0,0,4,151,0,0
1505,8,137,63,224,11,10,1,8,128,0
354,8,0,8,4,35,234,17,244,206,0
167,8,0,16,251,100,177,38,144,160,0
1644,8,0,0,0,0,24,0,0,0,0
293,8,144,0,64,159,66,63,67,96,0
1413,8,0,64,0,0,0,2,0,24,0
14,8,32,82,86,2,8,9,118,68,0
1255,8,0,0,0,20,3,102,0,0,0
339,8,0,0,0,0,0,12,0,2,0
1634,8,78,224,0,0,64,0,0,0,0
1668,8,76,213,128,25,65,84,16,30,0
1590,8,36,156,0,0,240,0,112,0,0
727,8,16,0,96,216,0,0,0,8,0
244,8,154,12,1,2,4,177,2,64,0
403,8,0,8,8,3,232,104,0,0,0
526,8,78,32,3,160,170,63,143,247,0
1314,8,223,127,208,0,120,240,0,28,0
412,8,28,108,32,14,194,0,40,176,0
852,8,31,248,0,0,0,5,0,0,0
1505,8,137,63,224,11,10,1,8,128,0
651,8,0,0,0,0,0,0,0,0,0
208,8,114,119,12,96,160,1,77,0,0
51,8,0,7,112,0,15,128,7,208,0
628,8,0,242,46,240,80,124,134,83,0
192,8,32,0,0,0,0,0,0,0,0
167,8,0,16,250,100,193,38,144,160,0
1031,8,64,1,95,240,20,64,189,160,0
60,8,0,0,4,0,44,0,0,0,0
996,8,0,208,0,0,133,0,0,0,0
870,8,129,93,200,2,1,71,206,56,0
1628,8,64,8,194,117,32,15,0,0,0
1408,8,0,0,0,3,143,8,0,0,0
519,8,4,4,96,72,42,222,149,24,0
1694,8,4,64,4,127,31,192,21,194,0
293,8,144,0,64,159,66,63,37,96,0
1076,8,1,38,32,166,150,182,150,144,0
1760,8,1,46,1,46,1,37,1,36,0
1176,8,135,255,191,252,168,128,84,3,0
961,8,123,85,31,186,247,46,169,46,0
1225,8,1,249,21,130,13,2,246,75,0
470,8,2,11,128,128,48,36,5,128,0
1399,8,0,0,8,0,0,0,1,84,0
14,8,32,82,86,2,8,9,118,62,0
560,8,241,0,0,2,236,0,28,0,0
661,8,0,0,0,0,0,0,8,64,0
208,8,122,119,12,96,157,1,79,0,0
51,8,0,7,104,0,15,192,7,208,0
263,8,0,0,0,0,0,0,0,0,0
186,8,6,168,135,132,16,0,6,36,0
1760,8,1,50,1,46,1,37,1,37,0
737,8,0,0,0,0,0,0,0,4,0
852,8,31,248,0,0,0,5,0,0,0
1505,8,137,63,224,11,10,1,4,128,0
354,8,0,8,4,35,234,17,244,206,0
167,8,0,16,249,100,193,38,144,160,0
293,8,144,0,64,159,66,63,7,96,0
1227,8,128,0,0,0,0,14,0,0,0
640,8,24,224,2,112,0,0,0,0,0
14,8,32,82,86,2,8,9,118,50,0
339,8,0,0,0,0,0,12,0,2,0
1634,8,78,224,0,0,64,0,0,0,0
412,8,0,136,32,14,194,0,40,176,0
208,8,2,119,12,96,172,1,79,0,0
51,8,0,7,224,0,12,0,7,208,0
628,8,0,242,32,254,80,124,134,83,0
192,8,32,0,0,0,0,0,0,0,0
403,8,0,8,8,3,232,104,0,0,0
526,8,78,32,3,160,170,191,111,255,0
1314,8,223,127,208,0,120,120,0,28,0
870,8,129,93,200,2,1,71,206,56,0
1408,8,0,0,0,3,135,136,0,0,0
852,8,31,247,192,0,0,5,0,128,0
1505,8,137,63,224,11,10,0,252,128,0
651,8,0,0,0,0,0,0,0,0,0
1076,8,1,70,128,166,182,198,182,176,0
1760,8,1,50,1,47,1,38,1,37,0
167,8,0,16,249,228,193,38,160,160,0
61,8,0,0,8,128,0,0,0,0,0
1176,8,135,255,191,252,165,128,84,132,0
560,8,240,0,0,2,236,0,30,0,0
1694,8,4,64,4,127,31,192,21,194,0
293,8,144,0,64,159,66,62,233,96,0
1459,8,4,0,0,0,0,0,4,0,0
14,8,32,82,86,2,8,9,118,50,0
208,8,10,119,12,96,169,1,81,0,0
51,8,0,7,216,0,12,64,7,208,0
263,8,0,0,0,0,0,0,0,0,0
1760,8,1,50,1,47,1,38,1,39,0
961,8,123,85,31,186,246,175,41,46,0
737,8,0,0,0,0,0,0,0,4,0
852,8,31,247,192,0,0,4,241,128,0
1505,8,137,63,224,11,10,1,0,128,0
354,8,0,8,4,35,234,17,244,206,0
167,8,0,16,251,228,193,38,176,160,0
293,8,144,0,64,159,66,62,203,96,0
14,8,32,82,86,2,8,9,118,68,0
339,8,0,0,0,0,0,12,0,2,0
661,8,0,0,0,0,0,0,8,64,0
1634,8,78,224,0,0,64,0,0,0,0
412,8,4,132,32,14,194,0,40,176,0
208,8,18,119,12,96,168,1,81,0,0
51,8,0,7,208,0,12,128,7,208,0
628,8,0,242,34,252,80,124,134,83,0
192,8,32,0,0,0,0,0,0,0,0
452,8,0,0,2,0,2,128,0,0,0
676,8,46,140,2,28,4,8,152,208,0
403,8,0,8,8,3,232,104,0,0,0
526,8,78,32,3,160,171,191,111,255,0
1314,8,223,127,208,0,127,128,0,28,0
692,8,20,233,157,0,0,0,88,0,0
852,8,31,247,192,0,0,4,241,128,0
1505,8,137,63,224,11,10,1,4,128,0
651,8,0,0,0,0,0,0,0,0,0
870,8,129,93,200,2,1,71,206,56,0
1408,8,0,0,0,3,248,8,0,0,0
1076,8,1,104,96,166,198,230,182,192,0
1760,8,1,52,1,47,1,40,1,39,0
167,8,0,16,251,100,177,38,160,160,0
458,8,63,249,255,128,0,0,12,64,0
1176,8,135,255,191,252,162,128,85,5,0
813,8,128,0,4,32,172,1,0,32,0
1277,8,17,87,10,77,117,16,203,8,0
560,8,255,0,0,2,236,0,0,0,0
1694,8,4,64,4,127,31,192,21,194,0
293,8,144,0,64,159,66,62,173,96,0
14,8,32,82,86,2,8,9,118,62,0
208,8,26,119,12,96,165,1,83,0,0
51,8,0,7,200,0,12,192,7,208,0
1399,8,0,0,8,0,0,0,1,84,0
263,8,0,0,0,0,0,0,0,0,0
186,8,6,168,135,68,16,0,6,36,0
1760,8,1,52,1,48,1,40,1,39,0
737,8,0,0,0,0,0,0,0,4,0
852,8,31,247,192,0,0,4,234,0,0
1505,8,137,63,224,11,10,1,4,128,0
354,8,0,8,4,19,234,17,244,206,0
167,8,0,16,250,100,193,38,160,160,0
675,8,0,0,0,132,18,128,74,144,0
293,8,144,0,64,159,66,62,143,96,0
961,8,123,85,31,186,245,239,233,46,0
14,8,32,82,86,2,8,9,118,62,0
339,8,0,0,0,0,0,12,0,2,0
1634,8,78,224,0,0,64,0,0,0,0
412,8,8,132,32,14,66,0,40,176,0
208,8,34,119,12,96,164,1,83,0,0
51,8,0,7,192,0,13,0,7,208,0
628,8,0,242,36,250,80,124,134,79,0
192,8,32,0,0,0,0,0,0,0,0
403,8,0,8,8,3,232,104,0,0,0
526,8,78,32,3,160,172,191,111,255,0
1314,8,223,127,208,0,127,8,0,28,0
705,8,1,243,79,199,201,30,131,126,0
870,8,129,93,200,2,1,71,206,56,0
852,8,31,247,192,0,0,4,234,0,0
1505,8,137,63,224,11,10,1,0,128,0
651,8,0,0,0,0,0,0,0,0,0
1408,8,0,0,0,3,240,136,0,0,0
1076,8,1,134,192,166,230,246,198,224,0
1760,8,1,50,1,48,1,43,1,41,0
1788,8,0,0,7,99,178,182,8,0,0
167,8,0,16,249,228,177,38,176,160,0
569,8,0,0,0,125,0,0,68,224,0
1176,8,135,255,191,252,160,128,85,70,0
560,8,254,0,0,2,236,0,2,0,0
1694,8,4,64,4,127,31,192,21,194,0
293,8,144,0,64,159,66,62,113,96,0
14,8,32,82,86,2,8,9,118,62,0
661,8,0,0,0,0,0,0,8,64,0
208,8,42,119,12,96,162,1,84,0,0
51,8,0,7,184,0,13,64,7,208,0
215,8,0,0,2,0,128,0,0,0,0
263,8,0,0,0,0,0,0,0,0,0
1621,8,132,3,252,0,48,0,0,0,0
1760,8,1,50,1,49,1,43,1,41,0
737,8,0,0,0,0,0,0,0,4,0
852,8,31,247,192,0,0,4,219,0,0
1505,8,137,63,224,11,10,0,252,128,0
354,8,0,8,4,19,234,17,244,206,0
167,8,0,16,249,100,193,38,192,160,0
1175,8,0,0,0,0,0,0,0,0,0
293,8,144,0,64,159,66,62,83,96,0
14,8,32,82,86,2,8,9,118,44,0
738,8,24,8,13,64,64,0,1,24,0
837,8,5,2,2,194,60,119,64,129,0
1072,8,0,47,68,139,214,128,16,160,0
339,8,0,0,0,0,0,12,0,2,0
1634,8,78,224,0,0,64,0,0,0,0
412,8,12,128,32,14,66,0,40,176,0
208,8,50,119,12,96,161,1,84,0,0
51,8,0,7,176,0,13,128,7,208,0
628,8,0,242,38,248,80,124,134,79,0
192,8,32,0,0,0,0,0,0,0,0
304,8,0,1,80,0,0,0,0,0,0
403,8,0,8,8,3,232,104,0,0,0
526,8,78,32,3,160,173,63,143,255,0
1314,8,223,127,208,0,126,144,0,28,0
961,8,123,85,31,187,116,240,105,46,0
870,8,129,29,200,2,1,71,206,56,0
852,8,31,247,192,0,0,4,211,128,0
1505,8,137,63,224,11,10,0,252,128,0
651,8,0,0,0,0,0,0,0,0,0
1408,8,0,0,0,3,233,8,0,0,0
1076,8,1,166,0,166,246,246,230,240,0
1760,8,1,52,1,49,1,43,1,44,0
167,8,0,16,251,100,193,38,192,160,0
722,8,0,0,64,0,0,0,0,0,0
1176,8,135,255,191,252,156,128,86,7,0
1124,8,0,2,64,0,0,144,16,94,0
560,8,253,0,0,2,236,0,4,0,0
1694,8,4,64,4,127,31,192,21,194,0
293,8,144,0,64,159,66,62,53,96,0
14,8,32,82,86,2,8,9,118,62,0
208,8,58,119,12,96,157,1,87,0,0
51,8,0,7,168,0,13,192,7,208,0
622,8,1,6,64,130,137,14,10,4,0
263,8,0,0,0,0,0,0,0,0,0
186,8,6,168,135,68,16,0,6,36,0
1307,8,40,177,129,177,137,199,248,193,0
813,8,128,0,4,32,172,1,0,32,0
1277,8,17,87,10,77,117,16,203,8,0
1760,8,1,52,1,49,1,45,1,44,0
737,8,0,0,0,0,0,0,0,4,0
852,8,31,247,192,0,0,4,211,128,0
1505,8,137,63,224,11,10,1,0,128,0
354,8,0,8,4,19,234,17,244,206,0
167,8,0,16,251,100,193,38,192,160,0
1644,8,0,0,0,0,24,0,0,0,0
293,8,144,0,64,159,66,62,23,96,0
1413,8,0,64,0,0,0,2,0,24,0
14,8,32,82,86,2,8,9,118,68,0
1255,8,0,0,0,20,3,102,0,0,0
339,8,0,0,0,0,0,12,0,2,0
661,8,0,0,0,0,0,0,8,64,0
1634,8,78,224,0,0,64,0,0,0,0
1668,8,76,213,128,25,65,84,16,30,0
1590,8,36,156,0,0,240,0,128,0,0
244,8,154,12,1,2,4,177,2,64,0
403,8,0,8,8,3,232,104,0,0,0
526,8,78,32,7,160,173,191,143,255,0
1314,8,223,127,208,0,126,24,0,28,0
727,8,16,0,96,216,0,0,0,8,0
852,8,31,247,192,0,0,4,196,128,0
1505,8,137,63,224,11,10,1,0,128,0
651,8,0,0,0,0,0,0,0,0,0
412,8,16,124,32,14,66,0,40,176,0
208,8,66,119,12,96,156,1,87,0,0
51,8,0,7,160,0,14,0,7,208,0
628,8,0,242,40,246,80,124,134,79,0
192,8,32,0,0,0,0,0,0,0,0
167,8,0,16,250,228,193,38,192,160,0
1031,8,64,1,95,240,20,64,189,160,0
60,8,0,0,4,0,60,0,0,0,0
996,8,0,208,0,0,133,0,0,0,0
870,8,129,29,200,2,1,71,206,56,0
1628,8,64,8,194,117,32,15,0,0,0
1408,8,0,0,0,3,225,136,0,0,0
519,8,4,4,96,72,42,222,149,24,0
1694,8,4,64,4,127,31,192,21,194,0
293,8,144,0,64,159,66,61,249,96,0
1076,8,1,198,64,167,23,22,246,240,0
961,8,123,85,31,188,51,113,41,46,0
1760,8,1,52,1,50,1,45,1,46,0
1176,8,135,255,191,252,153,128,86,136,0
1225,8,1,249,21,130,13,2,246,75,0
470,8,2,15,130,128,48,36,5,128,0
14,8,32,82,86,2,8,9,118,62,0
1399,8,0,0,8,0,0,0,1,84,0
560,8,252,0,0,2,236,0,6,0,0
208,8,74,119,12,96,153,1,89,0,0
51,8,0,7,152,0,14,64,7,208,0
263,8,0,0,0,0,0,0,0,0,0
1760,8,1,52,1,50,1,47,1,46,0
737,8,0,0,0,0,0,0,0,4,0
852,8,31,247,192,0,0,4,181,128,0
1505,8,137,63,224,11,10,0,252,128,0
354,8,0,8,4,19,234,17,244,206,0
167,8,0,16,249,228,177,38,192,160,0
293,8,144,0,64,159,66,61,219,96,0
14,8,32,82,86,2,8,9,118,62,0
339,8,0,0,0,0,0,12,0,2,0
1634,8,78,224,0,0,64,0,0,0,0
412,8,20,120,32,14,66,0,40,176,0
208,8,82,119,12,96,152,1,89,0,0
51,8,0,7,144,0,14,128,7,208,0
628,8,0,242,42,244,80,124,134,79,0
192,8,32,0,0,0,0,0,0,0,0
403,8,0,8,8,3,232,104,0,0,0
526,8,78,32,3,160,174,191,143,255,0
1314,8,223,127,208,0,125,160,0,28,0
852,8,31,247,192,0,0,4,181,128,0
1505,8,137,63,224,11,10,0,248,128,0
651,8,0,0,0,0,0,0,0,0,0
870,8,129,29,200,2,1,71,206,56,0
1408,8,0,0,0,3,218,8,0,0,0
1076,8,1,229,160,167,23,39,23,16,0
1760,8,1,52,1,50,1,47,1,46,0
167,8,0,16,249,228,193,38,208,160,0
61,8,0,0,8,128,0,0,0,0,0
1176,8,135,255,191,252,150,128,87,9,0
560,8,251,0,0,2,236,0,8,0,0
1694,8,4,64,4,127,31,192,21,194,0
1459,8,4,0,0,0,0,0,4,0,0
293,8,144,0,64,159,66,61,189,96,0
14,8,32,82,86,2,8,9,118,38,0
661,8,0,0,0,0,0,0,8,64,0
208,8,90,119,12,96,149,1,91,0,0
51,8,0,7,136,0,14,192,7,208,0
263,8,0,0,0,0,0,0,0,0,0
186,8,6,168,135,4,16,0,6,36,0
1760,8,1,52,1,50,1,50,1,49,0
961,8,123,85,31,187,51,241,169,46,0
737,8,0,0,0,0,0,0,0,4,0
852,8,31,247,128,0,0,4,182,0,0
1505,8,137,63,224,11,10,0,248,128,0
354,8,0,8,4,3,234,17,244,206,0
167,8,0,16,251,100,177,38,224,160,0
1372,8,16,27,0,0,65,130,48,0,0
293,8,144,0,64,159,66,61,159,96,0
14,8,32,82,86,2,8,9,118,50,0
339,8,0,0,0,0,0,12,0,2,0
1634,8,78,224,0,0,64,0,0,0,0
412,8,24,116,32,14,66,0,40,176,0
208,8,98,119,12,96,148,1,91,0,0
51,8,0,7,128,0,15,0,7,208,0
628,8,0,242,44,242,80,124,134,79,0
192,8,32,0,0,0,0,0,0,0,0
813,8,128,0,4,32,172,1,0,32,0
1277,8,17,92,10,76,123,17,203,8,0
692,8,20,233,157,0,0,0,88,0,0
403,8,0,8,8,3,232,104,0,0,0
526,8,78,32,3,160,175,63,143,247,0
1314,8,223,127,208,0,125,40,0,28,0
852,8,31,247,128,0,0,4,182,0,0
1505,8,137,63,224,11,10,0,252,128,0
651,8,0,0,0,0,0,0,0,0,0
870,8,129,29,200,2,1,71,206,56,0
1408,8,0,0,0,3,210,136,0,0,0
1076,8,2,8,32,167,39,55,39,32,0
1760,8,1,52,1,50,1,50,1,49,0
167,8,0,16,250,228,177,38,224,160,0
458,8,63,249,255,128,0,0,12,64,0
1176,8,135,255,191,252,146,128,87,202,0
560,8,250,0,0,2,236,0,10,0,0
1694,8,4,64,4,127,31,192,21,194,0
293,8,144,0,64,159,66,63,97,96,0
14,8,32,82,86,2,8,9,118,68,0
208,8,106,119,12,96,144,1,94,0,0
51,8,0,7,120,0,15,64,7,208,0
1399,8,0,0,8,0,0,0,1,84,0
263,8,0,0,0,0,0,0,0,0,0
1760,8,1,52,1,50,1,50,1,52,0
737,8,0,0,0,0,0,0,0,4,0
852,8,31,247,128,0,0,4,167,0,0
1505,8,137,63,224,11,10,0,252,128,0
354,8,0,8,4,3,234,17,244,206,0
167,8,0,16,250,100,177,38,208,160,0
675,8,0,0,0,132,18,128,75,16,0
293,8,144,0,64,159,66,63,67,96,0
961,8,123,85,31,186,243,114,105,46,0
14,8,32,82,86,2,8,9,118,62,0
339,8,0,0,0,0,0,12,0,2,0
661,8,0,0,0,0,0,0,8,64,0
1634,8,78,224,0,0,64,0,0,0,0
412,8,28,114,32,14,2,0,40,176,0
208,8,114,119,12,96,143,1,94,0,0
51,8,0,7,112,0,15,128,7,208,0
628,8,0,242,46,240,80,124,134,79,0
192,8,32,0,0,0,0,0,0,0,0
403,8,0,8,8,3,232,104,0,0,0
526,8,78,32,3,160,176,63,111,247,0
1314,8,223,127,208,0,124,176,0,28,0
852,8,31,247,128,0,0,4,159,128,0
1505,8,137,63,224,11,10,0,248,128,0
651,8,0,0,0,0,0,0,0,0,0
870,8,129,29,200,2,1,71,206,56,0
1408,8,0,0,0,3,203,8,0,0,0
1076,8,2,40,32,167,55,87,55,48,0
1760,8,1,52,1,52,1,52,1,52,0
1788,8,0,0,7,99,210,182,0,0,0
167,8,0,16,249,228,177,38,224,160,0
569,8,0,0,0,125,0,0,68,192,0
1176,8,135,255,191,252,143,128,88,75,0
560,8,249,0,0,2,236,0,12,0,0
1694,8,4,64,4,127,31,192,21,194,0
293,8,144,0,64,159,66,63,37,96,0
705,8,1,242,207,199,201,30,117,148,0
14,8,32,82,86,2,8,9,118,50,0
208,8,122,119,12,96,140,1,96,0,0
51,8,0,7,104,0,15,192,7,208,0
215,8,0,0,2,0,128,0,0,0,0
263,8,0,0,0,0,0,0,0,0,0
186,8,6,168,135,4,16,0,6,36,0
1760,8,1,53,1,52,1,52,1,54,0
737,8,0,0,0,0,0,0,0,4,0
852,8,31,247,128,0,0,4,159,128,0
1505,8,137,63,224,11,10,0,244,128,0
354,8,0,8,4,3,234,17,244,206,0
167,8,0,16,250,100,177,38,240,160,0
1175,8,0,0,0,0,0,0,0,0,0
293,8,144,0,64,159,66,63,7,96,0
14,8,32,82,86,2,8,9,118,50,0
738,8,24,8,13,64,64,0,1,24,0
837,8,5,2,2,194,60,119,64,129,0
1072,8,0,47,68,139,214,128,16,160,0
339,8,0,0,0,0,0,12,0,2,0
1634,8,78,224,0,0,64,0,0,0,0
412,8,0,142,32,14,2,0,40,176,0
208,8,2,119,12,96,155,1,96,0,0
51,8,0,7,224,0,12,0,7,208,0
628,8,0,242,32,254,80,124,134,77,0
192,8,32,0,0,0,0,0,0,0,0
304,8,0,1,80,0,0,0,0,0,0
1331,8,237,127,207,126,255,244,239,127,0
403,8,0,8,8,3,232,104,0,0,0
526,8,78,32,3,160,176,191,79,255,0
1314,8,223,127,208,0,124,56,0,28,0
961,8,123,85,31,187,114,114,233,46,0
852,8,31,247,128,0,0,5,8,128,0
1505,8,137,63,224,11,10,0,244,128,0
651,8,0,0,0,0,0,0,0,0,0
870,8,129,29,200,2,1,71,206,56,0
1408,8,0,0,0,3,195,136,0,0,0
1076,8,2,64,0,167,87,103,55,80,0
1760,8,1,53,1,52,1,55,1,54,0
167,8,0,16,251,100,177,38,240,160,0
722,8,0,0,72,0,0,0,0,0,0
1176,8,135,255,191,252,139,128,89,12,0
1124,8,0,2,64,0,0,144,15,95,0
560,8,248,0,0,2,236,0,14,0,0
1694,8,4,64,4,127,31,192,21,194,0
293,8,144,0,64,159,66,62,233,96,0
14,8,32,82,86,2,8,9,118,50,0
661,8,0,0,0,0,0,0,8,64,0
208,8,10,119,12,96,151,1,99,0,0
51,8,0,7,216,0,12,64,7,208,0
263,8,0,0,0,0,0,0,0,0,0
622,8,1,6,64,130,137,14,10,4,0
813,8,128,0,4,32,172,1,0,32,0
1277,8,17,83,10,77,111,15,203,8,0
1760,8,1,53,1,52,1,55,1,54,0
737,8,0,0,0,0,0,0,0,4,0
852,8,31,247,128,0,0,4,249,128,0
1505,8,137,63,224,11,10,0,248,128,0
354,8,0,8,4,3,234,17,244,206,0
167,8,0,16,250,228,177,38,240,160,0
1644,8,0,0,0,0,24,0,0,0,0
293,8,144,0,64,159,66,62,203,96,0
1413,8,0,64,0,0,0,2,0,24,0
14,8,32,82,86,2,8,9,118,62,0
1255,8,0,0,0,20,3,102,0,0,0
339,8,0,0,0,0,0,12,0,2,0
1634,8,78,224,0,0,64,0,0,0,0
1668,8,76,213,128,25,65,84,16,30,0
1590,8,36,156,0,0,240,0,128,0,0
727,8,16,0,96,216,0,0,0,8,0
412,8,4,138,32,14,2,0,40,176,0
208,8,18,119,12,96,150,1,99,0,0
244,8,154,12,1,2,4,177,2,64,0
403,8,0,8,8,3,232,104,0,0,0
526,8,78,32,3,160,177,191,111,255,0
1314,8,223,127,208,0,123,192,0,28,0
852,8,31,247,128,0,0,4,249,128,0
1505,8,137,63,224,11,10,0,248,128,0
651,8,0,0,0,0,0,0,0,0,0
51,8,0,7,208,0,12,128,7,208,0
628,8,0,242,34,252,80,124,134,77,0
192,8,32,0,0,0,0,0,0,0,0
167,8,0,16,250,228,177,38,240,160,0
1031,8,64,1,95,240,20,64,189,160,0
60,8,0,0,4,0,48,0,0,0,0
996,8,0,208,0,0,133,0,0,0,0
870,8,129,29,200,2,1,71,206,56,0
1628,8,64,8,194,117,32,15,0,0,0
1408,8,0,0,0,3,188,8,0,0,0
519,8,4,4,96,72,42,222,149,24,0
1694,8,4,64,4,127,31,192,21,194,0
293,8,144,0,64,159,66,62,173,96,0
1076,8,2,96,0,167,103,135,87,96,0
1760,8,1,56,1,52,1,58,1,57,0
1176,8,135,255,191,252,135,128,89,205,0
961,8,123,85,31,186,242,51,169,46,0
1225,8,1,249,21,130,13,2,246,75,0
470,8,2,11,128,128,48,36,5,128,0
1399,8,0,0,8,0,0,0,1,84,0
14,8,32,82,86,2,8,9,118,62,0
560,8,247,0,0,2,236,0,16,0,0
208,8,26,119,12,96,146,1,102,0,0
51,8,0,7,200,0,12,192,7,208,0
263,8,0,0,0,0,0,0,0,0,0
186,8,6,168,134,196,16,0,6,36,0
1760,8,1,56,1,52,1,58,1,57,0
737,8,0,0,0,0,0,0,0,4,0
852,8,31,247,128,0,0,4,242,0,0
1505,8,137,63,224,11,10,0,244,128,0
354,8,0,8,3,243,234,17,244,206,0
167,8,0,16,249,100,193,38,240,160,0
293,8,144,0,64,159,66,62,143,96,0
1227,8,128,0,0,0,0,14,0,0,0
640,8,24,224,2,112,0,0,0,0,0
14,8,32,82,86,2,8,9,118,50,0
339,8,0,0,0,0,0,12,0,2,0
661,8,0,0,0,0,0,0,8,64,0
1634,8,78,224,0,0,64,0,0,0,0
412,8,8,134,32,14,2,0,40,176,0
208,8,34,119,12,96,145,1,102,0,0
51,8,0,7,192,0,13,0,7,208,0
628,8,0,242,36,250,80,124,134,77,0
192,8,32,0,0,0,0,0,0,0,0
403,8,0,8,8,3,232,104,0,0,0
526,8,78,32,3,160,178,191,143,247,0
1314,8,223,127,208,0,123,72,0,28,0
852,8,31,247,128,0,0,4,242,0,0
1505,8,137,63,224,11,10,0,244,128,0
651,8,0,0,0,0,0,0,0,0,0
870,8,129,29,200,2,1,71,206,56,0
1408,8,0,0,0,3,180,136,0,0,0
1076,8,2,138,160,167,135,135,103,128,0
1760,8,1,56,1,52,1,58,1,60,0
167,8,0,16,250,100,193,39,0,160,0
61,8,0,0,8,128,0,0,0,0,0
1176,8,135,255,191,252,131,128,90,142,0
560,8,246,0,0,2,236,0,18,0,0
1694,8,4,64,4,127,31,192,21,194,0
293,8,144,0,64,159,66,62,113,96,0
1459,8,4,0,0,0,0,0,4,0,0
14,8,32,82,86,2,8,9,118,50,0
208,8,42,119,12,96,141,1,105,0,0
51,8,0,7,184,0,13,64,7,208,0
263,8,0,0,0,0,0,0,0,0,0
1760,8,1,56,1,54,1,60,1,60,0
961,8,123,85,31,186,241,180,41,46,0
737,8,0,0,0,0,0,0,0,4,0
852,8,31,247,64,0,0,4,235,0,0
1505,8,137,63,224,11,10,0,244,128,0
354,8,0,8,3,243,234,17,244,206,0
167,8,0,16,251,100,177,39,0,160,0
293,8,144,0,64,159,66,62,83,96,0
14,8,32,82,86,2,8,9,118,62,0
339,8,0,0,0,0,0,12,0,2,0
1634,8,78,224,0,0,64,0,0,0,0
412,8,12,130,32,14,2,0,40,176,0
208,8,50,119,12,96,140,1,105,0,0
51,8,0,7,176,0,13,128,7,208,0
628,8,0,242,38,248,80,124,134,77,0
192,8,32,0,0,0,0,0,0,0,0
813,8,128,0,4,32,172,1,0,32,0
1277,8,17,86,10,76,115,16,203,8,0
692,8,20,233,157,0,0,0,88,0,0
403,8,0,8,8,3,232,104,0,0,0
526,8,78,32,3,160,179,191,111,247,0
1314,8,223,127,208,0,122,208,0,28,0
852,8,31,247,64,0,0,4,227,128,0
1505,8,137,63,224,11,10,0,248,128,0
651,8,0,0,0,0,0,0,0,0,0
870,8,129,29,200,2,1,71,206,56,0
1408,8,0,0,0,3,173,8,0,0,0
1076,8,2,170,160,167,151,151,135,144,0
1760,8,1,56,1,54,1,60,1,61,0
167,8,0,16,251,100,177,39,0,160,0
458,8,63,249,255,128,0,0,12,64,0
1176,8,135,255,191,252,128,128,91,15,0
560,8,245,0,0,2,236,0,20,0,0
1694,8,4,64,4,127,31,192,21,194,0
293,8,144,0,64,159,66,62,53,96,0
14,8,32,82,86,2,8,9,118,68,0
661,8,0,0,0,0,0,0,8,64,0
208,8,58,119,12,96,137,1,107,0,0
51,8,0,7,168,0,13,192,7,208,0
1399,8,0,0,8,0,0,0,1,84,0
263,8,0,0,0,0,0,0,0,0,0
186,8,6,168,134,132,16,0,6,36,0
1760,8,1,56,1,54,1,62,1,61,0
737,8,0,0,0,0,0,0,0,4,0
852,8,31,247,64,0,0,4,227,128,0
1505,8,137,63,224,11,10,0,248,128,0
354,8,0,8,3,243,234,17,244,206,0
167,8,0,16,250,100,177,39,0,160,0
675,8,0,0,0,132,18,128,74,16,0
293,8,144,0,64,159,66,62,23,96,0
961,8,123,85,31,187,176,52,233,46,0
14,8,32,82,86,2,8,9,118,62,0
339,8,0,0,0,0,0,12,0,2,0
1634,8,78,224,0,0,64,0,0,0,0
412,8,16,130,32,13,130,0,40,176,0
208,8,66,119,12,96,136,1,107,0,0
51,8,0,7,160,0,14,0,7,208,0
628,8,0,242,40,246,80,124,134,77,0
192,8,32,0,0,0,0,0,0,0,0
403,8,0,8,8,3,232,104,0,0,0
526,8,78,32,3,160,180,63,143,255,0
1314,8,223,127,208,0,122,88,0,28,0
852,8,31,247,64,0,0,4,212,128,0
1505,8,137,63,224,11,10,0,244,128,0
651,8,0,0,0,0,0,0,0,0,0
870,8,129,29,200,2,1,71,206,56,0
1408,8,0,0,0,3,165,136,0,0,0
1076,8,2,202,160,167,183,183,151,144,0
1760,8,1,56,1,53,1,62,1,63,0
1788,8,0,0,7,99,178,181,240,0,0
167,8,0,16,248,228,177,39,16,160,0
569,8,0,0,0,125,0,0,68,192,0
1176,8,135,255,191,252,141,128,91,128,0
560,8,244,0,0,2,236,0,22,0,0
1694,8,4,64,4,127,31,192,21,194,0
293,8,144,0,64,159,66,61,249,96,0
14,8,32,82,86,2,8,9,118,50,0
208,8,74,119,12,96,133,1,109,0,0
51,8,0,7,152,0,14,64,7,208,0
215,8,0,0,2,0,128,0,0,0,0
263,8,0,0,0,0,0,0,0,0,0
1760,8,1,57,1,53,1,64,1,63,0
705,8,1,243,175,199,202,158,77,168,0
737,8,0,0,0,0,0,0,0,4,0
852,8,31,247,64,0,0,4,197,128,0
1505,8,137,63,224,11,10,0,240,128,0
354,8,0,8,3,243,234,17,244,206,0
167,8,0,16,249,228,193,39,32,160,0
1175,8,0,0,0,0,0,0,0,0,0
293,8,144,0,64,159,66,61,219,96,0
14,8,32,82,86,2,8,9,118,44,0
738,8,24,8,13,64,64,0,1,24,0
837,8,5,2,2,194,60,119,64,129,0
1072,8,0,47,68,139,214,128,16,160,0
339,8,0,0,0,0,0,12,0,2,0
661,8,0,0,0,0,0,0,8,64,0
1634,8,78,224,0,0,64,0,0,0,0
412,8,20,126,32,13,130,0,40,176,0
208,8,82,119,12,96,132,1,109,0,0
51,8,0,7,144,0,14,128,7,208,0
628,8,0,242,42,244,80,124,134,73,0
192,8,32,0,0,0,0,0,0,0,0
304,8,0,1,80,0,0,0,0,0,0
403,8,0,8,8,3,232,104,0,0,0
526,8,78,32,3,160,181,63,143,255,0
1314,8,223,127,208,0,121,224,0,28,0
961,8,123,85,31,187,48,53,105,46,0
852,8,31,247,64,0,0,4,197,128,0
1505,8,137,63,224,11,10,0,244,128,0
651,8,0,0,0,0,0,0,0,0,0
870,8,129,29,200,2,1,71,206,56,0
1408,8,0,0,0,3,158,8,0,0,0
1076,8,2,234,160,167,199,199,183,176,0
1760,8,1,57,1,56,1,64,1,66,0
167,8,0,16,251,228,177,39,32,160,0
722,8,0,0,80,0,0,0,0,0,0
1372,8,16,27,0,0,65,130,48,0,0
1176,8,135,255,191,252,137,128,92,65,0
1124,8,0,2,64,0,0,144,30,80,0
560,8,243,0,0,2,236,0,24,0,0
1694,8,4,64,4,127,31,192,21,194,0
293,8,144,0,64,159,66,61,189,96,0
14,8,32,82,86,2,8,9,118,62,0
208,8,90,119,12,96,128,1,112,0,0
51,8,0,7,136,0,14,192,7,208,0
263,8,0,0,0,0,0,0,0,0,0
186,8,6,168,134,132,16,0,6,36,0
622,8,1,6,64,130,137,14,10,4,0
627,8,0,0,0,8,0,0,0,0,0
452,8,0,0,2,0,2,192,0,0,0
1760,8,1,58,1,56,1,66,1,66,0
676,8,32,32,3,28,4,8,152,208,0
881,8,1,6,0,0,0,0,8,128,0
1661,8,0,24,96,2,8,0,2,32,0
737,8,0,0,0,0,0,0,0,4,0
852,8,31,247,64,0,0,4,190,0,0
1505,8,137,63,224,11,10,0,248,128,0
354,8,0,8,3,227,234,17,244,206,0
167,8,0,16,251,228,177,39,16,160,0
1307,8,41,9,24,63,1,6,8,1,0
813,8,128,0,4,32,172,1,0,32,0
204,8,67,65,7,50,56,175,162,14,0
1277,8,17,91,10,77,121,17,75,8,0
1533,8,189,221,253,128,126,255,237,218,0
293,8,144,0,64,159,66,61,159,96,0
1644,8,0,0,0,0,24,0,0,0,0
1413,8,0,64,0,0,0,2,0,24,0
14,8,32,82,86,2,8,9,118,68,0
1255,8,0,0,0,20,3,102,0,0,0
339,8,0,0,0,0,0,12,0,2,0
1634,8,78,224,0,0,64,0,0,0,0
1668,8,76,213,128,25,65,84,16,30,0
1590,8,36,156,0,0,240,0,144,0,0
727,8,16,0,96,216,0,0,0,8,0
412,8,24,122,32,13,130,0,40,176,0
208,8,98,119,12,96,127,1,112,0,0
403,8,0,8,8,3,232,104,0,0,0
244,8,154,12,1,2,4,177,2,64,0
51,8,0,7,128,0,15,0,7,208,0
526,8,78,32,3,160,182,63,143,255,0
852,8,31,247,64,0,0,4,190,0,0
1314,8,223,127,208,0,121,104,0,28,0
1505,8,137,63,224,11,10,0,248,128,0
651,8,0,0,0,0,0,0,0,0,0
628,8,0,242,44,242,80,124,134,73,0
192,8,32,0,0,0,0,0,0,0,0
167,8,0,16,250,100,177,39,16,160,0
253,8,0,0,1,0,128,16,0,0,0
1031,8,64,1,95,240,20,64,189,160,0
870,8,129,29,200,2,1,71,206,56,0
60,8,0,0,4,0,43,0,0,0,0
1408,8,0,0,0,3,150,136,0,0,0
1076,8,3,10,128,167,199,231,199,192,0
1694,8,4,64,4,127,31,192,21,194,0
293,8,144,0,64,159,66,63,97,96,0
1760,8,1,58,1,58,1,66,1,66,0
1176,8,135,255,191,252,134,128,92,194,0
961,8,123,85,31,186,239,182,41,46,0
996,8,0,208,0,0,133,0,0,0,0
1628,8,64,8,194,117,32,15,0,0,0
519,8,4,4,96,72,42,222,149,24,0
1225,8,1,249,21,130,13,2,246,75,0
14,8,32,82,86,2,8,9,118,68,0
470,8,2,15,130,128,48,36,5,128,0
420,8,0,0,0,2,236,204,0,0,0
1399,8,0,0,8,0,0,0,1,84,0
661,8,0,0,0,0,0,0,8,64,0
208,8,106,119,12,96,124,1,114,0,0
51,8,0,7,120,0,15,64,7,208,0
263,8,0,0,0,0,0,0,0,0,0
560,8,242,0,0,2,236,0,26,0,0
1760,8,1,60,1,58,1,67,1,67,0
737,8,0,0,0,0,0,0,0,4,0
852,8,31,247,64,0,0,4,175,0,0
1505,8,137,63,224,11,10,0,240,128,0
354,8,0,8,3,227,234,17,244,206,0
167,8,0,16,248,100,177,39,32,160,0
293,8,144,0,64,159,66,63,67,96,0
14,8,32,82,86,2,8,9,118,50,0
339,8,0,0,0,0,0,12,0,2,0
1634,8,78,224,0,0,64,0,0,0,0
412,8,28,118,32,13,130,0,40,176,0
208,8,114,119,12,96,123,1,114,0,0
51,8,0,7,112,0,15,128,7,208,0
628,8,0,242,46,240,80,124,134,73,0
192,8,32,0,0,0,0,0,0,0,0
403,8,0,8,8,3,232,104,0,0,0
526,8,78,32,3,160,182,63,143,255,0
1314,8,223,127,208,0,120,240,0,28,0
852,8,31,247,0,0,0,4,175,128,0
1505,8,137,63,224,11,10,0,240,128,0
651,8,0,0,0,0,0,0,0,0,0
870,8,129,29,200,2,1,71,206,56,0
1408,8,0,0,0,3,143,8,0,0,0
1076,8,3,42,0,167,231,247,231,224,0
1760,8,1,60,1,58,1,67,1,67,0
167,8,0,16,250,100,177,39,48,160,0
61,8,0,0,9,0,0,0,0,0,0
1176,8,135,255,191,252,132,128,93,3,0
560,8,241,0,0,2,236,0,28,0,0
1694,8,4,64,4,127,31,192,21,194,0
293,8,144,0,64,159,66,63,37,96,0
1459,8,4,0,0,0,0,0,4,0,0
14,8,32,82,86,2,8,9,118,62,0
208,8,122,119,12,96,121,1,115,0,0
51,8,0,7,104,0,15,192,7,208,0
263,8,0,0,0,0,0,0,0,0,0
186,8,6,168,134,68,16,0,6,36,0
1760,8,1,60,1,58,1,67,1,68,0
961,8,123,85,31,187,110,182,169,46,0
737,8,0,0,0,0,0,0,0,4,0
852,8,31,247,0,0,0,4,175,128,0
1505,8,137,63,224,11,10,0,244,128,0
354,8,0,8,3,227,234,17,244,206,0
167,8,0,16,251,228,177,39,32,160,0
293,8,144,0,64,159,66,63,7,96,0
14,8,32,82,86,2,8,9,118,74,0
339,8,0,0,0,0,0,12,0,2,0
661,8,0,0,0,0,0,0,8,64,0
1634,8,78,224,0,0,64,0,0,0,0
412,8,0,146,32,13,130,0,40,176,0
208,8,2,119,12,96,136,1,115,0,0
51,8,0,7,224,0,12,0,7,208,0
628,8,0,242,32,254,80,124,134,73,0
192,8,32,0,0,0,0,0,0,0,0
485,8,1,70,4,5,168,65,163,224,0
403,8,0,8,8,3,232,104,0,0,0
526,8,78,32,3,160,183,63,143,255,0
1314,8,223,127,208,0,120,120,0,28,0
692,8,20,233,157,0,0,0,88,0,0
813,8,128,0,4,32,172,1,0,32,0
1277,8,17,85,10,76,113,16,75,8,0
852,8,31,247,64,0,0,5,16,128,0
1505,8,137,63,224,11,10,0,252,128,0
651,8,0,0,0,0,0,0,0,0,0
870,8,129,29,200,2,1,71,206,56,0
1408,8,0,0,0,3,135,136,0,0,0
1076,8,3,74,160,167,248,7,231,240,0
1760,8,1,60,1,58,1,68,1,68,0
167,8,0,16,251,100,177,39,32,160,0
458,8,63,249,255,128,0,0,12,64,0
1176,8,135,255,191,252,130,128,93,68,0
560,8,240,0,0,2,236,0,30,0,0
1694,8,4,64,4,127,31,192,21,194,0
293,8,144,0,64,159,66,62,233,96,0
14,8,32,82,86,2,8,9,118,74,0
208,8,10,119,12,96,134,1,116,0,0
51,8,0,7,216,0,12,64,7,208,0
1399,8,0,0,8,0,0,0,1,84,0
263,8,0,0,0,0,0,0,0,0,0
241,8,62,16,28,192,3,89,204,0,0
1760,8,1,60,1,60,1,68,1,68,0
737,8,0,0,0,0,0,0,0,4,0
852,8,31,247,64,0,0,5,1,128,0
1505,8,137,63,224,11,10,0,248,128,0
354,8,0,8,3,227,234,17,244,206,0
167,8,0,16,249,100,177,39,32,160,0
675,8,0,0,0,132,18,128,73,16,0
293,8,144,0,64,159,66,62,203,96,0
961,8,123,85,31,186,110,247,105,46,0
14,8,32,82,86,2,8,9,118,50,0
339,8,0,0,0,0,0,12,0,2,0
1634,8,78,224,0,0,64,0,0,0,0
412,8,4,142,32,13,130,0,40,176,0
208,8,18,119,12,96,133,1,116,0,0
51,8,0,7,208,0,12,128,7,208,0
628,8,0,242,34,252,80,124,134,71,0
192,8,32,0,0,0,0,0,0,0,0
403,8,0,8,8,3,232,104,0,0,0
526,8,78,31,255,160,183,63,143,255,0
1314,8,223,127,208,0,127,128,0,28,0
852,8,31,247,64,0,0,5,1,128,0
1505,8,137,63,224,11,10,0,240,128,0
651,8,0,0,0,0,0,0,0,0,0
870,8,129,29,200,2,1,71,206,56,0
1408,8,0,0,0,3,248,8,0,0,0
1076,8,3,106,160,168,8,39,248,0,0
1760,8,1,60,1,60,1,68,1,68,0
1788,8,0,0,7,99,114,181,232,0,0
167,8,0,16,248,100,193,39,48,160,0
569,8,0,0,0,125,0,0,68,192,0
1176,8,135,255,191,252,128,128,93,133,0
560,8,255,0,0,2,236,0,0,0,0
1694,8,4,64,4,127,31,192,21,194,0
293,8,144,0,64,159,66,62,173,96,0
14,8,32,82,86,2,8,9,118,50,0
661,8,0,0,0,0,0,0,8,64,0
208,8,26,119,12,96,131,1,117,0,0
51,8,0,7,200,0,12,192,7,208,0
215,8,0,0,2,0,128,0,0,0,0
263,8,0,0,0,0,0,0,0,0,0
186,8,6,168,134,68,16,0,6,36,0
65,8,128,34,0,32,1,0,0,0,0
1760,8,1,60,1,60,1,68,1,69,0
737,8,0,0,0,0,0,0,0,4,0
852,8,31,247,0,0,0,5,2,0,0
1505,8,137,63,224,11,10,0,240,128,0
354,8,0,8,3,211,234,17,244,206,0
167,8,0,16,250,100,177,39,48,160,0
1175,8,0,0,0,0,0,0,0,0,0
293,8,144,0,64,159,66,62,143,96,0
705,8,1,243,15,199,201,158,69,190,0
14,8,32,82,86,2,8,9,118,68,0
738,8,24,8,13,64,64,0,1,24,0
837,8,5,2,2,194,60,119,64,129,0
1072,8,0,47,68,139,214,128,16,160,0
339,8,0,0,0,0,0,12,0,2,0
1634,8,78,224,0,0,64,0,0,0,0
412,8,8,138,32,13,130,0,40,176,0
208,8,34,119,12,96,130,1,117,0,0
51,8,0,7,192,0,13,0,7,208,0
628,8,0,242,36,250,80,124,134,73,0
192,8,32,0,0,0,0,0,0,0,0
304,8,0,1,80,0,0,0,0,0,0
403,8,0,8,8,3,232,104,0,0,0
526,8,78,31,255,160,183,191,111,255,0
1314,8,223,127,208,0,127,8,0,28,0
961,8,123,85,31,186,174,55,233,46,0
852,8,31,247,0,0,0,5,2,0,0
1505,8,137,63,224,11,10,0,244,128,0
651,8,0,0,0,0,0,0,0,0,0
870,8,129,29,200,2,1,71,206,56,0
1408,8,0,0,0,3,240,136,0,0,0
1076,8,3,130,160,168,40,56,8,32,0
1760,8,1,66,1,60,1,69,1,69,0
167,8,0,16,251,228,177,39,48,160,0
722,8,0,0,8,0,0,0,0,0,0
1176,8,135,255,191,252,126,128,93,198,0
1124,8,0,2,64,0,0,144,29,81,0
560,8,254,0,0,2,236,0,2,0,0
1694,8,4,64,4,127,31,192,21,194,0
293,8,144,0,64,223,66,62,81,96,0
14,8,32,82,86,2,8,9,118,62,0
208,8,42,119,12,96,128,1,118,0,0
51,8,0,7,184,0,13,64,7,208,0
263,8,0,0,0,0,0,0,0,0,0
663,8,17,0,0,32,0,2,81,16,0
1455,8,32,192,0,0,0,32,112,0,0
622,8,1,6,64,130,137,14,10,4,0
813,8,128,0,4,32,172,1,0,32,0
1760,8,1,66,1,63,1,69,1,70,0
1277,8,17,88,10,77,117,16,203,8,0
737,8,0,0,0,0,0,0,0,4,0
852,8,31,247,64,0,0,4,235,0,0
1505,8,137,63,224,11,10,0,248,128,0
354,8,0,8,3,211,234,17,244,206,0
167,8,0,16,250,228,193,39,32,160,0
1644,8,0,0,0,0,24,0,0,0,0
293,8,144,0,64,159,66,62,83,96,0
1413,8,0,64,0,0,0,2,0,24,0
14,8,32,82,86,2,8,9,118,68,0
1255,8,0,0,0,20,3,102,0,0,0
339,8,0,0,0,0,0,12,0,2,0
661,8,0,0,0,0,0,0,8,64,0
1634,8,78,224,0,0,64,0,0,0,0
1668,8,76,213,128,25,65,84,16,30,0
1590,8,36,156,0,0,240,0,144,0,0
727,8,16,0,96,216,0,0,0,8,0
412,8,12,136,32,13,66,0,40,176,0
403,8,0,8,8,3,232,88,0,0,0
526,8,78,32,3,160,184,191,111,255,0
244,8,154,12,1,2,4,177,2,64,0
852,8,31,247,0,0,0,4,235,128,0
1505,8,137,63,224,11,10,0,244,128,0
651,8,0,0,0,0,0,0,0,0,0
208,8,50,119,12,96,127,1,118,0,0
51,8,0,7,176,0,13,128,7,208,0
628,8,0,242,38,248,80,124,134,73,0
192,8,32,0,0,0,0,0,0,0,0
167,8,0,16,249,100,177,39,32,160,0
1031,8,64,1,95,240,20,64,189,160,0
60,8,0,0,4,0,42,0,0,0,0
996,8,0,208,0,0,133,0,0,0,0
1314,8,223,127,208,0,126,144,0,28,0
1628,8,64,8,194,117,32,15,0,0,0
870,8,129,29,200,2,1,71,206,56,0
519,8,4,4,96,72,42,222,149,24,0
1694,8,4,64,4,127,31,192,21,194,0
293,8,144,0,64,159,66,62,53,96,0
1408,8,0,0,0,3,233,8,0,0,0
1076,8,3,170,160,168,56,88,40,48,0
1760,8,1,65,1,63,1,71,1,70,0
961,8,123,85,31,187,236,56,169,46,0
1176,8,135,255,191,252,124,128,94,7,0
1225,8,1,249,21,130,13,2,246,75,0
470,8,2,11,128,128,48,36,5,128,0
14,8,32,82,86,2,8,9,118,50,0
1399,8,0,0,8,0,0,0,1,84,0
117,8,15,50,0,15,174,30,224,0,0
560,8,253,0,0,2,236,0,4,0,0
208,8,58,119,12,96,125,1,119,0,0
51,8,0,7,168,0,13,192,7,208,0
263,8,0,0,0,0,0,0,0,0,0
186,8,6,168,134,4,16,0,6,36,0
1760,8,1,65,1,66,1,71,1,70,0
737,8,0,0,0,0,0,0,0,4,0
852,8,31,247,0,0,0,4,235,128,0
1505,8,137,63,224,11,10,0,240,128,0
354,8,0,8,3,211,234,17,244,206,0
167,8,0,16,249,228,193,39,48,160,0
58,8,0,0,0,0,0,29,8,0,0
293,8,144,0,64,159,66,62,23,96,0
1227,8,128,0,0,0,0,14,0,0,0
640,8,24,224,2,112,0,0,0,0,0
953,8,32,4,114,0,0,0,92,66,0
14,8,32,82,86,2,8,9,118,50,0
339,8,0,0,0,0,0,12,0,2,0
1634,8,78,224,0,0,64,0,0,0,0
412,8,16,132,32,13,66,0,40,176,0
208,8,66,119,12,96,124,1,119,0,0
51,8,0,7,160,0,14,0,7,208,0
628,8,0,242,40,246,80,124,134,73,0
192,8,32,0,0,0,0,0,0,0,0
541,8,0,0,0,0,0,1,0,0,0
403,8,0,8,8,3,232,104,0,0,0
526,8,78,32,3,160,185,191,111,247,0
1314,8,223,127,208,0,126,24,0,28,0
852,8,31,247,0,0,0,4,220,128,0
1505,8,137,63,224,11,10,0,240,128,0
651,8,0,0,0,0,0,0,0,0,0
870,8,129,29,200,2,1,71,206,56,0
1408,8,0,0,0,3,225,136,0,0,0
1076,8,3,202,160,168,88,104,56,80,0
1760,8,1,68,1,66,1,71,1,70,0
167,8,0,16,250,228,177,39,48,160,0
61,8,0,0,9,0,0,0,0,0,0
1176,8,135,255,191,252,122,128,94,72,0
1262,8,160,0,13,8,240,76,64,8,0
560,8,252,0,0,2,236,0,6,0,0
1694,8,4,64,4,127,31,192,21,194,0
1459,8,4,0,0,0,0,0,4,0,0
293,8,144,0,64,159,66,61,249,96,0
14,8,32,82,86,2,8,9,118,68,0
661,8,0,0,0,0,0,0,8,64,0
208,8,74,119,12,96,122,1,120,0,0
51,8,0,7,152,0,14,64,7,208,0
263,8,0,0,0,0,0,0,0,0,0
1760,8,1,68,1,66,1,71,1,70,0
961,8,123,85,31,188,43,121,41,46,0
737,8,0,0,0,0,0,0,0,4,0
852,8,31,247,0,0,0,4,205,128,0
1505,8,137,63,224,11,10,0,244,128,0
354,8,0,8,3,211,234,17,244,206,0
167,8,0,16,251,100,177,39,32,160,0
1372,8,16,27,0,0,65,130,48,0,0
1693,8,128,141,207,176,79,193,252,177,0
293,8,144,0,64,159,66,61,219,96,0
14,8,32,82,86,2,8,9,118,68,0
339,8,0,0,0,0,0,12,0,2,0
1634,8,78,224,0,0,64,0,0,0,0
412,8,20,128,32,13,66,0,40,176,0
208,8,82,119,12,96,121,1,120,0,0
51,8,0,7,144,0,14,128,7,208,0
628,8,0,242,42,244,80,124,134,71,0
192,8,32,0,0,0,0,0,0,0,0
813,8,128,0,4,32,172,1,0,32,0
1277,8,17,86,10,77,115,16,203,8,0
1049,8,10,155,70,77,4,95,194,143,0
403,8,0,8,8,3,232,104,0,0,0
526,8,78,32,3,160,186,191,111,247,0
1314,8,223,127,208,0,125,160,0,28,0
692,8,20,233,157,0,0,0,88,0,0
852,8,31,247,0,0,0,4,205,128,0
1505,8,137,63,224,11,10,0,244,128,0
651,8,0,0,0,0,0,0,0,0,0
870,8,129,29,200,2,1,71,206,56,0
1408,8,0,0,0,3,218,8,0,0,0
1076,8,3,234,160,168,104,104,88,96,0
1760,8,1,70,1,67,1,71,1,70,0
167,8,0,16,250,100,177,39,32,160,0
458,8,63,249,255,128,0,0,12,64,0
1176,8,135,255,191,252,121,128,94,73,0
1512,8,0,0,2,4,0,57,176,0,0
560,8,251,0,0,2,236,0,8,0,0
1694,8,4,64,4,127,31,192,21,194,0
293,8,144,0,64,159,66,61,189,96,0
14,8,32,82,86,2,8,9,118,62,0
208,8,90,119,12,96,120,1,120,0,0
51,8,0,7,136,0,14,192,7,208,0
1399,8,0,0,8,0,0,0,1,82,0
263,8,0,0,0,0,0,0,0,0,0
186,8,6,168,134,4,16,0,6,36,0
1760,8,1,70,1,67,1,71,1,70,0
737,8,0,0,0,0,0,0,0,4,0
852,8,31,247,0,0,0,4,198,0,0
1505,8,137,63,224,11,10,0,240,128,0
354,8,0,8,3,195,234,17,244,206,0
167,8,0,16,248,228,193,39,48,160,0
675,8,0,0,0,132,18,128,73,16,0
293,8,144,0,64,159,66,61,159,96,0
961,8,123,85,31,186,235,249,233,46,0
14,8,32,82,86,2,8,9,118,50,0
339,8,0,0,0,0,0,12,0,2,0
661,8,0,0,0,0,0,0,8,64,0
1634,8,78,224,0,0,64,0,0,0,0
412,8,24,124,32,13,66,0,40,176,0
208,8,98,119,12,96,119,1,120,0,0
51,8,0,7,128,0,15,0,7,208,0
628,8,0,242,44,242,80,124,134,71,0
192,8,32,0,0,0,0,0,0,0,0
403,8,0,8,8,3,232,104,0,0,0
526,8,78,32,3,160,187,63,111,247,0
1314,8,223,127,208,0,125,40,0,28,0
852,8,31,247,0,0,0,4,198,0,0
1505,8,137,63,224,11,10,0,236,128,0
651,8,0,0,0,0,0,0,0,0,0
870,8,129,29,200,2,1,71,206,56,0
1408,8,0,0,0,3,210,136,0,0,0
1076,8,4,10,160,168,136,136,104,96,0
1760,8,1,70,1,69,1,71,1,71,0
1788,8,0,0,7,99,114,181,232,0,0
167,8,0,16,249,228,193,39,64,160,0
569,8,0,0,0,125,0,0,68,192,0
1176,8,135,255,191,252,120,128,94,74,0
560,8,250,0,0,2,236,0,10,0,0
1694,8,4,64,4,127,31,192,21,194,0
293,8,144,0,64,159,66,63,97,96,0
14,8,32,82,86,2,8,9,118,62,0
208,8,106,119,12,96,118,1,120,0,0
51,8,0,7,120,0,15,64,7,208,0
215,8,0,0,2,0,128,0,0,0,0
263,8,0,0,0,0,0,0,0,0,0
1760,8,1,71,1,69,1,72,1,71,0
737,8,0,0,0,0,0,0,0,4,0
852,8,31,247,0,0,0,4,183,0,0
1505,8,137,63,224,11,10,0,240,128,0
354,8,0,8,3,195,234,17,244,206,0
167,8,0,16,251,100,177,39,48,160,0
1175,8,0,0,0,0,0,0,0,0,0
293,8,144,0,64,159,66,63,67,96,0
14,8,32,82,86,2,8,9,118,68,0
738,8,24,8,13,64,64,0,1,24,0
837,8,5,2,2,194,60,119,64,129,0
1072,8,0,47,68,139,214,128,16,160,0
339,8,0,0,0,0,0,12,0,2,0
1634,8,78,224,0,0,64,0,0,0,0
412,8,28,120,32,13,66,0,40,176,0
208,8,114,119,12,96,117,1,120,0,0
51,8,0,7,112,0,15,128,7,208,0
628,8,0,242,46,240,80,124,134,71,0
192,8,32,0,0,0,0,0,0,0,0
304,8,0,1,80,0,0,0,0,0,0
403,8,0,8,8,3,232,104,0,0,0
526,8,78,32,3,160,187,191,111,239,0
1314,8,223,127,208,0,124,176,0,28,0
961,8,123,85,31,187,106,250,105,46,0
705,8,1,243,111,199,201,30,45,210,0
852,8,31,247,0,0,0,4,175,128,0
1505,8,137,63,224,11,10,0,244,128,0
651,8,0,0,0,0,0,0,0,0,0
870,8,129,29,200,2,1,71,206,56,0
1408,8,0,0,0,3,203,8,0,0,0
1076,8,4,42,160,168,152,152,136,128,0
1760,8,1,71,1,71,1,72,1,71,0
167,8,0,16,251,100,177,39,32,160,0
722,8,0,0,16,0,0,0,0,0,0
1176,8,135,255,191,252,118,128,94,139,0
1124,8,0,2,64,0,0,144,28,82,0
560,8,249,0,0,2,236,0,12,0,0
1694,8,4,64,4,127,31,192,21,194,0
293,8,144,0,64,159,66,63,37,96,0
14,8,32,82,86,2,8,9,118,62,0
661,8,0,0,0,0,0,0,8,64,0
208,8,122,119,12,96,115,1,121,0,0
51,8,0,7,104,0,15,192,7,208,0
263,8,0,0,0,0,0,0,0,0,0
186,8,6,168,133,196,16,0,6,36,0
1307,8,40,12,65,1,40,0,1,33,0
813,8,128,0,4,32,172,1,0,32,0
1277,8,17,83,10,77,111,16,75,8,0
1760,8,1,74,1,71,1,72,1,71,0
622,8,1,6,64,130,137,14,10,4,0
737,8,0,0,0,0,0,0,0,4,0
852,8,31,247,0,0,0,4,175,128,0
1505,8,137,63,224,11,10,0,240,128,0
354,8,0,8,3,195,234,17,244,206,0
167,8,0,16,249,228,177,39,32,160,0
1644,8,0,0,0,0,24,0,0,0,0
1560,8,251,125,190,255,247,119,191,221,0
293,8,144,0,64,159,66,63,7,96,0
1413,8,0,64,0,0,0,2,0,24,0
14,8,32,82,86,2,8,9,118,50,0
1255,8,0,0,0,20,3,102,0,0,0
339,8,0,0,0,0,0,12,0,2,0
1634,8,78,224,0,0,64,0,0,0,0
1668,8,76,213,128,25,65,84,16,30,0
1590,8,36,156,0,0,240,0,160,0,0
727,8,16,0,96,216,0,0,0,8,0
412,8,0,148,32,13,66,0,40,176,0
208,8,2,119,12,96,130,1,121,0,0
403,8,0,8,8,3,232,104,0,0,0
526,8,78,32,3,160,188,63,143,255,0
1314,8,223,127,208,0,124,56,0,28,0
852,8,31,247,0,0,0,5,24,128,0
244,8,154,12,1,2,4,177,2,64,0
1505,8,137,63,224,11,10,0,240,128,0
651,8,0,0,0,0,0,0,0,0,0
51,8,0,7,224,0,12,0,7,208,0
628,8,0,242,32,254,80,124,134,71,0
192,8,32,0,0,0,0,0,0,0,0
167,8,0,16,248,228,177,39,48,160,0
1031,8,64,1,95,240,20,64,189,160,0
60,8,0,0,4,0,57,0,0,0,0
996,8,0,208,0,0,133,0,0,0,0
870,8,129,29,200,2,1,71,206,56,0
1628,8,64,8,194,117,32,15,0,0,0
1408,8,0,0,0,3,195,136,0,0,0
519,8,4,4,96,72,42,222,149,24,0
1694,8,4,64,4,127,31,192,21,162,0
293,8,144,0,64,159,66,62,233,96,0
1076,8,4,74,160,168,168,168,152,144,0
1760,8,1,74,1,72,1,72,1,71,0
961,8,123,85,31,187,42,123,41,46,0
1176,8,135,255,191,252,117,128,94,140,0
1225,8,1,249,21,130,13,3,246,75,0
470,8,2,143,194,128,52,116,5,144,0
1399,8,0,0,8,0,0,0,1,82,0
14,8,32,82,86,2,8,9,118,38,0
560,8,248,0,0,2,236,0,14,0,0
208,8,10,119,12,96,129,1,121,0,0
51,8,0,7,216,0,12,64,7,208,0
263,8,0,0,0,0,0,0,0,0,0
1760,8,1,75,1,72,1,71,1,71,0
737,8,0,0,0,0,0,0,0,4,0
852,8,31,247,0,0,0,5,9,128,0
1505,8,137,63,224,11,10,0,236,128,0
354,8,0,8,3,195,234,17,244,206,0
167,8,0,16,249,228,177,39,48,160,0
293,8,144,0,64,159,66,62,203,96,0
14,8,32,82,86,2,8,9,118,50,0
339,8,0,0,0,0,0,12,0,2,0
661,8,0,0,0,0,0,0,8,64,0
1634,8,78,224,0,0,64,0,0,0,0
412,8,4,144,32,13,66,0,40,176,0
208,8,18,119,12,96,128,1,121,0,0
51,8,0,7,208,0,12,128,7,208,0
628,8,0,242,34,252,80,124,134,71,0
192,8,32,0,0,0,0,0,0,0,0
403,8,0,8,8,3,232,104,0,0,0
526,8,78,32,3,160,188,191,143,255,0
1314,8,223,127,208,0,123,192,0,28,0
426,8,144,190,189,68,161,99,230,64,0
852,8,31,247,0,0,0,5,9,128,0
1505,8,137,63,224,11,10,0,240,128,0
651,8,0,0,0,0,0,0,0,0,0
870,8,129,29,200,2,1,71,206,56,0
1408,8,0,0,0,3,188,8,0,0,0
1076,8,4,104,0,168,168,200,168,160,0
1760,8,1,75,1,74,1,71,1,71,0
167,8,0,16,251,228,177,39,48,160,0
61,8,0,0,9,0,0,0,0,0,0
1176,8,135,255,191,252,116,128,94,141,0
560,8,247,0,0,2,236,0,16,0,0
1694,8,4,64,4,127,31,192,21,194,0
293,8,144,0,64,159,66,62,173,96,0
1459,8,4,0,0,0,0,0,4,0,0
14,8,32,82,86,2,8,9,118,62,0
208,8,26,119,12,96,127,1,121,0,0
51,8,0,7,200,0,12,192,7,208,0
263,8,0,0,0,0,0,0,0,0,0
186,8,6,168,133,132,16,0,6,36,0
1760,8,1,75,1,74,1,72,1,71,0
961,8,123,85,31,188,40,251,169,46,0
737,8,0,0,0,0,0,0,0,4,0
852,8,31,247,0,0,0,5,2,0,0
1505,8,137,63,224,11,10,0,244,128,0
354,8,0,8,3,179,234,17,244,206,0
167,8,0,16,251,100,177,39,32,160,0
293,8,144,0,64,159,66,62,143,96,0
14,8,32,82,86,2,8,9,118,62,0
339,8,0,0,0,0,0,12,0,2,0
1634,8,78,224,0,0,64,0,0,0,0
412,8,8,140,32,13,66,0,40,176,0
208,8,34,119,12,96,126,1,121,0,0
51,8,0,7,192,0,13,0,7,208,0
628,8,0,242,36,250,80,124,134,71,0
192,8,32,0,0,0,0,0,0,0,0
778,8,64,45,80,1,211,58,50,0,0
452,8,1,112,2,0,40,7,190,2,0
692,8,20,233,157,0,0,0,88,0,0
403,8,0,8,8,3,232,104,0,0,0
526,8,78,32,3,160,189,63,143,255,0
1314,8,223,127,208,0,123,72,0,28,0
676,8,54,220,0,28,4,8,152,208,0
813,8,128,0,4,32,172,1,0,32,0
852,8,31,247,0,0,0,5,2,0,0
1505,8,137,63,224,11,10,0,240,128,0
651,8,0,0,0,0,0,0,0,0,0
870,8,129,29,200,2,1,71,206,56,0
1408,8,0,0,0,3,180,136,0,0,0
1076,8,0,0,0,168,200,216,200,192,0
1760,8,1,75,1,76,1,72,1,71,0
167,8,0,16,249,100,193,39,32,160,0
458,8,63,249,255,128,0,0,12,64,0
1176,8,135,255,191,252,115,128,94,142,0
1277,8,17,88,10,77,117,16,202,136,0
560,8,246,0,0,2,236,0,18,0,0
1694,8,4,64,4,127,31,192,21,162,0
293,8,144,0,64,159,66,62,113,96,0
14,8,32,82,86,2,8,9,118,38,0
661,8,0,0,0,0,0,0,8,64,0
208,8,42,119,12,96,125,1,121,0,0
51,8,0,7,184,0,13,64,7,208,0
1399,8,0,0,8,0,0,0,1,82,0
263,8,0,0,0,0,0,0,0,0,0
1760,8,1,77,1,76,1,72,1,71,0
737,8,0,0,0,0,0,0,0,4,0
852,8,31,247,0,0,0,4,243,0,0
1505,8,137,63,224,11,10,0,236,128,0
354,8,0,8,3,179,234,17,244,206,0
167,8,0,16,249,228,177,39,48,160,0
675,8,0,0,0,132,18,128,72,16,0
293,8,144,0,64,159,66,62,83,96,0
961,8,123,85,31,187,104,252,105,46,0
14,8,32,82,86,2,8,9,118,44,0
339,8,0,0,0,0,0,12,0,2,0
1634,8,78,224,0,0,64,0,0,0,0
412,8,12,136,32,13,66,0,40,176,0
208,8,50,119,12,96,124,1,121,0,0
51,8,0,7,176,0,13,128,7,208,0
628,8,0,242,38,248,80,124,134,71,0
192,8,32,0,0,0,0,0,0,0,0
403,8,0,8,8,3,232,104,0,0,0
526,8,78,32,3,160,189,63,144,7,0
1314,8,223,127,208,0,122,208,0,28,0
852,8,31,247,0,0,0,4,228,0,0
1505,8,137,63,224,11,10,0,236,128,0
651,8,0,0,0,0,0,0,0,0,0
870,8,129,29,200,2,1,71,206,56,0
1408,8,0,0,0,3,173,8,0,0,0
1076,8,0,32,0,168,216,248,200,208,0
1760,8,1,77,1,76,1,72,1,71,0
1788,8,0,0,7,99,114,181,224,0,0
167,8,0,16,251,100,177,39,48,160,0
569,8,0,0,0,125,0,0,68,192,0
1176,8,135,255,191,252,114,128,94,143,0
560,8,245,0,0,2,236,0,20,0,0
1694,8,4,64,4,127,31,192,21,162,0
293,8,144,0,64,159,66,62,53,96,0
14,8,32,82,86,2,8,9,118,62,0
208,8,58,119,12,96,123,1,121,0,0
51,8,0,7,168,0,13,192,7,208,0
215,8,0,0,2,0,128,0,0,0,0
263,8,0,0,0,0,0,0,0,0,0
186,8,6,168,133,132,16,0,6,36,0
1760,8,1,81,1,76,1,72,1,71,0
737,8,0,0,0,0,0,0,0,4,0
852,8,31,247,0,0,0,4,228,0,0
1505,8,137,63,224,11,10,0,240,128,0
354,8,0,8,3,179,234,17,244,206,0
167,8,0,16,251,100,177,39,48,160,0
1175,8,0,0,0,0,0,0,0,0,0
293,8,144,0,64,159,66,62,23,96,0
14,8,32,82,86,2,8,9,118,74,0
738,8,24,8,13,64,64,0,1,24,0
837,8,5,2,2,194,60,119,64,129,0
1072,8,0,47,68,139,214,128,16,160,0
339,8,0,0,0,0,0,12,0,2,0
661,8,0,0,0,0,0,0,8,64,0
1634,8,78,224,0,0,64,0,0,0,0
412,8,16,132,32,13,66,0,40,176,0
208,8,66,119,12,96,122,1,121,0,0
51,8,0,7,160,0,14,0,7,208,0
628,8,0,242,40,246,80,124,134,71,0
192,8,32,0,0,0,0,0,0,0,0
304,8,0,1,80,0,0,0,0,0,0
403,8,0,8,8,3,232,104,0,0,0
526,8,78,32,3,160,189,191,175,255,0
1314,8,223,127,208,0,122,88,0,28,0
961,8,123,85,31,186,105,124,233,46,0
870,8,129,29,200,2,1,71,206,56,0
852,8,31,247,0,0,0,4,220,128,0
1505,8,137,63,224,11,10,0,240,128,0
651,8,0,0,0,0,0,0,0,0,0
1408,8,0,0,0,3,165,136,0,0,0
1076,8,0,86,128,168,249,8,216,240,0
1760,8,1,81,1,76,1,72,1,71,0
167,8,0,16,249,228,177,39,32,160,0
722,8,0,0,24,0,0,0,0,0,0
1372,8,16,27,0,0,65,130,48,0,0
1176,8,135,255,191,252,129,128,94,128,0
1124,8,0,2,64,0,0,144,27,83,0
560,8,244,0,0,2,236,0,22,0,0
1694,8,4,64,4,127,31,192,21,194,0
293,8,144,0,64,159,66,61,249,96,0
705,8,1,243,207,199,202,30,13,232,0
14,8,32,82,86,2,8,9,118,50,0
208,8,74,119,12,96,121,1,121,0,0
51,8,0,7,152,0,14,64,7,208,0
263,8,0,0,0,0,0,0,0,0,0
813,8,128,0,4,32,172,1,0,32,0
1277,8,17,86,10,77,115,16,203,8,0
1760,8,1,79,1,78,1,72,1,72,0
737,8,0,0,0,0,0,0,0,4,0
852,8,31,247,0,0,0,4,205,128,0
1505,8,137,63,224,11,10,0,232,128,0
354,8,0,8,3,179,234,17,244,206,0
167,8,0,16,248,100,193,39,48,160,0
622,8,1,6,64,130,137,14,10,4,0
1644,8,0,0,0,0,24,0,0,0,0
293,8,144,0,64,95,65,254,27,96,0
1413,8,0,64,0,0,0,2,0,24,0
37,8,0,0,2,136,64,62,34,1,0
14,8,32,82,86,2,8,9,118,44,0
1255,8,0,0,0,20,3,102,0,0,0
339,8,0,0,0,0,0,12,0,2,0
1634,8,78,224,0,0,64,0,0,0,0
1668,8,76,213,128,25,65,84,16,30,0
1590,8,36,156,0,0,240,0,160,0,0
727,8,16,0,96,216,0,0,0,8,0
412,8,20,128,32,13,66,0,40,176,0
208,8,82,119,12,96,120,1,121,0,0
403,8,0,8,8,3,232,104,0,0,0
526,8,78,31,255,160,190,63,143,255,0
1314,8,223,127,208,0,121,224,0,28,0
852,8,31,247,0,0,0,4,205,128,0
244,8,154,12,1,2,4,177,2,64,0
1505,8,137,63,224,11,10,0,232,128,0
651,8,0,0,0,0,0,0,0,0,0
51,8,0,7,144,0,14,128,7,208,0
628,8,0,242,42,244,80,124,134,71,0
192,8,32,0,0,0,0,0,0,0,0
167,8,0,16,249,228,193,39,64,160,0
1031,8,64,1,95,240,20,64,189,160,0
60,8,0,0,4,0,57,0,0,0,0
996,8,0,208,0,0,133,0,0,0,0
870,8,129,29,200,2,1,71,206,56,0
1628,8,64,8,194,117,32,15,0,0,0
1408,8,0,0,0,3,158,8,0,0,0
519,8,4,4,96,72,42,222,149,24,0
1694,8,4,64,4,127,31,192,21,194,0
293,8,144,0,64,159,66,61,189,96,0
1076,8,0,119,128,169,9,40,249,0,0
1760,8,1,79,1,78,1,73,1,72,0
961,8,123,85,31,186,104,189,169,46,0
1176,8,135,255,191,252,128,128,94,129,0
1225,8,1,249,21,130,13,2,246,75,0
470,8,2,11,128,128,48,36,5,128,0
1399,8,0,0,8,0,0,0,1,82,0
14,8,32,82,86,2,8,9,118,38,0
560,8,243,0,0,2,236,0,24,0,0
661,8,0,0,0,0,0,0,8,64,0
208,8,90,119,12,96,119,1,121,0,0
51,8,0,7,136,0,14,192,7,208,0
263,8,0,0,0,0,0,0,0,0,0
186,8,6,168,132,68,16,0,6,36,0
1760,8,1,82,1,80,1,73,1,72,0
737,8,0,0,0,0,0,0,0,4,0
852,8,31,247,0,0,0,4,198,0,0
1505,8,137,63,224,11,10,0,236,128,0
354,8,0,8,3,179,234,17,244,206,0
167,8,0,16,251,228,177,39,48,160,0
293,8,144,0,64,159,66,61,159,96,0
1227,8,128,0,0,0,0,14,0,0,0
640,8,24,224,2,112,0,0,0,0,0
14,8,32,82,86,2,8,9,118,62,0
339,8,0,0,0,0,0,12,0,2,0
1634,8,78,224,0,0,64,0,0,0,0
412,8,24,124,32,13,66,0,40,176,0
208,8,98,119,12,96,118,1,121,0,0
51,8,0,7,128,0,15,0,7,208,0
628,8,0,242,44,242,80,124,134,71,0
192,8,32,0,0,0,0,0,0,0,0
6,8,8,0,0,100,0,0,0,0,0
403,8,0,8,8,3,232,104,0,0,0
526,8,78,31,255,160,190,191,111,255,0
1314,8,223,127,208,0,121,104,0,28,0
870,8,129,29,200,2,1,71,206,56,0
1408,8,0,0,0,3,150,136,0,0,0
852,8,31,247,0,0,0,4,198,0,0
1505,8,137,63,224,11,10,0,236,128,0
651,8,0,0,0,0,0,0,0,0,0
1076,8,0,136,224,169,41,57,9,32,0
1760,8,1,82,1,80,1,74,1,72,0
167,8,0,16,251,228,177,39,48,160,0
61,8,0,0,9,0,0,0,0,0,0
1176,8,135,255,191,252,126,128,94,194,0
560,8,242,0,0,2,236,0,26,0,0
1694,8,4,64,4,127,31,192,21,194,0
293,8,144,0,64,159,66,63,97,96,0
1459,8,4,0,0,0,0,0,4,0,0
14,8,32,82,86,2,8,9,118,62,0
208,8,106,119,12,96,116,1,122,0,0
51,8,0,7,120,0,15,64,7,208,0
263,8,0,0,0,0,0,0,0,0,0
1760,8,1,82,1,80,1,74,1,73,0
961,8,123,85,31,186,231,190,41,46,0
737,8,0,0,0,0,0,0,0,4,0
852,8,31,247,0,0,0,4,183,0,0
1505,8,137,63,224,11,10,0,232,128,0
354,8,0,8,3,163,234,17,244,206,0
167,8,0,16,249,100,193,39,48,160,0
293,8,144,0,64,159,66,63,67,96,0
14,8,32,82,86,2,8,9,118,50,0
339,8,0,0,0,0,0,12,0,2,0
661,8,0,0,0,0,0,0,8,64,0
1634,8,78,224,0,0,64,0,0,0,0
412,8,28,120,32,13,66,0,40,176,0
208,8,114,119,12,96,115,1,122,0,0
51,8,0,7,112,0,15,128,7,208,0
628,8,0,242,46,240,80,124,134,71,0
192,8,32,0,0,0,0,0,0,0,0
778,8,64,45,80,1,211,60,50,0,0
403,8,0,8,8,3,232,104,0,0,0
526,8,78,32,3,160,191,63,143,255,0
1314,8,223,127,208,0,120,240,0,28,0
870,8,129,29,200,2,1,71,206,56,0
692,8,20,233,157,0,0,0,88,0,0
852,8,31,247,0,0,0,5,32,0,0
1505,8,137,63,224,11,10,0,228,128,0
651,8,0,0,0,0,0,0,0,0,0
1408,8,0,0,0,3,143,8,0,0,0
1076,8,0,168,224,169,57,73,41,48,0
1760,8,1,84,1,80,1,75,1,73,0
167,8,0,16,249,228,177,39,64,160,0
458,8,63,249,255,128,0,0,12,64,0
1176,8,135,255,191,252,124,128,95,3,0
813,8,128,0,4,32,172,1,0,32,0
1277,8,17,86,10,77,115,16,202,136,0
560,8,241,0,0,2,236,0,28,0,0
1694,8,4,64,4,127,31,192,21,194,0
293,8,144,0,64,159,66,63,37,96,0
14,8,32,82,86,2,8,9,118,44,0
208,8,122,119,12,96,113,1,123,0,0
51,8,0,7,104,0,15,192,7,208,0
1399,8,0,0,8,0,0,0,1,82,0
263,8,0,0,0,0,0,0,0,0,0
186,8,6,168,132,68,16,0,6,36,0
1760,8,1,84,1,83,1,75,1,73,0
737,8,0,0,0,0,0,0,0,4,0
852,8,31,247,0,0,0,5,32,0,0
1505,8,137,63,224,11,10,0,228,128,0
354,8,0,8,3,163,234,17,244,206,0
167,8,0,16,251,100,177,39,64,160,0
675,8,0,0,0,132,18,128,71,144,0
293,8,144,0,64,159,66,63,7,96,0
961,8,123,85,31,187,229,254,233,46,0
14,8,32,82,86,2,8,9,118,62,0
339,8,0,0,0,0,0,12,0,2,0
1634,8,78,224,0,0,64,0,0,0,0
412,8,0,148,32,13,66,0,40,176,0
208,8,2,119,12,96,128,1,123,0,0
51,8,0,7,224,0,12,0,7,208,0
628,8,0,242,32,254,80,124,134,71,0
192,8,32,0,0,0,0,0,0,0,0
403,8,0,8,8,3,232,104,0,0,0
526,8,78,32,3,160,191,191,175,247,0
1314,8,223,127,208,0,120,120,0,28,0
870,8,129,29,200,2,1,71,206,56,0
1408,8,0,0,0,3,135,136,0,0,0
852,8,31,247,0,0,0,5,24,128,0
1505,8,137,63,224,11,10,0,232,128,0
651,8,0,0,0,0,0,0,0,0,0
1076,8,0,199,32,169,73,105,57,64,0
1760,8,1,83,1,83,1,76,1,74,0
1788,8,0,0,7,99,114,181,224,0,0
167,8,0,16,251,228,177,39,64,160,0
569,8,0,0,0,125,0,0,68,192,0
1176,8,135,255,191,252,122,128,95,68,0
560,8,240,0,0,2,236,0,30,0,0
1694,8,4,64,4,127,31,192,21,194,0
293,8,144,0,64,159,66,62,233,96,0
14,8,32,82,86,2,8,9,118,62,0
661,8,0,0,0,0,0,0,8,64,0
208,8,10,119,12,96,126,1,124,0,0
51,8,0,7,216,0,12,64,7,208,0
215,8,0,0,2,0,128,0,0,0,0
263,8,0,0,0,0,0,0,0,0,0
1760,8,1,83,1,83,1,76,1,74,0
692,8,20,233,158,0,0,0,88,0,0
737,8,0,0,0,0,0,0,0,4,0
852,8,31,247,0,0,0,5,9,128,0
1505,8,137,63,224,11,10,0,232,128,0
354,8,0,8,3,163,234,17,244,206,0
167,8,0,16,250,100,177,39,48,160,0
1175,8,0,0,0,0,0,0,0,0,0
293,8,144,0,64,159,66,62,203,96,0
14,8,32,82,86,2,8,9,118,50,0
738,8,24,8,13,64,64,0,1,24,0
837,8,5,2,2,194,60,119,64,129,0
1072,8,0,47,68,139,214,128,16,160,0
339,8,0,0,0,0,0,12,0,2,0
1634,8,78,224,0,0,64,0,0,0,0
412,8,4,144,32,13,66,0,40,176,0
208,8,18,119,12,96,125,1,124,0,0
51,8,0,7,208,0,12,128,7,208,0
628,8,0,242,34,252,80,124,134,71,0
192,8,32,0,0,0,0,0,0,0,0
304,8,0,1,80,0,0,0,0,0,0
403,8,0,8,8,3,232,104,0,0,0
526,8,78,32,3,160,192,191,143,255,0
1314,8,223,127,208,0,127,128,0,28,0
870,8,129,29,200,2,1,71,206,56,0
961,8,123,85,31,187,101,255,105,46,0
1408,8,0,0,0,3,248,8,0,0,0
852,8,31,247,0,0,0,5,9,128,0
1505,8,137,63,224,11,10,0,224,128,0
651,8,0,0,0,0,0,0,0,0,0
1076,8,0,231,0,169,105,121,73,96,0
1760,8,1,85,1,83,1,76,1,76,0
167,8,0,16,248,100,193,39,64,160,0
722,8,0,0,32,0,0,0,0,0,0
1176,8,135,255,191,252,120,128,95,133,0
1124,8,0,2,64,0,0,144,26,84,0
560,8,255,0,0,2,236,0,0,0,0
1694,8,4,64,4,127,31,192,21,162,0
293,8,144,0,64,159,66,62,173,96,0
14,8,32,82,86,2,8,9,118,32,0
208,8,26,119,12,96,123,1,125,0,0
51,8,0,7,200,0,12,192,7,208,0
1331,8,237,127,207,126,255,245,239,127,0
263,8,0,0,0,0,0,0,0,0,0
186,8,6,168,131,196,16,0,6,36,0
1307,8,8,2,135,77,93,208,0,1,0
813,8,128,0,4,32,172,1,0,32,0
1277,8,17,88,10,77,117,16,203,8,0
1760,8,1,85,1,82,1,76,1,76,0
705,8,1,243,111,199,201,30,3,252,0
737,8,0,0,0,0,0,0,0,4,0
852,8,31,247,0,0,0,5,2,0,0
1505,8,137,63,224,11,10,0,224,128,0
354,8,0,8,3,163,234,17,244,206,0
167,8,0,16,249,228,177,39,80,160,0
622,8,1,6,64,130,137,14,10,4,0
1644,8,0,0,0,0,24,0,0,0,0
293,8,144,0,64,159,66,62,143,96,0
1413,8,0,64,0,0,0,2,0,24,0
14,8,32,82,86,2,8,9,118,44,0
1255,8,0,0,0,20,3,102,0,0,0
339,8,0,0,0,0,0,12,0,2,0
661,8,0,0,0,0,0,0,8,64,0
1634,8,78,224,0,0,64,0,0,0,0
1668,8,76,213,128,25,65,84,16,30,0
1590,8,36,156,0,0,240,0,176,0,0
727,8,16,0,96,216,0,0,0,8,0
412,8,8,140,32,13,66,0,40,176,0
403,8,0,8,8,3,232,104,0,0,0
526,8,78,32,3,160,193,63,143,255,0
1314,8,223,127,208,0,127,8,0,28,0
208,8,34,119,12,96,122,1,125,0,0
51,8,0,7,192,0,13,0,7,208,0
852,8,31,247,0,0,0,5,2,0,0
1505,8,137,63,224,11,10,0,228,128,0
651,8,0,0,0,0,0,0,0,0,0
628,8,0,242,36,250,80,124,134,71,0
192,8,32,0,0,0,0,0,0,0,0
167,8,0,16,251,228,193,39,80,160,0
1031,8,64,1,95,240,20,64,189,160,0
60,8,0,0,4,0,44,0,0,0,0
996,8,0,208,0,0,133,0,0,0,0
1628,8,64,8,194,117,32,15,0,0,0
519,8,4,4,224,88,42,222,149,24,0
244,8,154,12,1,2,4,177,2,64,0
870,8,129,29,200,2,1,71,206,56,0
1694,8,4,64,4,127,31,192,21,194,0
293,8,144,0,64,159,66,62,113,96,0
1408,8,0,0,0,3,240,136,0,0,0
1076,8,1,5,160,169,121,153,105,112,0
961,8,123,85,31,187,165,63,233,46,0
1760,8,1,85,1,82,1,77,1,76,0
1176,8,135,255,191,252,118,128,95,198,0
1225,8,1,249,21,130,13,2,246,75,0
470,8,2,15,130,128,48,36,5,128,0
14,8,32,82,86,2,8,9,118,62,0
1399,8,0,0,8,0,0,0,1,82,0
560,8,254,0,0,2,236,0,2,0,0
208,8,42,119,12,96,120,1,126,0,0
51,8,0,7,184,0,13,64,7,208,0
263,8,0,0,0,0,0,0,0,0,0
1760,8,1,85,1,85,1,77,1,76,0
737,8,0,0,0,0,0,0,0,4,0
852,8,31,247,0,0,0,4,243,0,0
1505,8,137,63,224,11,10,0,232,128,0
354,8,0,8,3,163,234,17,244,206,0
167,8,0,16,251,100,177,39,64,160,0
293,8,144,0,64,159,66,62,83,96,0
14,8,32,82,86,2,8,9,118,50,0
339,8,0,0,0,0,0,12,0,2,0
1634,8,78,224,0,0,64,0,0,0,0
412,8,12,136,32,13,66,0,40,176,0
208,8,50,119,12,96,119,1,126,0,0
51,8,0,7,176,0,13,128,7,208,0
628,8,0,242,38,248,80,124,134,71,0
192,8,32,0,0,0,0,0,0,0,0
1398,8,127,248,0,0,63,252,31,192,0
403,8,0,8,8,3,232,104,0,0,0
526,8,78,32,3,160,193,191,175,255,0
1314,8,223,127,208,0,126,144,0,28,0
852,8,31,247,0,0,0,4,228,0,0
1505,8,137,63,224,11,10,0,228,128,0
651,8,0,0,0,0,0,0,0,0,0
870,8,129,29,200,2,1,71,206,56,0
1408,8,0,0,0,3,233,8,0,0,0
1076,8,1,38,32,169,153,153,121,144,0
1760,8,1,88,1,85,1,77,1,77,0
167,8,0,16,249,100,177,39,64,160,0
61,8,0,0,9,128,0,0,0,0,0
1176,8,135,255,191,252,116,128,96,7,0
560,8,253,0,0,2,236,0,4,0,0
1694,8,4,64,4,127,31,192,21,162,0
293,8,144,0,64,159,66,62,53,96,0
1459,8,4,0,0,0,0,0,4,0,0
14,8,32,82,86,2,8,9,118,32,0
661,8,0,0,0,0,0,0,8,64,0
208,8,58,119,12,96,117,1,127,0,0
51,8,0,7,168,0,13,192,7,208,0
263,8,0,0,0,0,0,0,0,0,0
186,8,6,168,131,196,16,0,6,36,0
1760,8,1,88,1,85,1,79,1,77,0
961,8,123,85,31,188,35,192,169,46,0
737,8,0,0,0,0,0,0,0,4,0
852,8,31,247,0,0,0,4,228,0,0
1505,8,137,63,224,11,10,0,224,128,0
354,8,0,8,3,163,234,17,244,206,0
167,8,0,16,249,100,177,39,80,160,0
1372,8,16,27,0,0,65,130,48,0,0
293,8,144,0,64,159,66,62,23,96,0
695,8,0,32,40,64,0,0,128,64,0
14,8,32,82,86,2,8,9,118,50,0
339,8,0,0,0,0,0,12,0,2,0
1634,8,78,224,0,0,64,0,0,0,0
412,8,16,132,32,13,66,0,40,176,0
208,8,66,119,12,96,116,1,127,0,0
51,8,0,7,160,0,14,0,7,208,0
628,8,0,242,40,246,80,124,134,71,0
192,8,32,0,0,0,0,0,0,0,0
813,8,128,0,4,32,172,1,0,32,0
1277,8,17,84,10,77,113,16,75,8,0
692,8,20,233,158,0,0,0,88,0,0
403,8,0,8,8,3,232,104,0,0,0
526,8,78,32,3,160,194,63,143,255,0
1314,8,223,127,208,0,126,24,0,28,0
870,8,129,29,200,2,1,71,206,56,0
852,8,31,246,192,0,0,4,228,128,0
1505,8,137,63,224,11,10,0,224,128,0
651,8,0,0,0,0,0,0,0,0,0
1408,8,0,0,0,3,225,136,0,0,0
1076,8,1,70,128,169,169,169,153,160,0
167,8,0,16,251,100,193,39,96,160,0
1760,8,1,90,1,85,1,79,1,79,0
458,8,63,249,255,128,0,0,12,64,0
1176,8,135,255,191,252,114,128,96,72,0
560,8,252,0,0,2,236,0,6,0,0
1694,8,4,64,4,127,31,192,21,194,0
293,8,144,0,64,159,66,61,249,96,0
14,8,32,82,86,2,8,9,118,44,0
208,8,74,119,12,96,114,1,128,0,0
51,8,0,7,152,0,14,64,7,208,0
1399,8,0,0,8,0,0,0,1,82,0
263,8,0,0,0,0,0,0,0,0,0
1760,8,1,90,1,84,1,80,1,79,0
737,8,0,0,0,0,0,0,0,4,0
852,8,31,246,192,0,0,4,213,128,0
1505,8,137,63,224,11,10,0,228,128,0
354,8,0,8,3,147,234,17,244,206,0
167,8,0,16,251,228,177,39,80,160,0
675,8,0,0,0,132,18,128,71,16,0
293,8,144,0,64,159,66,61,219,96,0
961,8,123,85,31,187,36,65,41,46,0
14,8,32,82,86,2,8,9,118,50,0
339,8,0,0,0,0,0,12,0,2,0
661,8,0,0,0,0,0,0,8,64,0
1634,8,78,224,0,0,64,0,0,0,0
412,8,20,128,32,13,66,0,40,176,0
208,8,82,119,12,96,113,1,128,0,0
51,8,0,7,144,0,14,128,7,208,0
628,8,0,242,42,244,80,124,134,71,0
192,8,32,0,0,0,0,0,0,0,0
403,8,0,8,8,3,232,104,0,0,0
526,8,78,32,3,160,194,191,111,247,0
1314,8,223,127,208,0,125,160,0,28,0
870,8,129,29,200,2,1,71,206,56,0
1408,8,0,0,0,3,218,8,0,0,0
852,8,31,246,192,0,0,4,213,128,0
1505,8,137,63,224,11,10,0,228,128,0
651,8,0,0,0,0,0,0,0,0,0
1076,8,1,104,96,169,201,201,169,192,0
1788,8,0,0,7,99,146,181,224,0,0
1760,8,1,85,1,84,1,80,1,80,0
167,8,0,16,250,100,193,39,64,160,0
569,8,0,0,0,125,0,0,68,192,0
1176,8,135,255,191,252,111,128,96,201,0
560,8,251,0,0,2,236,0,8,0,0
1694,8,4,64,4,127,31,192,21,194,0
293,8,144,0,64,95,65,253,253,96,0
14,8,32,82,86,2,8,9,118,62,0
208,8,90,119,12,96,110,1,130,0,0
51,8,0,7,136,0,14,192,7,208,0
215,8,0,0,2,0,128,0,0,0,0
263,8,0,0,0,0,0,0,0,0,0
186,8,6,168,131,132,16,0,6,36,0
1760,8,1,85,1,84,1,81,1,80,0
737,8,0,0,0,0,0,0,0,4,0
852,8,31,246,192,0,0,4,206,0,0
1505,8,137,63,224,11,10,0,220,128,0
354,8,0,8,3,147,234,17,244,206,0
167,8,0,16,248,100,193,39,96,160,0
1175,8,0,0,0,0,0,0,0,0,0
293,8,144,0,64,159,66,61,159,96,0
14,8,32,82,86,2,8,9,118,20,0
738,8,24,8,13,64,64,0,1,24,0
837,8,5,2,2,194,60,119,64,129,0
1072,8,0,47,68,139,214,128,16,160,0
339,8,0,0,0,0,0,12,0,2,0
1634,8,78,224,0,0,64,0,0,0,0
412,8,24,128,32,12,194,0,40,176,0
208,8,98,119,12,96,109,1,130,0,0
51,8,0,7,128,0,15,0,7,208,0
628,8,0,242,44,242,80,124,134,67,0
192,8,32,0,0,0,0,0,0,0,0
304,8,0,1,80,0,0,0,0,0,0
403,8,0,8,8,3,232,104,0,0,0
526,8,78,32,3,160,194,191,79,247,0
1314,8,223,127,208,0,125,40,0,28,0
961,8,123,85,31,186,227,193,233,46,0
870,8,128,221,200,2,1,71,206,56,0
1408,8,0,0,0,3,210,136,0,0,0
852,8,31,246,192,0,0,4,206,0,0
1505,8,137,63,224,11,10,0,220,128,0
651,8,0,0,0,0,0,0,0,0,0
1076,8,1,134,192,169,217,217,201,208,0
1760,8,1,88,1,86,1,81,1,81,0
167,8,0,16,250,100,177,39,112,160,0
722,8,0,0,40,0,0,0,0,0,0
1176,8,135,255,191,252,109,128,97,10,0
1124,8,0,2,64,0,0,144,25,85,0
560,8,250,0,0,2,236,0,10,0,0
1694,8,4,64,4,127,31,192,21,162,0
293,8,144,0,64,159,66,63,97,96,0
14,8,32,82,86,2,8,9,118,38,0
661,8,0,0,0,0,0,0,8,64,0
208,8,106,119,12,96,107,1,131,0,0
51,8,0,7,120,0,15,64,7,208,0
263,8,0,0,0,0,0,0,0,0,0
452,8,1,112,2,0,40,65,186,2,0
676,8,78,30,1,28,4,8,152,208,0
813,8,128,0,4,32,172,1,0,32,0
1760,8,1,88,1,86,1,83,1,81,0
1277,8,17,79,10,77,105,15,75,8,0
737,8,0,0,0,0,0,0,0,4,0
852,8,31,246,192,0,0,4,191,0,0
1505,8,137,63,224,11,10,0,224,128,0
354,8,0,8,3,147,234,17,244,206,0
167,8,0,16,252,100,177,39,96,160,0
622,8,1,6,64,130,137,14,10,4,0
1644,8,0,0,0,0,24,0,0,0,0
293,8,144,0,64,159,66,63,67,96,0
683,8,164,208,201,215,226,215,202,255,0
1413,8,0,64,0,0,0,2,0,24,0
705,8,1,243,111,199,200,159,238,18,0
1751,8,65,2,207,2,240,7,34,60,0
14,8,32,82,86,2,8,9,118,44,0
300,8,121,6,224,0,0,1,253,208,0
1255,8,0,0,0,20,3,102,0,0,0
339,8,0,0,0,0,0,12,0,2,0
1634,8,78,224,0,0,64,0,0,0,0
1668,8,76,213,128,25,65,84,16,30,0
1590,8,36,156,0,0,240,0,176,0,0
727,8,16,0,96,216,0,0,0,8,0
412,8,28,124,32,12,194,0,40,176,0
208,8,114,119,12,96,106,1,131,0,0
403,8,0,8,8,3,232,104,0,0,0
526,8,78,32,3,160,194,191,111,255,0
1314,8,223,127,208,0,124,176,0,28,0
51,8,0,7,112,0,15,128,7,208,0
628,8,0,242,46,240,80,124,134,67,0
852,8,31,246,192,0,0,5,40,0,0
1505,8,137,63,224,11,10,0,228,128,0
651,8,0,0,0,0,0,0,0,0,0
192,8,32,0,0,0,0,0,0,0,0
167,8,0,16,251,100,177,39,80,160,0
1031,8,64,1,95,240,20,64,189,160,0
60,8,0,0,4,0,44,0,0,0,0
996,8,0,208,0,0,133,0,0,0,0
1628,8,64,8,194,117,32,15,0,0,0
519,8,4,4,96,72,42,222,149,24,0
244,8,154,12,1,2,4,177,2,64,0
870,8,129,29,200,2,1,71,206,56,0
1408,8,0,0,0,3,203,8,0,0,0
1694,8,4,64,4,127,31,192,21,194,0
293,8,144,0,64,159,66,63,37,96,0
1076,8,1,166,0,169,233,233,217,224,0
1760,8,1,91,1,86,1,83,1,83,0
961,8,123,85,31,186,227,66,105,46,0
1176,8,135,255,191,252,107,128,97,75,0
1225,8,1,249,21,130,13,2,246,75,0
470,8,6,11,128,128,48,36,5,128,0
1399,8,0,0,8,0,0,0,1,82,0
14,8,32,82,86,2,8,9,118,62,0
560,8,249,0,0,2,236,0,12,0,0
208,8,122,119,12,96,104,1,132,0,0
51,8,0,7,104,0,15,192,7,208,0
263,8,0,0,0,0,0,0,0,0,0
186,8,6,168,131,68,16,0,6,36,0
1760,8,1,91,1,86,1,85,1,83,0
737,8,0,0,0,0,0,0,0,4,0
852,8,31,246,192,0,0,5,40,0,0
1505,8,137,63,224,11,10,0,220,128,0
354,8,0,8,3,147,234,17,244,206,0
167,8,0,16,249,100,177,39,96,160,0
293,8,144,0,64,95,65,255,71,96,0
1227,8,128,0,0,0,0,14,0,0,0
640,8,24,224,2,112,0,0,0,0,0
14,8,32,82,86,2,8,9,118,38,0
339,8,0,0,0,0,0,12,0,2,0
661,8,0,0,0,0,0,0,8,64,0
1634,8,78,224,0,0,64,0,0,0,0
412,8,0,152,32,12,194,0,40,176,0
208,8,2,119,12,96,119,1,132,0,0
51,8,0,7,224,0,12,0,7,208,0
628,8,0,242,32,254,80,124,134,67,0
192,8,32,0,0,0,0,0,0,0,0
403,8,0,8,8,3,232,104,0,0,0
526,8,78,32,3,160,196,63,143,247,0
1314,8,223,127,208,0,124,56,0,28,0
870,8,129,29,200,2,1,71,206,56,0
1408,8,0,0,0,3,195,136,0,0,0
852,8,31,246,192,0,0,5,32,128,0
1505,8,137,63,224,11,10,0,216,128,0
651,8,0,0,0,0,0,0,0,0,0
1076,8,1,198,64,170,10,9,234,0,0
1760,8,1,88,1,86,1,85,1,85,0
167,8,0,16,249,100,193,39,112,160,0
61,8,0,0,9,128,0,0,0,0,0
1176,8,135,255,191,252,103,128,98,12,0
560,8,248,0,0,2,236,0,14,0,0
1694,8,4,64,4,127,31,192,21,194,0
293,8,144,0,64,159,65,255,9,96,0
1459,8,4,0,0,0,0,0,4,0,0
14,8,32,82,86,2,8,9,118,38,0
208,8,10,119,12,96,115,1,135,0,0
51,8,0,7,216,0,12,64,7,208,0
263,8,0,0,0,0,0,0,0,0,0
1760,8,1,88,1,86,1,86,1,85,0
961,8,123,85,31,187,98,3,41,46,0
737,8,0,0,0,0,0,0,0,4,0
852,8,31,246,192,0,0,5,17,128,0
1505,8,137,63,224,11,10,0,220,128,0
354,8,0,8,3,147,234,17,244,206,0
167,8,0,16,251,100,177,39,112,160,0
293,8,144,0,64,95,65,255,11,96,0
14,8,32,82,86,2,8,9,118,44,0
339,8,0,0,0,0,0,12,0,2,0
1634,8,78,224,0,0,64,0,0,0,0
412,8,4,148,32,12,194,0,40,176,0
208,8,18,119,12,96,114,1,135,0,0
51,8,0,7,208,0,12,128,7,208,0
628,8,0,242,34,252,80,124,134,67,0
192,8,32,0,0,0,0,0,0,0,0
813,8,128,0,4,32,172,1,0,32,0
1277,8,17,84,10,77,113,16,75,8,0
403,8,0,8,8,3,232,88,0,0,0
526,8,78,32,3,160,196,191,111,239,0
1314,8,223,127,208,0,123,192,0,28,0
870,8,129,29,200,2,1,71,206,56,0
1408,8,0,0,0,3,188,8,0,0,0
852,8,31,246,192,0,0,5,17,128,0
1505,8,137,63,224,11,10,0,224,128,0
651,8,0,0,0,0,0,0,0,0,0
1076,8,1,229,160,170,10,26,10,16,0
1760,8,1,90,1,88,1,86,1,85,0
167,8,0,16,251,228,193,39,112,160,0
692,8,20,233,158,0,0,0,88,0,0
458,8,63,249,255,128,0,0,12,64,0
1176,8,135,255,191,252,100,128,98,141,0
560,8,247,0,0,2,236,0,16,0,0
1694,8,4,64,4,127,31,192,21,162,0
293,8,144,0,64,159,65,254,205,96,0
14,8,32,82,86,2,8,9,118,62,0
661,8,0,0,0,0,0,0,8,64,0
208,8,26,119,12,96,111,1,137,0,0
51,8,0,7,200,0,12,192,7,208,0
1399,8,0,0,8,0,0,0,1,82,0
263,8,0,0,0,0,0,0,0,0,0
186,8,6,168,131,68,16,0,6,36,0
241,8,62,16,28,192,3,89,204,0,0
1049,8,10,155,70,77,4,95,194,143,0
1760,8,1,90,1,88,1,89,1,87,0
737,8,0,0,0,0,0,0,0,4,0
852,8,31,246,192,0,0,5,10,0,0
1505,8,137,63,224,11,10,0,224,128,0
354,8,0,8,3,131,234,17,244,206,0
167,8,0,16,250,100,177,39,112,160,0
675,8,0,0,0,132,18,128,69,16,0
293,8,144,0,64,159,65,254,175,96,0
961,8,123,85,31,187,97,67,233,46,0
14,8,32,82,86,2,8,9,118,44,0
339,8,0,0,0,0,0,12,0,2,0
1634,8,78,224,0,0,64,0,0,0,0
412,8,8,144,32,12,194,0,40,176,0
208,8,34,119,12,96,110,1,137,0,0
51,8,0,7,192,0,13,0,7,208,0
628,8,0,242,36,250,80,124,134,67,0
192,8,32,0,0,0,0,0,0,0,0
403,8,0,8,8,3,232,88,0,0,0
526,8,78,32,3,160,197,63,111,255,0
1314,8,223,127,208,0,123,72,0,28,0
870,8,129,29,200,2,1,71,206,56,0
852,8,31,246,192,0,0,5,10,0,0
1505,8,137,63,224,11,10,0,216,128,0
651,8,0,0,0,0,0,0,0,0,0
1408,8,0,0,0,3,180,136,0,0,0
1076,8,2,8,32,170,26,58,26,48,0
1788,8,0,0,7,98,210,181,216,0,0
1760,8,1,91,1,87,1,89,1,87,0
167,8,0,16,248,228,193,39,128,160,0
569,8,0,0,0,125,0,0,68,160,0
1176,8,135,255,191,252,98,128,98,206,0
560,8,246,0,0,2,236,0,18,0,0
1694,8,4,64,4,127,31,192,21,162,0
293,8,144,0,64,159,65,254,145,96,0
14,8,32,82,86,2,8,9,118,38,0
208,8,42,119,12,96,108,1,138,0,0
51,8,0,7,184,0,13,64,7,208,0
215,8,0,0,2,0,128,0,0,0,0
263,8,0,0,0,0,0,0,0,0,0
1760,8,1,91,1,87,1,90,1,89,0
737,8,0,0,0,0,0,0,0,4,0
852,8,31,246,128,0,0,5,3,0,0
1505,8,137,63,224,11,10,0,216,128,0
354,8,0,8,3,131,234,17,244,206,0
167,8,0,16,250,100,177,39,144,160,0
1175,8,0,0,0,0,0,0,0,0,0
293,8,144,0,64,159,65,254,115,96,0
14,8,32,82,86,2,8,9,118,50,0
738,8,24,8,13,64,64,0,1,24,0
837,8,5,2,2,194,60,119,64,129,0
1072,8,0,47,68,139,214,128,16,160,0
339,8,0,0,0,0,0,12,0,2,0
661,8,0,0,0,0,0,0,8,64,0
1634,8,78,224,0,0,64,0,0,0,0
412,8,12,140,32,12,194,0,40,176,0
208,8,50,119,12,96,107,1,138,0,0
51,8,0,7,176,0,13,128,7,208,0
628,8,0,242,38,248,80,124,134,67,0
192,8,32,0,0,0,0,0,0,0,0
304,8,0,1,80,0,0,0,0,0,0
403,8,0,8,8,3,232,88,0,0,0
526,8,78,32,3,160,198,63,143,255,0
1314,8,223,127,208,0,122,208,0,28,0
961,8,123,85,31,187,160,132,105,46,0
870,8,129,29,200,2,1,71,206,56,0
852,8,31,246,128,0,0,4,244,0,0
1505,8,137,63,224,11,10,0,220,128,0
651,8,0,0,0,0,0,0,0,0,0
1408,8,0,0,0,3,173,8,0,0,0
1076,8,2,40,32,170,58,74,58,64,0
1760,8,1,88,1,87,1,90,1,89,0
167,8,0,16,251,228,177,39,128,160,0
722,8,0,0,48,0,0,0,0,0,0
1372,8,16,27,0,0,65,130,48,0,0
1176,8,135,255,191,252,95,128,99,79,0
1124,8,0,2,64,0,0,144,24,86,0
560,8,245,0,0,2,236,0,20,0,0
1694,8,4,64,4,127,31,192,21,162,0
293,8,144,0,64,159,65,254,85,96,0
14,8,32,82,86,2,8,9,118,62,0
208,8,58,119,12,96,104,1,140,0,0
51,8,0,7,168,0,13,192,7,208,0
263,8,0,0,0,0,0,0,0,0,0
186,8,6,168,131,68,16,0,6,36,0
663,8,17,0,0,32,0,2,81,16,0
1307,8,40,26,50,9,178,129,128,193,0
813,8,128,0,4,32,172,1,0,32,0
1760,8,1,88,1,87,1,91,1,91,0
1277,8,17,86,10,77,115,16,203,8,0
737,8,0,0,0,0,0,0,0,4,0
852,8,31,246,128,0,0,4,244,0,0
1505,8,137,63,224,11,10,0,224,128,0
354,8,0,8,3,131,234,17,244,206,0
167,8,0,16,250,228,193,39,128,160,0
622,8,1,6,64,130,137,14,10,4,0
1644,8,0,0,0,0,24,0,0,0,0
293,8,144,0,64,159,65,254,55,96,0
1413,8,0,64,0,0,0,2,0,24,0
14,8,32,82,86,2,8,9,118,44,0
1255,8,0,0,0,20,3,102,0,0,0
339,8,0,0,0,0,0,12,0,2,0
1634,8,78,224,0,0,64,0,0,0,0
1668,8,76,213,128,25,65,84,16,30,0
1590,8,36,156,0,0,240,0,192,0,0
727,8,16,0,96,216,0,0,0,8,0
412,8,16,138,32,12,130,0,40,176,0
208,8,66,119,12,96,103,1,140,0,0
403,8,0,8,8,3,232,88,0,0,0
526,8,78,32,3,160,198,191,143,255,0
1314,8,223,127,208,0,122,88,0,28,0
705,8,1,243,79,199,202,31,214,38,0
51,8,0,7,160,0,14,0,7,208,0
852,8,31,246,128,0,0,4,236,128,0
1505,8,137,63,224,11,10,0,216,128,0
651,8,0,0,0,0,0,0,0,0,0
628,8,0,242,40,246,80,124,134,65,0
192,8,32,0,0,0,0,0,0,0,0
167,8,0,16,249,100,193,39,128,160,0
1031,8,64,1,95,240,20,64,189,160,0
60,8,0,0,4,0,42,0,0,0,0
996,8,0,208,0,0,133,0,0,0,0
1628,8,64,8,194,117,32,15,0,0,0
519,8,4,4,96,72,42,222,149,24,0
244,8,154,12,1,2,4,177,2,64,0
870,8,129,29,200,2,1,71,206,56,0
1694,8,4,64,4,127,31,192,21,162,0
293,8,144,0,64,159,65,254,25,96,0
1408,8,0,0,0,3,165,136,0,0,0
1076,8,2,64,0,170,74,106,74,96,0
961,8,123,85,31,188,159,4,233,46,0
1760,8,1,89,1,88,1,91,1,91,0
1176,8,135,255,191,252,108,128,99,192,0
1225,8,1,249,21,130,13,2,246,75,0
470,8,2,15,130,128,48,36,5,128,0
14,8,32,82,86,2,8,9,118,38,0
1399,8,0,0,8,0,0,0,1,82,0
117,8,15,50,0,15,174,30,224,0,0
560,8,244,0,0,2,236,0,22,0,0
661,8,0,0,0,0,0,0,8,64,0
208,8,74,119,12,96,100,1,142,0,0
51,8,0,7,152,0,14,64,7,208,0
263,8,0,0,0,0,0,0,0,0,0
1760,8,1,89,1,88,1,92,1,91,0
737,8,0,0,0,0,0,0,0,4,0
852,8,31,246,128,0,0,4,221,128,0
1505,8,137,63,224,11,10,0,216,128,0
354,8,0,8,3,131,234,17,244,206,0
167,8,0,16,249,228,193,39,144,160,0
58,8,0,0,0,0,0,29,8,0,0
293,8,144,0,64,159,65,253,251,96,0
14,8,32,82,86,2,8,9,118,50,0
339,8,0,0,0,0,0,12,0,2,0
1634,8,78,224,0,0,64,0,0,0,0
412,8,20,134,32,12,130,0,40,176,0
208,8,82,119,12,96,99,1,142,0,0
51,8,0,7,144,0,14,128,7,208,0
628,8,0,242,42,244,80,124,134,65,0
192,8,32,0,0,0,0,0,0,0,0
248,8,126,223,244,253,73,251,167,184,0
403,8,0,8,8,3,232,88,0,0,0
526,8,78,32,3,160,198,191,79,255,0
1314,8,223,127,208,0,121,224,0,28,0
870,8,129,29,200,2,1,71,206,56,0
852,8,31,246,128,0,0,4,221,128,0
1505,8,137,63,224,11,10,0,220,128,0
651,8,0,0,0,0,0,0,0,0,0
1408,8,0,0,0,3,158,8,0,0,0
167,8,0,16,251,228,177,39,144,160,0
1076,8,2,96,0,170,106,122,106,112,0
1760,8,1,91,1,87,1,92,1,91,0
1459,8,4,0,0,0,0,0,4,0,0
61,8,0,0,9,128,0,0,0,0,0
1176,8,135,255,191,252,105,128,100,65,0
560,8,243,0,0,2,236,0,24,0,0
1694,8,4,64,4,127,31,192,21,162,0
293,8,144,0,64,159,65,253,221,96,0
14,8,32,82,86,2,8,9,118,50,0
208,8,90,119,12,96,96,1,144,0,0
51,8,0,7,136,0,14,192,7,208,0
263,8,0,0,0,0,0,0,0,0,0
186,8,6,168,131,4,16,0,6,36,0
1760,8,1,91,1,87,1,94,1,92,0
961,8,123,85,31,187,95,133,169,46,0
737,8,0,0,0,0,0,0,0,4,0
852,8,31,246,128,0,0,4,214,0,0
1505,8,137,63,224,11,10,0,224,128,0
354,8,0,8,3,131,234,17,244,206,0
167,8,0,16,251,100,193,39,128,160,0
293,8,144,0,64,159,65,253,191,96,0
14,8,32,82,86,2,8,9,118,68,0
339,8,0,0,0,0,0,12,0,2,0
661,8,0,0,0,0,0,0,8,64,0
1634,8,78,224,0,0,64,0,0,0,0
412,8,24,130,32,12,130,0,40,176,0
208,8,98,119,12,96,95,1,144,0,0
51,8,0,7,128,0,15,0,7,208,0
628,8,0,242,44,242,80,124,134,65,0
192,8,32,0,0,0,0,0,0,0,0
813,8,128,0,4,32,172,1,0,32,0
403,8,0,8,8,3,232,88,0,0,0
526,8,78,32,3,160,199,63,111,247,0
1314,8,223,127,208,0,121,104,0,28,0
870,8,129,29,200,2,1,71,206,56,0
1408,8,0,0,0,3,150,136,0,0,0
692,8,20,233,158,0,0,0,88,0,0
852,8,31,246,128,0,0,4,214,0,0
1505,8,137,63,224,11,10,0,220,128,0
651,8,0,0,0,0,0,0,0,0,0
1076,8,2,138,160,170,122,138,122,112,0
1760,8,1,91,1,87,1,94,1,92,0
167,8,0,16,249,100,193,39,128,160,0
458,8,63,249,255,128,0,0,12,64,0
1176,8,135,255,191,252,103,128,100,130,0
1277,8,17,84,10,77,113,16,74,136,0
560,8,242,0,0,2,236,0,26,0,0
1694,8,4,64,4,127,31,192,21,194,0
293,8,144,0,64,159,65,255,129,96,0
14,8,32,82,86,2,8,9,118,44,0
208,8,106,119,12,96,93,1,145,0,0
51,8,0,7,120,0,15,64,7,208,0
1399,8,0,0,8,0,0,0,1,82,0
263,8,0,0,0,0,0,0,0,0,0
1760,8,1,89,1,87,1,96,1,94,0
737,8,0,0,0,0,0,0,0,4,0
852,8,31,246,128,0,0,4,199,0,0
1505,8,137,63,224,11,10,0,212,128,0
354,8,0,8,3,131,234,17,244,206,0
167,8,0,16,248,228,193,39,160,160,0
675,8,0,0,0,132,18,128,68,16,0
293,8,144,0,64,159,65,255,99,96,0
961,8,123,85,31,187,95,6,41,46,0
14,8,32,82,86,2,8,9,118,38,0
339,8,0,0,0,0,0,12,0,2,0
1634,8,78,224,0,0,64,0,0,0,0
412,8,28,126,32,12,130,0,40,176,0
208,8,114,119,12,96,92,1,145,0,0
51,8,0,7,112,0,15,128,7,208,0
628,8,0,242,46,240,80,124,134,65,0
192,8,32,0,0,0,0,0,0,0,0
403,8,0,8,8,3,232,88,0,0,0
526,8,78,32,3,160,199,63,143,255,0
1314,8,223,127,208,0,120,240,0,28,0
870,8,129,29,200,2,1,71,206,56,0
852,8,31,246,128,0,0,5,48,0,0
1505,8,137,63,224,11,10,0,216,128,0
651,8,0,0,0,0,0,0,0,0,0
1408,8,0,0,0,3,143,8,0,0,0
1788,8,0,0,7,98,242,181,208,0,0
1076,8,2,170,160,170,138,170,138,128,0
1760,8,1,89,1,89,1,96,1,94,0
167,8,0,16,251,100,177,39,160,160,0
569,8,0,0,0,125,0,0,68,160,0
1176,8,135,255,191,252,99,128,101,67,0
560,8,241,0,0,2,236,0,28,0,0
1694,8,4,64,4,127,31,192,21,162,0
293,8,144,0,64,159,65,255,69,96,0
14,8,32,82,86,2,8,9,118,38,0
661,8,0,0,0,0,0,0,8,64,0
208,8,122,119,12,96,88,1,148,0,0
51,8,0,7,104,0,15,192,7,208,0
215,8,0,0,2,0,128,0,0,0,0
263,8,0,0,0,0,0,0,0,0,0
186,8,6,168,131,4,16,0,6,36,0
1760,8,1,91,1,89,1,97,1,96,0
737,8,0,0,0,0,0,0,0,4,0
852,8,31,246,128,0,0,5,48,0,0
1505,8,137,63,224,11,10,0,220,128,0
354,8,0,8,3,115,234,17,244,206,0
167,8,0,16,251,228,177,39,144,160,0
1175,8,0,0,0,0,0,0,0,0,0
293,8,144,0,64,159,65,255,39,96,0
14,8,32,82,86,2,8,9,118,62,0
738,8,24,8,13,64,64,0,1,24,0
837,8,5,2,2,194,60,119,64,129,0
1072,8,0,47,68,139,214,128,16,160,0
339,8,0,0,0,0,0,12,0,2,0
1634,8,78,224,0,0,64,0,0,0,0
412,8,0,154,32,12,130,0,40,176,0
208,8,2,119,12,96,103,1,148,0,0
51,8,0,7,224,0,12,0,7,208,0
628,8,0,242,32,254,80,124,134,65,0
192,8,32,0,0,0,0,0,0,0,0
304,8,0,1,80,0,0,0,0,0,0
403,8,0,8,8,3,232,88,0,0,0
526,8,78,32,3,160,200,63,143,255,0
1314,8,223,127,208,0,120,120,0,28,0
961,8,123,85,31,186,222,198,233,46,0
870,8,129,29,200,2,1,71,206,56,0
1408,8,0,0,0,3,135,136,0,0,0
852,8,31,246,128,0,0,5,40,128,0
1505,8,137,63,224,11,10,0,220,128,0
651,8,0,0,0,0,0,0,0,0,0
1076,8,2,202,160,170,170,186,170,160,0
1760,8,1,91,1,88,1,97,1,96,0
167,8,0,16,250,100,177,39,144,160,0
722,8,0,0,56,0,0,0,0,0,0
1176,8,135,255,191,252,97,128,101,132,0
1124,8,0,2,64,0,0,144,23,87,0
631,8,30,1,128,0,0,0,1,8,0
560,8,240,0,0,2,236,0,30,0,0
1694,8,4,64,4,127,31,192,21,162,0
293,8,144,0,64,159,65,255,9,96,0
14,8,32,82,86,2,8,9,118,44,0
208,8,10,119,12,96,101,1,149,0,0
51,8,0,7,216,0,12,64,7,208,0
263,8,0,0,0,0,0,0,0,0,0
813,8,128,0,4,32,172,1,0,32,0
1277,8,17,91,10,77,121,17,75,8,0
1760,8,1,92,1,88,1,98,1,97,0
737,8,0,0,0,0,0,0,0,4,0
852,8,31,246,128,0,0,5,25,128,0
1505,8,137,63,224,11,10,0,216,128,0
354,8,0,8,3,115,234,17,244,206,0
167,8,0,16,248,228,177,39,160,160,0
622,8,1,6,64,130,137,14,10,4,0
930,8,0,0,0,0,12,1,224,0,0
1644,8,0,0,0,0,24,0,0,0,0
293,8,144,0,64,159,65,254,235,96,0
1413,8,0,64,0,0,0,2,0,24,0
14,8,32,82,86,2,8,9,118,32,0
1255,8,0,0,0,20,3,102,0,0,0
339,8,0,0,0,0,0,12,0,2,0
661,8,0,0,0,0,0,0,8,64,0
1634,8,78,224,0,0,64,0,0,0,0
1668,8,76,213,128,25,65,84,16,30,0
1590,8,36,156,0,0,240,0,192,0,0
727,8,16,0,96,216,0,0,0,8,0
412,8,4,150,32,12,130,0,40,176,0
403,8,0,8,8,3,232,88,0,0,0
526,8,78,32,3,160,201,63,143,255,0
1314,8,223,127,208,0,127,128,0,28,0
208,8,18,119,12,96,100,1,149,0,0
51,8,0,7,208,0,12,128,7,208,0
852,8,31,246,128,0,0,5,25,128,0
1505,8,137,63,224,11,10,0,212,128,0
651,8,0,0,0,0,0,0,0,0,0
628,8,0,242,34,252,80,124,134,65,0
192,8,32,0,0,0,0,0,0,0,0
167,8,0,16,249,228,177,39,176,160,0
1031,8,64,1,95,240,20,64,189,160,0
60,8,0,0,4,0,60,0,0,0,0
996,8,0,208,0,0,133,0,0,0,0
1628,8,64,8,194,117,32,15,0,0,0
519,8,4,4,96,72,42,222,149,24,0
244,8,154,12,1,2,4,177,2,64,0
870,8,129,29,200,2,1,71,206,56,0
1694,8,4,64,4,127,31,192,21,162,0
293,8,144,0,64,159,65,254,205,96,0
1408,8,0,0,0,3,248,8,0,0,0
1076,8,2,234,160,170,186,218,186,176,0
961,8,123,85,31,187,93,199,105,46,0
705,8,1,243,111,199,200,159,196,60,0
1760,8,1,92,1,89,1,98,1,97,0
1176,8,135,255,191,252,94,128,102,5,0
1225,8,1,249,21,130,13,2,246,75,0
14,8,32,82,86,2,8,9,118,44,0
470,8,2,11,128,128,48,36,5,128,0
1399,8,0,0,8,0,0,0,1,82,0
560,8,255,0,0,2,236,0,0,0,0
208,8,26,119,12,96,97,1,151,0,0
51,8,0,7,200,0,12,192,7,208,0
263,8,0,0,0,0,0,0,0,0,0
186,8,6,168,130,196,16,0,6,36,0
1760,8,1,91,1,89,1,99,1,98,0
737,8,0,0,0,0,0,0,0,4,0
852,8,31,246,128,0,0,5,18,0,0
1505,8,137,63,224,11,10,0,216,128,0
354,8,0,8,3,115,234,17,244,206,0
167,8,0,16,252,100,177,39,176,160,0
293,8,144,0,64,159,65,254,175,96,0
1227,8,128,0,0,0,0,14,0,0,0
640,8,24,224,2,112,0,0,0,0,0
14,8,32,82,86,2,8,9,118,50,0
339,8,0,0,0,0,0,12,0,2,0
1634,8,78,224,0,0,64,0,0,0,0
412,8,8,146,32,12,130,0,40,176,0
208,8,34,119,12,96,96,1,151,0,0
51,8,0,7,192,0,13,0,7,208,0
628,8,0,242,36,250,80,124,134,65,0
192,8,32,0,0,0,0,0,0,0,0
403,8,0,8,8,3,232,88,0,0,0
526,8,78,32,3,160,201,63,143,247,0
1314,8,223,127,208,0,127,8,0,28,0
870,8,129,29,200,2,1,71,206,56,0
852,8,31,246,128,0,0,5,18,0,0
1505,8,137,63,224,11,10,0,220,128,0
651,8,0,0,0,0,0,0,0,0,0
1408,8,0,0,0,3,240,136,0,0,0
1076,8,3,10,128,170,218,234,218,208,0
1760,8,1,91,1,91,1,99,1,98,0
167,8,0,16,251,100,177,39,160,160,0
61,8,0,0,9,128,0,0,0,0,0
1176,8,135,255,191,252,92,128,102,70,0
560,8,254,0,0,2,236,0,2,0,0
1694,8,4,64,4,127,31,192,21,162,0
293,8,144,0,64,159,65,254,145,96,0
1459,8,4,0,0,0,0,0,4,0,0
14,8,32,82,86,2,8,9,118,50,0
661,8,0,0,0,0,0,0,8,64,0
208,8,42,119,12,96,94,1,152,0,0
51,8,0,7,184,0,13,64,7,208,0
263,8,0,0,0,0,0,0,0,0,0
1760,8,1,95,1,91,1,100,1,99,0
961,8,123,85,31,187,156,200,41,46,0
737,8,0,0,0,0,0,0,0,4,0
852,8,31,246,64,0,0,5,11,0,0
1505,8,137,63,224,11,10,0,216,128,0
354,8,0,8,3,115,234,17,244,206,0
167,8,0,16,249,100,177,39,176,160,0
1372,8,16,27,0,0,65,130,48,0,0
293,8,144,0,64,159,65,254,115,96,0
14,8,32,82,86,2,8,9,118,44,0
339,8,0,0,0,0,0,12,0,2,0
1634,8,78,224,0,0,64,0,0,0,0
412,8,12,142,32,12,130,0,40,176,0
208,8,50,119,12,96,93,1,152,0,0
51,8,0,7,176,0,13,128,7,208,0
628,8,0,242,38,248,80,124,134,65,0
192,8,32,0,0,0,0,0,0,0,0
452,8,0,0,2,0,0,128,0,0,0
676,8,46,140,2,28,4,8,152,208,0
692,8,20,233,158,0,0,0,88,0,0
403,8,0,8,8,3,232,88,0,0,0
526,8,78,32,3,160,201,191,143,247,0
1314,8,223,127,208,0,126,144,0,28,0
870,8,129,29,200,2,1,71,206,56,0
852,8,31,246,64,0,0,4,252,0,0
1505,8,137,63,224,11,10,0,212,128,0
651,8,0,0,0,0,0,0,0,0,0
1408,8,0,0,0,3,233,8,0,0,0
1076,8,3,42,0,170,235,10,234,224,0
167,8,0,16,249,228,193,39,176,160,0
1760,8,1,95,1,91,1,100,1,99,0
458,8,63,249,255,128,0,0,12,64,0
1176,8,135,255,191,252,90,128,102,135,0
813,8,128,0,4,32,172,1,0,32,0
1277,8,17,89,10,77,119,17,75,8,0
560,8,253,0,0,2,236,0,4,0,0
1694,8,4,64,4,127,31,192,21,162,0
293,8,144,0,64,159,65,254,85,96,0
14,8,32,82,86,2,8,9,118,38,0
208,8,58,119,12,96,91,1,153,0,0
51,8,0,7,168,0,13,192,7,208,0
1399,8,0,0,8,0,0,0,1,82,0
263,8,0,0,0,0,0,0,0,0,0
186,8,6,168,130,132,16,0,6,36,0
1760,8,1,94,1,91,1,100,1,99,0
737,8,0,0,0,0,0,0,0,4,0
852,8,31,246,64,0,0,4,252,0,0
1505,8,137,63,224,11,10,0,216,128,0
354,8,0,8,3,115,234,17,244,206,0
167,8,0,16,251,228,177,39,176,160,0
675,8,0,0,0,132,18,128,69,16,0
293,8,144,0,64,159,65,254,55,96,0
961,8,123,85,31,187,156,72,169,46,0
14,8,32,82,86,2,8,9,118,44,0
339,8,0,0,0,0,0,12,0,2,0
661,8,0,0,0,0,0,0,8,64,0
1634,8,78,224,0,0,64,0,0,0,0
412,8,16,142,32,12,2,0,40,176,0
208,8,66,119,12,96,90,1,153,0,0
51,8,0,7,160,0,14,0,7,208,0
628,8,0,242,40,246,80,124,134,65,0
192,8,32,0,0,0,0,0,0,0,0
403,8,0,8,8,3,232,88,0,0,0
526,8,78,32,3,160,202,191,175,247,0
1314,8,223,127,208,0,126,24,0,28,0
870,8,129,29,200,2,1,71,206,56,0
1408,8,0,0,0,3,225,136,0,0,0
852,8,31,246,64,0,0,4,244,128,0
1505,8,137,63,224,11,10,0,216,128,0
651,8,0,0,0,0,0,0,0,0,0
1076,8,3,74,160,171,11,27,11,0,0
1760,8,1,94,1,92,1,100,1,99,0
1788,8,0,0,7,99,82,181,200,0,0
167,8,0,16,251,100,193,39,176,160,0
569,8,0,0,0,125,0,0,68,160,0
1176,8,135,255,191,252,88,128,102,200,0
560,8,252,0,0,2,236,0,6,0,0
1694,8,4,64,4,127,31,192,21,194,0
293,8,144,0,64,159,65,254,25,96,0
14,8,32,82,86,2,8,9,118,62,0
208,8,74,119,12,96,88,1,154,0,0
51,8,0,7,152,0,14,64,7,208,0
215,8,0,0,2,0,128,0,0,0,0
263,8,0,0,0,0,0,0,0,0,0
1621,8,136,3,252,0,48,0,0,0,0
1760,8,1,93,1,92,1,101,1,101,0
737,8,0,0,0,0,0,0,0,4,0
852,8,31,246,64,0,0,4,229,128,0
1505,8,137,63,224,11,10,0,216,128,0
354,8,0,8,3,99,234,17,244,206,0
167,8,0,16,249,100,177,39,176,160,0
1175,8,0,0,0,0,0,0,0,0,0
293,8,144,0,64,159,65,253,251,96,0
14,8,32,82,86,2,8,9,118,32,0
738,8,24,8,13,64,64,0,1,24,0
837,8,5,2,2,194,60,119,64,129,0
1072,8,0,47,68,139,214,128,16,160,0
339,8,0,0,0,0,0,12,0,2,0
1634,8,78,224,0,0,64,0,0,0,0
412,8,20,138,32,12,2,0,40,176,0
208,8,82,119,12,96,87,1,154,0,0
51,8,0,7,144,0,14,128,7,208,0
628,8,0,242,42,244,80,124,134,61,0
192,8,32,0,0,0,0,0,0,0,0
304,8,0,1,80,0,0,0,0,0,0
403,8,0,8,8,3,232,88,0,0,0
526,8,78,32,3,160,202,191,175,255,0
1314,8,223,127,208,0,125,160,0,28,0
961,8,123,85,31,188,27,9,105,46,0
870,8,129,29,200,2,1,71,206,56,0
1408,8,0,0,0,3,218,8,0,0,0
852,8,31,246,64,0,0,4,229,128,0
1505,8,137,63,224,11,10,0,212,128,0
651,8,0,0,0,0,0,0,0,0,0
1076,8,3,106,160,171,27,43,11,16,0
1760,8,1,93,1,92,1,101,1,101,0
167,8,0,16,249,100,177,39,192,160,0
722,8,0,0,64,0,0,0,0,0,0
1176,8,135,255,191,252,86,128,103,9,0
1124,8,0,2,64,0,0,144,22,88,0
560,8,251,0,0,2,236,0,8,0,0
1694,8,4,64,4,127,31,192,21,162,0
293,8,144,0,64,159,65,253,221,96,0
14,8,32,82,86,2,8,9,118,38,0
661,8,0,0,0,0,0,0,8,64,0
208,8,90,119,12,96,85,1,155,0,0
51,8,0,7,136,0,14,192,7,208,0
263,8,0,0,0,0,0,0,0,0,0
186,8,6,168,130,132,16,0,6,36,0
1307,8,40,66,169,202,58,145,137,65,0
813,8,128,0,4,32,172,1,0,32,0
1277,8,17,85,10,77,113,16,75,8,0
1760,8,1,96,1,93,1,102,1,102,0
737,8,0,0,0,0,0,0,0,4,0
852,8,31,246,64,0,0,4,222,0,0
1505,8,137,63,224,11,10,0,212,128,0
354,8,0,8,3,99,234,17,244,206,0
167,8,0,16,250,228,177,39,192,160,0
622,8,1,6,64,130,137,14,10,4,0
1644,8,0,0,0,0,24,0,0,0,0
293,8,144,0,64,159,65,253,191,96,0
1413,8,0,64,0,0,0,2,0,24,0
14,8,32,82,86,2,8,9,118,44,0
1255,8,0,0,0,20,3,102,0,0,0
339,8,0,0,0,0,0,12,0,2,0
1634,8,78,224,0,0,64,0,0,0,0
1668,8,76,213,128,25,65,84,16,30,0
1590,8,36,156,0,0,240,0,208,0,0
727,8,16,0,96,216,0,0,0,8,0
412,8,24,134,32,12,2,0,40,176,0
208,8,98,119,12,96,84,1,155,0,0
403,8,0,8,8,3,232,88,0,0,0
526,8,78,32,3,160,203,63,143,255,0
1314,8,223,127,208,0,125,40,0,28,0
51,8,0,7,128,0,15,0,7,208,0
628,8,0,242,44,242,80,124,134,61,0
192,8,32,0,0,0,0,0,0,0,0
852,8,31,246,64,0,0,4,222,0,0
1505,8,137,63,224,11,10,0,220,128,0
651,8,0,0,0,0,0,0,0,0,0
167,8,0,16,251,228,177,39,176,160,0
1031,8,64,1,95,240,20,64,189,160,0
60,8,0,0,4,0,42,0,0,0,0
996,8,0,208,0,0,133,0,0,0,0
1628,8,64,8,194,117,32,15,0,0,0
519,8,4,4,96,72,42,222,149,24,0
244,8,154,12,1,2,4,177,2,64,0
870,8,129,29,200,2,1,71,206,56,0
1408,8,0,0,0,3,210,136,0,0,0
1694,8,4,64,4,127,31,192,21,194,0
293,8,144,0,64,159,65,255,129,96,0
1076,8,3,130,160,171,43,75,27,32,0
1760,8,1,96,1,93,1,102,1,102,0
961,8,123,85,31,187,91,73,233,46,0
1176,8,135,255,191,252,84,128,103,74,0
1225,8,1,249,21,130,13,2,246,75,0
470,8,2,15,130,128,48,36,5,128,0
1399,8,0,0,8,0,0,0,1,82,0
14,8,32,82,86,2,8,9,118,50,0
560,8,250,0,0,2,236,0,10,0,0
208,8,106,119,12,96,82,1,156,0,0
51,8,0,7,120,0,15,64,7,208,0
263,8,0,0,0,0,0,0,0,0,0
1760,8,1,98,1,94,1,102,1,102,0
705,8,1,242,239,199,201,159,180,80,0
737,8,0,0,0,0,0,0,0,4,0
852,8,31,246,64,0,0,4,207,0,0
1505,8,137,63,224,11,10,0,216,128,0
354,8,0,8,3,99,234,17,244,206,0
167,8,0,16,249,228,177,39,176,160,0
293,8,144,0,64,159,65,255,99,96,0
14,8,32,82,86,2,8,9,118,44,0
339,8,0,0,0,0,0,12,0,2,0
661,8,0,0,0,0,0,0,8,64,0
1634,8,78,224,0,0,64,0,0,0,0
412,8,28,130,32,12,2,0,40,176,0
208,8,114,119,12,96,81,1,156,0,0
51,8,0,7,112,0,15,128,7,208,0
628,8,0,242,46,240,80,124,134,61,0
192,8,32,0,0,0,0,0,0,0,0
403,8,0,8,8,3,232,88,0,0,0
526,8,78,32,3,160,204,63,79,247,0
1314,8,223,127,208,0,124,176,0,28,0
870,8,129,29,200,2,1,71,206,56,0
1408,8,0,0,0,3,203,8,0,0,0
852,8,31,246,64,0,0,5,56,0,0
1505,8,137,63,224,11,10,0,212,128,0
651,8,0,0,0,0,0,0,0,0,0
1076,8,3,170,160,171,75,91,43,64,0
1760,8,1,98,1,94,1,102,1,102,0
167,8,0,16,249,100,177,39,192,160,0
61,8,0,0,9,128,0,0,0,0,0
1176,8,135,255,191,252,82,128,103,139,0
560,8,249,0,0,2,236,0,12,0,0
1459,8,4,0,0,0,0,0,4,0,0
1694,8,4,64,4,127,31,192,21,194,0
293,8,144,0,64,159,65,255,69,96,0
14,8,32,82,86,2,8,9,118,38,0
208,8,122,119,12,96,79,1,157,0,0
51,8,0,7,104,0,15,192,7,208,0
263,8,0,0,0,0,0,0,0,0,0
186,8,6,168,130,132,16,0,6,36,0
1760,8,1,99,1,95,1,102,1,102,0
961,8,123,85,31,186,219,10,169,46,0
737,8,0,0,0,0,0,0,0,4,0
852,8,31,246,64,0,0,5,56,0,0
1505,8,137,63,224,11,10,0,216,128,0
354,8,0,8,3,99,234,17,244,206,0
167,8,0,16,250,228,193,39,192,160,0
293,8,144,0,64,159,65,255,39,96,0
14,8,32,82,86,2,8,9,118,50,0
339,8,0,0,0,0,0,12,0,2,0
1634,8,78,224,0,0,64,0,0,0,0
412,8,0,158,32,12,2,0,40,176,0
208,8,2,119,12,96,94,1,157,0,0
51,8,0,7,224,0,12,0,7,208,0
628,8,0,242,32,254,80,124,134,61,0
192,8,32,0,0,0,0,0,0,0,0
813,8,128,0,4,32,172,1,0,32,0
1277,8,17,90,10,77,121,17,75,8,0
692,8,20,233,158,0,0,0,88,0,0
403,8,0,8,8,3,232,88,0,0,0
526,8,78,32,3,160,204,63,111,255,0
1314,8,223,127,208,0,124,56,0,28,0
870,8,129,29,200,2,1,71,206,56,0
852,8,31,246,64,0,0,5,48,128,0
1505,8,137,63,224,11,10,0,220,128,0
651,8,0,0,0,0,0,0,0,0,0
1408,8,0,0,0,3,195,136,0,0,0
1076,8,3,202,160,171,91,123,75,80,0
1760,8,1,99,1,95,1,102,1,102,0
167,8,0,16,251,100,177,39,176,160,0
458,8,63,249,255,128,0,0,12,64,0
1176,8,135,255,191,252,81,128,103,140,0
560,8,248,0,0,2,236,0,14,0,0
1694,8,4,64,4,127,31,192,21,162,0
293,8,144,0,64,95,65,255,41,96,0
14,8,32,82,86,2,8,9,118,44,0
661,8,0,0,0,0,0,0,8,64,0
208,8,10,119,12,96,93,1,157,0,0
51,8,0,7,216,0,12,64,7,208,0
1399,8,0,0,8,0,0,0,1,82,0
263,8,0,0,0,0,0,0,0,0,0
1760,8,1,99,1,96,1,102,1,102,0
737,8,0,0,0,0,0,0,0,4,0
852,8,31,246,64,0,0,5,33,128,0
1505,8,137,63,224,11,10,0,216,128,0
354,8,0,8,3,99,234,17,244,206,0
167,8,0,16,250,100,193,39,176,160,0
675,8,0,0,0,132,18,128,70,144,0
293,8,144,0,64,159,65,254,235,96,0
961,8,123,85,31,186,218,139,41,46,0
14,8,32,82,86,2,8,9,118,44,0
339,8,0,0,0,0,0,12,0,2,0
1634,8,78,224,0,0,64,0,0,0,0
412,8,4,154,32,12,2,0,40,176,0
208,8,18,119,12,96,92,1,157,0,0
51,8,0,7,208,0,12,128,7,208,0
628,8,0,242,34,252,80,124,134,61,0
192,8,32,0,0,0,0,0,0,0,0
403,8,0,8,8,3,232,104,0,0,0
526,8,78,32,3,160,204,191,111,255,0
1314,8,223,127,208,0,123,192,0,28,0
870,8,129,29,200,2,1,71,206,56,0
852,8,31,246,64,0,0,5,33,128,0
1505,8,137,63,224,11,10,0,216,128,0
651,8,0,0,0,0,0,0,0,0,0
1408,8,0,0,0,3,188,8,0,0,0
1076,8,3,234,160,171,123,139,91,112,0
1760,8,1,99,1,96,1,102,1,102,0
1788,8,0,0,7,98,210,181,192,0,0
167,8,0,16,248,228,193,39,176,160,0
569,8,0,0,0,125,0,0,68,160,0
1176,8,135,255,191,252,80,128,103,141,0
560,8,247,0,0,2,236,0,16,0,0
1694,8,4,64,4,127,31,192,21,194,0
293,8,144,0,64,159,65,254,205,96,0
14,8,32,82,86,2,8,9,118,32,0
208,8,26,119,12,96,91,1,157,0,0
51,8,0,7,200,0,12,192,7,208,0
215,8,0,0,2,0,128,0,0,0,0
263,8,0,0,0,0,0,0,0,0,0
186,8,6,168,130,68,16,0,6,36,0
1760,8,1,102,1,99,1,102,1,102,0
737,8,0,0,0,0,0,0,0,4,0
852,8,31,246,64,0,0,5,26,0,0
1505,8,137,63,224,11,10,0,212,128,0
354,8,0,8,3,83,234,17,244,206,0
167,8,0,16,249,228,177,39,192,160,0
1175,8,0,0,0,0,0,0,0,0,0
293,8,144,0,64,159,65,254,175,96,0
14,8,32,82,86,2,8,9,118,44,0
738,8,24,8,13,64,64,0,1,24,0
837,8,5,2,2,194,60,119,64,129,0
1072,8,0,47,68,139,212,128,16,160,0
339,8,0,0,0,0,0,12,0,2,0
661,8,0,0,0,0,0,0,8,64,0
1634,8,78,224,0,0,64,0,0,0,0
412,8,8,150,32,12,2,0,40,176,0
208,8,34,119,12,96,90,1,157,0,0
51,8,0,7,192,0,13,0,7,208,0
628,8,0,242,36,250,80,124,134,61,0
192,8,32,0,0,0,0,0,0,0,0
304,8,0,1,80,0,0,0,0,0,0
403,8,0,8,8,3,232,88,0,0,0
526,8,78,31,255,160,205,63,111,255,0
1314,8,223,127,208,0,123,72,0,28,0
961,8,123,85,31,187,25,139,233,46,0
870,8,129,29,200,2,1,71,206,56,0
852,8,31,246,64,0,0,5,26,0,0
1505,8,137,63,224,11,10,0,216,128,0
651,8,0,0,0,0,0,0,0,0,0
1408,8,0,0,0,3,180,136,0,0,0
1076,8,4,10,160,171,139,171,123,128,0
1760,8,1,102,1,99,1,102,1,102,0
167,8,0,16,251,100,193,39,192,160,0
722,8,0,0,72,0,0,0,0,0,0
1372,8,16,27,0,0,65,130,48,0,0
1176,8,135,255,191,252,79,128,103,142,0
1124,8,0,2,64,0,0,144,21,89,0
560,8,246,0,0,2,236,0,18,0,0
1694,8,4,64,4,127,31,192,21,194,0
293,8,144,0,64,159,65,254,145,96,0
14,8,32,82,86,2,8,9,118,32,0
208,8,42,119,12,96,89,1,157,0,0
51,8,0,7,184,0,13,64,7,208,0
263,8,0,0,0,0,0,0,0,0,0
813,8,128,0,4,32,172,1,0,32,0
1277,8,17,85,10,76,115,16,75,8,0
1760,8,1,102,1,99,1,102,1,102,0
737,8,0,0,0,0,0,0,0,4,0
852,8,31,246,64,0,0,5,11,0,0
1505,8,137,63,224,11,10,0,216,128,0
354,8,0,8,3,83,234,17,244,206,0
167,8,0,16,250,228,193,39,160,160,0
622,8,1,6,64,130,137,14,10,4,0
1644,8,0,0,0,0,24,0,0,0,0
293,8,144,0,64,159,65,254,115,96,0
1413,8,0,64,0,0,0,2,0,24,0
14,8,32,82,86,2,8,9,118,50,0
1255,8,0,0,0,20,3,102,0,0,0
339,8,0,0,0,0,0,12,0,2,0
1634,8,78,224,0,0,64,0,0,0,0
1668,8,76,213,128,25,65,84,16,30,0
1590,8,36,156,0,0,240,0,208,0,0
727,8,16,0,96,216,0,0,0,8,0
412,8,12,146,32,12,2,0,40,176,0
208,8,50,119,12,96,88,1,157,0,0
403,8,0,8,8,3,232,88,0,0,0
526,8,78,32,3,160,205,191,143,255,0
1314,8,223,127,208,0,122,208,0,28,0
51,8,0,7,176,0,13,128,7,208,0
628,8,0,242,38,248,80,124,134,61,0
852,8,31,246,64,0,0,4,252,0,0
1505,8,137,63,224,11,10,0,212,128,0
651,8,0,0,0,0,0,0,0,0,0
192,8,32,0,0,0,0,0,0,0,0
167,8,0,16,249,100,177,39,176,160,0
1031,8,64,1,95,240,20,64,189,160,0
60,8,0,0,4,0,43,0,0,0,0
996,8,0,208,0,0,133,0,0,0,0
1628,8,64,8,194,117,32,15,0,0,0
519,8,4,4,96,72,42,222,149,24,0
244,8,154,12,1,2,4,177,2,64,0
870,8,129,29,200,2,1,71,206,56,0
1408,8,0,0,0,3,173,8,0,0,0
1694,8,4,64,4,127,31,192,21,162,0
293,8,144,0,64,159,65,254,85,96,0
1076,8,4,42,160,171,171,187,139,160,0
1760,8,1,102,1,99,1,102,1,102,0
961,8,123,85,31,188,24,12,105,46,0
1176,8,135,255,191,252,78,128,103,143,0
1225,8,1,249,21,130,13,2,246,75,0
470,8,2,11,128,128,48,36,5,128,0
1399,8,0,0,8,0,0,0,1,82,0
14,8,32,82,86,2,8,9,118,38,0
1331,8,237,127,207,126,255,245,239,127,0
560,8,245,0,0,2,236,0,20,0,0
661,8,0,0,0,0,0,0,8,64,0
208,8,58,119,12,96,87,1,157,0,0
51,8,0,7,168,0,13,192,7,208,0
263,8,0,0,0,0,0,0,0,0,0
186,8,6,168,130,4,16,0,6,36,0
1760,8,1,102,1,101,1,102,1,103,0
737,8,0,0,0,0,0,0,0,4,0
852,8,31,246,64,0,0,4,252,0,0
1505,8,137,63,224,11,10,0,212,128,0
354,8,0,8,3,83,234,17,244,206,0
167,8,0,16,250,100,193,39,192,160,0
293,8,144,0,64,159,65,254,55,96,0
705,8,1,243,175,199,200,31,154,100,0
1227,8,128,0,0,0,0,14,0,0,0
640,8,24,224,2,112,0,0,0,0,0
14,8,32,82,86,2,8,9,118,38,0
339,8,0,0,0,0,0,12,0,2,0
1634,8,78,224,0,0,64,0,0,0,0
412,8,16,142,32,12,2,0,40,176,0
208,8,66,119,12,96,86,1,157,0,0
51,8,0,7,160,0,14,0,7,208,0
628,8,0,242,40,246,80,124,134,61,0
192,8,32,0,0,0,0,0,0,0,0
403,8,0,8,8,3,232,88,0,0,0
526,8,78,32,3,160,205,191,143,255,0
1314,8,223,127,208,0,122,88,0,28,0
870,8,129,29,200,2,1,71,206,56,0
852,8,31,246,64,0,0,4,244,128,0
1505,8,137,63,224,11,10,0,212,128,0
651,8,0,0,0,0,0,0,0,0,0
1408,8,0,0,0,3,165,136,0,0,0
1076,8,4,74,160,171,187,219,171,176,0
1760,8,1,102,1,101,1,102,1,103,0
167,8,0,16,251,228,193,39,192,160,0
61,8,0,0,10,0,0,0,0,0,0
1176,8,135,255,191,252,93,128,103,128,0
560,8,244,0,0,2,236,0,22,0,0
1694,8,4,64,4,127,31,192,21,162,0
293,8,144,0,64,159,65,254,25,96,0
1459,8,4,0,0,0,0,0,4,0,0
14,8,32,82,86,2,8,9,118,50,0
208,8,74,119,12,96,85,1,157,0,0
51,8,0,7,152,0,14,64,7,208,0
263,8,0,0,0,0,0,0,0,0,0
1760,8,1,106,1,102,1,102,1,102,0
961,8,123,85,31,187,24,77,41,46,0
737,8,0,0,0,0,0,0,0,4,0
852,8,31,246,64,0,0,4,229,128,0
1505,8,137,63,224,11,10,0,216,128,0
354,8,0,8,3,83,234,17,244,206,0
167,8,0,16,250,228,177,39,176,160,0
293,8,144,0,64,159,65,253,251,96,0
14,8,32,82,86,2,8,9,118,44,0
339,8,0,0,0,0,0,12,0,2,0
661,8,0,0,0,0,0,0,8,64,0
1634,8,78,224,0,0,64,0,0,0,0
412,8,20,138,32,12,2,0,40,176,0
208,8,82,119,12,96,84,1,157,0,0
51,8,0,7,144,0,14,128,7,208,0
628,8,0,242,42,244,80,124,134,61,0
192,8,32,0,0,0,0,0,0,0,0
813,8,128,0,4,32,172,1,0,32,0
403,8,0,8,8,3,232,88,0,0,0
526,8,78,32,3,160,206,63,111,247,0
1314,8,223,127,208,0,121,224,0,28,0
870,8,129,29,200,2,1,71,206,56,0
692,8,20,233,158,0,0,0,88,0,0
852,8,31,246,64,0,0,4,229,128,0
1505,8,137,63,224,11,10,0,208,128,0
651,8,0,0,0,0,0,0,0,0,0
1408,8,0,0,0,3,158,8,0,0,0
1076,8,4,104,0,171,219,235,187,208,0
1760,8,1,106,1,102,1,102,1,102,0
167,8,0,16,249,100,177,39,176,160,0
458,8,63,249,255,128,0,0,12,64,0
1176,8,135,255,191,252,92,128,103,129,0
1277,8,17,92,10,77,123,17,203,8,0
560,8,243,0,0,2,236,0,24,0,0
1694,8,4,64,4,127,31,192,21,194,0
293,8,144,0,64,159,65,253,221,96,0
14,8,32,82,86,2,8,9,118,44,0
208,8,90,119,12,96,83,1,157,0,0
51,8,0,7,136,0,14,192,7,208,0
1399,8,0,0,8,0,0,0,1,82,0
263,8,0,0,0,0,0,0,0,0,0
186,8,6,168,130,4,16,0,6,36,0
1760,8,1,108,1,103,1,103,1,103,0
737,8,0,0,0,0,0,0,0,4,0
852,8,31,246,64,0,0,4,222,0,0
1505,8,137,63,224,11,10,0,208,128,0
354,8,0,8,3,83,234,17,244,206,0
167,8,0,16,249,100,193,39,192,160,0
675,8,0,0,0,132,18,128,70,144,0
293,8,144,0,64,159,65,253,191,96,0
961,8,123,85,31,186,216,13,169,46,0
14,8,32,82,86,2,8,9,118,38,0
339,8,0,0,0,0,0,12,0,2,0
1634,8,78,224,0,0,64,0,0,0,0
412,8,24,134,32,12,2,0,40,176,0
208,8,98,119,12,96,82,1,157,0,0
51,8,0,7,128,0,15,0,7,208,0
628,8,0,242,44,242,80,124,134,61,0
192,8,32,0,0,0,0,0,0,0,0
403,8,0,8,8,3,232,88,0,0,0
526,8,78,32,3,160,206,63,143,247,0
1314,8,223,127,208,0,121,104,0,28,0
870,8,129,29,200,2,1,71,206,56,0
852,8,31,246,64,0,0,4,222,0,0
1505,8,137,63,224,11,10,0,212,128,0
651,8,0,0,0,0,0,0,0,0,0
1408,8,0,0,0,3,150,136,0,0,0
1076,8,0,0,0,171,235,251,219,224,0
1760,8,1,108,1,103,1,103,1,103,0
1788,8,0,0,7,98,114,181,192,0,0
167,8,0,16,251,100,193,39,192,160,0
569,8,0,0,0,125,0,0,68,160,0
1176,8,135,255,191,252,91,128,103,130,0
560,8,242,0,0,2,236,0,26,0,0
1694,8,4,64,4,127,31,192,21,162,0
293,8,144,0,64,159,65,255,129,96,0
14,8,32,82,86,2,8,9,118,26,0
661,8,0,0,0,0,0,0,8,64,0
208,8,106,119,12,96,81,1,157,0,0
51,8,0,7,120,0,15,64,7,208,0
215,8,0,0,2,0,128,0,0,0,0
263,8,0,0,0,0,0,0,0,0,0
1760,8,1,109,1,106,1,103,1,103,0
737,8,0,0,0,0,0,0,0,4,0
852,8,31,246,64,0,0,4,207,0,0
1505,8,137,63,224,11,10,0,212,128,0
354,8,0,8,3,83,234,17,244,206,0
167,8,0,16,251,100,193,39,176,160,0
1175,8,0,0,0,0,0,0,0,0,0
293,8,144,0,64,159,65,255,99,96,0
14,8,32,82,86,2,8,9,118,44,0
738,8,24,8,13,64,64,0,1,24,0
837,8,5,2,2,194,60,119,64,129,0
1072,8,0,47,68,139,212,128,16,160,0
339,8,0,0,0,0,0,12,0,2,0
1634,8,78,224,0,0,64,0,0,0,0
412,8,28,130,32,12,2,0,40,176,0
208,8,114,119,12,96,80,1,157,0,0
51,8,0,7,112,0,15,128,7,208,0
628,8,0,242,46,240,80,124,134,61,0
192,8,32,0,0,0,0,0,0,0,0
304,8,0,1,80,0,0,0,0,0,0
403,8,0,8,8,3,232,88,0,0,0
526,8,78,32,3,160,206,191,143,255,0
1314,8,223,127,208,0,120,240,0,28,0
961,8,123,85,31,187,86,206,105,46,0
870,8,129,29,200,2,1,71,206,56,0
852,8,31,246,64,0,0,5,56,0,0
1505,8,137,63,224,11,10,0,208,128,0
651,8,0,0,0,0,0,0,0,0,0
1408,8,0,0,0,3,143,8,0,0,0
1076,8,0,32,0,171,252,27,235,240,0
1760,8,1,109,1,106,1,103,1,103,0
167,8,0,16,249,228,177,39,176,160,0
722,8,0,0,80,0,0,0,0,0,0
1176,8,135,255,191,252,89,128,103,195,0
1124,8,0,2,64,0,0,144,20,90,0
560,8,241,0,0,2,236,0,28,0,0
1694,8,4,64,4,127,31,192,21,194,0
293,8,144,0,64,159,65,255,69,96,0
14,8,32,82,86,2,8,9,118,38,0
208,8,122,119,12,96,78,1,158,0,0
51,8,0,7,104,0,15,192,7,208,0
263,8,0,0,0,0,0,0,0,0,0
186,8,6,168,130,4,16,0,6,36,0
627,8,0,0,0,8,0,0,0,0,0
452,8,0,0,2,0,0,192,0,0,0
676,8,32,32,3,28,4,8,152,208,0
1760,8,1,109,1,106,1,104,1,103,0
881,8,1,6,0,0,0,0,8,128,0
1661,8,0,24,96,2,8,0,2,32,0
1307,8,40,177,129,177,137,199,248,193,0
737,8,0,0,0,0,0,0,0,4,0
852,8,31,246,64,0,0,5,56,0,0
1505,8,137,63,224,11,10,0,208,128,0
354,8,0,8,3,67,234,17,244,206,0
167,8,0,16,249,100,193,39,192,160,0
813,8,128,0,4,32,172,1,0,32,0
204,8,67,65,7,178,56,175,162,14,0
1277,8,17,87,10,77,117,16,202,136,0
1533,8,189,221,253,128,126,255,237,218,0
1644,8,0,0,0,0,24,0,0,0,0
293,8,144,0,64,159,65,255,39,96,0
622,8,1,6,64,130,137,14,10,4,0
1413,8,0,64,0,0,0,2,0,24,0
14,8,32,82,86,2,8,9,118,32,0
1255,8,0,0,0,20,3,102,0,0,0
339,8,0,0,0,0,0,12,0,2,0
661,8,0,0,0,0,0,0,8,64,0
1634,8,78,224,0,0,64,0,0,0,0
1668,8,76,213,128,25,65,84,16,30,0
1590,8,36,156,0,0,240,0,224,0,0
727,8,16,0,96,216,0,0,0,8,0
412,8,0,158,32,12,2,0,40,176,0
403,8,0,8,8,3,232,88,0,0,0
526,8,78,32,3,160,207,191,111,255,0
1314,8,223,127,208,0,120,120,0,28,0
208,8,2,119,12,96,93,1,158,0,0
51,8,0,7,224,0,12,0,7,208,0
852,8,31,246,64,0,0,5,48,128,0
1505,8,137,63,224,11,10,0,208,128,0
651,8,0,0,0,0,0,0,0,0,0
628,8,0,242,32,254,80,124,134,61,0
192,8,32,0,0,0,0,0,0,0,0
167,8,0,16,250,228,177,39,192,160,0
253,8,0,0,1,0,128,16,0,0,0
1031,8,64,1,95,240,20,64,189,160,0
60,8,0,0,4,0,42,0,0,0,0
244,8,154,12,1,2,4,177,2,64,0
870,8,129,29,200,2,1,71,206,56,0
1408,8,0,0,0,3,135,136,0,0,0
1076,8,0,86,128,172,28,44,28,16,0
1694,8,4,64,4,127,31,192,21,162,0
293,8,144,0,64,159,65,255,9,96,0
1760,8,1,109,1,109,1,104,1,103,0
961,8,123,85,31,187,22,142,233,46,0
1176,8,135,255,191,252,88,128,103,196,0
996,8,0,208,0,0,133,0,0,0,0
1628,8,64,8,194,117,32,15,0,0,0
519,8,4,4,96,72,42,222,149,24,0
14,8,32,82,86,2,8,9,118,44,0
1225,8,1,249,21,130,13,2,246,75,0
470,8,2,15,130,128,48,36,5,128,0
420,8,0,0,0,2,236,204,0,0,0
1399,8,0,0,8,0,0,0,1,82,0
208,8,10,119,12,96,92,1,158,0,0
51,8,0,7,216,0,12,64,7,208,0
263,8,0,0,0,0,0,0,0,0,0
560,8,240,0,0,2,236,0,30,0,0
1760,8,1,112,1,109,1,104,1,103,0
737,8,0,0,0,0,0,0,0,4,0
852,8,31,246,64,0,0,5,33,128,0
1505,8,137,63,224,11,10,0,212,128,0
354,8,0,8,3,67,234,17,244,206,0
167,8,0,16,251,100,193,39,176,160,0
293,8,144,0,64,159,65,254,235,96,0
14,8,32,82,86,2,8,9,118,44,0
339,8,0,0,0,0,0,12,0,2,0
1634,8,78,224,0,0,64,0,0,0,0
412,8,4,154,32,12,2,0,40,176,0
208,8,18,119,12,96,91,1,158,0,0
51,8,0,7,208,0,12,128,7,208,0
628,8,0,242,34,252,80,124,134,61,0
192,8,32,0,0,0,0,0,0,0,0
403,8,0,8,8,3,232,88,0,0,0
526,8,78,32,3,160,208,63,143,247,0
1314,8,223,127,208,0,127,128,0,28,0
705,8,1,243,207,199,202,159,120,122,0
852,8,31,246,64,0,0,5,33,128,0
1505,8,137,63,224,11,10,0,208,128,0
651,8,0,0,0,0,0,0,0,0,0
870,8,129,29,200,2,1,71,206,56,0
1408,8,0,0,0,3,248,8,0,0,0
1076,8,0,119,128,172,44,76,44,64,0
1760,8,1,113,1,111,1,104,1,103,0
167,8,0,16,250,100,193,39,176,160,0
61,8,0,0,10,0,0,0,0,0,0
1176,8,135,255,191,252,87,128,103,197,0
560,8,255,0,0,2,236,0,0,0,0
1694,8,4,64,4,127,31,192,21,162,0
293,8,144,0,64,159,65,254,205,96,0
1459,8,4,0,0,0,0,0,4,0,0
14,8,32,82,86,2,8,9,118,32,0
661,8,0,0,0,0,0,0,8,64,0
208,8,26,119,12,96,90,1,158,0,0
51,8,0,7,200,0,12,192,7,208,0
263,8,0,0,0,0,0,0,0,0,0
186,8,6,168,129,196,16,0,6,40,0
1760,8,1,113,1,111,1,104,1,104,0
961,8,123,85,31,187,85,143,169,46,0
737,8,0,0,0,0,0,0,0,4,0
852,8,31,246,64,0,0,5,26,0,0
1505,8,137,63,224,11,10,0,208,128,0
354,8,0,8,3,67,234,17,244,206,0
167,8,0,16,249,100,193,39,192,160,0
1372,8,16,27,0,0,65,130,48,0,0
293,8,144,0,64,159,65,254,175,96,0
14,8,32,82,86,2,8,9,118,38,0
339,8,0,0,0,0,0,12,0,2,0
1634,8,78,224,0,0,64,0,0,0,0
412,8,8,150,32,12,2,0,40,176,0
208,8,34,119,12,96,89,1,158,0,0
51,8,0,7,192,0,13,0,7,208,0
628,8,0,242,36,250,80,124,134,61,0
192,8,32,0,0,0,0,0,0,0,0
485,8,1,70,4,5,168,65,163,224,0
813,8,128,0,4,32,172,1,0,32,0
692,8,20,233,158,0,0,0,88,0,0
403,8,0,8,8,3,232,88,0,0,0
526,8,78,32,3,160,208,191,175,255,0
1314,8,223,127,208,0,127,8,0,28,0
1277,8,17,86,10,77,115,16,203,8,0
870,8,129,29,200,2,1,71,206,56,0
852,8,31,246,64,0,0,5,26,0,0
1505,8,137,63,224,11,10,0,208,128,0
651,8,0,0,0,0,0,0,0,0,0
1408,8,0,0,0,3,240,136,0,0,0
1076,8,0,136,224,172,76,92,76,80,0
1760,8,1,114,1,111,1,104,1,104,0
167,8,0,16,250,100,193,39,192,160,0
458,8,63,249,255,128,0,0,12,64,0
1176,8,135,255,191,252,86,128,103,198,0
560,8,254,0,0,2,236,0,2,0,0
1694,8,4,64,4,127,31,192,21,194,0
293,8,144,0,64,159,65,254,145,96,0
14,8,32,82,86,2,8,9,118,26,0
208,8,42,119,12,96,88,1,158,0,0
51,8,0,7,184,0,13,64,7,208,0
1399,8,0,0,8,0,0,0,1,82,0
263,8,0,0,0,0,0,0,0,0,0
241,8,62,16,28,192,3,89,204,0,0
1760,8,1,114,1,111,1,104,1,104,0
737,8,0,0,0,0,0,0,0,4,0
852,8,31,246,64,0,0,5,11,0,0
1505,8,137,63,224,11,10,0,208,128,0
354,8,0,8,3,67,234,17,244,206,0
167,8,0,16,251,100,193,39,176,160,0
675,8,0,0,0,132,18,128,70,16,0
293,8,144,0,64,159,65,254,115,96,0
961,8,123,85,31,187,148,208,41,46,0
14,8,32,82,86,2,8,9,118,50,0
339,8,0,0,0,0,0,12,0,2,0
661,8,0,0,0,0,0,0,8,64,0
1634,8,78,224,0,0,64,0,0,0,0
412,8,12,146,32,12,2,0,40,176,0
208,8,50,119,12,96,87,1,158,0,0
51,8,0,7,176,0,13,128,7,208,0
628,8,0,242,38,248,80,124,134,61,0
192,8,32,0,0,0,0,0,0,0,0
403,8,0,8,8,3,232,88,0,0,0
526,8,78,32,3,160,209,63,175,255,0
1314,8,223,127,208,0,126,144,0,28,0
870,8,129,29,200,2,1,71,206,56,0
1408,8,0,0,0,3,233,8,0,0,0
852,8,31,246,64,0,0,4,252,0,0
1505,8,137,63,224,11,10,0,208,128,0
651,8,0,0,0,0,0,0,0,0,0
1076,8,0,168,224,172,92,124,92,112,0
1760,8,1,114,1,113,1,104,1,104,0
1788,8,0,0,7,98,178,181,192,0,0
167,8,0,16,250,228,193,39,176,160,0
569,8,0,0,0,125,0,0,68,160,0
1176,8,135,255,191,252,84,128,104,7,0
560,8,253,0,0,2,236,0,4,0,0
1694,8,4,64,4,127,31,192,21,162,0
293,8,144,0,64,159,65,254,85,96,0
14,8,32,82,86,2,8,9,118,38,0
208,8,58,119,12,96,85,1,159,0,0
51,8,0,7,168,0,13,192,7,208,0
215,8,0,0,2,0,128,0,0,0,0
263,8,0,0,0,0,0,0,0,0,0
186,8,6,168,129,132,16,0,6,40,0
65,8,128,34,0,32,1,0,0,0,0
1760,8,1,114,1,113,1,104,1,105,0
737,8,0,0,0,0,0,0,0,4,0
852,8,31,246,64,0,0,4,252,0,0
1505,8,137,63,224,11,10,0,204,128,0
354,8,0,8,3,67,234,17,244,206,0
167,8,0,16,249,100,193,39,192,160,0
1175,8,0,0,0,0,0,0,0,0,0
293,8,144,0,64,159,65,254,55,96,0
14,8,32,82,86,2,8,9,118,32,0
738,8,24,8,13,64,64,0,1,24,0
837,8,5,2,2,194,60,119,64,129,0
1072,8,0,47,68,139,212,128,16,160,0
339,8,0,0,0,0,0,12,0,2,0
1634,8,78,224,0,0,64,0,0,0,0
412,8,16,142,32,12,2,0,40,176,0
208,8,66,119,12,96,84,1,159,0,0
51,8,0,7,160,0,14,0,7,208,0
628,8,0,242,40,246,80,124,134,61,0
192,8,32,0,0,0,0,0,0,0,0
304,8,0,1,80,0,0,0,0,0,0
403,8,0,8,8,3,232,88,0,0,0
526,8,78,32,3,160,209,191,143,255,0
1314,8,223,127,208,0,126,24,0,28,0
961,8,123,85,31,187,84,80,233,46,0
870,8,129,29,200,2,1,71,206,56,0
1408,8,0,0,0,3,225,136,0,0,0
852,8,31,246,64,0,0,4,244,128,0
1505,8,137,63,224,11,10,0,204,128,0
651,8,0,0,0,0,0,0,0,0,0
1076,8,0,199,32,172,124,140,124,128,0
1760,8,1,114,1,112,1,104,1,105,0
167,8,0,16,250,100,193,39,208,160,0
722,8,0,0,8,0,0,0,0,0,0
1176,8,135,255,191,252,83,128,104,8,0
1124,8,0,2,64,0,0,144,19,91,0
560,8,252,0,0,2,236,0,6,0,0
1694,8,4,64,4,127,31,192,21,162,0
293,8,144,0,64,159,65,254,25,96,0
14,8,32,82,86,2,8,9,118,32,0
661,8,0,0,0,0,0,0,8,64,0
208,8,74,119,12,96,83,1,159,0,0
51,8,0,7,152,0,14,64,7,208,0
263,8,0,0,0,0,0,0,0,0,0
663,8,17,0,0,32,0,2,81,16,0
1455,8,32,192,0,0,0,32,112,0,0
813,8,128,0,4,32,172,1,0,32,0
1277,8,17,85,10,77,113,16,75,8,0
1760,8,1,114,1,112,1,105,1,105,0
737,8,0,0,0,0,0,0,0,4,0
852,8,31,246,64,0,0,4,229,128,0
1505,8,137,63,224,11,10,0,208,128,0
354,8,0,8,3,67,234,17,244,206,0
167,8,0,16,251,100,177,39,192,160,0
1644,8,0,0,0,0,24,0,0,0,0
622,8,1,6,64,130,137,14,10,4,0
293,8,144,0,64,159,65,253,251,96,0
1413,8,0,64,0,0,0,2,0,24,0
14,8,32,82,86,2,8,9,118,50,0
1255,8,0,0,0,20,3,102,0,0,0
339,8,0,0,0,0,0,12,0,2,0
1634,8,78,224,0,0,64,0,0,0,0
1668,8,76,213,128,25,65,84,16,30,0
1590,8,36,156,0,0,240,0,240,0,0
727,8,16,0,96,216,0,0,0,8,0
412,8,20,138,32,12,2,0,40,176,0
208,8,82,119,12,96,82,1,159,0,0
403,8,0,8,8,3,232,88,0,0,0
526,8,78,32,3,160,209,191,143,255,0
1314,8,223,127,208,0,125,160,0,28,0
51,8,0,7,144,0,14,128,7,208,0
628,8,0,242,42,244,80,124,134,61,0
852,8,31,246,64,0,0,4,229,128,0
1505,8,137,63,224,11,10,0,208,128,0
651,8,0,0,0,0,0,0,0,0,0
192,8,32,0,0,0,0,0,0,0,0
167,8,0,16,250,228,177,39,192,160,0
1031,8,64,1,95,240,20,0,189,160,0
60,8,0,0,4,0,60,0,0,0,0
996,8,0,208,0,0,133,0,0,0,0
1628,8,64,8,194,117,32,15,0,0,0
519,8,4,4,96,72,42,222,149,24,0
244,8,154,12,1,2,4,177,2,64,0
870,8,129,29,200,2,1,71,206,56,0
1408,8,0,0,0,3,218,8,0,0,0
1694,8,4,64,4,127,31,192,21,194,0
293,8,144,0,64,159,65,253,221,96,0
1076,8,0,231,0,172,156,156,140,144,0
1760,8,1,117,1,112,1,105,1,106,0
961,8,123,85,31,187,83,209,105,46,0
1176,8,135,255,191,252,82,128,104,9,0
1225,8,1,249,21,130,13,2,246,75,0
470,8,2,11,128,128,48,36,5,128,0
1399,8,0,0,8,0,0,0,1,82,0
14,8,32,82,86,2,8,9,118,38,0
117,8,15,50,0,15,174,30,224,0,0
560,8,251,0,0,2,236,0,8,0,0
208,8,90,119,12,96,81,1,159,0,0
51,8,0,7,136,0,14,192,7,208,0
263,8,0,0,0,0,0,0,0,0,0
186,8,6,168,129,132,16,0,6,40,0
1760,8,1,117,1,112,1,106,1,106,0
737,8,0,0,0,0,0,0,0,4,0
852,8,31,246,64,0,0,4,222,0,0
1505,8,137,63,224,11,10,0,204,128,0
354,8,0,8,3,67,234,17,244,206,0
167,8,0,16,249,100,177,39,192,160,0
58,8,0,0,0,0,0,29,8,0,0
293,8,144,0,64,159,65,253,191,96,0
1227,8,128,0,0,0,0,14,0,0,0
953,8,32,4,114,0,0,0,92,66,0
640,8,24,224,2,112,0,0,0,0,0
14,8,32,82,86,2,8,9,118,32,0
339,8,0,0,0,0,0,12,0,2,0
661,8,0,0,0,0,0,0,8,64,0
1634,8,78,224,0,0,64,0,0,0,0
412,8,24,134,32,12,2,0,40,176,0
208,8,98,119,12,96,80,1,159,0,0
51,8,0,7,128,0,15,0,7,208,0
628,8,0,242,44,242,80,124,134,61,0
192,8,32,0,0,0,0,0,0,0,0
541,8,0,0,0,0,0,1,0,0,0
403,8,0,8,8,3,232,88,0,0,0
526,8,78,32,3,160,210,63,143,247,0
1314,8,223,127,208,0,125,40,0,28,0
1049,8,10,155,70,77,4,95,194,175,0
870,8,129,29,200,2,1,71,206,56,0
852,8,31,246,64,0,0,4,222,0,0
1505,8,137,63,224,11,10,0,204,128,0
651,8,0,0,0,0,0,0,0,0,0
1408,8,0,0,0,3,210,136,0,0,0
1076,8,1,5,160,172,188,188,156,176,0
1760,8,1,114,1,114,1,106,1,106,0
167,8,0,16,249,100,177,39,208,160,0
1459,8,4,0,0,0,0,0,4,0,0
61,8,0,0,10,0,0,0,0,0,0
1176,8,135,255,191,252,80,128,104,74,0
1262,8,160,0,13,8,240,76,64,8,0
560,8,250,0,0,2,236,0,10,0,0
1694,8,4,64,4,127,31,192,21,194,0
293,8,144,0,64,159,65,255,129,96,0
705,8,1,243,111,199,201,31,110,144,0
14,8,32,82,86,2,8,9,118,38,0
208,8,106,119,12,96,78,1,160,0,0
51,8,0,7,120,0,15,64,7,208,0
263,8,0,0,0,0,0,0,0,0,0
1760,8,1,114,1,114,1,106,1,106,0
961,8,123,85,31,187,83,18,41,46,0
737,8,0,0,0,0,0,0,0,4,0
852,8,31,246,64,0,0,4,207,0,0
1505,8,137,63,224,11,10,0,204,128,0
354,8,0,8,3,67,234,17,244,206,0
167,8,0,16,250,228,193,39,192,160,0
1693,8,128,141,207,176,79,193,252,177,0
293,8,144,0,64,159,65,255,99,96,0
14,8,32,82,86,2,8,9,118,32,0
339,8,0,0,0,0,0,12,0,2,0
1634,8,78,224,0,0,64,0,0,0,0
412,8,28,130,32,12,2,0,40,176,0
208,8,114,119,12,96,77,1,160,0,0
51,8,0,7,112,0,15,128,7,208,0
628,8,0,242,46,240,80,124,134,61,0
192,8,32,0,0,0,0,0,0,0,0
813,8,128,0,4,32,172,1,0,32,0
1277,8,17,86,10,77,115,16,203,8,0
692,8,20,233,158,0,0,0,88,0,0
403,8,0,8,8,3,232,88,0,0,0
526,8,78,32,3,160,210,191,143,255,0
1314,8,223,127,208,0,124,176,0,28,0
870,8,129,29,200,2,1,71,206,56,0
852,8,31,246,64,0,0,5,56,0,0
1505,8,137,63,224,11,10,0,208,128,0
651,8,0,0,0,0,0,0,0,0,0
1408,8,0,0,0,3,203,8,0,0,0
1076,8,1,38,32,172,204,204,188,192,0
1760,8,1,116,1,114,1,106,1,107,0
167,8,0,16,251,100,193,39,192,160,0
458,8,63,249,255,128,0,0,12,64,0
1176,8,135,255,191,252,78,128,104,139,0
1512,8,0,0,2,4,0,57,176,0,0
560,8,249,0,0,2,236,0,12,0,0
1694,8,4,64,4,127,31,192,21,162,0
293,8,144,0,64,159,65,255,69,96,0
14,8,32,82,86,2,8,9,118,38,0
661,8,0,0,0,0,0,0,8,64,0
208,8,122,119,12,96,75,1,161,0,0
51,8,0,7,104,0,15,192,7,208,0
1399,8,0,0,8,0,0,0,1,82,0
263,8,0,0,0,0,0,0,0,0,0
186,8,6,168,129,68,16,0,6,40,0
1760,8,1,116,1,114,1,107,1,107,0
737,8,0,0,0,0,0,0,0,4,0
852,8,31,246,64,0,0,5,56,0,0
1505,8,137,63,224,11,10,0,204,128,0
354,8,0,8,3,51,234,17,244,206,0
167,8,0,16,250,100,193,39,192,160,0
675,8,0,0,0,132,18,128,69,144,0
293,8,144,0,64,159,65,255,39,96,0
961,8,123,85,31,186,211,18,169,46,0
14,8,32,82,86,2,8,9,118,38,0
339,8,0,0,0,0,0,12,0,2,0
1634,8,78,224,0,0,64,0,0,0,0
412,8,0,158,32,12,2,0,40,176,0
208,8,2,119,12,96,90,1,161,0,0
51,8,0,7,224,0,12,0,7,208,0
628,8,0,242,32,254,80,124,134,61,0
192,8,32,0,0,0,0,0,0,0,0
403,8,0,8,8,3,232,88,0,0,0
526,8,78,32,3,160,210,191,111,247,0
1314,8,223,127,208,0,124,56,0,28,0
870,8,129,29,200,2,1,71,206,56,0
852,8,31,246,64,0,0,5,48,128,0
1505,8,137,63,224,11,10,0,204,128,0
651,8,0,0,0,0,0,0,0,0,0
1408,8,0,0,0,3,195,136,0,0,0
1076,8,1,70,128,172,236,236,204,224,0
1760,8,1,119,1,114,1,107,1,108,0
1788,8,0,0,7,98,18,181,192,0,0
167,8,0,16,250,100,177,39,208,160,0
569,8,0,0,0,124,0,0,68,128,0
1176,8,135,255,191,252,76,128,104,204,0
560,8,248,0,0,2,236,0,14,0,0
1694,8,4,64,4,127,31,192,21,162,0
293,8,144,0,64,159,65,255,9,96,0
14,8,32,82,86,2,8,9,118,38,0
208,8,10,119,12,96,88,1,162,0,0
51,8,0,7,216,0,12,64,7,208,0
215,8,0,0,2,0,128,0,0,0,0
263,8,0,0,0,0,0,0,0,0,0
1760,8,1,119,1,114,1,108,1,108,0
737,8,0,0,0,0,0,0,0,4,0
852,8,31,246,64,0,0,5,33,128,0
1505,8,137,63,224,11,10,0,204,128,0
354,8,0,8,3,51,234,17,244,206,0
167,8,0,16,250,228,177,39,208,160,0
1175,8,0,0,0,0,0,0,0,0,0
293,8,144,0,64,159,65,254,235,96,0
14,8,32,82,86,2,8,9,118,44,0
738,8,24,8,13,64,64,0,1,24,0
837,8,5,2,2,194,60,119,64,129,0
1072,8,0,47,68,139,212,128,16,160,0
339,8,0,0,0,0,0,12,0,2,0
661,8,0,0,0,0,0,0,8,64,0
1634,8,78,224,0,0,64,0,0,0,0
412,8,4,154,32,12,2,0,40,176,0
208,8,18,119,12,96,87,1,162,0,0
51,8,0,7,208,0,12,128,7,208,0
628,8,0,242,34,252,80,124,134,61,0
192,8,32,0,0,0,0,0,0,0,0
304,8,0,1,80,0,0,0,0,0,0
403,8,0,8,8,3,232,88,0,0,0
526,8,78,32,3,160,211,191,111,247,0
1314,8,223,127,208,0,123,192,0,28,0
961,8,123,85,31,187,81,211,105,46,0
870,8,129,29,200,2,1,71,206,56,0
852,8,31,246,64,0,0,5,33,128,0
1505,8,137,63,224,11,10,0,200,128,0
651,8,0,0,0,0,0,0,0,0,0
1408,8,0,0,0,3,188,8,0,0,0
1076,8,1,104,96,172,252,252,236,240,0
1760,8,1,116,1,114,1,108,1,109,0
167,8,0,16,250,228,193,39,208,160,0
722,8,0,0,16,0,0,0,0,0,0
1372,8,16,27,0,0,65,130,48,0,0
1176,8,135,255,191,252,74,128,105,13,0
1124,8,0,2,64,0,0,144,18,92,0
560,8,247,0,0,2,236,0,16,0,0
1694,8,4,64,4,127,31,192,21,194,0
293,8,144,0,64,223,65,254,173,96,0
14,8,32,82,86,2,8,9,118,38,0
208,8,26,119,12,96,85,1,163,0,0
51,8,0,7,200,0,12,192,7,208,0
1277,8,17,87,10,77,117,16,202,136,0
263,8,0,0,0,0,0,0,0,0,0
186,8,6,168,129,68,16,0,6,40,0
1760,8,1,116,1,114,1,109,1,109,0
1307,8,41,9,24,63,1,6,8,1,0
813,8,128,0,4,32,172,1,0,32,0
737,8,0,0,0,0,0,0,0,4,0
852,8,31,246,0,0,0,5,34,0,0
1505,8,137,63,224,11,10,0,196,128,0
354,8,0,8,3,51,234,17,244,206,0
167,8,0,16,250,100,193,39,208,160,0
1644,8,0,0,0,0,24,0,0,0,0
1560,8,251,125,190,255,247,119,191,221,0
293,8,144,0,64,223,65,254,143,96,0
622,8,1,6,64,130,137,14,10,4,0
1413,8,0,64,0,0,0,2,0,24,0
14,8,32,82,86,2,8,9,118,32,0
1255,8,0,0,0,20,3,102,0,0,0
339,8,0,0,0,0,0,12,0,2,0
1634,8,78,224,0,0,64,0,0,0,0
1668,8,76,213,128,25,65,84,16,30,0
1590,8,36,156,0,0,240,0,240,0,0
727,8,16,0,96,216,0,0,0,8,0
412,8,8,150,32,12,2,0,40,176,0
208,8,34,119,12,96,84,1,163,0,0
403,8,0,8,8,3,232,72,0,0,0
526,8,78,32,3,160,211,191,111,247,0
1314,8,223,127,208,0,123,72,0,28,0
51,8,0,7,192,0,13,0,7,208,0
628,8,0,242,36,250,80,124,134,61,0
192,8,32,0,0,0,0,0,0,0,0
852,8,31,246,0,0,0,5,34,0,0
1505,8,137,63,224,11,10,0,196,128,0
651,8,0,0,0,0,0,0,0,0,0
167,8,0,16,250,100,193,39,224,160,0
1031,8,64,1,95,240,20,0,189,160,0
60,8,0,0,4,0,45,0,0,0,0
996,8,0,208,0,0,133,0,0,0,0
1628,8,64,8,194,117,32,15,0,0,0
519,8,4,4,96,72,42,222,149,24,0
244,8,154,12,1,2,4,177,2,64,0
870,8,129,29,200,2,1,71,206,56,0
1408,8,0,0,0,3,180,136,0,0,0
1694,8,4,64,4,127,31,192,21,194,0
293,8,144,0,64,223,65,254,113,96,0
1076,8,1,134,192,173,29,28,253,16,0
1760,8,1,118,1,115,1,109,1,110,0
961,8,123,85,31,187,208,211,233,46,0
1176,8,135,255,191,252,72,128,105,78,0
1225,8,1,249,21,130,13,3,246,75,0
470,8,2,143,194,128,52,116,5,144,0
1399,8,0,0,8,0,0,0,1,82,0
14,8,32,82,86,2,8,9,118,38,0
560,8,246,0,0,2,236,0,18,0,0
661,8,0,0,0,0,0,0,8,64,0
208,8,42,119,12,96,82,1,164,0,0
51,8,0,7,184,0,13,64,7,208,0
263,8,0,0,0,0,0,0,0,0,0
1760,8,1,118,1,115,1,111,1,110,0
737,8,0,0,0,0,0,0,0,4,0
852,8,31,246,0,0,0,5,19,0,0
1505,8,137,63,224,11,10,0,200,128,0
354,8,0,8,3,51,234,17,244,206,0
167,8,0,16,250,228,193,39,224,160,0
293,8,144,0,64,223,65,254,83,96,0
14,8,32,82,86,2,8,9,118,32,0
339,8,0,0,0,0,0,12,0,2,0
1634,8,78,224,0,0,64,0,0,0,0
412,8,12,148,32,11,194,0,40,176,0
208,8,50,119,12,96,81,1,164,0,0
51,8,0,7,176,0,13,128,7,208,0
628,8,0,242,38,248,80,124,134,59,0
192,8,32,0,0,0,0,0,0,0,0
426,8,144,190,189,68,161,99,230,64,0
403,8,0,8,8,3,232,72,0,0,0
526,8,78,32,3,160,212,63,111,255,0
1314,8,223,127,208,0,122,208,0,28,0
870,8,129,29,200,2,1,71,206,56,0
852,8,31,246,0,0,0,5,4,0,0
1505,8,137,63,224,11,10,0,200,128,0
651,8,0,0,0,0,0,0,0,0,0
1408,8,0,0,0,3,173,8,0,0,0
1076,8,1,166,0,173,45,45,29,32,0
1760,8,1,116,1,115,1,111,1,112,0
167,8,0,16,250,228,193,39,208,160,0
1459,8,4,0,0,0,0,0,4,0,0
61,8,0,0,10,0,0,0,0,0,0
1176,8,135,255,191,252,69,128,105,207,0
560,8,245,0,0,2,236,0,20,0,0
1694,8,4,64,4,127,31,192,21,162,0
293,8,144,0,64,223,65,254,53,96,0
14,8,32,82,86,2,8,9,118,44,0
208,8,58,119,12,96,78,1,166,0,0
51,8,0,7,168,0,13,192,7,208,0
263,8,0,0,0,0,0,0,0,0,0
186,8,6,168,129,68,16,0,6,40,0
1760,8,1,117,1,115,1,112,1,112,0
961,8,123,85,31,187,80,148,169,46,0
705,8,1,243,111,199,202,159,84,164,0
737,8,0,0,0,0,0,0,0,4,0
852,8,31,246,0,0,0,5,4,0,0
1505,8,137,63,224,11,10,0,196,128,0
354,8,0,8,3,51,234,17,244,206,0
167,8,0,16,250,100,177,39,224,160,0
293,8,144,0,64,223,65,254,23,96,0
14,8,32,82,86,2,8,9,118,38,0
339,8,0,0,0,0,0,12,0,2,0
661,8,0,0,0,0,0,0,8,64,0
1634,8,78,224,0,0,64,0,0,0,0
412,8,16,144,32,11,194,0,40,176,0
208,8,66,119,12,96,77,1,166,0,0
51,8,0,7,160,0,14,0,7,208,0
628,8,0,242,40,246,80,124,134,59,0
192,8,32,0,0,0,0,0,0,0,0
778,8,64,45,80,1,211,60,50,0,0
403,8,0,8,8,3,232,72,0,0,0
526,8,78,32,3,160,212,191,143,255,0
1314,8,223,127,208,0,122,88,0,28,0
870,8,129,29,200,2,1,71,206,56,0
692,8,20,233,158,0,0,0,88,0,0
1408,8,0,0,0,3,165,136,0,0,0
852,8,31,246,0,0,0,4,252,128,0
1505,8,137,63,224,11,10,0,196,128,0
651,8,0,0,0,0,0,0,0,0,0
1076,8,1,198,64,173,61,61,45,48,0
1760,8,1,117,1,114,1,112,1,114,0
167,8,0,16,250,100,177,39,240,160,0
458,8,63,249,255,128,0,0,12,64,0
452,8,0,0,2,0,1,0,0,0,0
676,8,54,220,0,28,4,8,152,208,0
1176,8,135,255,191,252,83,128,106,0,0
813,8,128,0,4,32,172,1,0,32,0
1277,8,17,85,10,77,113,16,75,8,0
560,8,244,0,0,2,236,0,22,0,0
1694,8,4,64,4,127,31,192,21,162,0
293,8,144,0,64,223,65,253,249,96,0
14,8,32,82,86,2,8,9,118,38,0
208,8,74,119,12,96,75,1,167,0,0
51,8,0,7,152,0,14,64,7,208,0
1399,8,0,0,8,0,0,0,1,82,0
263,8,0,0,0,0,0,0,0,0,0
1760,8,1,119,1,116,1,113,1,114,0
737,8,0,0,0,0,0,0,0,4,0
852,8,31,246,0,0,0,4,237,128,0
1505,8,137,63,224,11,10,0,200,128,0
354,8,0,8,3,51,234,17,244,206,0
167,8,0,16,250,228,177,39,240,160,0
675,8,0,0,0,132,18,128,69,144,0
293,8,144,0,64,223,65,253,219,96,0
961,8,123,85,31,187,207,149,41,46,0
14,8,32,82,86,2,8,9,118,32,0
339,8,0,0,0,0,0,12,0,2,0
1634,8,78,224,0,0,64,0,0,0,0
412,8,20,140,32,11,194,0,40,176,0
208,8,82,119,12,96,74,1,167,0,0
51,8,0,7,144,0,14,128,7,208,0
628,8,0,242,42,244,80,124,134,59,0
192,8,32,0,0,0,0,0,0,0,0
403,8,0,8,8,3,232,72,0,0,0
526,8,78,32,3,160,213,63,111,255,0
1314,8,223,127,208,0,121,224,0,28,0
870,8,129,29,200,2,1,71,206,56,0
852,8,31,246,0,0,0,4,237,128,0
1505,8,137,63,224,11,10,0,200,128,0
651,8,0,0,0,0,0,0,0,0,0
1408,8,0,0,0,3,158,8,0,0,0
1076,8,1,229,160,173,93,93,61,80,0
1760,8,1,119,1,116,1,113,1,114,0
1788,8,0,0,7,98,114,181,184,0,0
167,8,0,16,250,228,193,39,224,160,0
569,8,0,0,0,122,224,0,68,128,0
1176,8,135,255,191,252,80,128,106,129,0
560,8,243,0,0,2,236,0,24,0,0
1694,8,4,64,4,127,31,192,21,194,0
293,8,144,0,64,223,65,253,189,96,0
14,8,32,82,86,2,8,9,118,44,0
661,8,0,0,0,0,0,0,8,64,0
208,8,90,119,12,96,71,1,169,0,0
51,8,0,7,136,0,14,192,7,208,0
215,8,0,0,2,0,128,0,0,0,0
263,8,0,0,0,0,0,0,0,0,0
186,8,6,168,129,4,16,0,6,40,0
1760,8,1,117,1,115,1,114,1,114,0
737,8,0,0,0,0,0,0,0,4,0
852,8,31,246,0,0,0,4,230,0,0
1505,8,137,63,224,11,10,0,196,128,0
354,8,0,8,3,51,234,17,244,206,0
167,8,0,16,249,228,177,39,224,160,0
1175,8,0,0,0,0,0,0,0,0,0
293,8,144,0,64,223,65,253,159,96,0
14,8,32,82,86,2,8,9,118,26,0
738,8,24,8,13,64,64,0,1,24,0
837,8,5,2,2,194,60,119,64,129,0
1072,8,0,47,68,139,212,128,16,160,0
339,8,0,0,0,0,0,12,0,2,0
1634,8,78,224,0,0,64,0,0,0,0
412,8,24,136,32,11,194,0,40,176,0
208,8,98,119,12,96,70,1,169,0,0
51,8,0,7,128,0,15,0,7,208,0
628,8,0,242,44,242,80,124,134,59,0
192,8,32,0,0,0,0,0,0,0,0
304,8,0,1,80,0,0,0,0,0,0
403,8,0,8,8,3,232,72,0,0,0
526,8,78,32,3,160,213,191,79,255,0
1314,8,223,127,208,0,121,104,0,28,0
961,8,123,85,31,187,15,149,233,46,0
870,8,129,29,200,2,1,71,206,56,0
1408,8,0,0,0,3,150,136,0,0,0
852,8,31,246,0,0,0,4,230,0,0
1505,8,137,63,224,11,10,0,196,128,0
651,8,0,0,0,0,0,0,0,0,0
1076,8,2,8,32,173,109,141,93,96,0
1760,8,1,117,1,115,1,116,1,115,0
167,8,0,16,249,228,177,39,240,160,0
722,8,0,0,24,0,0,0,0,0,0
1176,8,135,255,191,252,78,128,106,194,0
1124,8,0,2,64,0,0,144,17,93,0
560,8,242,0,0,2,236,0,26,0,0
1694,8,4,64,4,127,31,192,21,194,0
293,8,144,0,64,223,65,255,97,96,0
14,8,32,82,86,2,8,9,118,26,0
208,8,106,119,12,96,68,1,170,0,0
51,8,0,7,120,0,15,64,7,208,0
263,8,0,0,0,0,0,0,0,0,0
813,8,128,0,4,32,172,1,0,32,0
1277,8,17,80,10,77,107,15,75,8,0
1760,8,1,118,1,115,1,116,1,115,0
737,8,0,0,0,0,0,0,0,4,0
852,8,31,246,0,0,0,4,215,0,0
1505,8,137,63,224,11,10,0,200,128,0
354,8,0,8,3,51,234,17,244,206,0
167,8,0,16,250,228,177,39,240,160,0
1644,8,0,0,0,0,24,0,0,0,0
293,8,144,0,64,223,65,255,67,96,0
1413,8,0,64,0,0,0,2,0,24,0
14,8,32,82,86,2,8,9,118,38,0
622,8,1,6,64,130,137,14,10,4,0
1255,8,0,0,0,20,3,102,0,0,0
339,8,0,0,0,0,0,12,0,2,0
661,8,0,0,0,0,0,0,8,64,0
1634,8,78,224,0,0,64,0,0,0,0
1668,8,76,213,128,25,65,84,16,30,0
1590,8,36,156,0,0,240,1,0,0,0
727,8,16,0,96,216,0,0,0,8,0
412,8,28,132,32,11,194,0,40,176,0
403,8,0,8,8,3,232,72,0,0,0
526,8,78,32,3,160,214,63,143,255,0
1314,8,223,127,208,0,120,240,0,28,0
208,8,114,119,12,96,67,1,170,0,0
51,8,0,7,112,0,15,128,7,208,0
852,8,31,246,0,0,0,5,64,0,0
1505,8,137,63,224,11,10,0,200,128,0
651,8,0,0,0,0,0,0,0,0,0
628,8,0,242,46,240,80,124,134,59,0
192,8,32,0,0,0,0,0,0,0,0
167,8,0,16,251,100,177,39,240,160,0
37,8,0,0,2,136,64,62,34,1,0
1031,8,64,1,95,240,20,0,189,160,0
60,8,0,0,4,0,43,0,0,0,0
244,8,154,12,1,2,4,177,2,64,0
870,8,129,29,200,2,1,71,206,56,0
1408,8,0,0,0,3,143,8,0,0,0
1076,8,2,40,32,173,141,157,109,128,0
1694,8,4,64,4,127,31,192,21,162,0
293,8,144,0,64,223,65,255,37,96,0
1760,8,1,118,1,115,1,117,1,117,0
961,8,123,85,31,187,142,150,105,46,0
1176,8,135,255,191,252,75,128,107,67,0
996,8,0,208,0,0,133,0,0,0,0
1628,8,64,8,194,117,32,15,0,0,0
519,8,4,4,96,72,42,222,149,24,0
1225,8,1,249,21,130,13,2,246,75,0
14,8,32,82,86,2,8,9,118,50,0
470,8,2,11,128,128,48,36,5,128,0
1399,8,0,0,8,0,0,0,1,82,0
560,8,241,0,0,2,236,0,28,0,0
208,8,122,119,12,96,64,1,172,0,0
51,8,0,7,104,0,15,192,7,208,0
263,8,0,0,0,0,0,0,0,0,0
186,8,6,168,128,196,16,0,6,40,0
1760,8,1,117,1,115,1,117,1,117,0
737,8,0,0,0,0,0,0,0,4,0
852,8,31,246,0,0,0,5,64,0,0
1505,8,137,63,224,11,10,0,196,128,0
354,8,0,8,3,35,234,17,244,206,0
167,8,0,16,249,228,177,39,240,160,0
293,8,144,0,64,223,65,255,7,96,0
1227,8,128,0,0,0,0,14,0,0,0
640,8,24,224,2,112,0,0,0,0,0
14,8,32,82,86,2,8,9,118,26,0
339,8,0,0,0,0,0,12,0,2,0
1634,8,78,224,0,0,64,0,0,0,0
412,8,0,160,32,11,194,0,40,176,0
208,8,2,119,12,96,79,1,172,0,0
51,8,0,7,224,0,12,0,7,208,0
628,8,0,242,32,254,80,124,134,59,0
192,8,32,0,0,0,0,0,0,0,0
6,8,8,0,0,100,0,0,0,0,0
403,8,0,8,8,3,232,72,0,0,0
526,8,78,32,3,160,214,191,143,255,0
1314,8,223,127,208,0,120,120,0,28,0
870,8,129,29,200,2,1,71,206,56,0
852,8,31,246,0,0,0,5,56,128,0
1505,8,137,63,224,11,10,0,196,128,0
651,8,0,0,0,0,0,0,0,0,0
1408,8,0,0,0,3,135,136,0,0,0
1076,8,2,64,0,173,157,189,141,144,0
1760,8,1,117,1,115,1,118,1,118,0
167,8,0,16,249,228,177,40,0,160,0
1459,8,4,0,0,0,0,0,4,0,0
61,8,0,0,10,128,0,0,0,0,0
1176,8,135,255,191,252,72,128,107,196,0
560,8,240,0,0,2,236,0,30,0,0
1694,8,4,64,4,127,31,192,21,194,0
293,8,144,0,64,223,65,254,233,96,0
14,8,32,82,86,2,8,9,118,32,0
661,8,0,0,0,0,0,0,8,64,0
208,8,10,119,12,96,76,1,174,0,0
51,8,0,7,216,0,12,64,7,208,0
263,8,0,0,0,0,0,0,0,0,0
1760,8,1,116,1,116,1,118,1,118,0
961,8,123,85,31,187,141,215,41,46,0
737,8,0,0,0,0,0,0,0,4,0
852,8,31,245,192,0,0,5,49,128,0
1505,8,137,63,224,11,10,0,196,128,0
354,8,0,8,3,35,234,17,244,206,0
167,8,0,16,251,100,177,40,0,160,0
1372,8,16,27,0,0,65,130,48,0,0
293,8,144,0,64,223,65,254,203,96,0
705,8,1,243,47,199,200,31,78,184,0
14,8,32,82,86,2,8,9,118,38,0
339,8,0,0,0,0,0,12,0,2,0
1634,8,78,224,0,0,64,0,0,0,0
412,8,4,156,32,11,194,0,40,176,0
208,8,18,119,12,96,75,1,174,0,0
51,8,0,7,208,0,12,128,7,208,0
628,8,0,242,34,252,80,124,134,59,0
192,8,32,0,0,0,0,0,0,0,0
778,8,64,45,80,1,211,62,50,0,0
813,8,128,0,4,32,172,1,0,32,0
692,8,20,233,158,0,0,0,88,0,0
403,8,0,8,8,3,232,72,0,0,0
526,8,78,32,3,160,214,191,111,247,0
1314,8,223,127,208,0,127,128,0,28,0
1277,8,17,88,10,77,117,16,203,8,0
852,8,31,245,192,0,0,5,49,128,0
1505,8,137,63,224,11,10,0,200,128,0
651,8,0,0,0,0,0,0,0,0,0
870,8,129,29,200,2,1,71,206,56,0
1408,8,0,0,0,3,248,8,0,0,0
1076,8,2,96,0,173,189,205,157,176,0
1760,8,1,116,1,116,1,119,1,120,0
167,8,0,16,251,100,193,39,240,160,0
458,8,63,249,255,128,0,0,12,64,0
1176,8,135,255,191,252,70,128,108,5,0
560,8,255,0,0,2,236,0,0,0,0
1694,8,4,64,4,127,31,192,21,162,0
293,8,144,0,64,223,65,254,173,96,0
14,8,32,82,86,2,8,9,118,50,0
208,8,26,119,12,96,73,1,175,0,0
51,8,0,7,200,0,12,192,7,208,0
1399,8,0,0,8,0,0,0,1,82,0
263,8,0,0,0,0,0,0,0,0,0
186,8,6,168,128,196,16,0,6,40,0
1760,8,1,118,1,116,1,119,1,120,0
737,8,0,0,0,0,0,0,0,4,0
852,8,31,245,192,0,0,5,42,0,0
1505,8,137,63,224,11,10,0,196,128,0
354,8,0,8,3,35,234,17,244,206,0
167,8,0,16,250,100,193,40,0,160,0
675,8,0,0,0,132,18,128,68,144,0
293,8,144,0,64,223,65,254,143,96,0
961,8,123,85,31,187,77,151,169,46,0
14,8,32,82,86,2,8,9,118,32,0
339,8,0,0,0,0,0,12,0,2,0
661,8,0,0,0,0,0,0,8,64,0
1634,8,78,224,0,0,64,0,0,0,0
412,8,8,156,32,11,66,0,40,176,0
208,8,34,119,12,96,72,1,175,0,0
51,8,0,7,192,0,13,0,7,208,0
628,8,0,242,36,250,80,124,134,59,0
192,8,32,0,0,0,0,0,0,0,0
403,8,0,8,8,3,232,72,0,0,0
526,8,78,32,3,160,215,191,143,255,0
1314,8,223,127,208,0,127,8,0,28,0
870,8,129,29,200,2,1,71,206,56,0
1408,8,0,0,0,3,240,136,0,0,0
852,8,31,245,192,0,0,5,42,0,0
1505,8,137,63,224,11,10,0,192,128,0
651,8,0,0,0,0,0,0,0,0,0
1076,8,2,138,160,173,205,221,189,192,0
1760,8,1,118,1,116,1,120,1,120,0
1788,8,0,0,7,97,242,181,176,0,0
167,8,0,16,249,100,193,40,0,160,0
569,8,0,0,0,121,160,0,68,128,0
1176,8,135,255,191,252,68,128,108,70,0
560,8,254,0,0,2,236,0,2,0,0
1694,8,4,64,4,127,31,192,21,162,0
293,8,144,0,64,223,65,254,113,96,0
14,8,32,82,86,2,8,9,118,32,0
208,8,42,119,12,96,70,1,176,0,0
51,8,0,7,184,0,13,64,7,208,0
215,8,0,0,2,0,128,0,0,0,0
263,8,0,0,0,0,0,0,0,0,0
1760,8,1,121,1,115,1,120,1,122,0
692,8,20,233,159,0,0,0,88,0,0
737,8,0,0,0,0,0,0,0,4,0
852,8,31,245,192,0,0,5,27,0,0
1505,8,137,63,224,11,10,0,196,128,0
354,8,0,8,3,35,234,17,244,206,0
167,8,0,16,250,100,177,40,16,160,0
1175,8,0,0,0,0,0,0,0,0,0
293,8,144,0,64,223,65,254,83,96,0
14,8,32,82,86,2,8,9,118,38,0
738,8,24,8,13,64,64,0,1,24,0
837,8,5,2,2,194,60,119,64,129,0
1072,8,0,47,68,139,212,128,16,160,0
339,8,0,0,0,0,0,12,0,2,0
1634,8,78,224,0,0,64,0,0,0,0
412,8,12,152,32,11,66,0,40,176,0
208,8,50,119,12,96,69,1,176,0,0
51,8,0,7,176,0,13,128,7,208,0
628,8,0,242,38,248,80,124,134,55,0
192,8,32,0,0,0,0,0,0,0,0
304,8,0,1,80,0,0,0,0,0,0
403,8,0,8,8,3,232,72,0,0,0
526,8,78,32,3,160,215,191,175,255,0
1314,8,223,127,208,0,126,144,0,28,0
961,8,123,85,31,187,140,152,105,46,0
870,8,129,29,200,2,1,71,206,56,0
1408,8,0,0,0,3,233,8,0,0,0
852,8,31,245,192,0,0,5,12,0,0
1505,8,137,63,224,11,10,0,200,128,0
651,8,0,0,0,0,0,0,0,0,0
1076,8,2,170,160,173,221,253,205,208,0
1760,8,1,121,1,115,1,122,1,122,0
167,8,0,16,251,100,177,40,0,160,0
722,8,0,0,32,0,0,0,0,0,0
1176,8,135,255,191,252,66,128,108,135,0
1124,8,0,2,64,0,0,144,16,94,0
560,8,253,0,0,2,236,0,4,0,0
1694,8,4,64,4,127,31,192,21,162,0
293,8,144,0,64,223,65,254,53,96,0
14,8,32,82,86,2,8,9,118,50,0
661,8,0,0,0,0,0,0,8,64,0
208,8,58,119,12,96,67,1,177,0,0
51,8,0,7,168,0,13,192,7,208,0
263,8,0,0,0,0,0,0,0,0,0
186,8,6,168,128,196,16,0,6,40,0
1307,8,40,12,65,1,40,0,1,33,0
813,8,128,0,4,32,172,1,0,32,0
1277,8,17,83,10,77,111,16,75,8,0
1760,8,1,117,1,116,1,122,1,123,0
737,8,0,0,0,0,0,0,0,4,0
852,8,31,245,192,0,0,5,12,0,0
1505,8,137,63,224,11,10,0,196,128,0
354,8,0,8,3,35,234,17,244,206,0
167,8,0,16,250,228,177,40,0,160,0
1644,8,0,0,0,0,24,0,0,0,0
293,8,144,0,64,223,65,254,23,96,0
1413,8,0,64,0,0,0,2,0,24,0
622,8,1,6,64,130,137,14,10,4,0
14,8,32,82,86,2,8,9,118,32,0
1255,8,0,0,0,20,3,102,0,0,0
339,8,0,0,0,0,0,12,0,2,0
1634,8,78,224,0,0,64,0,0,0,0
1668,8,76,213,128,25,65,84,16,30,0
1590,8,36,156,0,0,240,1,0,0,0
727,8,16,0,96,216,0,0,0,8,0
412,8,16,148,32,11,66,0,40,176,0
208,8,66,119,12,96,66,1,177,0,0
403,8,0,8,8,3,232,72,0,0,0
526,8,78,32,3,160,216,191,143,247,0
1314,8,223,127,208,0,126,24,0,28,0
51,8,0,7,160,0,14,0,7,208,0
628,8,0,242,40,246,80,124,134,55,0
192,8,32,0,0,0,0,0,0,0,0
852,8,31,245,192,0,0,5,4,128,0
1505,8,137,63,224,11,10,0,192,128,0
651,8,0,0,0,0,0,0,0,0,0
167,8,0,16,249,228,193,40,16,160,0
1031,8,64,1,95,240,20,0,189,160,0
60,8,0,0,4,0,42,0,0,0,0
996,8,0,208,0,0,133,0,0,0,0
870,8,129,29,200,2,1,71,206,56,0
1628,8,64,8,194,117,32,15,0,0,0
519,8,4,4,224,88,42,222,149,24,0
244,8,154,12,1,2,4,177,2,64,0
1408,8,0,0,0,3,225,136,0,0,0
1694,8,4,64,4,127,31,192,21,162,0
293,8,144,0,64,223,65,253,249,96,0
1076,8,2,202,160,173,254,13,221,240,0
961,8,123,85,31,187,12,152,233,46,0
1760,8,1,117,1,116,1,122,1,123,0
1176,8,135,255,191,252,63,128,109,8,0
1225,8,1,249,21,130,13,2,246,75,0
470,8,2,15,130,128,48,36,5,128,0
1399,8,0,0,8,0,0,0,1,82,0
14,8,32,82,86,2,8,9,118,38,0
560,8,252,0,0,2,236,0,6,0,0
208,8,74,119,12,96,63,1,179,0,0
51,8,0,7,152,0,14,64,7,208,0
1331,8,237,127,207,126,255,246,239,127,0
263,8,0,0,0,0,0,0,0,0,0
1760,8,1,116,1,117,1,122,1,122,0
737,8,0,0,0,0,0,0,0,4,0
852,8,31,245,192,0,0,4,245,128,0
1505,8,137,63,224,11,10,0,196,128,0
354,8,0,8,3,35,234,17,244,206,0
167,8,0,16,250,228,193,40,16,160,0
293,8,144,0,64,223,65,253,219,96,0
14,8,32,82,86,2,8,9,118,38,0
339,8,0,0,0,0,0,12,0,2,0
661,8,0,0,0,0,0,0,8,64,0
1634,8,78,224,0,0,64,0,0,0,0
412,8,20,144,32,11,66,0,40,176,0
208,8,82,119,12,96,62,1,179,0,0
51,8,0,7,144,0,14,128,7,208,0
628,8,0,242,42,244,80,124,134,55,0
192,8,32,0,0,0,0,0,0,0,0
403,8,0,8,8,3,232,72,0,0,0
526,8,78,31,255,160,216,191,143,255,0
1314,8,223,127,208,0,125,160,0,28,0
870,8,129,29,200,2,1,71,206,56,0
1398,8,127,248,0,0,63,252,31,192,0
852,8,31,245,192,0,0,4,245,128,0
1505,8,137,63,224,11,10,0,196,128,0
651,8,0,0,0,0,0,0,0,0,0
1408,8,0,0,0,3,218,8,0,0,0
1076,8,2,234,160,174,14,45,254,0,0
1760,8,1,116,1,117,1,122,1,122,0
167,8,0,16,251,100,193,40,16,160,0
1459,8,4,0,0,0,0,0,4,0,0
61,8,0,0,10,128,0,0,0,0,0
1176,8,135,255,191,252,61,128,109,73,0
560,8,251,0,0,2,236,0,8,0,0
1694,8,4,64,4,127,31,192,21,162,0
293,8,144,0,64,223,65,253,189,96,0
14,8,32,82,86,2,8,9,118,44,0
208,8,90,119,12,96,60,1,180,0,0
51,8,0,7,136,0,14,192,7,208,0
263,8,0,0,0,0,0,0,0,0,0
186,8,6,168,128,132,16,0,6,40,0
1760,8,1,122,1,117,1,122,1,123,0
695,8,0,32,40,64,0,0,128,64,0
961,8,123,85,31,186,140,89,169,46,0
737,8,0,0,0,0,0,0,0,4,0
852,8,31,245,192,0,0,4,238,0,0
1505,8,137,63,224,11,10,0,196,128,0
354,8,0,8,3,35,234,17,244,206,0
167,8,0,16,250,100,193,40,16,160,0
293,8,144,0,64,223,65,253,159,96,0
14,8,32,82,86,2,8,9,118,32,0
339,8,0,0,0,0,0,12,0,2,0
1634,8,78,224,0,0,64,0,0,0,0
412,8,24,140,32,11,66,0,40,176,0
208,8,98,119,12,96,59,1,180,0,0
51,8,0,7,128,0,15,0,7,208,0
628,8,0,242,44,242,80,124,134,55,0
192,8,32,0,0,0,0,0,0,0,0
813,8,128,0,4,32,172,1,0,32,0
1277,8,17,91,10,77,121,17,203,8,0
692,8,20,233,159,0,0,0,88,0,0
403,8,0,8,8,3,232,72,0,0,0
526,8,78,31,255,160,216,191,143,255,0
1314,8,223,127,208,0,125,40,0,28,0
705,8,1,243,79,199,201,159,48,206,0
870,8,129,29,200,2,1,71,206,56,0
852,8,31,245,192,0,0,4,238,0,0
1505,8,137,63,224,11,10,0,196,128,0
651,8,0,0,0,0,0,0,0,0,0
1408,8,0,0,0,3,210,136,0,0,0
1076,8,3,10,128,174,46,62,14,48,0
1760,8,1,121,1,117,1,124,1,123,0
167,8,0,16,249,100,177,40,16,160,0
458,8,63,249,255,128,0,0,12,64,0
1176,8,135,255,191,252,60,128,109,74,0
560,8,250,0,0,2,236,0,10,0,0
1694,8,4,64,4,127,31,192,21,162,0
293,8,144,0,64,223,65,255,97,96,0
14,8,32,82,86,2,8,9,118,32,0
661,8,0,0,0,0,0,0,8,64,0
208,8,106,119,12,96,58,1,180,0,0
51,8,0,7,120,0,15,64,7,208,0
1399,8,0,0,8,0,0,0,1,82,0
263,8,0,0,0,0,0,0,0,0,0
1760,8,1,121,1,117,1,125,1,124,0
737,8,0,0,0,0,0,0,0,4,0
852,8,31,245,192,0,0,4,223,0,0
1505,8,137,63,224,11,10,0,196,128,0
354,8,0,8,3,19,234,17,244,206,0
167,8,0,16,249,228,177,40,32,160,0
675,8,0,0,0,132,18,128,68,144,0
293,8,144,0,64,223,65,255,67,96,0
961,8,123,85,31,187,11,90,41,46,0
14,8,32,82,86,2,8,9,118,44,0
339,8,0,0,0,0,0,12,0,2,0
1634,8,78,224,0,0,64,0,0,0,0
412,8,28,136,32,11,66,0,40,176,0
208,8,114,119,12,96,57,1,180,0,0
51,8,0,7,112,0,15,128,7,208,0
628,8,0,242,46,240,80,124,134,55,0
192,8,32,0,0,0,0,0,0,0,0
403,8,0,8,8,3,232,72,0,0,0
526,8,78,32,3,160,217,63,111,255,0
1314,8,223,127,208,0,124,176,0,28,0
870,8,129,29,200,2,1,71,206,56,0
852,8,31,245,192,0,0,5,72,0,0
1505,8,137,63,224,11,10,0,200,128,0
651,8,0,0,0,0,0,0,0,0,0
1408,8,0,0,0,3,203,8,0,0,0
1076,8,3,42,0,174,62,94,46,80,0
1760,8,1,120,1,117,1,125,1,124,0
1788,8,0,0,7,98,114,181,176,0,0
167,8,0,16,251,100,177,40,16,160,0
569,8,0,0,0,120,128,0,68,128,0
1176,8,135,255,191,252,57,128,109,203,0
560,8,249,0,0,2,236,0,12,0,0
1694,8,4,64,4,127,31,192,21,162,0
293,8,144,0,64,223,65,255,37,96,0
14,8,32,82,86,2,8,9,118,38,0
208,8,122,119,12,96,54,1,182,0,0
51,8,0,7,104,0,15,192,7,208,0
215,8,0,0,2,0,128,0,0,0,0
263,8,0,0,0,0,0,0,0,0,0
186,8,6,168,128,132,16,0,6,40,0
1760,8,1,120,1,119,1,124,1,125,0
737,8,0,0,0,0,0,0,0,4,0
852,8,31,245,192,0,0,5,72,0,0
1505,8,137,63,224,11,10,0,196,128,0
354,8,0,8,3,19,234,17,244,206,0
167,8,0,16,250,100,177,40,16,160,0
1175,8,0,0,0,0,0,0,0,0,0
293,8,144,0,64,223,65,255,7,96,0
14,8,32,82,86,2,8,9,118,32,0
738,8,24,8,13,64,64,0,1,24,0
837,8,5,2,2,194,60,119,64,129,0
1072,8,0,47,68,139,212,128,16,160,0
339,8,0,0,0,0,0,12,0,2,0
661,8,0,0,0,0,0,0,8,64,0
1634,8,78,224,0,0,64,0,0,0,0
412,8,0,164,32,11,66,0,40,176,0
208,8,2,119,12,96,69,1,182,0,0
51,8,0,7,224,0,12,0,7,208,0
628,8,0,242,32,254,80,124,134,55,0
192,8,32,0,0,0,0,0,0,0,0
304,8,0,1,80,0,0,0,0,0,0
403,8,0,8,8,3,232,72,0,0,0
526,8,78,32,3,160,217,191,111,247,0
1314,8,223,127,208,0,124,56,0,28,0
961,8,123,85,31,187,74,90,233,46,0
870,8,129,29,200,2,1,71,206,56,0
852,8,31,245,192,0,0,5,64,128,0
1505,8,137,63,224,11,10,0,196,128,0
651,8,0,0,0,0,0,0,0,0,0
1408,8,0,0,0,3,195,136,0,0,0
1076,8,3,74,160,174,94,110,94,96,0
1760,8,1,123,1,120,1,124,1,125,0
167,8,0,16,249,228,177,40,16,160,0
722,8,0,0,40,0,0,0,0,0,0
1372,8,16,27,0,0,65,130,48,0,0
1176,8,135,255,191,252,56,128,109,204,0
1124,8,0,2,64,0,0,144,15,95,0
560,8,248,0,0,2,236,0,14,0,0
1694,8,4,64,4,127,31,192,21,194,0
293,8,144,0,64,223,65,254,233,96,0
14,8,32,82,86,2,8,9,118,32,0
208,8,10,119,12,96,68,1,182,0,0
51,8,0,7,216,0,12,64,7,208,0
263,8,0,0,0,0,0,0,0,0,0
452,8,0,0,2,0,1,64,0,0,0
676,8,78,30,1,28,4,8,152,208,0
813,8,128,0,4,32,172,1,0,32,0
1760,8,1,123,1,120,1,124,1,125,0
1277,8,17,87,10,77,117,16,203,8,0
737,8,0,0,0,0,0,0,0,4,0
852,8,31,245,192,0,0,5,49,128,0
1505,8,137,63,224,11,10,0,196,128,0
354,8,0,8,3,19,234,17,244,206,0
167,8,0,16,250,100,177,40,16,160,0
1644,8,0,0,0,0,32,0,0,0,0
293,8,144,0,64,223,65,254,203,96,0
1413,8,0,64,0,0,0,2,0,24,0
622,8,1,6,64,130,137,14,10,4,0
14,8,32,82,86,2,8,9,118,38,0
1255,8,0,0,0,20,3,102,0,0,0
339,8,0,0,0,0,0,12,0,2,0
1634,8,78,224,0,0,64,0,0,0,0
1668,8,76,213,128,25,65,84,16,30,0
1590,8,36,156,0,0,240,1,16,0,0
727,8,16,0,96,216,0,0,0,8,0
412,8,4,160,32,11,66,0,40,176,0
208,8,18,119,12,96,67,1,182,0,0
403,8,0,8,8,3,232,72,0,0,0
526,8,78,32,3,160,218,63,143,255,0
1314,8,223,127,208,0,123,192,0,28,0
51,8,0,7,208,0,12,128,7,208,0
628,8,0,242,34,252,80,124,134,55,0
852,8,31,245,192,0,0,5,49,128,0
1505,8,137,63,224,11,10,0,196,128,0
651,8,0,0,0,0,0,0,0,0,0
192,8,32,0,0,0,0,0,0,0,0
167,8,0,16,250,228,193,40,16,160,0
1031,8,64,1,95,240,20,0,189,160,0
60,8,0,0,4,0,58,0,0,0,0
996,8,0,208,0,0,133,0,0,0,0
870,8,129,29,200,2,1,71,206,56,0
1628,8,64,8,194,117,32,15,0,0,0
519,8,4,4,96,72,42,222,149,24,0
244,8,154,12,1,2,4,177,2,64,0
1408,8,0,0,0,3,188,8,0,0,0
1694,8,4,64,4,127,31,192,21,194,0
293,8,144,0,64,223,65,254,173,96,0
1076,8,3,106,160,174,110,126,110,112,0
961,8,123,85,31,186,138,155,105,46,0
1760,8,1,122,1,122,1,124,1,125,0
1176,8,135,255,191,252,55,128,109,205,0
1225,8,1,249,21,130,13,2,246,75,0
470,8,6,11,128,128,48,36,5,128,0
1399,8,0,0,8,0,0,0,1,82,0
14,8,32,82,86,2,8,9,118,44,0
560,8,247,0,0,2,236,0,16,0,0
661,8,0,0,0,0,0,0,8,64,0
208,8,26,119,12,96,66,1,182,0,0
51,8,0,7,200,0,12,192,7,208,0
263,8,0,0,0,0,0,0,0,0,0
186,8,6,168,128,68,16,0,6,40,0
1760,8,1,122,1,122,1,126,1,125,0
737,8,0,0,0,0,0,0,0,4,0
852,8,31,245,192,0,0,5,42,0,0
1505,8,137,63,224,11,10,0,196,128,0
354,8,0,8,3,19,234,17,244,206,0
167,8,0,16,250,100,177,40,16,160,0
293,8,144,0,64,223,65,254,143,96,0
1227,8,128,0,0,0,0,14,0,0,0
640,8,24,224,2,112,0,0,0,0,0
14,8,32,82,86,2,8,9,118,32,0
339,8,0,0,0,0,0,12,0,2,0
1634,8,78,224,0,0,64,0,0,0,0
412,8,8,156,32,11,66,0,40,176,0
208,8,34,119,12,96,65,1,182,0,0
51,8,0,7,192,0,13,0,7,208,0
628,8,0,242,36,250,80,124,134,55,0
192,8,32,0,0,0,0,0,0,0,0
403,8,0,8,8,3,232,72,0,0,0
526,8,78,31,255,160,218,191,143,247,0
1314,8,223,127,208,0,123,72,0,28,0
870,8,129,29,200,2,1,71,206,56,0
1408,8,0,0,0,3,180,136,0,0,0
852,8,31,245,192,0,0,5,42,0,0
1505,8,137,63,224,11,10,0,192,128,0
651,8,0,0,0,0,0,0,0,0,0
1076,8,3,130,160,174,158,158,126,144,0
1760,8,1,124,1,122,1,126,1,126,0
167,8,0,16,249,100,193,40,32,160,0
1459,8,4,0,0,0,0,0,4,0,0
61,8,0,0,10,128,0,0,0,0,0
1176,8,135,255,191,252,53,128,110,14,0
560,8,246,0,0,2,236,0,18,0,0
1694,8,4,64,4,127,31,192,21,162,0
293,8,144,0,64,223,65,254,113,96,0
14,8,32,82,86,2,8,9,118,26,0
208,8,42,119,12,96,63,1,183,0,0
51,8,0,7,184,0,13,64,7,208,0
1049,8,10,155,70,77,4,95,194,175,0
263,8,0,0,0,0,0,0,0,0,0
1760,8,1,124,1,122,1,126,1,126,0
961,8,123,85,31,187,9,92,41,46,0
737,8,0,0,0,0,0,0,0,4,0
852,8,31,245,192,0,0,5,27,0,0
1505,8,137,63,224,11,10,0,192,128,0
354,8,0,8,3,19,234,17,244,206,0
167,8,0,16,250,100,193,40,32,160,0
293,8,144,0,64,223,65,254,83,96,0
14,8,32,82,86,2,8,9,118,44,0
339,8,0,0,0,0,0,12,0,2,0
661,8,0,0,0,0,0,0,8,64,0
1634,8,78,224,0,0,64,0,0,0,0
412,8,12,152,32,11,66,0,40,176,0
208,8,50,119,12,96,62,1,183,0,0
51,8,0,7,176,0,13,128,7,208,0
628,8,0,242,38,248,80,124,134,55,0
192,8,32,0,0,0,0,0,0,0,0
692,8,20,233,159,0,0,0,88,0,0
403,8,0,8,8,3,232,72,0,0,0
526,8,78,32,3,160,218,191,143,255,0
1314,8,223,127,208,0,122,208,0,28,0
870,8,129,29,200,2,1,71,206,56,0
813,8,128,0,4,32,172,1,0,32,0
852,8,31,245,192,0,0,5,12,0,0
1505,8,137,63,224,11,10,0,196,128,0
651,8,0,0,0,0,0,0,0,0,0
1408,8,0,0,0,3,173,8,0,0,0
1076,8,3,170,160,174,174,174,158,160,0
1760,8,1,126,1,123,1,126,1,126,0
167,8,0,16,251,100,177,40,16,160,0
458,8,63,249,255,128,0,0,12,64,0
1176,8,135,255,191,252,51,128,110,79,0
1277,8,17,87,10,77,117,16,202,136,0
560,8,245,0,0,2,236,0,20,0,0
1694,8,4,64,4,127,31,192,21,194,0
293,8,144,0,64,223,65,254,53,96,0
705,8,1,243,175,199,202,31,20,226,0
14,8,32,82,86,2,8,9,118,38,0
208,8,58,119,12,96,60,1,184,0,0
51,8,0,7,168,0,13,192,7,208,0
1399,8,0,0,8,0,0,0,1,82,0
263,8,0,0,0,0,0,0,0,0,0
186,8,6,168,128,4,16,0,6,40,0
241,8,62,16,28,192,3,89,204,0,0
1760,8,1,126,1,123,1,125,1,126,0
737,8,0,0,0,0,0,0,0,4,0
852,8,31,245,192,0,0,5,12,0,0
1505,8,137,63,224,11,10,0,196,128,0
354,8,0,8,3,19,234,17,244,206,0
167,8,0,16,250,100,177,40,16,160,0
675,8,0,0,0,132,16,128,70,16,0
293,8,144,0,64,223,65,254,23,96,0
961,8,123,85,31,187,8,220,169,46,0
14,8,32,82,86,2,8,9,118,38,0
339,8,0,0,0,0,0,12,0,2,0
1634,8,78,224,0,0,64,0,0,0,0
412,8,16,148,32,11,66,0,40,176,0
208,8,66,119,12,96,59,1,184,0,0
51,8,0,7,160,0,14,0,7,208,0
628,8,0,242,40,246,80,124,134,55,0
192,8,32,0,0,0,0,0,0,0,0
403,8,0,8,8,3,232,72,0,0,0
526,8,78,32,3,160,219,63,143,255,0
1314,8,223,127,208,0,122,88,0,28,0
870,8,129,29,200,2,1,71,206,56,0
852,8,31,245,192,0,0,5,4,128,0
1505,8,137,63,224,11,10,0,192,128,0
651,8,0,0,0,0,0,0,0,0,0
1408,8,0,0,0,3,165,136,0,0,0
1076,8,3,202,160,174,206,206,174,192,0
1760,8,1,125,1,122,1,125,1,126,0
1788,8,0,0,7,98,82,181,168,0,0
167,8,0,16,249,100,193,40,32,160,0
569,8,0,0,0,119,160,0,68,96,0
1176,8,135,255,191,252,67,128,110,0,0
560,8,244,0,0,2,236,0,22,0,0
1694,8,4,64,4,127,31,192,21,162,0
293,8,144,0,64,223,65,253,249,96,0
14,8,32,82,86,2,8,9,118,32,0
661,8,0,0,0,0,0,0,8,64,0
208,8,74,119,12,96,59,1,183,0,0
51,8,0,7,152,0,14,64,7,208,0
215,8,0,0,2,0,128,0,0,0,0
263,8,0,0,0,0,0,0,0,0,0
1760,8,1,125,1,122,1,126,1,126,0
737,8,0,0,0,0,0,0,0,4,0
852,8,31,245,192,0,0,4,245,128,0
1505,8,137,63,224,11,10,0,192,128,0
354,8,0,8,3,19,234,17,244,206,0
167,8,0,16,250,228,193,40,32,160,0
1175,8,0,0,0,0,0,0,0,0,0
293,8,144,0,64,223,65,253,219,96,0
14,8,32,82,86,2,8,9,118,32,0
738,8,24,8,13,64,64,0,1,24,0
837,8,5,2,2,194,60,119,64,129,0
1072,8,0,47,68,139,212,128,16,160,0
339,8,0,0,0,0,0,12,0,2,0
1634,8,78,224,0,0,64,0,0,0,0
412,8,20,144,32,11,66,0,40,176,0
208,8,82,119,12,96,58,1,183,0,0
51,8,0,7,144,0,14,128,7,208,0
628,8,0,242,42,244,80,124,134,55,0
192,8,32,0,0,0,0,0,0,0,0
304,8,0,1,80,0,0,0,0,0,0
403,8,0,8,8,3,232,72,0,0,0
526,8,78,32,3,160,219,63,111,247,0
1314,8,223,127,208,0,121,224,0,28,0
961,8,123,85,31,187,8,29,105,46,0
870,8,128,221,200,2,1,71,206,56,0
1408,8,0,0,0,3,158,8,0,0,0
852,8,31,245,192,0,0,4,245,128,0
1505,8,137,63,224,11,10,0,196,128,0
651,8,0,0,0,0,0,0,0,0,0
1076,8,3,234,160,174,222,254,206,208,0
1760,8,1,127,1,125,1,127,1,126,0
167,8,0,16,251,100,193,40,16,160,0
722,8,0,0,48,0,0,0,0,0,0
1176,8,135,255,191,252,66,128,110,1,0
1124,8,0,2,64,0,0,144,30,80,0
560,8,243,0,0,2,236,0,24,0,0
1694,8,4,64,4,127,31,192,21,194,0
293,8,144,0,64,223,65,253,189,96,0
14,8,32,82,86,2,8,9,118,14,0
208,8,90,119,12,96,57,1,183,0,0
51,8,0,7,136,0,14,192,7,208,0
263,8,0,0,0,0,0,0,0,0,0
186,8,6,168,128,4,16,0,6,40,0
663,8,17,0,0,32,0,2,81,16,0
1307,8,8,2,135,77,94,48,0,1,0
813,8,128,0,4,32,172,1,0,32,0
1760,8,1,130,1,125,1,127,1,126,0
1277,8,17,79,10,77,107,15,75,8,0
737,8,0,0,0,0,0,0,0,4,0
852,8,31,245,192,0,0,4,238,0,0
1505,8,137,63,224,11,10,0,192,128,0
354,8,0,8,3,19,234,17,244,206,0
167,8,0,16,250,100,193,40,16,160,0
683,8,164,208,201,215,226,215,202,255,0
1644,8,0,0,0,0,24,0,0,0,0
293,8,144,0,64,223,65,253,159,96,0
1751,8,65,2,207,3,0,7,34,60,0
1413,8,0,64,0,0,0,2,0,24,0
300,8,121,6,224,0,0,1,253,208,0
622,8,1,6,64,130,137,14,10,4,0
14,8,32,82,86,2,8,9,118,32,0
1255,8,0,0,0,20,3,102,0,0,0
339,8,0,0,0,0,0,12,0,2,0
661,8,0,0,0,0,0,0,8,64,0
1634,8,78,224,0,0,64,0,0,0,0
1668,8,76,213,128,25,65,84,16,30,0
1590,8,36,156,0,0,240,1,32,0,0
727,8,16,0,96,216,0,0,0,8,0
412,8,24,140,32,11,66,0,40,176,0
403,8,0,8,8,3,232,72,0,0,0
526,8,78,32,3,160,219,191,79,247,0
1314,8,223,127,208,0,121,104,0,28,0
208,8,98,119,12,96,56,1,183,0,0
51,8,0,7,128,0,15,0,7,208,0
628,8,0,242,44,242,80,124,134,55,0
852,8,31,245,192,0,0,4,238,0,0
1505,8,137,63,224,11,10,0,192,128,0
651,8,0,0,0,0,0,0,0,0,0
192,8,32,0,0,0,0,0,0,0,0
167,8,0,16,248,228,177,40,32,160,0
1031,8,64,1,95,240,20,0,189,160,0
60,8,0,0,4,0,55,0,0,0,0
996,8,0,208,0,0,133,0,0,0,0
870,8,128,221,200,2,1,71,206,56,0
1628,8,64,8,194,117,32,15,0,0,0
519,8,4,4,96,72,42,222,149,24,0
244,8,154,12,1,2,4,177,2,64,0
1694,8,4,64,4,127,31,192,21,194,0
293,8,144,0,64,223,65,255,97,96,0
1408,8,0,0,0,3,150,136,0,0,0
961,8,123,85,31,187,7,157,233,46,0
1076,8,4,10,160,174,255,14,222,240,0
1760,8,1,130,1,128,1,127,1,126,0
1176,8,135,255,191,252,64,128,110,66,0
1225,8,1,249,21,130,13,2,246,75,0
470,8,2,15,130,128,48,36,5,128,0
14,8,32,82,86,2,8,9,118,26,0
1399,8,0,0,8,0,0,0,1,82,0
117,8,15,50,0,15,174,30,224,0,0
560,8,242,0,0,2,236,0,26,0,0
208,8,106,119,12,96,54,1,184,0,0
51,8,0,7,120,0,15,64,7,208,0
263,8,0,0,0,0,0,0,0,0,0
1760,8,1,131,1,128,1,127,1,126,0
737,8,0,0,0,0,0,0,0,4,0
852,8,31,245,192,0,0,4,223,0,0
1505,8,137,63,224,11,10,0,192,128,0
354,8,0,8,3,3,234,17,244,206,0
167,8,0,16,250,100,177,40,32,160,0
58,8,0,0,0,0,0,29,8,0,0
293,8,144,0,64,223,65,255,67,96,0
14,8,32,82,86,2,8,9,118,26,0
339,8,0,0,0,0,0,12,0,2,0
1634,8,78,224,0,0,64,0,0,0,0
412,8,28,136,32,11,66,0,40,176,0
208,8,114,119,12,96,53,1,184,0,0
51,8,0,7,112,0,15,128,7,208,0
628,8,0,242,46,240,80,124,134,55,0
192,8,32,0,0,0,0,0,0,0,0
248,8,126,223,244,253,73,251,167,184,0
403,8,0,8,8,3,232,72,0,0,0
526,8,78,32,3,160,220,63,111,255,0
1314,8,223,127,208,0,120,240,0,28,0
870,8,128,221,200,2,1,71,206,56,0
1408,8,0,0,0,3,143,8,0,0,0
852,8,31,245,192,0,0,5,72,0,0
1505,8,137,63,224,11,10,0,196,128,0
651,8,0,0,0,0,0,0,0,0,0
1076,8,4,42,160,175,15,30,255,0,0
1760,8,1,131,1,128,1,128,1,127,0
167,8,0,16,251,100,177,40,16,160,0
1459,8,4,0,0,0,0,0,4,0,0
61,8,0,0,10,128,0,0,0,0,0
1176,8,135,255,191,252,63,128,110,67,0
560,8,241,0,0,2,236,0,28,0,0
1694,8,4,64,4,127,31,192,21,194,0
293,8,144,0,64,223,65,255,37,96,0
14,8,32,82,86,2,8,9,118,38,0
661,8,0,0,0,0,0,0,8,64,0
208,8,122,119,12,96,52,1,184,0,0
51,8,0,7,104,0,15,192,7,208,0
263,8,0,0,0,0,0,0,0,0,0
186,8,6,168,128,4,16,0,6,40,0
1760,8,1,131,1,129,1,128,1,127,0
961,8,123,85,31,186,135,94,169,46,0
737,8,0,0,0,0,0,0,0,4,0
852,8,31,245,192,0,0,5,72,0,0
1505,8,137,63,224,11,10,0,192,128,0
354,8,0,8,3,3,234,17,244,206,0
167,8,0,16,250,228,193,40,16,160,0
1372,8,16,27,0,0,65,130,48,0,0
293,8,144,0,64,223,65,255,7,96,0
14,8,32,82,86,2,8,9,118,38,0
339,8,0,0,0,0,0,12,0,2,0
1634,8,78,224,0,0,64,0,0,0,0
412,8,0,164,32,11,66,0,40,176,0
208,8,2,119,12,96,67,1,184,0,0
51,8,0,7,224,0,12,0,7,208,0
628,8,0,242,32,254,80,124,134,55,0
192,8,32,0,0,0,0,0,0,0,0
813,8,128,0,4,32,172,1,0,32,0
692,8,20,233,159,0,0,0,88,0,0
1277,8,17,85,10,77,115,16,203,8,0
403,8,0,8,8,3,232,72,0,0,0
526,8,78,31,255,160,221,63,111,255,0
1314,8,223,127,208,0,120,120,0,28,0
870,8,128,221,200,2,1,71,206,56,0
852,8,31,245,192,0,0,5,64,128,0
1505,8,137,63,224,11,10,0,192,128,0
651,8,0,0,0,0,0,0,0,0,0
1408,8,0,0,0,3,135,136,0,0,0
1076,8,4,74,160,175,31,63,15,16,0
1760,8,1,131,1,129,1,128,1,127,0
167,8,0,16,249,228,193,40,32,160,0
458,8,63,249,255,128,0,0,12,64,0
1176,8,135,255,191,252,61,128,110,132,0
560,8,240,0,0,2,236,0,30,0,0
1694,8,4,64,4,127,31,192,21,162,0
293,8,144,0,64,223,65,254,233,96,0
14,8,32,82,86,2,8,9,118,32,0
208,8,10,119,12,96,65,1,185,0,0
51,8,0,7,216,0,12,64,7,208,0
1399,8,0,0,8,0,0,0,1,82,0
263,8,0,0,0,0,0,0,0,0,0
1760,8,1,132,1,131,1,128,1,127,0
705,8,1,243,79,199,202,159,2,248,0
737,8,0,0,0,0,0,0,0,4,0
852,8,31,245,192,0,0,5,49,128,0
1505,8,137,63,224,11,10,0,192,128,0
354,8,0,8,3,3,234,17,244,206,0
167,8,0,16,250,228,177,40,32,160,0
675,8,0,0,0,132,16,128,70,16,0
293,8,144,0,64,223,65,254,203,96,0
961,8,123,85,31,186,198,159,41,46,0
14,8,32,82,86,2,8,9,118,32,0
339,8,0,0,0,0,0,12,0,2,0
661,8,0,0,0,0,0,0,8,64,0
1634,8,78,224,0,0,64,0,0,0,0
412,8,4,160,32,11,66,0,40,176,0
208,8,18,119,12,96,64,1,185,0,0
51,8,0,7,208,0,12,128,7,208,0
628,8,0,242,34,252,80,124,134,55,0
192,8,32,0,0,0,0,0,0,0,0
403,8,0,8,8,3,232,72,0,0,0
526,8,78,32,3,160,221,63,111,255,0
1314,8,223,127,208,0,127,128,0,28,0
870,8,128,221,200,2,1,71,206,56,0
1408,8,0,0,0,3,248,8,0,0,0
852,8,31,245,192,0,0,5,49,128,0
1505,8,137,63,224,11,10,0,192,128,0
651,8,0,0,0,0,0,0,0,0,0
1076,8,4,104,0,175,63,79,31,48,0
1760,8,1,132,1,131,1,128,1,127,0
1788,8,0,0,7,98,18,181,168,0,0
167,8,0,16,251,100,193,40,32,160,0
569,8,0,0,0,118,128,0,68,96,0
1176,8,135,255,191,252,60,128,110,133,0
560,8,255,0,0,2,236,0,0,0,0
1694,8,4,64,4,127,31,192,21,162,0
293,8,144,0,64,223,65,254,173,96,0
14,8,32,82,86,2,8,9,118,38,0
208,8,26,119,12,96,63,1,185,0,0
51,8,0,7,200,0,12,192,7,208,0
215,8,0,0,2,0,128,0,0,0,0
263,8,0,0,0,0,0,0,0,0,0
186,8,6,168,127,196,16,0,6,40,0
1760,8,1,137,1,131,1,128,1,128,0
737,8,0,0,0,0,0,0,0,4,0
852,8,31,245,192,0,0,5,42,0,0
1505,8,137,63,224,11,10,0,188,128,0
354,8,0,8,3,3,234,17,244,206,0
167,8,0,16,250,100,177,40,32,160,0
1175,8,0,0,0,0,0,0,0,0,0
293,8,144,0,64,223,65,254,143,96,0
14,8,32,82,86,2,8,9,118,20,0
738,8,24,8,13,64,64,0,1,24,0
837,8,5,2,2,194,60,119,64,129,0
1072,8,0,47,68,139,212,128,16,160,0
339,8,0,0,0,0,0,12,0,2,0
1634,8,78,224,0,0,64,0,0,0,0
412,8,8,156,32,11,66,0,40,176,0
208,8,34,119,12,96,62,1,185,0,0
51,8,0,7,192,0,13,0,7,208,0
628,8,0,242,36,250,80,124,134,55,0
192,8,32,0,0,0,0,0,0,0,0
304,8,0,1,80,0,0,0,0,0,0
403,8,0,8,8,3,232,72,0,0,0
526,8,78,32,3,160,221,191,143,255,0
1314,8,223,127,208,0,127,8,0,28,0
961,8,123,85,31,187,133,31,233,46,0
870,8,128,221,200,2,1,71,206,56,0
1408,8,0,0,0,3,240,136,0,0,0
852,8,31,245,192,0,0,5,42,0,0
1505,8,137,63,224,11,10,0,188,128,0
651,8,0,0,0,0,0,0,0,0,0
1076,8,0,0,0,175,79,111,63,96,0
1760,8,1,137,1,131,1,128,1,128,0
167,8,0,16,249,100,193,40,32,160,0
722,8,0,0,56,0,0,0,0,0,0
1176,8,135,255,191,252,59,128,110,134,0
1124,8,0,2,64,0,0,144,29,81,0
560,8,254,0,0,2,236,0,2,0,0
1694,8,4,64,4,127,31,192,21,162,0
293,8,144,0,64,223,65,254,113,96,0
14,8,32,82,86,2,8,9,118,32,0
661,8,0,0,0,0,0,0,8,64,0
208,8,42,119,12,96,61,1,185,0,0
51,8,0,7,184,0,13,64,7,208,0
263,8,0,0,0,0,0,0,0,0,0
813,8,128,0,4,32,172,1,0,32,0
1277,8,17,91,10,77,121,17,74,136,0
1760,8,1,137,1,133,1,128,1,129,0
737,8,0,0,0,0,0,0,0,4,0
852,8,31,245,192,0,0,5,27,0,0
1505,8,137,63,224,11,10,0,192,128,0
354,8,0,8,3,3,234,17,244,206,0
167,8,0,16,250,228,177,40,32,160,0
1644,8,0,0,0,0,24,0,0,0,0
293,8,144,0,64,223,65,254,83,96,0
1413,8,0,64,0,0,0,2,0,24,0
622,8,1,6,64,130,137,14,10,4,0
14,8,32,82,86,2,8,9,118,38,0
1255,8,0,0,0,20,3,102,0,0,0
339,8,0,0,0,0,0,12,0,2,0
1634,8,78,224,0,0,64,0,0,0,0
1668,8,76,213,128,25,65,84,16,30,0
1590,8,36,156,0,0,240,1,32,0,0
727,8,16,0,96,216,0,0,0,8,0
412,8,12,152,32,11,66,0,40,176,0
208,8,50,119,12,96,60,1,185,0,0
403,8,0,8,8,3,232,72,0,0,0
526,8,78,32,3,160,222,191,143,255,0
1314,8,223,127,208,0,126,144,0,28,0
51,8,0,7,176,0,13,128,7,208,0
628,8,0,242,38,248,80,124,134,55,0
852,8,31,245,192,0,0,5,12,0,0
1505,8,137,63,224,11,10,0,192,128,0
651,8,0,0,0,0,0,0,0,0,0
192,8,32,0,0,0,0,0,0,0,0
167,8,0,16,251,100,177,40,32,160,0
1031,8,64,1,95,240,20,0,189,160,0
60,8,0,0,4,0,44,0,0,0,0
996,8,0,208,0,0,133,0,0,0,0
870,8,128,221,200,2,1,71,206,56,0
1628,8,64,8,194,117,32,15,0,0,0
1408,8,0,0,0,3,233,8,0,0,0
519,8,4,4,96,72,42,222,149,24,0
244,8,154,12,1,2,4,177,2,64,0
1694,8,4,64,4,127,31,192,21,194,0
293,8,144,0,64,223,65,254,53,96,0
1076,8,0,32,0,175,111,127,79,112,0
961,8,123,85,31,187,132,160,105,46,0
1760,8,1,136,1,133,1,129,1,129,0
1176,8,135,255,191,252,57,128,110,199,0
1225,8,1,249,21,130,13,2,246,75,0
470,8,2,11,128,128,48,36,5,128,0
1399,8,0,0,8,0,0,0,1,82,0
14,8,32,82,86,2,8,9,118,32,0
560,8,253,0,0,2,236,0,4,0,0
208,8,58,119,12,96,58,1,186,0,0
51,8,0,7,168,0,13,192,7,208,0
263,8,0,0,0,0,0,0,0,0,0
186,8,6,168,127,196,16,0,6,40,0
1760,8,1,136,1,134,1,130,1,129,0
737,8,0,0,0,0,0,0,0,4,0
852,8,31,245,192,0,0,5,12,0,0
1505,8,137,63,224,11,10,0,188,128,0
354,8,0,8,3,3,234,17,244,206,0
167,8,0,16,250,100,177,40,32,160,0
293,8,144,0,64,223,65,254,23,96,0
1227,8,128,0,0,0,0,14,0,0,0
640,8,24,224,2,112,0,0,0,0,0
14,8,32,82,86,2,8,9,118,32,0
339,8,0,0,0,0,0,12,0,2,0
661,8,0,0,0,0,0,0,8,64,0
1634,8,78,224,0,0,64,0,0,0,0
412,8,16,148,32,11,66,0,40,176,0
208,8,66,119,12,96,57,1,186,0,0
51,8,0,7,160,0,14,0,7,208,0
628,8,0,242,40,246,80,124,134,55,0
192,8,32,0,0,0,0,0,0,0,0
403,8,0,8,8,3,232,72,0,0,0
526,8,78,32,3,160,223,63,143,247,0
1314,8,223,127,208,0,126,24,0,28,0
870,8,128,221,200,2,1,71,206,56,0
1408,8,0,0,0,3,225,136,0,0,0
852,8,31,245,128,0,0,5,12,128,0
1505,8,137,63,224,11,10,0,188,128,0
651,8,0,0,0,0,0,0,0,0,0
1076,8,0,86,128,175,127,159,127,144,0
1760,8,1,137,1,134,1,130,1,129,0
167,8,0,16,249,100,193,40,32,160,0
1459,8,4,0,0,0,0,0,4,0,0
61,8,0,0,10,128,0,0,0,0,0
1176,8,135,255,191,252,55,128,111,8,0
560,8,252,0,0,2,236,0,6,0,0
1694,8,4,64,4,127,31,192,21,162,0
293,8,144,0,64,223,65,253,249,96,0
14,8,32,82,86,2,8,9,118,26,0
208,8,74,119,12,96,55,1,187,0,0
51,8,0,7,152,0,14,64,7,208,0
263,8,0,0,0,0,0,0,0,0,0
1760,8,1,137,1,134,1,130,1,130,0
961,8,123,85,31,186,196,161,41,46,0
737,8,0,0,0,0,0,0,0,4,0
852,8,31,245,128,0,0,4,253,128,0
1505,8,137,63,224,11,10,0,188,128,0
354,8,0,8,3,3,234,17,244,206,0
167,8,0,16,250,228,193,40,32,160,0
293,8,144,0,64,223,65,253,219,96,0
14,8,32,82,86,2,8,9,118,32,0
339,8,0,0,0,0,0,12,0,2,0
1634,8,78,224,0,0,64,0,0,0,0
412,8,20,146,32,11,2,0,40,176,0
208,8,82,119,12,96,54,1,187,0,0
51,8,0,7,144,0,14,128,7,208,0
628,8,0,242,42,244,80,124,134,55,0
192,8,32,0,0,0,0,0,0,0,0
452,8,0,0,2,0,1,128,0,0,0
692,8,20,233,159,0,0,0,88,0,0
676,8,46,140,2,28,4,8,152,208,0
403,8,0,8,8,3,232,72,0,0,0
526,8,78,32,3,160,223,63,143,255,0
1314,8,223,127,208,0,125,160,0,28,0
813,8,128,0,4,32,172,1,0,32,0
870,8,128,221,200,2,1,71,206,56,0
852,8,31,245,128,0,0,4,253,128,0
1505,8,137,63,224,11,10,0,188,128,0
651,8,0,0,0,0,0,0,0,0,0
1408,8,0,0,0,3,218,8,0,0,0
1076,8,0,119,128,175,159,175,159,160,0
1760,8,1,138,1,137,1,130,1,130,0
167,8,0,16,250,228,177,40,32,160,0
458,8,63,249,255,128,0,0,12,64,0
1176,8,135,255,191,252,54,128,111,9,0
1277,8,17,83,10,76,111,16,75,8,0
560,8,251,0,0,2,236,0,8,0,0
1694,8,4,64,4,127,31,192,21,194,0
293,8,144,0,64,223,65,253,189,96,0
14,8,32,82,86,2,8,9,118,44,0
661,8,0,0,0,0,0,0,8,64,0
208,8,90,119,12,96,53,1,187,0,0
51,8,0,7,136,0,14,192,7,208,0
1399,8,0,0,8,0,0,0,1,82,0
263,8,0,0,0,0,0,0,0,0,0
186,8,6,168,127,132,16,0,6,40,0
1760,8,1,138,1,137,1,130,1,130,0
737,8,0,0,0,0,0,0,0,4,0
852,8,31,245,128,0,0,4,246,0,0
1505,8,137,63,224,11,10,0,188,128,0
354,8,0,8,3,3,234,17,244,206,0
167,8,0,16,249,228,177,40,32,160,0
675,8,0,0,0,132,16,128,70,144,0
293,8,144,0,64,223,65,253,159,96,0
961,8,123,85,31,186,132,97,169,46,0
705,8,1,244,15,199,203,30,225,12,0
14,8,32,82,86,2,8,9,118,32,0
339,8,0,0,0,0,0,12,0,2,0
1634,8,78,224,0,0,64,0,0,0,0
412,8,24,142,32,11,2,0,40,176,0
208,8,98,119,12,96,52,1,187,0,0
51,8,0,7,128,0,15,0,7,208,0
628,8,0,242,44,242,80,124,134,53,0
192,8,32,0,0,0,0,0,0,0,0
403,8,0,8,8,3,232,72,0,0,0
526,8,78,31,255,160,224,63,176,7,0
1314,8,223,127,208,0,125,40,0,28,0
870,8,128,221,200,2,1,71,206,56,0
852,8,31,245,128,0,0,4,246,0,0
1505,8,137,63,224,11,10,0,184,128,0
651,8,0,0,0,0,0,0,0,0,0
1408,8,0,0,0,3,210,136,0,0,0
1076,8,0,136,224,175,207,207,175,192,0
1760,8,1,139,1,136,1,130,1,131,0
1788,8,0,0,7,98,18,181,168,0,0
167,8,0,16,249,100,177,40,32,160,0
569,8,0,0,0,117,160,0,68,96,0
1176,8,135,255,191,252,52,128,111,74,0
560,8,250,0,0,2,236,0,10,0,0
1694,8,4,64,4,127,31,192,21,194,0
293,8,144,0,64,223,65,255,97,96,0
14,8,32,82,86,2,8,9,118,20,0
208,8,106,119,12,96,50,1,188,0,0
51,8,0,7,120,0,15,64,7,208,0
215,8,0,0,2,0,128,0,0,0,0
263,8,0,0,0,0,0,0,0,0,0
1621,8,140,3,252,0,48,0,0,0,0
1760,8,1,139,1,136,1,131,1,131,0
737,8,0,0,0,0,0,0,0,4,0
852,8,31,245,128,0,0,4,231,0,0
1505,8,137,63,224,11,10,0,188,128,0
354,8,0,8,3,3,234,17,244,206,0
167,8,0,16,251,100,177,40,32,160,0
1175,8,0,0,0,0,0,0,0,0,0
293,8,144,0,64,223,65,255,67,96,0
14,8,32,82,86,2,8,9,118,32,0
738,8,24,8,13,64,64,0,1,24,0
837,8,5,2,2,194,60,119,64,129,0
1072,8,0,47,68,139,212,128,16,160,0
339,8,0,0,0,0,0,12,0,2,0
661,8,0,0,0,0,0,0,8,64,0
1634,8,78,224,0,0,64,0,0,0,0
412,8,28,138,32,11,2,0,40,176,0
208,8,114,119,12,96,49,1,188,0,0
51,8,0,7,112,0,15,128,7,208,0
628,8,0,242,46,240,80,124,134,53,0
192,8,32,0,0,0,0,0,0,0,0
304,8,0,1,80,0,0,0,0,0,0
403,8,0,8,8,3,232,72,0,0,0
526,8,78,32,3,160,225,63,143,255,0
1314,8,223,127,208,0,124,176,0,28,0
961,8,123,85,31,186,131,162,105,46,0
870,8,128,157,200,2,1,71,206,56,0
852,8,31,245,128,0,0,5,80,0,0
1505,8,137,63,224,11,10,0,188,128,0
651,8,0,0,0,0,0,0,0,0,0
1408,8,0,0,0,3,203,8,0,0,0
1076,8,0,168,224,175,223,223,207,208,0
1760,8,1,137,1,137,1,131,1,131,0
167,8,0,16,251,100,177,40,32,160,0
722,8,0,0,64,0,0,0,0,0,0
1372,8,16,27,0,0,65,130,48,0,0
1176,8,135,255,191,252,50,128,111,139,0
1124,8,0,2,64,0,0,144,28,82,0
560,8,249,0,0,2,236,0,12,0,0
1694,8,4,64,4,127,31,192,21,162,0
293,8,144,0,64,223,65,255,37,96,0
14,8,32,82,86,2,8,9,118,32,0
208,8,122,119,12,96,47,1,189,0,0
51,8,0,7,104,0,15,192,7,208,0
263,8,0,0,0,0,0,0,0,0,0
186,8,6,168,127,132,16,0,6,40,0
1307,8,40,26,50,9,178,129,128,193,0
813,8,128,0,4,32,172,1,0,32,0
1277,8,17,83,10,77,111,16,75,8,0
1760,8,1,137,1,137,1,131,1,131,0
737,8,0,0,0,0,0,0,0,4,0
852,8,31,245,128,0,0,5,80,0,0
1505,8,137,63,224,11,10,0,188,128,0
354,8,0,8,2,243,234,17,244,206,0
167,8,0,16,249,228,193,40,32,160,0
1644,8,0,0,0,0,24,0,0,0,0
293,8,144,0,64,223,65,255,7,96,0
1413,8,0,64,0,0,0,2,0,24,0
14,8,32,82,86,2,8,9,118,32,0
622,8,1,6,64,130,137,14,10,4,0
1255,8,0,0,0,20,3,102,0,0,0
339,8,0,0,0,0,0,12,0,2,0
1634,8,78,224,0,0,64,0,0,0,0
1668,8,76,213,128,25,65,84,16,30,0
1590,8,36,156,0,0,240,1,48,0,0
727,8,16,0,96,216,0,0,0,8,0
412,8,0,166,32,11,2,0,40,176,0
208,8,2,119,12,96,62,1,189,0,0
403,8,0,8,8,3,232,72,0,0,0
526,8,78,31,255,160,224,191,111,255,0
1314,8,223,127,208,0,124,56,0,28,0
51,8,0,7,224,0,12,0,7,208,0
628,8,0,242,32,254,80,124,134,53,0
192,8,32,0,0,0,0,0,0,0,0
852,8,31,245,128,0,0,5,72,128,0
1505,8,137,63,224,11,10,0,188,128,0
651,8,0,0,0,0,0,0,0,0,0
167,8,0,16,248,228,193,40,32,160,0
1031,8,64,1,95,240,20,0,189,160,0
60,8,0,0,4,0,43,0,0,0,0
996,8,0,208,0,0,133,0,0,0,0
870,8,128,157,200,2,1,71,206,56,0
1628,8,64,8,194,117,32,15,0,0,0
1408,8,0,0,0,3,195,136,0,0,0
519,8,4,4,96,72,42,222,149,24,0
244,8,154,12,1,2,4,177,2,64,0
1694,8,4,64,4,127,31,192,21,194,0
293,8,144,0,64,223,65,254,233,96,0
1076,8,0,199,32,175,239,239,223,224,0
961,8,123,85,31,186,194,226,233,46,0
1760,8,1,137,1,137,1,131,1,132,0
1176,8,135,255,191,252,47,128,112,12,0
1225,8,1,249,21,130,13,2,246,75,0
470,8,2,15,130,128,48,36,5,128,0
1399,8,0,0,8,0,0,0,1,82,0
14,8,32,82,86,2,8,9,118,20,0
560,8,248,0,0,2,236,0,14,0,0
661,8,0,0,0,0,0,0,8,64,0
208,8,10,119,12,96,59,1,191,0,0
51,8,0,7,216,0,12,64,7,208,0
263,8,0,0,0,0,0,0,0,0,0
1760,8,1,142,1,137,1,131,1,132,0
737,8,0,0,0,0,0,0,0,4,0
852,8,31,245,128,0,0,5,57,128,0
1505,8,137,63,224,11,10,0,188,128,0
354,8,0,8,2,243,234,17,244,206,0
167,8,0,16,250,100,193,40,32,160,0
293,8,144,0,64,223,65,254,203,96,0
14,8,32,82,86,2,8,9,118,32,0
339,8,0,0,0,0,0,12,0,2,0
1634,8,78,224,0,0,64,0,0,0,0
412,8,4,162,32,11,2,0,40,176,0
208,8,18,119,12,96,58,1,191,0,0
51,8,0,7,208,0,12,128,7,208,0
628,8,0,242,34,252,80,124,134,53,0
192,8,32,0,0,0,0,0,0,0,0
403,8,0,8,8,3,232,72,0,0,0
526,8,78,31,255,160,225,63,143,255,0
1314,8,223,127,208,0,123,192,0,28,0
870,8,128,157,200,2,1,71,206,56,0
852,8,31,245,128,0,0,5,57,128,0
1505,8,137,63,224,11,10,0,188,128,0
651,8,0,0,0,0,0,0,0,0,0
1408,8,0,0,0,3,188,8,0,0,0
1076,8,0,231,0,160,0,31,224,0,0
1760,8,1,142,1,135,1,133,1,132,0
167,8,0,16,251,100,193,40,32,160,0
1459,8,4,0,0,0,0,0,4,0,0
61,8,0,0,11,0,0,0,0,0,0
1176,8,135,255,191,252,46,128,112,13,0
560,8,247,0,0,2,236,0,16,0,0
1694,8,4,64,4,127,31,192,21,194,0
293,8,144,0,64,223,65,254,173,96,0
14,8,32,82,86,2,8,9,118,38,0
208,8,26,119,12,96,57,1,191,0,0
51,8,0,7,200,0,12,192,7,208,0
263,8,0,0,0,0,0,0,0,0,0
186,8,6,168,127,68,16,0,6,40,0
1760,8,1,139,1,137,1,133,1,132,0
961,8,123,85,31,186,66,163,169,46,0
737,8,0,0,0,0,0,0,0,4,0
852,8,31,245,128,0,0,5,50,0,0
1505,8,137,63,224,11,10,0,184,128,0
354,8,0,8,2,243,234,17,244,206,0
167,8,0,16,250,228,177,40,32,160,0
293,8,144,0,64,223,65,254,143,96,0
14,8,32,82,86,2,8,9,118,38,0
339,8,0,0,0,0,0,12,0,2,0
661,8,0,0,0,0,0,0,8,64,0
1634,8,78,224,0,0,64,0,0,0,0
412,8,8,158,32,11,2,0,40,176,0
208,8,34,119,12,96,56,1,191,0,0
51,8,0,7,192,0,13,0,7,208,0
628,8,0,242,36,250,80,124,134,53,0
192,8,32,0,0,0,0,0,0,0,0
692,8,20,233,159,0,0,0,88,0,0
403,8,0,8,8,3,232,72,0,0,0
526,8,78,31,255,160,225,191,143,255,0
1314,8,223,127,208,0,123,72,0,28,0
870,8,128,157,200,2,1,71,206,56,0
813,8,128,0,4,32,172,1,0,32,0
1408,8,0,0,0,3,180,136,0,0,0
852,8,31,245,128,0,0,5,50,0,0
1505,8,137,63,224,11,10,0,184,128,0
651,8,0,0,0,0,0,0,0,0,0
1076,8,1,5,160,160,16,48,0,16,0
1760,8,1,139,1,137,1,135,1,134,0
167,8,0,16,249,100,177,40,32,160,0
458,8,63,249,255,128,0,0,12,64,0
1176,8,135,255,191,252,44,128,112,78,0
1277,8,17,82,10,77,109,15,203,8,0
560,8,246,0,0,2,236,0,18,0,0
1694,8,4,64,4,127,31,192,21,162,0
293,8,144,0,64,223,65,254,113,96,0
14,8,32,82,86,2,8,9,118,32,0
208,8,42,119,12,96,54,1,192,0,0
51,8,0,7,184,0,13,64,7,208,0
1399,8,0,0,8,0,0,0,1,82,0
263,8,0,0,0,0,0,0,0,0,0
1760,8,1,140,1,138,1,135,1,134,0
737,8,0,0,0,0,0,0,0,4,0
852,8,31,245,128,0,0,5,35,0,0
1505,8,137,63,224,11,10,0,188,128,0
354,8,0,8,2,243,234,17,244,206,0
167,8,0,16,250,228,193,40,32,160,0
675,8,0,0,0,132,16,128,70,144,0
293,8,144,0,64,223,65,254,83,96,0
961,8,123,85,31,187,1,100,41,46,0
14,8,32,82,86,2,8,9,118,26,0
339,8,0,0,0,0,0,12,0,2,0
1634,8,78,224,0,0,64,0,0,0,0
412,8,12,154,32,11,2,0,40,176,0
208,8,50,119,12,96,53,1,192,0,0
51,8,0,7,176,0,13,128,7,208,0
628,8,0,242,38,248,80,124,134,53,0
192,8,32,0,0,0,0,0,0,0,0
403,8,0,8,8,3,232,72,0,0,0
526,8,78,32,3,160,225,191,79,255,0
705,8,1,242,175,199,201,158,231,34,0
1314,8,223,127,208,0,122,208,0,28,0
870,8,128,157,200,2,1,71,206,56,0
852,8,31,245,128,0,0,5,20,0,0
1505,8,137,63,224,11,10,0,184,128,0
651,8,0,0,0,0,0,0,0,0,0
1408,8,0,0,0,3,173,8,0,0,0
1076,8,1,38,32,160,48,64,16,48,0
1760,8,1,140,1,138,1,135,1,134,0
1788,8,0,0,7,97,242,181,160,0,0
167,8,0,16,251,100,193,40,32,160,0
569,8,0,0,0,116,192,0,68,96,0
1176,8,135,255,191,252,41,128,112,207,0
560,8,245,0,0,2,236,0,20,0,0
1694,8,4,64,4,127,31,192,21,194,0
293,8,144,0,64,223,65,254,53,96,0
14,8,32,82,86,2,8,9,118,26,0
661,8,0,0,0,0,0,0,8,64,0
208,8,58,119,12,96,50,1,194,0,0
51,8,0,7,168,0,13,192,7,208,0
215,8,0,0,2,0,128,0,0,0,0
263,8,0,0,0,0,0,0,0,0,0
186,8,6,168,127,68,16,0,6,40,0
1760,8,1,142,1,137,1,135,1,135,0
737,8,0,0,0,0,0,0,0,4,0
852,8,31,245,128,0,0,5,20,0,0
1505,8,137,63,224,11,10,0,184,128,0
354,8,0,8,2,243,234,17,244,206,0
167,8,0,16,249,228,177,40,32,160,0
1175,8,0,0,0,0,0,0,0,0,0
293,8,144,0,64,223,65,254,23,96,0
14,8,32,82,86,2,8,9,118,26,0
738,8,24,8,13,64,64,0,1,24,0
837,8,5,2,2,194,60,119,64,129,0
1072,8,0,47,68,139,212,128,16,160,0
339,8,0,0,0,0,0,12,0,2,0
1634,8,78,224,0,0,64,0,0,0,0
412,8,16,150,32,11,2,0,40,176,0
208,8,66,119,12,96,49,1,194,0,0
51,8,0,7,160,0,14,0,7,208,0
628,8,0,242,40,246,80,124,134,53,0
192,8,32,0,0,0,0,0,0,0,0
304,8,0,1,80,0,0,0,0,0,0
403,8,0,8,8,3,232,72,0,0,0
526,8,78,32,3,160,226,63,79,255,0
961,8,123,85,31,186,192,228,233,46,0
1314,8,223,127,208,0,122,88,0,28,0
870,8,128,157,200,2,1,71,206,56,0
1408,8,0,0,0,3,165,136,0,0,0
852,8,31,245,128,0,0,5,12,128,0
1505,8,137,63,224,11,10,0,184,128,0
651,8,0,0,0,0,0,0,0,0,0
1076,8,1,70,128,160,64,96,48,96,0
1760,8,1,140,1,137,1,137,1,135,0
167,8,0,16,249,100,177,40,32,160,0
722,8,0,0,72,0,0,0,0,0,0
1176,8,135,255,191,252,56,128,112,192,0
1124,8,0,2,64,0,0,144,27,83,0
560,8,244,0,0,2,236,0,22,0,0
1694,8,4,64,4,127,31,192,21,194,0
293,8,144,0,64,223,65,253,249,96,0
14,8,32,82,86,2,8,9,118,26,0
208,8,74,119,12,96,48,1,194,0,0
51,8,0,7,152,0,14,64,7,208,0
263,8,0,0,0,0,0,0,0,0,0
813,8,128,0,4,32,172,1,0,32,0
1277,8,17,80,10,77,107,15,75,8,0
1760,8,1,140,1,137,1,137,1,136,0
737,8,0,0,0,0,0,0,0,4,0
852,8,31,245,128,0,0,4,253,128,0
1505,8,137,63,224,11,10,0,184,128,0
354,8,0,8,2,243,234,17,244,206,0
167,8,0,16,250,228,193,40,32,160,0
1644,8,0,0,0,0,32,0,0,0,0
1413,8,0,64,0,0,0,2,0,24,0
293,8,144,0,64,223,65,253,219,96,0
14,8,32,82,86,2,8,9,118,32,0
622,8,1,6,64,130,137,14,10,4,0
1255,8,0,0,0,20,3,102,0,0,0
339,8,0,0,0,0,0,12,0,2,0
661,8,0,0,0,0,0,0,8,64,0
1634,8,78,224,0,0,64,0,0,0,0
1668,8,76,213,128,25,65,84,16,30,0
1590,8,36,156,0,0,240,1,48,0,0
727,8,16,0,96,216,0,0,0,8,0
412,8,20,146,32,11,2,0,40,176,0
403,8,0,8,8,3,232,72,0,0,0
526,8,78,32,3,160,226,191,79,247,0
1314,8,223,127,208,0,121,224,0,28,0
208,8,82,119,12,96,47,1,194,0,0
51,8,0,7,144,0,14,128,7,208,0
852,8,31,245,128,0,0,4,253,128,0
1505,8,137,63,224,11,10,0,184,128,0
651,8,0,0,0,0,0,0,0,0,0
628,8,0,242,42,244,80,124,134,53,0
192,8,32,0,0,0,0,0,0,0,0
167,8,0,16,251,100,177,40,32,160,0
1031,8,64,1,95,240,20,0,189,160,0
60,8,0,0,4,0,42,0,0,0,0
996,8,0,208,0,0,133,0,0,0,0
870,8,128,157,200,2,1,71,206,56,0
1628,8,64,8,194,117,32,15,0,0,0
1408,8,0,0,0,3,158,8,0,0,0
519,8,4,4,96,72,42,222,149,24,0
244,8,154,12,1,2,4,177,2,64,0
1694,8,4,64,4,127,31,192,21,194,0
293,8,144,0,64,223,65,253,189,96,0
961,8,123,85,31,187,127,229,105,46,0
1076,8,1,104,96,160,96,112,64,112,0
1760,8,1,139,1,137,1,137,1,136,0
1176,8,135,255,191,252,53,128,113,65,0
1225,8,1,249,21,130,13,2,246,75,0
470,8,2,11,128,128,48,36,5,128,0
14,8,32,82,86,2,8,9,118,26,0
1399,8,0,0,8,0,0,0,1,82,0
560,8,243,0,0,2,236,0,24,0,0
208,8,90,119,12,96,44,1,196,0,0
51,8,0,7,136,0,14,192,7,208,0
263,8,0,0,0,0,0,0,0,0,0
186,8,6,168,127,4,16,0,6,40,0
1760,8,1,139,1,138,1,137,1,137,0
737,8,0,0,0,0,0,0,0,4,0
852,8,31,245,128,0,0,4,246,0,0
1505,8,137,63,224,11,10,0,180,128,0
354,8,0,8,2,243,234,17,244,206,0
167,8,0,16,249,228,177,40,32,160,0
293,8,144,0,64,223,65,253,159,96,0
1227,8,128,0,0,0,0,14,0,0,0
640,8,24,224,2,112,0,0,0,0,0
14,8,32,82,86,2,8,9,118,26,0
339,8,0,0,0,0,0,12,0,2,0
1634,8,78,224,0,0,64,0,0,0,0
412,8,24,142,32,11,2,0,40,176,0
208,8,98,119,12,96,43,1,196,0,0
51,8,0,7,128,0,15,0,7,208,0
628,8,0,242,44,242,80,124,134,53,0
192,8,32,0,0,0,0,0,0,0,0
1331,8,237,127,207,126,255,246,239,127,0
403,8,0,8,8,3,232,72,0,0,0
526,8,78,32,3,160,226,191,79,247,0
1314,8,223,127,208,0,121,104,0,28,0
870,8,128,157,200,2,1,71,206,56,0
852,8,31,245,128,0,0,4,246,0,0
1505,8,137,63,224,11,10,0,184,128,0
651,8,0,0,0,0,0,0,0,0,0
1408,8,0,0,0,3,150,136,0,0,0
1076,8,1,134,192,160,112,128,112,128,0
1760,8,1,140,1,137,1,138,1,137,0
167,8,0,16,249,228,193,40,32,160,0
1459,8,4,0,0,0,0,0,4,0,0
61,8,0,0,11,0,0,0,0,0,0
1176,8,135,255,191,252,51,128,113,130,0
560,8,242,0,0,2,236,0,26,0,0
1694,8,4,64,4,127,31,192,21,194,0
293,8,144,0,64,223,65,255,97,96,0
14,8,32,82,86,2,8,9,118,26,0
661,8,0,0,0,0,0,0,8,64,0
208,8,106,119,12,96,41,1,197,0,0
51,8,0,7,120,0,15,64,7,208,0
263,8,0,0,0,0,0,0,0,0,0
1760,8,1,140,1,137,1,139,1,137,0
961,8,123,85,31,187,127,38,41,46,0
737,8,0,0,0,0,0,0,0,4,0
852,8,31,245,128,0,0,4,231,0,0
1505,8,137,63,224,11,10,0,184,128,0
354,8,0,8,2,243,234,17,244,206,0
167,8,0,16,250,228,193,40,32,160,0
1372,8,16,27,0,0,65,130,48,0,0
293,8,144,0,64,223,65,255,67,96,0
14,8,32,82,86,2,8,9,118,32,0
339,8,0,0,0,0,0,12,0,2,0
1634,8,78,224,0,0,64,0,0,0,0
412,8,28,138,32,11,2,0,40,176,0
208,8,114,119,12,96,40,1,197,0,0
51,8,0,7,112,0,15,128,7,208,0
628,8,0,242,46,240,80,124,134,53,0
192,8,32,0,0,0,0,0,0,0,0
813,8,128,0,4,32,172,1,0,32,0
692,8,20,233,159,0,0,0,88,0,0
1277,8,17,76,10,77,103,14,203,8,0
403,8,0,8,8,3,232,72,0,0,0
526,8,78,32,3,160,227,63,143,255,0
1314,8,223,127,208,0,120,240,0,28,0
870,8,128,157,200,2,1,71,206,56,0
852,8,31,245,128,0,0,5,80,0,0
1505,8,137,63,224,11,10,0,184,128,0
651,8,0,0,0,0,0,0,0,0,0
1408,8,0,0,0,3,143,8,0,0,0
1076,8,1,166,0,160,128,160,128,160,0
1760,8,1,139,1,136,1,139,1,137,0
167,8,0,16,250,228,193,40,32,160,0
458,8,63,249,255,128,0,0,12,64,0
1176,8,135,255,191,252,49,128,113,195,0
560,8,241,0,0,2,236,0,28,0,0
1694,8,4,64,4,127,31,192,21,162,0
293,8,144,0,64,223,65,255,37,96,0
14,8,32,82,86,2,8,9,118,32,0
208,8,122,119,12,96,38,1,198,0,0
51,8,0,7,104,0,15,192,7,208,0
1399,8,0,0,8,0,0,0,1,82,0
263,8,0,0,0,0,0,0,0,0,0
186,8,6,168,127,4,16,0,6,40,0
1760,8,1,139,1,136,1,140,1,138,0
737,8,0,0,0,0,0,0,0,4,0
852,8,31,245,128,0,0,5,80,0,0
1505,8,137,63,224,11,10,0,184,128,0
354,8,0,8,2,243,234,17,244,206,0
167,8,0,16,249,228,177,40,32,160,0
675,8,0,0,0,132,16,128,69,16,0
293,8,144,0,64,223,65,255,7,96,0
961,8,123,85,31,186,255,38,169,46,0
14,8,32,82,86,2,8,9,118,26,0
339,8,0,0,0,0,0,12,0,2,0
661,8,0,0,0,0,0,0,8,64,0
1634,8,78,224,0,0,64,0,0,0,0
412,8,0,166,32,11,2,0,40,176,0
208,8,2,119,12,96,53,1,198,0,0
51,8,0,7,224,0,12,0,7,208,0
628,8,0,242,32,254,80,124,134,53,0
192,8,32,0,0,0,0,0,0,0,0
403,8,0,8,8,3,232,72,0,0,0
526,8,78,32,3,160,227,63,143,247,0
1314,8,223,127,208,0,120,120,0,28,0
870,8,128,157,200,2,1,71,206,56,0
1408,8,0,0,0,3,135,136,0,0,0
852,8,31,245,64,0,0,5,80,128,0
1505,8,137,63,224,11,10,0,184,128,0
651,8,0,0,0,0,0,0,0,0,0
1076,8,1,198,64,160,160,176,160,176,0
1760,8,1,137,1,137,1,140,1,138,0
1788,8,0,0,7,97,146,181,160,0,0
167,8,0,16,250,100,177,40,32,160,0
569,8,0,0,0,115,192,0,68,96,0
1176,8,135,255,191,252,47,128,114,4,0
560,8,240,0,0,2,236,0,30,0,0
1694,8,4,64,4,127,31,192,21,194,0
293,8,144,0,64,223,65,254,233,96,0
705,8,1,243,207,199,201,158,193,54,0
14,8,32,82,86,2,8,9,118,32,0
208,8,10,119,12,96,51,1,199,0,0
51,8,0,7,216,0,12,64,7,208,0
215,8,0,0,2,0,128,0,0,0,0
263,8,0,0,0,0,0,0,0,0,0
1760,8,1,142,1,137,1,140,1,139,0
737,8,0,0,0,0,0,0,0,4,0
852,8,31,245,64,0,0,5,65,128,0
1505,8,137,63,224,11,10,0,184,128,0
354,8,0,8,2,243,234,17,244,206,0
167,8,0,16,250,228,177,40,32,160,0
1175,8,0,0,0,0,0,0,0,0,0
293,8,144,0,64,223,65,254,203,96,0
14,8,32,82,86,2,8,9,118,26,0
738,8,24,8,13,64,64,0,1,24,0
837,8,5,2,2,194,60,119,64,129,0
1072,8,0,47,68,139,212,128,16,160,0
339,8,0,0,0,0,0,12,0,2,0
1634,8,78,224,0,0,64,0,0,0,0
412,8,4,164,32,10,194,0,40,176,0
208,8,18,119,12,96,50,1,199,0,0
51,8,0,7,208,0,12,128,7,208,0
628,8,0,242,34,252,80,124,134,53,0
192,8,32,0,0,0,0,0,0,0,0
304,8,0,1,80,0,0,0,0,0,0
403,8,0,8,8,3,232,72,0,0,0
526,8,78,32,3,160,227,63,143,255,0
1314,8,223,127,208,0,127,128,0,28,0
961,8,123,85,31,187,189,167,105,46,0
870,8,128,157,200,2,1,71,206,56,0
852,8,31,245,64,0,0,5,65,128,0
1505,8,137,63,224,11,10,0,180,128,0
651,8,0,0,0,0,0,0,0,0,0
1408,8,0,0,0,3,248,8,0,0,0
1076,8,1,229,160,160,208,208,176,208,0
1760,8,1,142,1,137,1,140,1,139,0
167,8,0,16,251,100,177,40,32,160,0
722,8,0,0,80,0,0,0,0,0,0
1176,8,135,255,191,252,45,128,114,69,0
1124,8,0,2,64,0,0,144,26,84,0
560,8,255,0,0,2,236,0,0,0,0
1694,8,4,64,4,127,31,192,21,194,0
293,8,144,0,64,223,65,254,173,96,0
14,8,32,82,86,2,8,9,118,26,0
661,8,0,0,0,0,0,0,8,64,0
208,8,26,119,12,96,48,1,200,0,0
51,8,0,7,200,0,12,192,7,208,0
263,8,0,0,0,0,0,0,0,0,0
186,8,6,168,127,4,16,0,6,40,0
627,8,0,0,0,8,0,0,0,0,0
452,8,0,0,2,0,1,192,0,0,0
676,8,32,32,3,28,4,8,152,208,0
1760,8,1,139,1,137,1,141,1,139,0
881,8,1,6,0,0,0,0,8,128,0
1661,8,0,24,96,2,8,0,2,32,0
1307,8,40,66,169,202,58,145,137,65,0
737,8,0,0,0,0,0,0,0,4,0
852,8,31,245,64,0,0,5,58,0,0
1505,8,137,63,224,11,10,0,180,128,0
354,8,0,8,2,227,234,17,244,206,0
167,8,0,16,249,228,193,40,32,160,0
813,8,128,0,4,32,172,1,0,32,0
204,8,67,65,8,50,56,175,162,14,0
1277,8,17,80,10,77,107,15,203,8,0
1533,8,189,221,253,128,126,255,237,218,0
1644,8,0,0,0,0,24,0,0,0,0
1413,8,0,64,0,0,0,2,0,24,0
293,8,144,0,64,223,65,254,143,96,0
14,8,32,82,86,2,8,9,118,32,0
1255,8,0,0,0,20,3,102,0,0,0
339,8,0,0,0,0,0,12,0,2,0
1634,8,78,224,0,0,64,0,0,0,0
1668,8,76,213,128,25,65,84,16,30,0
1590,8,36,156,0,0,240,1,64,0,0
727,8,16,0,96,216,0,0,0,8,0
412,8,8,160,32,10,194,0,40,176,0
208,8,34,119,12,96,47,1,200,0,0
403,8,0,8,8,3,232,72,0,0,0
526,8,78,32,3,160,227,191,143,255,0
1314,8,223,127,208,0,127,8,0,28,0
51,8,0,7,192,0,13,0,7,208,0
628,8,0,242,36,250,80,124,134,51,0
192,8,32,0,0,0,0,0,0,0,0
852,8,31,245,64,0,0,5,58,0,0
1505,8,137,63,224,11,10,0,184,128,0
651,8,0,0,0,0,0,0,0,0,0
167,8,0,16,250,100,193,40,32,160,0
253,8,0,0,1,0,128,16,0,0,0
622,8,1,6,64,130,137,14,10,4,0
870,8,128,157,200,2,1,71,206,56,0
1408,8,0,0,0,3,240,136,0,0,0
1076,8,2,8,32,160,224,224,208,224,0
1760,8,1,139,1,136,1,141,1,140,0
1031,8,64,1,95,240,20,0,189,160,0
60,8,0,0,4,0,60,0,0,0,0
1176,8,135,255,191,252,44,128,114,70,0
244,8,154,12,1,2,4,177,2,64,0
1694,8,4,64,4,127,31,192,21,162,0
293,8,144,0,64,223,65,254,113,96,0
961,8,123,85,31,187,61,167,233,46,0
996,8,0,208,0,0,133,0,0,0,0
1628,8,64,8,194,117,32,15,0,0,0
519,8,4,4,96,72,42,222,149,24,0
14,8,32,82,86,2,8,9,118,26,0
1225,8,1,249,21,130,13,2,246,75,0
470,8,2,15,130,128,48,36,5,128,0
420,8,0,0,0,2,236,204,0,0,0
1399,8,0,0,8,0,0,0,1,82,0
208,8,42,119,12,96,46,1,200,0,0
51,8,0,7,184,0,13,64,7,208,0
263,8,0,0,0,0,0,0,0,0,0
560,8,254,0,0,2,236,0,2,0,0
1760,8,1,138,1,137,1,142,1,140,0
737,8,0,0,0,0,0,0,0,4,0
852,8,31,245,64,0,0,5,43,0,0
1505,8,137,63,224,11,10,0,184,128,0
354,8,0,8,2,227,234,17,244,206,0
167,8,0,16,250,100,193,40,32,160,0
293,8,144,0,64,223,65,254,83,96,0
14,8,32,82,86,2,8,9,118,26,0
339,8,0,0,0,0,0,12,0,2,0
661,8,0,0,0,0,0,0,8,64,0
1634,8,78,224,0,0,64,0,0,0,0
412,8,12,156,32,10,194,0,40,176,0
208,8,50,119,12,96,45,1,200,0,0
51,8,0,7,176,0,13,128,7,208,0
628,8,0,242,38,248,80,124,134,51,0
192,8,32,0,0,0,0,0,0,0,0
403,8,0,8,8,3,232,72,0,0,0
526,8,78,32,3,160,227,191,143,255,0
1314,8,223,127,208,0,126,144,0,28,0
870,8,128,157,200,2,1,71,206,56,0
852,8,31,245,64,0,0,5,28,0,0
1505,8,137,63,224,11,10,0,180,128,0
651,8,0,0,0,0,0,0,0,0,0
1408,8,0,0,0,3,233,8,0,0,0
1076,8,2,40,32,161,1,16,225,0,0
1760,8,1,138,1,137,1,143,1,141,0
167,8,0,16,250,228,193,40,32,160,0
1459,8,4,0,0,0,0,0,4,0,0
61,8,0,0,11,0,0,0,0,0,0
1176,8,135,255,191,252,42,128,114,135,0
560,8,253,0,0,2,236,0,4,0,0
1694,8,4,64,4,127,31,192,21,162,0
293,8,144,0,64,223,65,254,53,96,0
14,8,32,82,86,2,8,9,118,20,0
208,8,58,119,12,96,43,1,201,0,0
51,8,0,7,168,0,13,192,7,208,0
263,8,0,0,0,0,0,0,0,0,0
186,8,6,168,126,196,16,0,6,40,0
1760,8,1,140,1,136,1,143,1,141,0
961,8,123,85,31,187,188,104,169,46,0
737,8,0,0,0,0,0,0,0,4,0
852,8,31,245,64,0,0,5,28,0,0
1505,8,137,63,224,11,10,0,180,128,0
354,8,0,8,2,227,234,17,244,206,0
167,8,0,16,250,100,193,40,32,160,0
293,8,144,0,64,223,65,254,23,96,0
14,8,32,82,86,2,8,9,118,32,0
339,8,0,0,0,0,0,12,0,2,0
1634,8,78,224,0,0,64,0,0,0,0
412,8,16,152,32,10,194,0,40,176,0
208,8,66,119,12,96,42,1,201,0,0
51,8,0,7,160,0,14,0,7,208,0
628,8,0,242,40,246,80,124,134,51,0
192,8,32,0,0,0,0,0,0,0,0
485,8,1,70,4,5,168,65,163,224,0
813,8,128,0,4,32,172,1,0,32,0
692,8,20,233,159,0,0,0,88,0,0
403,8,0,8,8,3,232,72,0,0,0
526,8,78,32,3,160,228,63,143,255,0
1314,8,223,127,208,0,126,24,0,28,0
1277,8,17,78,10,77,105,15,75,8,0
870,8,128,157,200,2,1,71,206,56,0
852,8,31,245,64,0,0,5,20,128,0
1505,8,137,63,224,11,10,0,184,128,0
651,8,0,0,0,0,0,0,0,0,0
1408,8,0,0,0,3,225,136,0,0,0
1076,8,2,64,0,161,17,33,1,16,0
1760,8,1,140,1,136,1,143,1,142,0
167,8,0,16,250,100,193,40,32,160,0
458,8,63,249,255,128,0,0,12,64,0
1176,8,135,255,191,252,39,128,115,8,0
560,8,252,0,0,2,236,0,6,0,0
1694,8,4,64,4,127,31,192,21,194,0
293,8,144,0,64,223,65,253,249,96,0
14,8,32,82,86,2,8,9,118,32,0
661,8,0,0,0,0,0,0,8,64,0
208,8,74,119,12,96,39,1,203,0,0
51,8,0,7,152,0,14,64,7,208,0
1399,8,0,0,8,0,0,0,1,82,0
263,8,0,0,0,0,0,0,0,0,0
241,8,62,16,28,192,3,89,204,0,0
1760,8,1,138,1,137,1,143,1,143,0
737,8,0,0,0,0,0,0,0,4,0
852,8,31,245,64,0,0,5,5,128,0
1505,8,137,63,224,11,10,0,184,128,0
354,8,0,8,2,227,234,17,244,206,0
167,8,0,16,250,228,177,40,32,160,0
675,8,0,0,0,132,16,128,67,16,0
293,8,144,0,64,223,65,253,219,96,0
961,8,123,85,31,187,60,105,41,46,0
14,8,32,82,86,2,8,9,118,38,0
339,8,0,0,0,0,0,12,0,2,0
1634,8,78,224,0,0,64,0,0,0,0
412,8,20,148,32,10,194,0,40,176,0
208,8,82,119,12,96,38,1,203,0,0
51,8,0,7,144,0,14,128,7,208,0
628,8,0,242,42,244,80,124,134,51,0
192,8,32,0,0,0,0,0,0,0,0
403,8,0,8,8,3,232,72,0,0,0
526,8,78,32,3,160,228,191,175,255,0
1314,8,223,127,208,0,125,160,0,28,0
870,8,128,157,200,2,1,71,206,56,0
852,8,31,245,64,0,0,5,5,128,0
1505,8,137,63,224,11,10,0,180,128,0
651,8,0,0,0,0,0,0,0,0,0
1408,8,0,0,0,3,218,8,0,0,0
1076,8,2,96,0,161,33,65,17,64,0
1760,8,1,137,1,137,1,144,1,143,0
1788,8,0,0,7,97,146,181,152,0,0
167,8,0,16,250,100,177,40,32,160,0
569,8,0,0,0,115,0,0,68,64,0
1176,8,135,255,191,252,38,128,115,9,0
560,8,251,0,0,2,236,0,8,0,0
1694,8,4,64,4,127,31,192,21,194,0
293,8,144,0,64,223,65,253,189,96,0
14,8,32,82,86,2,8,9,118,26,0
208,8,90,119,12,96,37,1,203,0,0
51,8,0,7,136,0,14,192,7,208,0
215,8,0,0,2,0,128,0,0,0,0
263,8,0,0,0,0,0,0,0,0,0
186,8,6,168,126,132,16,0,6,40,0
65,8,128,34,0,32,1,0,0,0,0
1760,8,1,137,1,137,1,144,1,143,0
705,8,1,244,15,199,201,158,167,76,0
737,8,0,0,0,0,0,0,0,4,0
852,8,31,245,64,0,0,4,254,0,0
1505,8,137,63,224,11,10,0,180,128,0
354,8,0,8,2,227,234,17,244,206,0
167,8,0,16,249,228,193,40,32,160,0
1175,8,0,0,0,0,0,0,0,0,0
293,8,144,0,64,223,65,253,159,96,0
14,8,32,82,86,2,8,9,118,32,0
738,8,24,8,13,64,64,0,1,24,0
837,8,5,2,2,194,60,119,64,129,0
1072,8,0,47,68,139,212,128,16,160,0
339,8,0,0,0,0,0,12,0,2,0
661,8,0,0,0,0,0,0,8,64,0
1634,8,78,224,0,0,64,0,0,0,0
412,8,24,144,32,10,194,0,40,176,0
208,8,98,119,12,96,36,1,203,0,0
51,8,0,7,128,0,15,0,7,208,0
628,8,0,242,44,242,80,124,134,51,0
192,8,32,0,0,0,0,0,0,0,0
304,8,0,1,80,0,0,0,0,0,0
403,8,0,8,8,3,232,72,0,0,0
526,8,78,32,3,160,228,191,175,255,0
1314,8,223,127,208,0,125,40,0,28,0
961,8,123,85,31,186,251,233,233,46,0
870,8,128,157,200,2,1,71,206,56,0
1408,8,0,0,0,3,210,136,0,0,0
852,8,31,245,64,0,0,4,254,0,0
1505,8,137,63,224,11,10,0,184,128,0
651,8,0,0,0,0,0,0,0,0,0
1076,8,2,138,160,161,65,81,33,80,0
1760,8,1,138,1,137,1,144,1,143,0
167,8,0,16,250,228,193,40,32,160,0
722,8,0,0,8,0,0,0,0,0,0
1372,8,16,27,0,0,65,130,48,0,0
1176,8,135,255,191,252,36,128,115,74,0
1124,8,0,2,64,0,0,144,25,85,0
560,8,250,0,0,2,236,0,10,0,0
1694,8,4,64,4,127,31,192,21,194,0
293,8,144,0,64,223,65,255,97,96,0
14,8,32,82,86,2,8,9,118,32,0
208,8,106,119,12,96,34,1,204,0,0
51,8,0,7,120,0,15,64,7,208,0
263,8,0,0,0,0,0,0,0,0,0
663,8,17,0,0,32,0,2,81,16,0
1455,8,32,192,0,0,0,32,112,0,0
813,8,128,0,4,32,172,1,0,32,0
1277,8,17,83,10,77,111,16,75,8,0
1760,8,1,138,1,135,1,145,1,144,0
737,8,0,0,0,0,0,0,0,4,0
852,8,31,245,64,0,0,4,239,0,0
1505,8,137,63,224,11,10,0,180,128,0
354,8,0,8,2,227,234,17,244,206,0
167,8,0,16,250,100,177,40,32,160,0
1644,8,0,0,0,0,24,0,0,0,0
293,8,144,0,64,223,65,255,67,96,0
1413,8,0,64,0,0,0,2,0,24,0
14,8,32,82,86,2,8,9,118,26,0
1255,8,0,0,0,20,3,102,0,0,0
339,8,0,0,0,0,0,12,0,2,0
1634,8,78,224,0,0,64,0,0,0,0
1668,8,76,213,128,25,65,84,16,30,0
1590,8,36,156,0,0,240,1,80,0,0
727,8,16,0,96,216,0,0,0,8,0
412,8,28,140,32,10,194,0,40,176,0
208,8,114,119,12,96,33,1,204,0,0
403,8,0,8,8,3,232,72,0,0,0
526,8,78,32,3,160,228,191,175,255,0
1314,8,223,127,208,0,124,176,0,28,0
51,8,0,7,112,0,15,128,7,208,0
628,8,0,242,46,240,80,124,134,51,0
852,8,31,245,64,0,0,5,88,0,0
1505,8,137,63,224,11,10,0,180,128,0
651,8,0,0,0,0,0,0,0,0,0
192,8,32,0,0,0,0,0,0,0,0
167,8,0,16,249,228,193,40,32,160,0
622,8,1,6,64,130,137,14,10,4,0
1031,8,64,1,95,240,20,0,189,160,0
870,8,128,157,200,2,1,71,206,56,0
60,8,0,0,4,0,42,0,0,0,0
1408,8,0,0,0,3,203,8,0,0,0
1076,8,2,170,160,161,81,113,65,112,0
1760,8,1,142,1,135,1,145,1,144,0
1176,8,135,255,191,252,34,128,115,139,0
996,8,0,208,0,0,133,0,0,0,0
1628,8,64,8,194,117,32,15,0,0,0
519,8,4,4,96,72,42,222,149,24,0
1225,8,1,249,21,130,13,2,246,75,0
244,8,154,12,1,2,4,177,2,64,0
1694,8,4,64,4,127,31,192,21,194,0
293,8,144,0,64,223,65,255,37,96,0
961,8,123,85,31,187,122,234,105,46,0
470,8,2,11,128,128,48,36,5,128,0
14,8,32,82,86,2,8,9,118,26,0
1399,8,0,0,8,0,0,0,1,82,0
117,8,15,50,0,15,174,30,224,0,0
560,8,249,0,0,2,236,0,12,0,0
661,8,0,0,0,0,0,0,8,64,0
208,8,122,119,12,96,31,1,205,0,0
51,8,0,7,104,0,15,192,7,208,0
263,8,0,0,0,0,0,0,0,0,0
186,8,6,168,126,132,16,0,6,40,0
1760,8,1,142,1,137,1,145,1,145,0
737,8,0,0,0,0,0,0,0,4,0
852,8,31,245,64,0,0,5,88,0,0
1505,8,137,63,224,11,10,0,180,128,0
354,8,0,8,2,227,234,17,244,206,0
167,8,0,16,250,100,193,40,32,160,0
58,8,0,0,0,0,0,29,8,0,0
293,8,144,0,64,223,65,255,7,96,0
953,8,32,4,114,0,0,0,92,66,0
1227,8,128,0,0,0,0,14,0,0,0
640,8,24,224,2,112,0,0,0,0,0
14,8,32,82,86,2,8,9,118,38,0
339,8,0,0,0,0,0,12,0,2,0
1634,8,78,224,0,0,64,0,0,0,0
412,8,0,168,32,10,194,0,40,176,0
208,8,2,119,12,96,46,1,205,0,0
51,8,0,7,224,0,12,0,7,208,0
628,8,0,242,32,254,80,124,134,51,0
192,8,32,0,0,0,0,0,0,0,0
541,8,0,0,0,0,0,1,0,0,0
1049,8,10,155,70,77,4,95,194,207,0
403,8,0,8,8,3,232,72,0,0,0
526,8,78,32,3,160,228,191,175,255,0
1314,8,223,127,208,0,124,56,0,28,0
870,8,128,157,200,2,1,71,206,56,0
852,8,31,245,64,0,0,5,80,128,0
1505,8,137,63,224,11,10,0,184,128,0
651,8,0,0,0,0,0,0,0,0,0
1408,8,0,0,0,3,195,136,0,0,0
1076,8,2,202,160,161,113,129,113,128,0
1760,8,1,143,1,138,1,145,1,145,0
167,8,0,16,250,228,177,40,32,160,0
1459,8,4,0,0,0,0,0,4,0,0
61,8,0,0,11,0,0,0,0,0,0
1176,8,135,255,191,252,32,128,115,204,0
1262,8,160,0,13,8,240,76,64,8,0
560,8,248,0,0,2,236,0,14,0,0
1694,8,4,64,4,127,31,192,21,194,0
293,8,144,0,64,223,65,254,233,96,0
14,8,32,82,86,2,8,9,118,32,0
208,8,10,119,12,96,44,1,206,0,0
51,8,0,7,216,0,12,64,7,208,0
263,8,0,0,0,0,0,0,0,0,0
1760,8,1,142,1,138,1,145,1,145,0
961,8,123,85,31,187,122,43,41,46,0
737,8,0,0,0,0,0,0,0,4,0
852,8,31,245,64,0,0,5,65,128,0
1505,8,137,63,224,11,10,0,180,128,0
354,8,0,8,2,227,234,17,244,206,0
167,8,0,16,250,100,193,40,32,160,0
1693,8,128,141,207,176,79,193,252,177,0
293,8,144,0,64,223,65,254,203,96,0
14,8,32,82,86,2,8,9,118,32,0
339,8,0,0,0,0,0,12,0,2,0
661,8,0,0,0,0,0,0,8,64,0
1634,8,78,224,0,0,64,0,0,0,0
412,8,4,164,32,10,194,0,40,176,0
208,8,18,119,12,96,43,1,206,0,0
51,8,0,7,208,0,12,128,7,208,0
628,8,0,242,34,252,80,124,134,51,0
192,8,32,0,0,0,0,0,0,0,0
692,8,20,233,159,0,0,0,88,0,0
403,8,0,8,8,3,232,72,0,0,0
526,8,78,32,3,160,229,191,143,255,0
1314,8,223,127,208,0,123,192,0,28,0
870,8,128,157,200,2,1,71,206,56,0
813,8,128,0,4,32,172,1,0,32,0
1408,8,0,0,0,3,188,8,0,0,0
852,8,31,245,64,0,0,5,65,128,0
1505,8,137,63,224,11,10,0,180,128,0
651,8,0,0,0,0,0,0,0,0,0
1076,8,2,234,160,161,161,161,129,160,0
1760,8,1,138,1,138,1,145,1,145,0
167,8,0,16,249,100,177,40,32,160,0
458,8,63,249,255,128,0,0,12,64,0
1176,8,135,255,191,252,31,128,115,205,0
1277,8,17,79,10,77,105,15,74,136,0
1512,8,0,0,2,4,0,57,176,0,0
560,8,247,0,0,2,236,0,16,0,0
1694,8,4,64,4,127,31,192,21,194,0
293,8,144,0,64,223,65,254,173,96,0
14,8,32,82,86,2,8,9,118,32,0
208,8,26,119,12,96,42,1,206,0,0
51,8,0,7,200,0,12,192,7,208,0
1399,8,0,0,8,0,0,0,1,82,0
263,8,0,0,0,0,0,0,0,0,0
186,8,6,168,126,68,16,0,6,40,0
1760,8,1,142,1,138,1,145,1,145,0
737,8,0,0,0,0,0,0,0,4,0
852,8,31,245,64,0,0,5,58,0,0
1505,8,137,63,224,11,10,0,180,128,0
354,8,0,8,2,227,234,17,244,206,0
167,8,0,16,250,228,193,40,32,160,0
675,8,0,0,0,132,16,128,66,144,0
293,8,144,0,64,223,65,254,143,96,0
961,8,123,85,31,186,250,43,169,46,0
14,8,32,82,86,2,8,9,118,32,0
339,8,0,0,0,0,0,12,0,2,0
1634,8,78,224,0,0,64,0,0,0,0
412,8,8,160,32,10,194,0,40,176,0
208,8,34,119,12,96,41,1,206,0,0
51,8,0,7,192,0,13,0,7,208,0
628,8,0,242,36,250,80,124,134,51,0
192,8,32,0,0,0,0,0,0,0,0
403,8,0,8,8,3,232,72,0,0,0
526,8,78,32,3,160,229,191,111,255,0
1314,8,223,127,208,0,123,72,0,28,0
870,8,128,157,200,2,1,71,206,56,0
852,8,31,245,64,0,0,5,58,0,0
1505,8,137,63,224,11,10,0,180,128,0
651,8,0,0,0,0,0,0,0,0,0
1408,8,0,0,0,3,180,136,0,0,0
1076,8,3,10,128,161,177,177,161,176,0
1760,8,1,142,1,138,1,145,1,145,0
1788,8,0,0,7,97,242,181,152,0,0
167,8,0,16,251,100,177,40,32,160,0
569,8,0,0,0,114,64,0,68,64,0
1176,8,135,255,191,252,30,128,115,206,0
560,8,246,0,0,2,236,0,18,0,0
1694,8,4,64,4,127,31,192,21,194,0
293,8,144,0,64,223,65,254,113,96,0
14,8,32,82,86,2,8,9,118,20,0
661,8,0,0,0,0,0,0,8,64,0
208,8,42,119,12,96,40,1,206,0,0
51,8,0,7,184,0,13,64,7,208,0
215,8,0,0,2,0,128,0,0,0,0
263,8,0,0,0,0,0,0,0,0,0
1760,8,1,145,1,138,1,146,1,145,0
737,8,0,0,0,0,0,0,0,4,0
852,8,31,245,64,0,0,5,43,0,0
1505,8,137,63,224,11,10,0,180,128,0
354,8,0,8,2,227,234,17,244,206,0
167,8,0,16,250,100,177,40,32,160,0
1175,8,0,0,0,0,0,0,0,0,0
293,8,144,0,64,223,65,254,83,96,0
705,8,1,243,79,199,202,30,157,96,0
14,8,32,82,86,2,8,9,118,26,0
738,8,24,8,13,64,64,0,1,24,0
837,8,5,2,2,194,60,119,64,129,0
1072,8,0,47,68,139,212,128,16,160,0
339,8,0,0,0,0,0,12,0,2,0
1634,8,78,224,0,0,64,0,0,0,0
412,8,12,156,32,10,194,0,40,176,0
208,8,50,119,12,96,39,1,206,0,0
51,8,0,7,176,0,13,128,7,208,0
628,8,0,242,38,248,80,124,134,51,0
192,8,32,0,0,0,0,0,0,0,0
304,8,0,1,80,0,0,0,0,0,0
403,8,0,8,8,3,232,72,0,0,0
526,8,78,32,3,160,229,191,111,255,0
961,8,123,85,31,186,249,108,105,46,0
1314,8,223,127,208,0,122,208,0,28,0
870,8,128,157,200,2,1,71,206,56,0
1408,8,0,0,0,3,173,8,0,0,0
852,8,31,245,64,0,0,5,28,0,0
1505,8,137,63,224,11,10,0,180,128,0
651,8,0,0,0,0,0,0,0,0,0
1076,8,3,42,0,161,193,225,177,192,0
1760,8,1,145,1,140,1,146,1,145,0
167,8,0,16,249,100,177,40,32,160,0
722,8,0,0,16,0,0,0,0,0,0
1176,8,135,255,191,252,29,128,115,207,0
1124,8,0,2,64,0,0,144,24,86,0
631,8,30,1,128,0,0,0,1,48,0
560,8,245,0,0,2,236,0,20,0,0
1694,8,4,64,4,127,31,192,21,162,0
293,8,144,0,64,223,65,254,53,96,0
14,8,32,82,86,2,8,9,118,26,0
208,8,58,119,12,96,38,1,206,0,0
51,8,0,7,168,0,13,192,7,208,0
263,8,0,0,0,0,0,0,0,0,0
186,8,6,168,126,68,16,0,6,40,0
1307,8,40,177,129,177,137,199,248,193,0
813,8,128,0,4,32,172,1,0,32,0
1277,8,17,92,10,76,123,17,203,8,0
1760,8,1,143,1,140,1,146,1,145,0
737,8,0,0,0,0,0,0,0,4,0
852,8,31,245,64,0,0,5,28,0,0
1505,8,137,63,224,11,10,0,180,128,0
354,8,0,8,2,211,234,17,244,206,0
167,8,0,16,250,100,193,40,32,160,0
930,8,0,0,0,0,24,1,224,0,0
1644,8,0,0,0,0,24,0,0,0,0
1560,8,251,125,190,255,247,119,191,221,0
1413,8,0,64,0,0,0,2,0,24,0
293,8,144,0,64,223,65,254,23,96,0
14,8,32,82,86,2,8,9,118,26,0
1255,8,0,0,0,20,3,102,0,0,0
339,8,0,0,0,0,0,12,0,2,0
661,8,0,0,0,0,0,0,8,64,0
1634,8,78,224,0,0,64,0,0,0,0
1668,8,76,213,128,25,65,84,16,30,0
1590,8,36,156,0,0,240,1,80,0,0
727,8,16,0,96,216,0,0,0,8,0
412,8,16,152,32,10,194,0,40,176,0
403,8,0,8,8,3,232,72,0,0,0
526,8,78,32,3,160,230,191,111,255,0
1314,8,223,127,208,0,122,88,0,28,0
208,8,66,119,12,96,37,1,206,0,0
51,8,0,7,160,0,14,0,7,208,0
628,8,0,242,40,246,80,124,134,51,0
852,8,31,245,64,0,0,5,20,128,0
1505,8,137,63,224,11,10,0,180,128,0
651,8,0,0,0,0,0,0,0,0,0
192,8,32,0,0,0,0,0,0,0,0
167,8,0,16,251,100,177,40,32,160,0
622,8,1,6,64,130,137,14,10,4,0
1031,8,64,1,95,240,20,0,189,160,0
870,8,128,157,200,2,1,71,206,56,0
60,8,0,0,4,0,42,0,0,0,0
1408,8,0,0,0,3,165,136,0,0,0
1076,8,3,74,160,161,225,241,193,224,0
1760,8,1,143,1,141,1,146,1,145,0
1176,8,135,255,191,252,43,128,116,0,0
996,8,0,208,0,0,133,0,0,0,0
1694,8,4,64,4,127,31,192,21,194,0
1628,8,64,8,194,117,32,15,0,0,0
519,8,4,4,96,72,42,222,149,24,0
244,8,154,12,1,2,4,177,2,64,0
293,8,144,0,64,223,65,253,249,96,0
961,8,123,85,31,186,248,236,233,46,0
1225,8,1,249,21,130,13,3,246,75,0
470,8,2,143,194,128,52,116,5,144,0
14,8,32,82,86,2,8,9,118,20,0
1399,8,0,0,8,0,0,0,1,82,0
560,8,244,0,0,2,236,0,22,0,0
208,8,74,119,12,96,35,1,207,0,0
51,8,0,7,152,0,14,64,7,208,0
263,8,0,0,0,0,0,0,0,0,0
1760,8,1,145,1,142,1,146,1,145,0
737,8,0,0,0,0,0,0,0,4,0
852,8,31,245,64,0,0,5,5,128,0
1505,8,137,63,224,11,10,0,180,128,0
354,8,0,8,2,211,234,17,244,206,0
167,8,0,16,250,100,193,40,32,160,0
293,8,144,0,64,223,65,253,219,96,0
14,8,32,82,86,2,8,9,118,38,0
339,8,0,0,0,0,0,12,0,2,0
1634,8,78,224,0,0,64,0,0,0,0
412,8,20,148,32,10,194,0,40,176,0
208,8,82,119,12,96,34,1,207,0,0
51,8,0,7,144,0,14,128,7,208,0
628,8,0,242,42,244,80,124,134,51,0
192,8,32,0,0,0,0,0,0,0,0
426,8,144,190,189,68,161,99,230,64,0
403,8,0,8,8,3,232,72,0,0,0
1533,8,189,221,253,255,254,255,237,218,0
526,8,78,31,255,160,230,191,143,255,0
1314,8,223,127,208,0,121,224,0,28,0
870,8,128,157,200,2,1,71,206,56,0
852,8,31,245,64,0,0,5,5,128,0
1505,8,137,63,224,11,10,0,180,128,0
651,8,0,0,0,0,0,0,0,0,0
1408,8,0,0,0,3,158,8,0,0,0
1076,8,3,106,160,161,242,17,226,16,0
1760,8,1,148,1,142,1,147,1,145,0
167,8,0,16,249,100,193,40,32,160,0
1459,8,4,0,0,0,0,0,4,0,0
61,8,0,0,11,128,0,0,0,0,0
1176,8,135,255,191,252,42,128,116,1,0
560,8,243,0,0,2,236,0,24,0,0
1694,8,4,64,4,127,31,192,21,194,0
293,8,144,0,64,223,65,253,189,96,0
14,8,32,82,86,2,8,9,118,26,0
661,8,0,0,0,0,0,0,8,64,0
208,8,90,119,12,96,33,1,207,0,0
51,8,0,7,136,0,14,192,7,208,0
263,8,0,0,0,0,0,0,0,0,0
186,8,6,168,126,68,16,0,6,40,0
1760,8,1,148,1,143,1,147,1,145,0
961,8,123,85,31,186,120,173,169,46,0
737,8,0,0,0,0,0,0,0,4,0
852,8,31,245,64,0,0,4,254,0,0
1505,8,137,63,224,11,10,0,184,128,0
354,8,0,8,2,211,234,17,244,206,0
167,8,0,16,250,100,193,40,32,160,0
1372,8,16,27,0,0,65,130,48,0,0
293,8,144,0,64,223,65,253,159,96,0
14,8,32,82,86,2,8,9,118,26,0
339,8,0,0,0,0,0,12,0,2,0
1634,8,78,224,0,0,64,0,0,0,0
412,8,24,144,32,10,194,0,40,176,0
208,8,98,119,12,96,32,1,207,0,0
51,8,0,7,128,0,15,0,7,208,0
628,8,0,242,44,242,80,124,134,51,0
192,8,32,0,0,0,0,0,0,0,0
778,8,64,45,80,1,211,62,50,0,0
692,8,20,233,159,0,0,0,88,0,0
452,8,0,0,2,0,2,0,0,0,0
403,8,0,8,8,3,232,72,0,0,0
526,8,78,31,255,160,230,191,143,247,0
1314,8,223,127,208,0,121,104,0,28,0
676,8,54,220,0,28,4,8,152,208,0
870,8,128,157,200,2,1,71,206,56,0
852,8,31,245,64,0,0,4,254,0,0
1505,8,137,63,224,11,10,0,180,128,0
651,8,0,0,0,0,0,0,0,0,0
1408,8,0,0,0,3,150,136,0,0,0
1076,8,3,130,160,162,18,33,242,32,0
1760,8,1,145,1,143,1,147,1,145,0
167,8,0,16,251,100,177,40,32,160,0
458,8,63,249,255,128,0,0,12,64,0
1176,8,135,255,191,252,40,128,116,66,0
813,8,128,0,4,32,172,1,0,32,0
1277,8,17,82,10,77,109,15,202,136,0
560,8,242,0,0,2,236,0,26,0,0
1694,8,4,64,4,127,31,192,21,194,0
293,8,144,0,64,223,65,255,97,96,0
14,8,32,82,86,2,8,9,118,20,0
208,8,106,119,12,96,30,1,208,0,0
51,8,0,7,120,0,15,64,7,208,0
1399,8,0,0,8,0,0,0,1,82,0
263,8,0,0,0,0,0,0,0,0,0
1760,8,1,145,1,144,1,147,1,146,0
737,8,0,0,0,0,0,0,0,4,0
852,8,31,245,64,0,0,4,239,0,0
1505,8,137,63,224,11,10,0,180,128,0
354,8,0,8,2,211,234,17,244,206,0
167,8,0,16,250,100,193,40,32,160,0
675,8,0,0,0,132,16,128,68,16,0
293,8,144,0,64,223,65,255,67,96,0
961,8,123,85,31,186,183,238,41,46,0
14,8,32,82,86,2,8,9,118,26,0
339,8,0,0,0,0,0,12,0,2,0
661,8,0,0,0,0,0,0,8,64,0
1634,8,78,224,0,0,64,0,0,0,0
412,8,28,140,32,10,194,0,40,176,0
208,8,114,119,12,96,29,1,208,0,0
51,8,0,7,112,0,15,128,7,208,0
628,8,0,242,46,240,80,124,134,51,0
192,8,32,0,0,0,0,0,0,0,0
403,8,0,8,8,3,232,72,0,0,0
526,8,78,31,255,160,231,63,143,247,0
1314,8,223,127,208,0,120,240,0,28,0
870,8,128,157,200,2,1,71,206,56,0
1408,8,0,0,0,3,143,8,0,0,0
852,8,31,245,64,0,0,5,88,0,0
1505,8,137,63,224,11,10,0,180,128,0
651,8,0,0,0,0,0,0,0,0,0
1076,8,3,170,160,162,34,66,18,64,0
1760,8,1,145,1,144,1,147,1,146,0
1788,8,0,0,7,98,50,181,144,0,0
167,8,0,16,249,228,193,40,32,160,0
569,8,0,0,0,113,192,0,68,64,0
1176,8,135,255,191,252,39,128,116,67,0
560,8,241,0,0,2,236,0,28,0,0
1694,8,4,64,4,127,31,192,21,194,0
293,8,144,0,64,223,65,255,37,96,0
14,8,32,82,86,2,8,9,118,38,0
208,8,122,119,12,96,28,1,208,0,0
51,8,0,7,104,0,15,192,7,208,0
215,8,0,0,2,0,128,0,0,0,0
263,8,0,0,0,0,0,0,0,0,0
186,8,6,168,126,4,16,0,6,40,0
1760,8,1,145,1,145,1,147,1,146,0
737,8,0,0,0,0,0,0,0,4,0
852,8,31,245,64,0,0,5,88,0,0
1505,8,137,63,224,11,10,0,180,128,0
354,8,0,8,2,211,234,17,244,206,0
167,8,0,16,250,100,193,40,32,160,0
1175,8,0,0,0,0,0,0,0,0,0
293,8,144,0,64,223,65,255,7,96,0
14,8,32,82,86,2,8,9,118,26,0
738,8,24,8,13,64,64,0,1,24,0
837,8,5,2,2,194,60,119,64,129,0
1072,8,0,47,68,139,210,128,16,160,0
339,8,0,0,0,0,0,12,0,2,0
1634,8,78,224,0,0,64,0,0,0,0
412,8,0,168,32,10,194,0,40,176,0
208,8,2,119,12,96,43,1,208,0,0
51,8,0,7,224,0,12,0,7,208,0
628,8,0,242,32,254,80,124,134,51,0
192,8,32,0,0,0,0,0,0,0,0
304,8,0,1,80,0,0,0,0,0,0
403,8,0,8,8,3,232,72,0,0,0
526,8,78,32,3,160,231,63,79,247,0
961,8,123,85,31,187,118,110,233,46,0
1314,8,223,127,208,0,120,120,0,28,0
705,8,1,242,239,199,200,158,147,118,0
870,8,128,157,200,2,1,71,206,56,0
1408,8,0,0,0,3,135,136,0,0,0
852,8,31,245,64,0,0,5,80,128,0
1505,8,137,63,224,11,10,0,180,128,0
651,8,0,0,0,0,0,0,0,0,0
1076,8,3,202,160,162,66,82,66,80,0
1760,8,1,148,1,145,1,147,1,146,0
167,8,0,16,250,228,193,40,32,160,0
722,8,0,0,24,0,0,0,0,0,0
1176,8,135,255,191,252,38,128,116,68,0
1124,8,0,2,64,0,0,144,23,87,0
560,8,240,0,0,2,236,0,30,0,0
1694,8,4,64,4,127,31,192,21,162,0
293,8,144,0,64,223,65,254,233,96,0
14,8,32,82,86,2,8,9,118,20,0
661,8,0,0,0,0,0,0,8,64,0
208,8,10,119,12,96,42,1,208,0,0
51,8,0,7,216,0,12,64,7,208,0
263,8,0,0,0,0,0,0,0,0,0
813,8,128,0,4,32,172,1,0,32,0
1277,8,17,80,10,77,107,15,75,8,0
1760,8,1,149,1,145,1,146,1,145,0
737,8,0,0,0,0,0,0,0,4,0
852,8,31,245,64,0,0,5,65,128,0
1505,8,137,63,224,11,10,0,180,128,0
354,8,0,8,2,211,234,17,244,206,0
167,8,0,16,249,228,177,40,32,160,0
1644,8,0,0,0,0,24,0,0,0,0
1413,8,0,64,0,0,0,2,0,24,0
293,8,144,0,64,223,65,254,203,96,0
14,8,32,82,86,2,8,9,118,38,0
1255,8,0,0,0,20,3,102,0,0,0
339,8,0,0,0,0,0,12,0,2,0
1634,8,78,224,0,0,64,0,0,0,0
1668,8,76,213,128,25,65,84,16,30,0
1590,8,36,156,0,0,240,1,96,0,0
727,8,16,0,96,216,0,0,0,8,0
412,8,4,164,32,10,194,0,40,176,0
208,8,18,119,12,96,41,1,208,0,0
403,8,0,8,8,3,232,72,0,0,0
526,8,78,32,3,160,231,63,111,247,0
1314,8,223,127,208,0,127,128,0,28,0
51,8,0,7,208,0,12,128,7,208,0
628,8,0,242,34,252,80,124,134,51,0
852,8,31,245,64,0,0,5,65,128,0
1505,8,137,63,224,11,10,0,180,128,0
651,8,0,0,0,0,0,0,0,0,0
192,8,32,0,0,0,0,0,0,0,0
167,8,0,16,249,228,177,40,32,160,0
1031,8,64,1,95,240,20,0,189,160,0
60,8,0,0,4,0,42,0,0,0,0
996,8,0,208,0,0,133,0,0,0,0
870,8,128,157,200,2,1,71,206,56,0
1628,8,64,8,194,117,32,15,0,0,0
1408,8,0,0,0,3,248,8,0,0,0
519,8,4,4,96,72,42,222,149,24,0
1076,8,3,234,160,162,98,98,82,96,0
1760,8,1,149,1,145,1,146,1,146,0
622,8,1,6,64,130,137,14,10,4,0
1694,8,4,64,4,127,31,192,21,162,0
293,8,144,0,64,223,65,254,173,96,0
244,8,154,12,1,2,4,177,2,64,0
961,8,123,85,31,186,182,175,105,46,0
1176,8,135,255,191,252,37,128,116,69,0
1225,8,1,249,21,130,13,2,246,75,0
470,8,2,11,128,128,48,36,5,128,0
14,8,32,82,86,2,8,9,118,26,0
1399,8,0,0,8,0,0,0,1,82,0
37,8,0,0,2,136,64,62,34,1,0
560,8,255,0,0,2,236,0,0,0,0
208,8,26,119,12,96,40,1,208,0,0
51,8,0,7,200,0,12,192,7,208,0
263,8,0,0,0,0,0,0,0,0,0
186,8,6,168,125,196,16,0,6,40,0
1760,8,1,150,1,145,1,148,1,146,0
737,8,0,0,0,0,0,0,0,4,0
852,8,31,245,64,0,0,5,58,0,0
1505,8,137,63,224,11,10,0,180,128,0
354,8,0,8,2,211,234,17,244,206,0
167,8,0,16,250,100,193,40,32,160,0
293,8,144,0,64,223,65,254,143,96,0
1227,8,128,0,0,0,0,14,0,0,0
640,8,24,224,2,112,0,0,0,0,0
14,8,32,82,86,2,8,9,118,26,0
339,8,0,0,0,0,0,12,0,2,0
661,8,0,0,0,0,0,0,8,64,0
1634,8,78,224,0,0,64,0,0,0,0
412,8,8,160,32,10,194,0,40,176,0
208,8,34,119,12,96,39,1,208,0,0
51,8,0,7,192,0,13,0,7,208,0
628,8,0,242,36,250,80,124,134,51,0
192,8,32,0,0,0,0,0,0,0,0
403,8,0,8,8,3,232,72,0,0,0
526,8,78,31,255,160,231,191,111,255,0
1314,8,223,127,208,0,127,8,0,28,0
6,8,8,0,0,100,0,0,0,0,0
870,8,128,157,200,2,1,71,206,56,0
1408,8,0,0,0,3,240,136,0,0,0
852,8,31,245,64,0,0,5,58,0,0
1505,8,137,63,224,11,10,0,176,128,0
651,8,0,0,0,0,0,0,0,0,0
1076,8,4,10,160,162,130,146,98,128,0
1760,8,1,150,1,148,1,147,1,146,0
167,8,0,16,251,100,193,40,32,160,0
1459,8,4,0,0,0,0,0,4,0,0
61,8,0,0,11,128,0,0,0,0,0
1176,8,135,255,191,252,36,128,116,70,0
560,8,254,0,0,2,236,0,2,0,0
1694,8,4,64,4,127,31,192,21,162,0
293,8,144,0,64,223,65,254,113,96,0
14,8,32,82,86,2,8,9,118,14,0
208,8,42,119,12,96,38,1,208,0,0
51,8,0,7,184,0,13,64,7,208,0
263,8,0,0,0,0,0,0,0,0,0
1760,8,1,150,1,148,1,147,1,146,0
961,8,123,85,31,187,53,112,41,46,0
737,8,0,0,0,0,0,0,0,4,0
852,8,31,245,64,0,0,5,43,0,0
1505,8,137,63,224,11,10,0,180,128,0
354,8,0,8,2,211,234,17,244,206,0
167,8,0,16,250,100,177,40,32,160,0
293,8,144,0,64,223,65,254,83,96,0
14,8,32,82,86,2,8,9,118,32,0
339,8,0,0,0,0,0,12,0,2,0
1634,8,78,224,0,0,64,0,0,0,0
412,8,12,156,32,10,194,0,40,176,0
208,8,50,119,12,96,37,1,208,0,0
51,8,0,7,176,0,13,128,7,208,0
628,8,0,242,38,248,80,124,134,51,0
192,8,32,0,0,0,0,0,0,0,0
778,8,64,45,80,1,211,64,50,0,0
692,8,20,233,159,0,0,0,88,0,0
813,8,128,0,4,32,172,1,0,32,0
403,8,0,8,8,3,232,72,0,0,0
526,8,78,32,3,160,232,63,111,255,0
1277,8,17,77,10,77,103,14,203,8,0
1314,8,223,127,208,0,126,144,0,28,0
870,8,128,157,200,2,1,71,206,56,0
852,8,31,245,64,0,0,5,28,0,0
1505,8,137,63,224,11,10,0,180,128,0
651,8,0,0,0,0,0,0,0,0,0
1408,8,0,0,0,3,233,8,0,0,0
1076,8,4,42,160,162,146,178,130,144,0
1760,8,1,150,1,148,1,147,1,146,0
167,8,0,16,250,100,177,40,32,160,0
458,8,63,249,255,128,0,0,12,64,0
1176,8,135,255,191,252,35,128,116,71,0
560,8,253,0,0,2,236,0,4,0,0
1694,8,4,64,4,127,31,192,21,162,0
293,8,144,0,64,223,65,254,53,96,0
14,8,32,82,86,2,8,9,118,38,0
661,8,0,0,0,0,0,0,8,64,0
208,8,58,119,12,96,36,1,208,0,0
51,8,0,7,168,0,13,192,7,208,0
1399,8,0,0,8,0,0,0,1,80,0
263,8,0,0,0,0,0,0,0,0,0
186,8,6,168,125,196,16,0,6,40,0
1760,8,1,151,1,148,1,147,1,146,0
737,8,0,0,0,0,0,0,0,4,0
852,8,31,245,64,0,0,5,28,0,0
1505,8,137,63,224,11,10,0,180,128,0
354,8,0,8,2,211,234,17,244,206,0
167,8,0,16,250,100,193,40,32,160,0
675,8,0,0,0,132,16,128,68,16,0
293,8,144,0,64,223,65,254,23,96,0
961,8,123,85,31,187,116,176,169,46,0
14,8,32,82,86,2,8,9,118,26,0
339,8,0,0,0,0,0,12,0,2,0
1634,8,78,224,0,0,64,0,0,0,0
412,8,16,152,32,10,194,0,40,176,0
208,8,66,119,12,96,35,1,208,0,0
51,8,0,7,160,0,14,0,7,208,0
628,8,0,242,40,246,80,124,134,51,0
192,8,32,0,0,0,0,0,0,0,0
403,8,0,8,8,3,232,72,0,0,0
526,8,78,32,3,160,232,63,79,255,0
1314,8,223,127,208,0,126,24,0,28,0
870,8,128,157,200,2,1,71,206,56,0
852,8,31,245,64,0,0,5,20,128,0
1505,8,137,63,224,11,10,0,176,128,0
651,8,0,0,0,0,0,0,0,0,0
1408,8,0,0,0,3,225,136,0,0,0
1076,8,4,74,160,162,178,194,146,192,0
1760,8,1,154,1,146,1,147,1,146,0
1788,8,0,0,7,97,114,181,144,0,0
167,8,0,16,250,100,177,40,32,160,0
569,8,0,0,0,113,0,0,68,64,0
1176,8,135,255,191,252,34,128,116,72,0
560,8,252,0,0,2,236,0,6,0,0
1694,8,4,64,4,127,31,192,21,162,0
293,8,144,0,64,223,65,253,249,96,0
14,8,32,82,86,2,8,9,118,38,0
208,8,74,119,12,96,34,1,208,0,0
51,8,0,7,152,0,14,64,7,208,0
215,8,0,0,2,0,128,0,0,0,0
263,8,0,0,0,0,0,0,0,0,0
1760,8,1,154,1,149,1,147,1,146,0
692,8,20,233,160,0,0,0,88,0,0
737,8,0,0,0,0,0,0,0,4,0
852,8,31,245,64,0,0,5,5,128,0
1505,8,137,63,224,11,10,0,180,128,0
354,8,0,8,2,211,234,17,244,206,0
167,8,0,16,250,100,193,40,32,160,0
1175,8,0,0,0,0,0,0,0,0,0
293,8,144,0,64,223,65,253,219,96,0
14,8,32,82,86,2,8,9,118,32,0
738,8,24,8,13,64,64,0,1,24,0
837,8,5,2,2,194,60,119,64,129,0
1072,8,0,47,68,139,210,128,16,160,0
339,8,0,0,0,0,0,12,0,2,0
661,8,0,0,0,0,0,0,8,64,0
1634,8,78,224,0,0,64,0,0,0,0
412,8,20,148,32,10,194,0,40,176,0
208,8,82,119,12,96,33,1,208,0,0
51,8,0,7,144,0,14,128,7,208,0
628,8,0,242,42,244,80,124,134,51,0
192,8,32,0,0,0,0,0,0,0,0
304,8,0,1,80,0,0,0,0,0,0
403,8,0,8,8,3,232,72,0,0,0
526,8,78,32,3,160,232,191,111,255,0
1314,8,223,127,208,0,125,160,0,28,0
961,8,123,85,31,187,179,177,105,46,0
870,8,128,157,200,2,1,71,206,56,0
852,8,31,245,64,0,0,5,5,128,0
1505,8,137,63,224,11,10,0,184,128,0
651,8,0,0,0,0,0,0,0,0,0
1408,8,0,0,0,3,218,8,0,0,0
1076,8,4,104,0,162,194,226,178,224,0
1760,8,1,152,1,149,1,147,1,146,0
167,8,0,16,250,100,177,40,32,160,0
722,8,0,0,32,0,0,0,0,0,0
1372,8,16,27,0,0,66,132,48,0,0
1176,8,135,255,191,252,33,128,116,73,0
1124,8,0,2,64,0,0,144,22,88,0
560,8,251,0,0,2,236,0,8,0,0
1694,8,4,64,4,127,31,192,21,162,0
293,8,144,0,64,223,65,253,189,96,0
705,8,1,243,175,199,202,158,107,138,0
14,8,32,82,86,2,8,9,118,32,0
208,8,90,119,12,96,32,1,208,0,0
51,8,0,7,136,0,14,192,7,208,0
263,8,0,0,0,0,0,0,0,0,0
186,8,6,168,125,196,16,0,6,40,0
1307,8,41,9,24,63,1,6,8,1,0
813,8,128,0,4,32,172,1,0,32,0
1277,8,17,83,10,77,111,16,74,136,0
1760,8,1,152,1,151,1,148,1,147,0
737,8,0,0,0,0,0,0,0,4,0
852,8,31,245,64,0,0,4,254,0,0
1505,8,137,63,224,11,10,0,180,128,0
354,8,0,8,2,211,234,17,244,206,0
167,8,0,16,250,100,193,40,32,160,0
1644,8,0,0,0,0,24,0,0,0,0
1413,8,0,64,0,0,0,2,0,24,0
293,8,144,0,64,223,65,253,159,96,0
14,8,32,82,86,2,8,9,118,20,0
1255,8,0,0,0,20,3,102,0,0,0
339,8,0,0,0,0,0,12,0,2,0
1634,8,78,224,0,0,64,0,0,0,0
1668,8,76,213,128,25,65,84,16,30,0
1590,8,36,156,0,0,240,1,112,0,0
727,8,16,0,96,216,0,0,0,8,0
412,8,24,144,32,10,194,0,40,176,0
208,8,98,119,12,96,31,1,208,0,0
403,8,0,8,8,3,232,72,0,0,0
526,8,78,32,3,160,233,63,143,255,0
1314,8,223,127,208,0,125,40,0,28,0
51,8,0,7,128,0,15,0,7,208,0
628,8,0,242,44,242,80,124,134,51,0
192,8,32,0,0,0,0,0,0,0,0
852,8,31,245,64,0,0,4,254,0,0
1505,8,137,63,224,11,10,0,176,128,0
651,8,0,0,0,0,0,0,0,0,0
167,8,0,16,250,100,193,40,32,160,0
1031,8,64,1,95,240,20,0,189,160,0
60,8,0,0,4,0,60,0,0,0,0
996,8,0,208,0,0,133,0,0,0,0
870,8,128,157,200,2,1,71,206,56,0
1628,8,64,8,194,117,32,15,0,0,0
1408,8,0,0,0,3,210,136,0,0,0
519,8,4,4,224,88,42,222,149,24,0
1076,8,0,0,0,162,226,242,194,240,0
1760,8,1,152,1,151,1,148,1,147,0
1694,8,4,64,4,127,31,192,21,162,0
293,8,144,0,64,223,65,255,97,96,0
622,8,1,6,64,130,137,14,10,4,0
244,8,154,12,1,2,4,177,2,64,0
961,8,123,85,31,187,179,49,233,46,0
1176,8,135,255,191,252,31,128,116,138,0
1225,8,1,249,21,130,13,2,246,75,0
470,8,2,15,130,128,48,36,5,128,0
14,8,32,82,86,2,8,9,118,20,0
1399,8,0,0,8,0,0,0,1,80,0
560,8,250,0,0,2,236,0,10,0,0
661,8,0,0,0,0,0,0,8,64,0
208,8,106,119,12,96,29,1,209,0,0
51,8,0,7,120,0,15,64,7,208,0
263,8,0,0,0,0,0,0,0,0,0
1760,8,1,152,1,151,1,148,1,147,0
737,8,0,0,0,0,0,0,0,4,0
852,8,31,245,64,0,0,4,239,0,0
1505,8,137,63,224,11,10,0,176,128,0
354,8,0,8,2,211,234,17,244,206,0
167,8,0,16,250,228,177,40,32,160,0
293,8,144,0,64,223,65,255,67,96,0
14,8,32,82,86,2,8,9,118,32,0
339,8,0,0,0,0,0,12,0,2,0
1634,8,78,224,0,0,64,0,0,0,0
412,8,28,140,32,10,194,0,40,176,0
208,8,114,119,12,96,28,1,209,0,0
51,8,0,7,112,0,15,128,7,208,0
628,8,0,242,46,240,80,124,134,51,0
192,8,32,0,0,0,0,0,0,0,0
1398,8,127,248,0,0,63,252,31,192,0
403,8,0,8,8,3,232,72,0,0,0
526,8,78,32,3,160,233,63,143,255,0
1314,8,223,127,208,0,124,176,0,28,0
1459,8,4,0,0,0,0,0,4,0,0
852,8,31,245,64,0,0,5,88,0,0
1505,8,137,63,224,11,10,0,180,128,0
651,8,0,0,0,0,0,0,0,0,0
870,8,128,157,200,2,1,71,206,56,0
1408,8,0,0,0,3,203,8,0,0,0
1076,8,0,32,0,162,243,2,227,0,0
1760,8,1,154,1,151,1,148,1,147,0
167,8,0,16,250,228,177,40,32,160,0
61,8,0,0,11,128,0,0,0,0,0
1176,8,135,255,191,252,30,128,116,139,0
560,8,249,0,0,2,236,0,12,0,0
1694,8,4,64,4,127,31,192,21,162,0
293,8,144,0,64,223,65,255,37,96,0
695,8,0,32,40,64,0,0,128,64,0
14,8,32,82,86,2,8,9,118,32,0
208,8,122,119,12,96,27,1,209,0,0
51,8,0,7,104,0,15,192,7,208,0
263,8,0,0,0,0,0,0,0,0,0
186,8,6,168,125,132,16,0,6,40,0
1331,8,237,127,207,126,255,247,239,127,0
1760,8,1,154,1,151,1,148,1,148,0
961,8,123,85,31,187,114,178,169,46,0
737,8,0,0,0,0,0,0,0,4,0
852,8,31,245,64,0,0,5,88,0,0
1505,8,137,63,224,11,10,0,176,128,0
354,8,0,8,2,211,234,17,244,206,0
167,8,0,16,250,100,193,40,32,160,0
293,8,144,0,64,223,65,255,7,96,0
14,8,32,82,86,2,8,9,118,14,0
339,8,0,0,0,0,0,12,0,2,0
661,8,0,0,0,0,0,0,8,64,0
1634,8,78,224,0,0,64,0,0,0,0
412,8,0,168,32,10,194,0,40,176,0
208,8,2,119,12,96,42,1,209,0,0
51,8,0,7,224,0,12,0,7,208,0
628,8,0,242,32,254,80,124,134,51,0
192,8,32,0,0,0,0,0,0,0,0
692,8,20,233,160,0,0,0,88,0,0
403,8,0,8,8,3,232,72,0,0,0
526,8,78,32,3,160,233,191,143,255,0
1314,8,223,127,208,0,124,56,0,28,0
813,8,128,0,4,32,172,1,0,32,0
870,8,128,157,200,2,1,71,206,56,0
1408,8,0,0,0,3,195,136,0,0,0
852,8,31,245,0,0,0,5,88,128,0
1505,8,137,63,224,11,10,0,172,128,0
651,8,0,0,0,0,0,0,0,0,0
1076,8,0,86,128,163,35,35,3,32,0
1760,8,1,154,1,152,1,148,1,148,0
167,8,0,16,249,228,193,40,32,160,0
458,8,63,249,255,128,0,0,12,72,0
1176,8,135,255,191,252,29,128,116,140,0
1277,8,17,88,10,77,119,17,74,136,0
560,8,248,0,0,2,236,0,14,0,0
1694,8,4,64,4,127,31,192,21,162,0
293,8,144,0,64,223,65,254,233,96,0
14,8,32,82,86,2,8,9,118,26,0
208,8,10,119,12,96,41,1,209,0,0
51,8,0,7,216,0,12,64,7,208,0
1399,8,0,0,8,0,0,0,1,80,0
263,8,0,0,0,0,0,0,0,0,0
1760,8,1,155,1,152,1,148,1,148,0
737,8,0,0,0,0,0,0,0,4,0
852,8,31,245,0,0,0,5,73,128,0
1505,8,137,63,224,11,10,0,176,128,0
354,8,0,8,2,211,234,17,244,206,0
167,8,0,16,250,100,193,40,32,160,0
675,8,0,0,0,132,16,128,66,144,0
293,8,144,0,64,223,65,254,203,96,0
961,8,123,85,31,186,242,179,41,46,0
14,8,32,82,86,2,8,9,118,26,0
339,8,0,0,0,0,0,12,0,2,0
1634,8,78,224,0,0,64,0,0,0,0
412,8,4,168,32,10,66,0,40,176,0
208,8,18,119,12,96,40,1,209,0,0
51,8,0,7,208,0,12,128,7,208,0
628,8,0,242,34,252,80,124,134,51,0
192,8,32,0,0,0,0,0,0,0,0
403,8,0,8,8,3,232,72,0,0,0
526,8,78,32,3,160,234,63,143,255,0
1314,8,223,127,208,0,123,192,0,28,0
870,8,128,157,200,2,1,71,206,56,0
852,8,31,245,0,0,0,5,73,128,0
1505,8,137,63,224,11,10,0,176,128,0
651,8,0,0,0,0,0,0,0,0,0
1408,8,0,0,0,3,188,8,0,0,0
1076,8,0,119,128,163,51,51,35,48,0
1760,8,1,155,1,152,1,148,1,148,0
1788,8,0,0,7,97,242,181,144,0,0
167,8,0,16,250,228,177,40,32,160,0
569,8,0,0,0,112,96,0,68,64,0
1176,8,135,255,191,252,27,128,116,205,0
560,8,247,0,0,2,236,0,16,0,0
1694,8,4,64,4,127,31,192,21,162,0
293,8,144,0,64,223,65,254,173,96,0
14,8,32,82,86,2,8,9,118,32,0
661,8,0,0,0,0,0,0,8,64,0
208,8,26,119,12,96,38,1,210,0,0
51,8,0,7,200,0,12,192,7,208,0
215,8,0,0,2,0,128,0,0,0,0
263,8,0,0,0,0,0,0,0,0,0
186,8,6,168,125,132,16,0,6,40,0
1760,8,1,157,1,152,1,149,1,148,0
737,8,0,0,0,0,0,0,0,4,0
852,8,31,245,0,0,0,5,66,0,0
1505,8,137,63,224,11,10,0,176,128,0
354,8,0,8,2,211,234,17,244,206,0
167,8,0,16,250,228,177,40,32,160,0
1175,8,0,0,0,0,0,0,0,0,0
293,8,144,0,64,223,65,254,143,96,0
14,8,32,82,86,2,8,9,118,26,0
738,8,24,8,13,64,64,0,1,24,0
837,8,5,2,2,194,60,119,64,129,0
1072,8,0,47,68,139,210,128,16,160,0
339,8,0,0,0,0,0,12,0,2,0
1634,8,78,224,0,0,64,0,0,0,0
412,8,8,164,32,10,66,0,40,176,0
208,8,34,119,12,96,37,1,210,0,0
51,8,0,7,192,0,13,0,7,208,0
628,8,0,242,36,250,80,124,134,47,0
192,8,32,0,0,0,0,0,0,0,0
304,8,0,1,80,0,0,0,0,0,0
403,8,0,8,8,3,232,72,0,0,0
526,8,78,31,251,160,234,63,143,255,0
961,8,123,85,31,186,50,179,233,46,0
1314,8,223,127,208,0,123,72,0,28,0
870,8,128,157,200,2,1,71,206,56,0
1408,8,0,0,0,3,180,136,0,0,0
852,8,31,245,0,0,0,5,66,0,0
1505,8,137,63,224,11,10,0,176,128,0
651,8,0,0,0,0,0,0,0,0,0
1076,8,0,136,224,163,83,99,51,80,0
1760,8,1,157,1,152,1,149,1,149,0
167,8,0,16,249,228,177,40,32,160,0
722,8,0,0,40,0,0,0,0,0,0
1176,8,135,255,191,252,26,128,116,206,0
1124,8,0,2,64,0,0,144,21,89,0
560,8,246,0,0,2,236,0,18,0,0
1694,8,4,64,4,127,31,192,21,162,0
293,8,144,0,64,223,65,254,113,96,0
14,8,32,82,86,2,8,9,118,26,0
208,8,42,119,12,96,36,1,210,0,0
51,8,0,7,184,0,13,64,7,208,0
263,8,0,0,0,0,0,0,0,0,0
452,8,0,0,2,0,2,64,0,0,0
676,8,78,30,1,28,4,8,152,208,0
813,8,128,0,4,32,172,1,0,32,0
1760,8,1,157,1,152,1,149,1,149,0
705,8,1,243,79,199,200,30,101,160,0
1277,8,17,88,10,76,117,16,202,136,0
737,8,0,0,0,0,0,0,0,4,0
852,8,31,245,0,0,0,5,51,0,0
1505,8,137,63,224,11,10,0,176,128,0
354,8,0,8,2,195,234,17,244,206,0
167,8,0,16,250,228,193,40,32,160,0
683,8,164,208,201,215,226,215,202,255,0
1644,8,0,0,0,0,24,0,0,0,0
1413,8,0,64,0,0,0,2,0,24,0
1751,8,65,2,207,3,16,7,34,60,0
293,8,144,0,64,223,65,254,83,96,0
300,8,121,6,224,0,0,1,253,208,0
14,8,32,82,86,2,8,9,118,32,0
1255,8,0,0,0,20,3,102,0,0,0
339,8,0,0,0,0,0,12,0,2,0
661,8,0,0,0,0,0,0,8,64,0
1634,8,78,224,0,0,64,0,0,0,0
1668,8,76,213,128,25,65,84,16,30,0
1590,8,36,156,0,0,240,1,112,0,0
727,8,16,0,96,216,0,0,0,8,0
412,8,12,160,32,10,66,0,40,176,0
403,8,0,8,8,3,232,72,0,0,0
526,8,78,32,3,160,234,191,111,247,0
1314,8,223,127,208,0,122,208,0,28,0
208,8,50,119,12,96,35,1,210,0,0
51,8,0,7,176,0,13,128,7,208,0
628,8,0,242,38,248,80,124,134,47,0
852,8,31,245,0,0,0,5,36,0,0
1505,8,137,63,224,11,10,0,176,128,0
651,8,0,0,0,0,0,0,0,0,0
192,8,32,0,0,0,0,0,0,0,0
167,8,0,16,250,228,177,40,32,160,0
1031,8,64,1,95,240,20,0,189,160,0
60,8,0,0,4,0,43,0,0,0,0
996,8,0,208,0,0,133,0,0,0,0
870,8,128,157,200,2,1,71,206,56,0
1628,8,64,8,194,117,32,15,0,0,0
1408,8,0,0,0,3,173,8,0,0,0
519,8,4,4,96,72,42,222,149,24,0
1076,8,0,168,224,163,99,131,83,128,0
1760,8,1,156,1,154,1,150,1,149,0
1694,8,4,64,4,127,31,192,21,162,0
293,8,144,0,64,223,65,254,53,96,0
622,8,1,6,64,130,137,14,10,4,0
244,8,154,12,1,2,4,177,2,64,0
961,8,123,85,31,187,240,116,105,46,0
1176,8,135,255,191,252,24,128,117,15,0
1225,8,1,249,21,130,13,2,246,75,0
470,8,6,11,128,128,48,36,5,128,0
14,8,32,82,86,2,8,9,118,26,0
1399,8,0,0,8,0,0,0,1,80,0
560,8,245,0,0,2,236,0,20,0,0
208,8,58,119,12,96,33,1,211,0,0
51,8,0,7,168,0,13,192,7,208,0
263,8,0,0,0,0,0,0,0,0,0
186,8,6,168,124,132,16,0,6,40,0
1760,8,1,156,1,153,1,150,1,150,0
737,8,0,0,0,0,0,0,0,4,0
852,8,31,245,0,0,0,5,36,0,0
1505,8,137,63,224,11,10,0,176,128,0
354,8,0,8,2,195,234,17,244,206,0
167,8,0,16,249,228,177,40,32,160,0
293,8,144,0,64,223,65,254,23,96,0
1227,8,128,0,0,0,0,14,0,0,0
640,8,24,224,2,112,0,0,0,0,0
14,8,32,82,86,2,8,9,118,26,0
339,8,0,0,0,0,0,12,0,2,0
1634,8,78,224,0,0,64,0,0,0,0
412,8,16,156,32,10,66,0,40,176,0
208,8,66,119,12,96,32,1,211,0,0
51,8,0,7,160,0,14,0,7,208,0
628,8,0,242,40,246,80,124,134,47,0
192,8,32,0,0,0,0,0,0,0,0
403,8,0,8,8,3,232,72,0,0,0
526,8,78,32,7,160,235,63,111,247,0
1314,8,223,127,208,0,122,88,0,28,0
870,8,128,157,200,2,1,71,206,56,0
1459,8,4,0,0,0,0,0,4,0,0
852,8,31,245,0,0,0,5,28,128,0
1505,8,137,63,224,11,10,0,176,128,0
651,8,0,0,0,0,0,0,0,0,0
1408,8,0,0,0,3,165,136,0,0,0
1076,8,0,199,32,163,131,147,99,144,0
1760,8,1,156,1,153,1,150,1,150,0
167,8,0,16,249,228,193,40,32,160,0
61,8,0,0,11,128,0,0,0,0,0
1176,8,135,255,191,252,39,128,117,0,0
560,8,244,0,0,2,236,0,22,0,0
1694,8,4,64,4,127,31,192,21,162,0
293,8,144,0,64,223,65,253,249,96,0
14,8,32,82,86,2,8,9,118,20,0
661,8,0,0,0,0,0,0,8,64,0
208,8,74,119,12,96,31,1,211,0,0
51,8,0,7,152,0,14,64,7,208,0
263,8,0,0,0,0,0,0,0,0,0
1049,8,10,155,70,77,4,95,194,207,0
1760,8,1,156,1,153,1,150,1,151,0
961,8,123,85,31,188,47,117,41,46,0
737,8,0,0,0,0,0,0,0,4,0
852,8,31,245,0,0,0,5,13,128,0
1505,8,137,63,224,11,10,0,176,128,0
354,8,0,8,2,195,234,17,244,206,0
167,8,0,16,250,228,177,40,32,160,0
1372,8,16,27,0,0,66,132,48,0,0
293,8,144,0,64,223,65,253,219,96,0
14,8,32,82,86,2,8,9,118,32,0
339,8,0,0,0,0,0,12,0,2,0
1634,8,78,224,0,0,64,0,0,0,0
412,8,20,152,32,10,66,0,40,176,0
208,8,82,119,12,96,30,1,211,0,0
51,8,0,7,144,0,14,128,7,208,0
628,8,0,242,42,244,80,124,134,47,0
192,8,32,0,0,0,0,0,0,0,0
813,8,128,0,4,32,172,1,0,32,0
692,8,20,233,160,0,0,0,88,0,0
1277,8,17,86,10,77,115,16,202,136,0
403,8,0,8,8,3,232,72,0,0,0
526,8,78,32,3,160,235,63,175,255,0
1314,8,223,127,208,0,121,224,0,28,0
870,8,128,157,200,2,1,71,206,56,0
852,8,31,245,0,0,0,5,13,128,0
1505,8,137,63,224,11,10,0,176,128,0
651,8,0,0,0,0,0,0,0,0,0
1408,8,0,0,0,3,158,8,0,0,0
1076,8,0,231,0,163,147,179,131,176,0
1760,8,1,157,1,153,1,151,1,151,0
167,8,0,16,250,228,177,40,32,160,0
458,8,63,249,255,128,0,0,12,72,0
1176,8,135,255,191,252,37,128,117,65,0
560,8,243,0,0,2,236,0,24,0,0
1694,8,4,64,4,127,31,192,21,162,0
293,8,144,0,64,223,65,253,189,96,0
14,8,32,82,86,2,8,9,118,32,0
208,8,90,119,12,96,28,1,212,0,0
51,8,0,7,136,0,14,192,7,208,0
1399,8,0,0,8,0,0,0,1,80,0
263,8,0,0,0,0,0,0,0,0,0
186,8,6,168,124,4,16,0,6,40,0
241,8,62,16,28,192,3,89,204,0,0
1760,8,1,157,1,153,1,152,1,152,0
737,8,0,0,0,0,0,0,0,4,0
852,8,31,245,0,0,0,5,6,0,0
1505,8,137,63,224,11,10,0,176,128,0
354,8,0,8,2,195,234,17,244,206,0
167,8,0,16,249,228,177,40,32,160,0
675,8,0,0,0,132,16,128,67,16,0
293,8,144,0,64,223,65,253,159,96,0
961,8,123,85,31,188,46,245,169,46,0
14,8,32,82,86,2,8,9,118,26,0
339,8,0,0,0,0,0,12,0,2,0
661,8,0,0,0,0,0,0,8,64,0
1634,8,78,224,0,0,64,0,0,0,0
412,8,24,148,32,10,66,0,40,176,0
208,8,98,119,12,96,27,1,212,0,0
51,8,0,7,128,0,15,0,7,208,0
628,8,0,242,44,242,80,124,134,47,0
192,8,32,0,0,0,0,0,0,0,0
403,8,0,8,8,3,232,72,0,0,0
526,8,78,32,3,160,235,191,143,247,0
1314,8,223,127,208,0,121,104,0,28,0
870,8,128,157,200,2,1,71,206,56,0
1408,8,0,0,0,3,150,136,0,0,0
852,8,31,245,0,0,0,5,6,0,0
1505,8,137,63,224,11,10,0,176,128,0
651,8,0,0,0,0,0,0,0,0,0
1076,8,1,5,160,163,179,195,179,192,0
1760,8,1,157,1,153,1,152,1,152,0
1788,8,0,0,7,97,242,181,144,0,0
167,8,0,16,249,228,193,40,32,160,0
569,8,0,0,0,112,0,0,68,64,0
1176,8,135,255,191,252,35,128,117,130,0
560,8,242,0,0,2,236,0,26,0,0
1694,8,4,64,4,127,31,192,21,162,0
293,8,144,0,64,223,65,255,97,96,0
14,8,32,82,86,2,8,9,118,26,0
208,8,106,119,12,96,25,1,213,0,0
51,8,0,7,120,0,15,64,7,208,0
215,8,0,0,2,0,128,0,0,0,0
263,8,0,0,0,0,0,0,0,0,0
1760,8,1,158,1,153,1,152,1,152,0
737,8,0,0,0,0,0,0,0,4,0
852,8,31,245,0,0,0,4,247,0,0
1505,8,137,63,224,11,10,0,176,128,0
354,8,0,8,2,195,234,17,244,206,0
167,8,0,16,250,228,177,40,32,160,0
1175,8,0,0,0,0,0,0,0,0,0
293,8,144,0,64,223,65,255,67,96,0
14,8,32,82,86,2,8,9,118,26,0
738,8,24,8,13,64,64,0,1,24,0
837,8,5,2,2,194,60,119,64,129,0
1072,8,0,47,68,139,210,128,16,160,0
339,8,0,0,0,0,0,12,0,2,0
1634,8,78,224,0,0,64,0,0,0,0
412,8,28,144,32,10,66,0,40,176,0
208,8,114,119,12,96,24,1,213,0,0
51,8,0,7,112,0,15,128,7,208,0
628,8,0,242,46,240,80,124,134,47,0
192,8,32,0,0,0,0,0,0,0,0
304,8,0,1,80,0,0,0,0,0,0
403,8,0,8,8,3,232,72,0,0,0
526,8,78,32,3,160,235,191,143,247,0
961,8,123,85,31,187,47,54,105,46,0
1314,8,223,127,208,0,120,240,0,28,0
870,8,128,157,200,2,1,71,206,56,0
1408,8,0,0,0,3,143,8,0,0,0
852,8,31,245,0,0,0,5,96,0,0
1505,8,137,63,224,11,10,0,172,128,0
651,8,0,0,0,0,0,0,0,0,0
1076,8,1,38,32,163,211,211,195,208,0
1760,8,1,158,1,154,1,152,1,153,0
167,8,0,16,251,100,177,40,32,160,0
722,8,0,0,48,0,0,0,0,0,0
1176,8,135,255,191,252,33,128,117,195,0
1124,8,0,2,64,0,0,144,20,90,0
560,8,241,0,0,2,236,0,28,0,0
1694,8,4,64,4,127,31,192,21,162,0
293,8,144,0,64,223,65,255,37,96,0
14,8,32,82,86,2,8,9,118,20,0
661,8,0,0,0,0,0,0,8,64,0
208,8,122,119,12,96,22,1,214,0,0
51,8,0,7,104,0,15,192,7,208,0
263,8,0,0,0,0,0,0,0,0,0
186,8,6,168,124,4,16,0,6,40,0
663,8,17,0,0,32,0,2,81,16,0
1307,8,40,12,65,1,40,0,1,33,0
813,8,128,0,4,32,172,1,0,32,0
1760,8,1,157,1,154,1,153,1,153,0
1277,8,17,77,10,77,103,14,202,136,0
737,8,0,0,0,0,0,0,0,4,0
852,8,31,245,0,0,0,5,96,0,0
1505,8,137,63,224,11,10,0,172,128,0
354,8,0,8,2,195,234,17,244,206,0
167,8,0,16,249,228,193,40,32,160,0
1644,8,0,0,0,0,24,0,0,0,0
1413,8,0,64,0,0,0,2,0,24,0
293,8,144,0,64,223,65,255,7,96,0
705,8,1,243,175,199,200,158,73,180,0
14,8,32,82,86,2,8,9,118,32,0
1255,8,0,0,0,20,3,102,0,0,0
339,8,0,0,0,0,0,12,0,2,0
1634,8,78,224,0,0,64,0,0,0,0
1668,8,76,213,128,25,65,84,16,30,0
1590,8,36,156,0,0,240,1,128,0,0
727,8,16,0,96,216,0,0,0,8,0
412,8,0,172,32,10,66,0,40,176,0
208,8,2,119,12,96,37,1,214,0,0
403,8,0,8,8,3,232,72,0,0,0
526,8,78,32,3,160,235,191,143,247,0
1314,8,223,127,208,0,120,120,0,28,0
51,8,0,7,224,0,12,0,7,208,0
628,8,0,242,32,254,80,124,134,47,0
192,8,32,0,0,0,0,0,0,0,0
852,8,31,245,0,0,0,5,88,128,0
1505,8,137,63,224,11,10,0,176,128,0
651,8,0,0,0,0,0,0,0,0,0
167,8,0,16,249,228,177,40,32,160,0
1031,8,64,1,95,240,20,0,189,160,0
60,8,0,0,4,0,42,0,0,0,0
996,8,0,208,0,0,133,0,0,0,0
870,8,128,157,200,2,1,71,206,56,0
1628,8,64,8,194,117,32,15,0,0,0
1408,8,0,0,0,3,135,136,0,0,0
519,8,4,4,96,72,42,222,149,24,0
1076,8,1,70,128,163,243,243,211,240,0
1760,8,1,157,1,153,1,153,1,153,0
622,8,1,6,64,130,137,14,10,4,0
1694,8,4,64,4,127,31,192,21,162,0
293,8,144,0,64,223,65,254,233,96,0
1176,8,135,255,191,252,32,128,117,196,0
244,8,154,12,1,2,4,177,2,64,0
961,8,123,85,31,187,46,182,233,46,0
1225,8,1,249,21,130,13,2,246,75,0
470,8,2,15,130,128,48,36,5,128,0
14,8,32,82,86,2,8,9,118,20,0
1399,8,0,0,8,0,0,0,1,80,0
117,8,15,50,0,15,174,30,224,0,0
560,8,240,0,0,2,236,0,30,0,0
208,8,10,119,12,96,36,1,214,0,0
51,8,0,7,216,0,12,64,7,208,0
263,8,0,0,0,0,0,0,0,0,0
1760,8,1,158,1,153,1,153,1,153,0
737,8,0,0,0,0,0,0,0,4,0
852,8,31,245,0,0,0,5,73,128,0
1505,8,137,63,224,11,10,0,172,128,0
354,8,0,8,2,195,234,17,244,206,0
167,8,0,16,250,228,193,40,32,160,0
58,8,0,0,0,0,0,29,8,0,0
293,8,144,0,64,159,65,191,11,96,0
14,8,32,82,86,2,8,9,118,26,0
339,8,0,0,0,0,0,12,0,2,0
661,8,0,0,0,0,0,0,8,64,0
1634,8,78,224,0,0,64,0,0,0,0
412,8,4,168,32,10,66,0,40,176,0
208,8,18,119,12,96,35,1,214,0,0
51,8,0,7,208,0,12,128,7,208,0
628,8,0,242,34,252,80,124,134,47,0
192,8,32,0,0,0,0,0,0,0,0
403,8,0,8,8,3,232,72,0,0,0
526,8,78,32,3,160,236,63,111,247,0
1314,8,223,127,208,0,127,128,0,28,0
248,8,126,223,244,253,73,251,167,184,0
870,8,128,157,200,2,1,71,206,56,0
1408,8,0,0,0,3,248,8,0,0,0
852,8,31,245,0,0,0,5,73,128,0
1505,8,137,63,224,11,10,0,168,128,0
651,8,0,0,0,0,0,0,0,0,0
1076,8,1,104,96,164,4,35,244,32,0
1760,8,1,158,1,155,1,154,1,153,0
167,8,0,16,251,100,193,40,32,160,0
1459,8,4,0,0,0,0,0,4,0,0
61,8,0,0,11,128,0,0,0,0,0
1176,8,135,255,191,252,30,128,118,5,0
560,8,255,0,0,2,236,0,0,0,0
1694,8,4,64,4,127,31,192,21,162,0
293,8,144,0,64,223,65,254,173,96,0
14,8,32,82,86,2,8,9,118,26,0
208,8,26,119,12,96,33,1,215,0,0
51,8,0,7,200,0,12,192,7,208,0
263,8,0,0,0,0,0,0,0,0,0
186,8,6,168,123,196,16,0,6,40,0
1760,8,1,158,1,155,1,154,1,153,0
961,8,123,85,31,187,45,247,169,46,0
737,8,0,0,0,0,0,0,0,4,0
852,8,31,245,0,0,0,5,66,0,0
1505,8,137,63,224,11,10,0,172,128,0
354,8,0,8,2,195,234,17,244,206,0
167,8,0,16,249,228,177,40,32,160,0
293,8,144,0,64,159,65,190,207,96,0
14,8,32,82,86,2,8,9,118,26,0
339,8,0,0,0,0,0,12,0,2,0
1634,8,78,224,0,0,64,0,0,0,0
412,8,8,164,32,10,66,0,40,176,0
208,8,34,119,12,96,32,1,215,0,0
51,8,0,7,192,0,13,0,7,208,0
628,8,0,242,36,250,80,124,134,47,0
192,8,32,0,0,0,0,0,0,0,0
813,8,128,0,4,32,172,1,0,32,0
692,8,20,233,160,0,0,0,88,0,0
1277,8,17,86,10,77,115,16,202,136,0
403,8,0,8,8,3,232,72,0,0,0
526,8,78,32,3,160,236,63,143,255,0
1314,8,223,127,208,0,127,8,0,28,0
870,8,128,157,200,2,1,71,206,56,0
852,8,31,245,0,0,0,5,66,0,0
1505,8,137,63,224,11,10,0,172,128,0
651,8,0,0,0,0,0,0,0,0,0
1408,8,0,0,0,3,240,136,0,0,0
1076,8,1,134,192,164,36,52,4,48,0
1760,8,1,158,1,155,1,154,1,154,0
167,8,0,16,249,228,177,40,32,160,0
458,8,63,249,255,128,0,0,12,72,0
1176,8,135,255,191,252,28,128,118,70,0
560,8,254,0,0,2,236,0,2,0,0
1694,8,4,64,4,127,31,192,21,162,0
293,8,144,0,64,223,65,254,113,96,0
14,8,32,82,86,2,8,9,118,26,0
661,8,0,0,0,0,0,0,8,64,0
208,8,42,119,12,96,30,1,216,0,0
51,8,0,7,184,0,13,64,7,208,0
1399,8,0,0,8,0,0,0,1,80,0
263,8,0,0,0,0,0,0,0,0,0
1760,8,1,158,1,154,1,154,1,155,0
737,8,0,0,0,0,0,0,0,4,0
852,8,31,245,0,0,0,5,51,0,0
1505,8,137,63,224,11,10,0,168,128,0
354,8,0,8,2,195,234,17,244,206,0
167,8,0,16,250,228,177,40,32,160,0
675,8,0,0,0,132,16,128,68,16,0
293,8,144,0,64,159,65,190,147,96,0
961,8,123,85,31,186,173,248,41,46,0
14,8,32,82,86,2,8,9,118,14,0
339,8,0,0,0,0,0,12,0,2,0
1634,8,78,224,0,0,64,0,0,0,0
412,8,12,160,32,10,66,0,40,176,0
208,8,50,119,12,96,29,1,216,0,0
51,8,0,7,176,0,13,128,7,208,0
628,8,0,242,38,248,80,124,134,47,0
192,8,32,0,0,0,0,0,0,0,0
403,8,0,8,8,3,232,72,0,0,0
526,8,78,31,255,160,236,191,111,255,0
1314,8,223,127,208,0,126,144,0,28,0
870,8,128,157,200,2,1,71,206,56,0
852,8,31,245,0,0,0,5,36,0,0
1505,8,137,63,224,11,10,0,168,128,0
651,8,0,0,0,0,0,0,0,0,0
1408,8,0,0,0,3,233,8,0,0,0
1076,8,1,166,0,164,52,84,36,80,0
1760,8,1,156,1,154,1,155,1,155,0
1788,8,0,0,7,97,82,181,136,0,0
167,8,0,16,251,100,177,40,32,160,0
569,8,0,0,0,111,128,0,68,32,0
1176,8,135,255,191,252,26,128,118,135,0
560,8,253,0,0,2,236,0,4,0,0
1694,8,4,64,4,127,31,192,21,162,0
293,8,144,0,64,159,65,190,117,96,0
14,8,32,82,86,2,8,9,118,20,0
208,8,58,119,12,96,27,1,217,0,0
51,8,0,7,168,0,13,192,7,208,0
215,8,0,0,2,0,128,0,0,0,0
263,8,0,0,0,0,0,0,0,0,0
186,8,6,168,123,196,16,0,6,40,0
1760,8,1,156,1,155,1,156,1,156,0
737,8,0,0,0,0,0,0,0,4,0
852,8,31,245,0,0,0,5,36,0,0
1505,8,137,63,224,11,10,0,172,128,0
354,8,0,8,2,179,234,17,244,206,0
167,8,0,16,250,100,177,40,32,160,0
1175,8,0,0,0,0,0,0,0,0,0
293,8,144,0,64,159,65,190,87,96,0
14,8,32,82,86,2,8,9,118,32,0
738,8,24,8,13,64,64,0,1,24,0
837,8,5,2,2,194,60,119,64,129,0
1072,8,0,47,68,139,210,128,16,160,0
339,8,0,0,0,0,0,12,0,2,0
661,8,0,0,0,0,0,0,8,64,0
1634,8,78,224,0,0,64,0,0,0,0
412,8,16,156,32,10,66,0,40,176,0
208,8,66,119,12,96,26,1,217,0,0
51,8,0,7,160,0,14,0,7,208,0
628,8,0,242,40,246,80,124,134,47,0
192,8,32,0,0,0,0,0,0,0,0
304,8,0,1,80,0,0,0,0,0,0
403,8,0,8,8,3,232,72,0,0,0
526,8,78,32,3,160,236,191,111,255,0
1314,8,223,127,208,0,126,24,0,28,0
961,8,123,85,31,187,172,56,233,46,0
870,8,128,157,200,2,1,71,206,56,0
1408,8,0,0,0,3,225,136,0,0,0
852,8,31,245,0,0,0,5,28,128,0
1505,8,137,63,224,11,10,0,172,128,0
651,8,0,0,0,0,0,0,0,0,0
1076,8,1,198,64,164,84,100,52,96,0
1760,8,1,157,1,155,1,156,1,156,0
167,8,0,16,249,228,177,40,32,160,0
722,8,0,0,56,0,0,0,0,0,0
1372,8,16,27,0,0,66,132,48,0,0
1176,8,135,255,191,252,24,128,118,200,0
1124,8,0,2,64,0,0,144,19,91,0
560,8,252,0,0,2,236,0,6,0,0
1694,8,4,64,4,127,31,192,21,162,0
293,8,144,0,64,159,65,190,57,96,0
14,8,32,82,86,2,8,9,118,20,0
208,8,74,119,12,96,24,1,218,0,0
51,8,0,7,152,0,14,64,7,208,0
263,8,0,0,0,0,0,0,0,0,0
813,8,128,0,4,32,172,1,0,32,0
1277,8,17,91,10,77,121,17,74,136,0
1760,8,1,160,1,154,1,157,1,156,0
737,8,0,0,0,0,0,0,0,4,0
852,8,31,245,0,0,0,5,13,128,0
1505,8,137,63,224,11,10,0,168,128,0
354,8,0,8,2,179,234,17,244,206,0
167,8,0,16,250,100,193,40,32,160,0
1644,8,0,0,0,0,24,0,0,0,0
1413,8,0,64,0,0,0,2,0,24,0
293,8,144,0,64,159,65,190,27,96,0
14,8,32,82,86,2,8,9,118,20,0
1255,8,0,0,0,20,3,102,0,0,0
339,8,0,0,0,0,0,12,0,2,0
1634,8,78,224,0,0,64,0,0,0,0
1668,8,76,213,128,25,65,84,16,30,0
1590,8,36,156,0,0,240,1,144,0,0
727,8,16,0,96,216,0,0,0,8,0
412,8,20,152,32,10,66,0,40,176,0
208,8,82,119,12,96,23,1,218,0,0
403,8,0,8,8,3,232,72,0,0,0
526,8,78,32,3,160,237,63,143,255,0
1314,8,223,127,208,0,125,160,0,28,0
705,8,1,243,143,199,201,158,49,202,0
51,8,0,7,144,0,14,128,7,208,0
628,8,0,242,42,244,80,124,134,47,0
852,8,31,245,0,0,0,5,13,128,0
1505,8,137,63,224,11,10,0,168,128,0
651,8,0,0,0,0,0,0,0,0,0
192,8,32,0,0,0,0,0,0,0,0
167,8,0,16,249,228,177,40,32,160,0
1031,8,64,1,95,240,20,0,189,160,0
60,8,0,0,4,0,42,0,0,0,0
996,8,0,208,0,0,133,0,0,0,0
870,8,128,157,200,2,1,71,206,56,0
1628,8,64,8,194,117,32,15,0,0,0
1408,8,0,0,0,3,218,8,0,0,0
519,8,4,4,96,72,42,222,149,24,0
1076,8,1,229,160,164,100,116,100,112,0
1760,8,1,160,1,153,1,157,1,156,0
1694,8,4,64,4,127,31,192,21,162,0
293,8,144,0,64,159,65,189,253,96,0
622,8,1,6,64,130,137,14,10,4,0
961,8,123,85,31,187,235,121,105,46,0
244,8,154,12,1,2,4,177,2,64,0
1176,8,135,255,191,252,22,128,119,9,0
1225,8,1,248,213,130,13,2,246,75,0
470,8,2,11,128,128,48,36,5,128,0
14,8,32,82,86,2,8,9,118,14,0
1399,8,0,0,8,0,0,0,1,80,0
560,8,251,0,0,2,236,0,8,0,0
661,8,0,0,0,0,0,0,8,64,0
208,8,90,119,12,96,21,1,219,0,0
51,8,0,7,136,0,14,192,7,208,0
263,8,0,0,0,0,0,0,0,0,0
186,8,6,168,123,132,16,0,6,40,0
1760,8,1,156,1,153,1,157,1,157,0
737,8,0,0,0,0,0,0,0,4,0
852,8,31,245,0,0,0,5,6,0,0
1505,8,137,63,224,11,10,0,176,128,0
354,8,0,8,2,179,234,17,244,206,0
167,8,0,16,250,100,177,40,32,160,0
293,8,144,0,64,159,65,189,223,96,0
1227,8,128,0,0,0,0,14,0,0,0
640,8,24,224,2,112,0,0,0,0,0
14,8,32,82,86,2,8,9,118,26,0
339,8,0,0,0,0,0,12,0,2,0
1634,8,78,224,0,0,64,0,0,0,0
412,8,24,148,32,10,66,0,40,176,0
208,8,98,119,12,96,20,1,219,0,0
51,8,0,7,128,0,15,0,7,208,0
628,8,0,242,44,242,80,124,134,47,0
192,8,32,0,0,0,0,0,0,0,0
403,8,0,8,8,3,232,72,0,0,0
526,8,78,32,3,160,238,63,143,255,0
1314,8,223,127,208,0,125,40,0,28,0
1459,8,4,0,0,0,0,0,4,0,0
870,8,128,93,200,2,1,71,206,56,0
852,8,31,245,0,0,0,5,6,0,0
1505,8,137,63,224,11,10,0,176,128,0
651,8,0,0,0,0,0,0,0,0,0
1408,8,0,0,0,3,210,136,0,0,0
1076,8,2,8,32,164,148,148,116,144,0
1760,8,1,156,1,154,1,157,1,158,0
167,8,0,16,250,100,193,40,32,160,0
61,8,0,0,12,0,0,0,0,0,0
1176,8,135,255,191,252,21,128,119,10,0
560,8,250,0,0,2,236,0,10,0,0
1694,8,4,64,4,127,31,192,21,162,0
293,8,144,0,64,159,65,191,161,96,0
14,8,32,82,86,2,8,9,118,20,0
208,8,106,119,12,96,19,1,219,0,0
51,8,0,7,120,0,15,64,7,208,0
263,8,0,0,0,0,0,0,0,0,0
1760,8,1,157,1,154,1,158,1,158,0
961,8,123,85,31,187,170,250,41,46,0
737,8,0,0,0,0,0,0,0,4,0
852,8,31,245,0,0,0,4,247,0,0
1505,8,137,63,224,11,10,0,172,128,0
354,8,0,8,2,179,234,17,244,206,0
167,8,0,16,250,100,193,40,32,160,0
293,8,144,0,64,223,65,191,99,96,0
14,8,32,82,86,2,8,9,118,20,0
339,8,0,0,0,0,0,12,0,2,0
661,8,0,0,0,0,0,0,8,64,0
1634,8,78,224,0,0,64,0,0,0,0
412,8,28,144,32,10,66,0,40,176,0
208,8,114,119,12,96,18,1,219,0,0
51,8,0,7,112,0,15,128,7,208,0
628,8,0,242,46,240,80,124,134,47,0
192,8,32,0,0,0,0,0,0,0,0
692,8,20,233,160,0,0,0,88,0,0
403,8,0,8,8,3,232,72,0,0,0
526,8,78,32,3,160,237,191,143,255,0
1314,8,223,127,208,0,124,176,0,28,0
452,8,0,0,2,0,2,128,0,0,0
870,8,128,93,200,2,1,71,206,56,0
1408,8,0,0,0,3,203,8,0,0,0
852,8,31,245,0,0,0,5,96,0,0
1505,8,137,63,224,11,10,0,168,128,0
651,8,0,0,0,0,0,0,0,0,0
1076,8,2,40,32,164,164,196,148,192,0
1760,8,1,160,1,156,1,159,1,158,0
167,8,0,16,250,100,177,40,32,160,0
458,8,63,249,255,128,0,0,12,72,0
676,8,46,140,2,28,4,8,152,208,0
1176,8,135,255,191,252,19,128,119,75,0
813,8,128,0,4,32,172,1,0,32,0
1277,8,17,82,10,77,109,15,202,136,0
560,8,249,0,0,2,236,0,12,0,0
1694,8,4,64,4,127,31,192,21,162,0
293,8,144,0,64,223,65,191,69,96,0
14,8,32,82,86,2,8,9,118,26,0
208,8,122,119,12,96,16,1,220,0,0
51,8,0,7,104,0,15,192,7,208,0
1399,8,0,0,8,0,0,0,1,80,0
263,8,0,0,0,0,0,0,0,0,0
186,8,6,168,123,132,16,0,6,40,0
1760,8,1,160,1,156,1,159,1,158,0
737,8,0,0,0,0,0,0,0,4,0
852,8,31,245,0,0,0,5,96,0,0
1505,8,137,63,224,11,10,0,172,128,0
354,8,0,8,2,179,234,17,244,206,0
167,8,0,16,250,100,193,40,32,160,0
675,8,0,0,0,132,16,128,69,16,0
293,8,144,0,64,223,65,191,39,96,0
961,8,123,85,31,187,42,250,169,46,0
14,8,32,82,86,2,8,9,118,32,0
339,8,0,0,0,0,0,12,0,2,0
1634,8,78,224,0,0,64,0,0,0,0
412,8,0,172,32,10,66,0,40,176,0
208,8,2,119,12,96,31,1,220,0,0
51,8,0,7,224,0,12,0,7,208,0
628,8,0,242,32,254,80,124,134,47,0
192,8,32,0,0,0,0,0,0,0,0
403,8,0,8,8,3,232,56,0,0,0
526,8,78,32,3,160,238,63,143,255,0
1314,8,223,127,208,0,124,56,0,28,0
870,8,128,93,200,2,1,71,206,56,0
852,8,31,245,0,0,0,5,88,128,0
1505,8,137,63,224,11,10,0,168,128,0
651,8,0,0,0,0,0,0,0,0,0
1408,8,0,0,0,3,195,136,0,0,0
1076,8,2,64,0,164,196,212,164,208,0
1760,8,1,159,1,155,1,160,1,159,0
1788,8,0,0,7,97,242,181,136,0,0
167,8,0,16,250,228,193,40,32,160,0
569,8,0,0,0,111,32,0,68,32,0
1176,8,135,255,191,252,17,128,119,140,0
560,8,248,0,0,2,236,0,14,0,0
1694,8,4,64,4,127,31,192,21,162,0
293,8,144,0,64,223,65,191,9,96,0
14,8,32,82,86,2,8,9,118,32,0
661,8,0,0,0,0,0,0,8,64,0
208,8,10,119,12,96,29,1,221,0,0
51,8,0,7,216,0,12,64,7,208,0
215,8,0,0,2,0,128,0,0,0,0
263,8,0,0,0,0,0,0,0,0,0
1621,8,144,3,252,0,48,0,0,0,0
1760,8,1,159,1,154,1,160,1,160,0
737,8,0,0,0,0,0,0,0,4,0
852,8,31,244,192,0,0,5,81,128,0
1505,8,137,63,224,11,10,0,168,128,0
354,8,0,8,2,179,234,17,244,206,0
167,8,0,16,250,100,177,40,32,160,0
1175,8,0,0,0,0,0,0,0,0,0
293,8,144,0,64,223,65,190,235,96,0
14,8,32,82,86,2,8,9,118,26,0
738,8,24,8,13,64,64,0,1,24,0
837,8,5,2,2,194,60,119,64,129,0
1072,8,0,47,68,139,210,128,16,160,0
339,8,0,0,0,0,0,12,0,2,0
1634,8,78,224,0,0,64,0,0,0,0
412,8,4,168,32,10,66,0,40,176,0
208,8,18,119,12,96,28,1,221,0,0
51,8,0,7,208,0,12,128,7,208,0
628,8,0,242,34,252,80,124,134,47,0
192,8,32,0,0,0,0,0,0,0,0
304,8,0,1,80,0,0,0,0,0,0
403,8,0,8,8,3,232,56,0,0,0
526,8,78,31,255,160,238,191,175,247,0
961,8,123,85,31,186,170,251,41,46,0
1314,8,223,127,208,0,123,192,0,28,0
870,8,128,93,200,2,1,71,206,56,0
1408,8,0,0,0,3,188,8,0,0,0
852,8,31,244,192,0,0,5,81,128,0
1505,8,137,63,224,11,10,0,168,128,0
651,8,0,0,0,0,0,0,0,0,0
1076,8,2,96,0,164,212,244,196,240,0
1760,8,1,159,1,154,1,160,1,160,0
167,8,0,16,250,228,177,40,32,160,0
722,8,0,0,64,0,0,0,0,0,0
1176,8,135,255,191,252,15,128,119,205,0
1124,8,0,2,64,0,0,144,18,92,0
560,8,247,0,0,2,236,0,16,0,0
1694,8,4,64,4,127,31,192,21,162,0
293,8,144,0,64,223,65,190,205,96,0
14,8,32,82,86,2,8,9,118,26,0
208,8,26,119,12,96,26,1,222,0,0
51,8,0,7,200,0,12,192,7,208,0
263,8,0,0,0,0,0,0,0,0,0
186,8,6,168,123,132,16,0,6,40,0
1307,8,8,2,135,77,94,144,0,1,0
813,8,128,0,4,32,172,1,0,32,0
1277,8,17,85,10,77,115,16,74,136,0
1760,8,1,159,1,157,1,160,1,160,0
737,8,0,0,0,0,0,0,0,4,0
852,8,31,244,192,0,0,5,74,0,0
1505,8,137,63,224,11,10,0,172,128,0
354,8,0,8,2,179,234,17,244,206,0
167,8,0,16,250,100,177,40,32,160,0
1644,8,0,0,0,0,32,0,0,0,0
1413,8,0,64,0,0,0,2,0,24,0
293,8,144,0,64,223,65,190,175,96,0
14,8,32,82,86,2,8,9,118,26,0
1255,8,0,0,0,20,3,102,0,0,0
339,8,0,0,0,0,0,12,0,2,0
661,8,0,0,0,0,0,0,8,64,0
1634,8,78,224,0,0,64,0,0,0,0
1668,8,76,213,128,25,65,84,16,30,0
1590,8,36,156,0,0,240,1,144,0,0
727,8,16,0,96,216,0,0,0,8,0
412,8,8,166,32,10,2,0,40,176,0
403,8,0,8,8,3,232,56,0,0,0
526,8,78,32,3,160,238,191,175,247,0
1314,8,223,127,208,0,123,72,0,28,0
208,8,34,119,12,96,25,1,222,0,0
51,8,0,7,192,0,13,0,7,208,0
628,8,0,242,36,250,80,124,134,47,0
852,8,31,244,192,0,0,5,74,0,0
1505,8,137,63,224,11,10,0,168,128,0
651,8,0,0,0,0,0,0,0,0,0
192,8,32,0,0,0,0,0,0,0,0
167,8,0,16,250,100,177,40,32,160,0
1031,8,64,1,95,240,20,0,189,160,0
60,8,0,0,4,0,59,0,0,0,0
996,8,0,208,0,0,133,0,0,0,0
870,8,128,93,200,2,1,71,206,56,0
1628,8,64,8,194,117,32,15,0,0,0
1408,8,0,0,0,3,180,136,0,0,0
519,8,4,4,96,72,42,222,149,24,0
1076,8,2,138,160,164,245,4,213,0,0
1760,8,1,156,1,157,1,160,1,160,0
1694,8,4,64,4,127,31,192,21,162,0
293,8,144,0,64,223,65,190,145,96,0
622,8,1,6,64,130,137,14,10,4,0
961,8,123,85,31,187,41,187,233,46,0
705,8,1,243,207,199,201,158,25,222,0
244,8,154,12,1,2,4,177,2,64,0
1176,8,135,255,191,252,13,128,120,14,0
1225,8,1,248,213,130,13,2,246,75,0
14,8,32,82,86,2,8,9,118,20,0
470,8,2,15,130,128,48,36,5,128,0
1399,8,0,0,8,0,0,0,1,80,0
208,8,42,119,12,96,23,1,223,0,0
51,8,0,7,184,0,13,64,7,208,0
560,8,246,0,0,2,236,0,18,0,0
263,8,0,0,0,0,0,0,0,0,0
1760,8,1,160,1,157,1,160,1,160,0
737,8,0,0,0,0,0,0,0,4,0
852,8,31,244,192,0,0,5,59,0,0
1505,8,137,63,224,11,10,0,168,128,0
354,8,0,8,2,179,234,17,244,206,0
167,8,0,16,249,228,193,40,32,160,0
293,8,144,0,64,223,65,190,115,96,0
14,8,32,82,86,2,8,9,118,26,0
339,8,0,0,0,0,0,12,0,2,0
1634,8,78,224,0,0,64,0,0,0,0
412,8,12,162,32,10,2,0,40,176,0
208,8,50,119,12,96,22,1,223,0,0
51,8,0,7,176,0,13,128,7,208,0
628,8,0,242,38,248,80,124,134,45,0
192,8,32,0,0,0,0,0,0,0,0
403,8,0,8,8,3,232,56,0,0,0
526,8,78,32,3,160,238,191,143,255,0
1314,8,223,127,208,0,122,208,0,28,0
1459,8,4,0,0,0,0,0,4,0,0
852,8,31,244,192,0,0,5,44,0,0
1505,8,137,63,224,11,10,0,172,128,0
651,8,0,0,0,0,0,0,0,0,0
870,8,128,93,200,2,1,71,206,56,0
1408,8,0,0,0,3,173,8,0,0,0
1076,8,2,170,160,165,5,21,5,16,0
1760,8,1,160,1,155,1,160,1,160,0
167,8,0,16,250,100,177,40,32,160,0
61,8,0,0,12,0,0,0,0,0,0
1176,8,135,255,191,252,12,128,120,15,0
560,8,245,0,0,2,236,0,20,0,0
1694,8,4,64,4,127,31,192,21,162,0
293,8,144,0,64,223,65,190,85,96,0
14,8,32,82,86,2,8,9,118,20,0
661,8,0,0,0,0,0,0,8,64,0
208,8,58,119,12,96,21,1,223,0,0
51,8,0,7,168,0,13,192,7,208,0
263,8,0,0,0,0,0,0,0,0,0
186,8,6,168,123,68,16,0,6,40,0
1760,8,1,161,1,155,1,160,1,161,0
961,8,123,85,31,186,233,124,105,46,0
737,8,0,0,0,0,0,0,0,4,0
852,8,31,244,192,0,0,5,44,0,0
1505,8,137,63,224,11,10,0,172,128,0
354,8,0,8,2,179,234,17,244,206,0
167,8,0,16,250,100,177,40,32,160,0
1372,8,16,27,0,0,66,132,48,0,0
293,8,144,0,64,223,65,190,55,96,0
14,8,32,82,86,2,8,9,118,26,0
339,8,0,0,0,0,0,12,0,2,0
1634,8,78,224,0,0,64,0,0,0,0
412,8,16,158,32,10,2,0,40,176,0
208,8,66,119,12,96,20,1,223,0,0
51,8,0,7,160,0,14,0,7,208,0
628,8,0,242,40,246,80,124,134,45,0
192,8,32,0,0,0,0,0,0,0,0
813,8,128,0,4,32,172,1,0,32,0
692,8,20,233,160,0,0,0,88,0,0
1277,8,17,86,10,77,115,16,202,136,0
403,8,0,8,8,3,232,56,0,0,0
526,8,78,31,255,160,239,63,143,255,0
1314,8,223,127,208,0,122,88,0,28,0
870,8,128,93,200,2,1,71,206,56,0
1408,8,0,0,0,3,165,136,0,0,0
852,8,31,244,192,0,0,5,36,128,0
1505,8,137,63,224,11,10,0,168,128,0
651,8,0,0,0,0,0,0,0,0,0
1076,8,2,202,160,165,53,53,21,48,0
1760,8,1,161,1,159,1,160,1,161,0
167,8,0,16,250,228,193,40,32,160,0
458,8,63,249,255,128,0,0,12,72,0
1176,8,135,255,191,252,26,128,120,64,0
560,8,244,0,0,2,236,0,22,0,0
1694,8,4,64,4,127,31,192,21,162,0
293,8,144,0,64,223,65,190,25,96,0
14,8,32,82,86,2,8,9,118,14,0
208,8,74,119,12,96,18,1,224,0,0
51,8,0,7,152,0,14,64,7,208,0
1399,8,0,0,8,0,0,0,1,80,0
263,8,0,0,0,0,0,0,0,0,0
1760,8,1,159,1,159,1,161,1,161,0
737,8,0,0,0,0,0,0,0,4,0
852,8,31,244,192,0,0,5,21,128,0
1505,8,137,63,224,11,10,0,172,128,0
354,8,0,8,2,179,234,17,244,206,0
167,8,0,16,249,228,177,40,32,160,0
675,8,0,0,0,132,16,128,69,144,0
293,8,144,0,64,223,65,189,251,96,0
961,8,123,85,31,186,232,189,41,46,0
14,8,32,82,86,2,8,9,118,20,0
339,8,0,0,0,0,0,12,0,2,0
661,8,0,0,0,0,0,0,8,64,0
1634,8,78,224,0,0,64,0,0,0,0
412,8,20,154,32,10,2,0,40,176,0
208,8,82,119,12,96,17,1,224,0,0
51,8,0,7,144,0,14,128,7,208,0
628,8,0,242,42,244,80,124,134,45,0
192,8,32,0,0,0,0,0,0,0,0
403,8,0,8,8,3,232,56,0,0,0
526,8,78,32,3,160,239,63,143,247,0
1314,8,223,127,208,0,121,224,0,28,0
870,8,128,93,200,2,1,71,206,56,0
1408,8,0,0,0,3,158,8,0,0,0
852,8,31,244,192,0,0,5,21,128,0
1505,8,137,63,224,11,10,0,172,128,0
651,8,0,0,0,0,0,0,0,0,0
1076,8,2,234,160,165,69,101,53,96,0
1760,8,1,160,1,159,1,161,1,161,0
1788,8,0,0,7,97,146,181,128,0,0
167,8,0,16,250,100,193,40,32,160,0
569,8,0,0,0,110,160,0,68,32,0
1176,8,135,255,191,252,25,128,120,65,0
560,8,243,0,0,2,236,0,24,0,0
1694,8,4,64,4,127,31,192,21,162,0
293,8,144,0,64,223,65,189,221,96,0
14,8,32,82,86,2,8,9,118,20,0
208,8,90,119,12,96,16,1,224,0,0
51,8,0,7,136,0,14,192,7,208,0
215,8,0,0,2,0,128,0,0,0,0
263,8,0,0,0,0,0,0,0,0,0
186,8,6,168,123,68,16,0,6,40,0
1760,8,1,160,1,159,1,161,1,161,0
737,8,0,0,0,0,0,0,0,4,0
852,8,31,244,192,0,0,5,14,0,0
1505,8,137,63,224,11,10,0,172,128,0
354,8,0,8,2,179,234,17,244,206,0
167,8,0,16,250,228,177,40,32,160,0
1175,8,0,0,0,0,0,0,0,0,0
293,8,144,0,64,223,65,189,191,96,0
14,8,32,82,86,2,8,9,118,20,0
738,8,24,8,13,64,64,0,1,24,0
837,8,5,2,2,194,60,119,64,129,0
1072,8,0,47,68,139,210,128,16,160,0
339,8,0,0,0,0,0,12,0,2,0
1634,8,78,224,0,0,64,0,0,0,0
412,8,24,150,32,10,2,0,40,176,0
208,8,98,119,12,96,15,1,224,0,0
51,8,0,7,128,0,15,0,7,208,0
628,8,0,242,44,242,80,124,134,45,0
192,8,32,0,0,0,0,0,0,0,0
304,8,0,1,80,0,0,0,0,0,0
403,8,0,8,8,3,232,56,0,0,0
526,8,78,32,3,160,239,191,143,255,0
961,8,123,85,31,187,39,253,169,46,0
1314,8,223,127,208,0,121,104,0,28,0
870,8,128,93,200,2,1,71,206,56,0
1408,8,0,0,0,3,150,136,0,0,0
852,8,31,244,192,0,0,5,14,0,0
1505,8,137,63,224,11,10,0,168,128,0
651,8,0,0,0,0,0,0,0,0,0
1076,8,3,10,128,165,101,117,69,112,0
1760,8,1,162,1,157,1,161,1,161,0
167,8,0,16,250,100,177,40,32,160,0
722,8,0,0,72,0,0,0,0,0,0
1176,8,135,255,191,252,23,128,120,130,0
1124,8,0,2,64,0,0,144,17,93,0
560,8,242,0,0,2,236,0,26,0,0
1694,8,4,64,4,127,32,0,21,162,0
293,8,144,0,64,223,65,191,129,96,0
14,8,32,82,86,2,8,9,118,26,0
661,8,0,0,0,0,0,0,8,64,0
208,8,106,119,12,96,13,1,225,0,0
51,8,0,7,120,0,15,64,7,208,0
263,8,0,0,0,0,0,0,0,0,0
813,8,128,0,4,32,172,1,0,32,0
1277,8,17,88,10,77,119,17,74,136,0
1760,8,1,162,1,158,1,161,1,162,0
737,8,0,0,0,0,0,0,0,4,0
852,8,31,244,192,0,0,4,255,0,0
1505,8,137,63,224,11,10,0,172,128,0
354,8,0,8,2,179,234,17,244,206,0
167,8,0,16,249,100,177,40,32,160,0
1413,8,0,64,0,0,0,2,0,24,0
1644,8,0,0,0,0,24,0,0,0,0
293,8,144,0,64,223,65,191,99,96,0
14,8,32,82,86,2,8,9,118,26,0
1255,8,0,0,0,20,3,102,0,0,0
339,8,0,0,0,0,0,12,0,2,0
1634,8,78,224,0,0,64,0,0,0,0
1668,8,76,213,128,25,65,84,16,30,0
1590,8,36,156,0,0,240,1,160,0,0
727,8,16,0,96,216,0,0,0,8,0
412,8,28,146,32,10,2,0,40,176,0
208,8,114,119,12,96,12,1,225,0,0
403,8,0,8,8,3,232,56,0,0,0
526,8,78,32,3,160,239,191,143,255,0
1314,8,223,127,208,0,120,240,0,28,0
51,8,0,7,112,0,15,128,7,208,0
628,8,0,242,46,240,80,124,134,45,0
192,8,32,0,0,0,0,0,0,0,0
852,8,31,244,192,0,0,5,104,0,0
1505,8,137,63,224,11,10,0,172,128,0
651,8,0,0,0,0,0,0,0,0,0
167,8,0,16,250,100,193,40,32,160,0
1031,8,64,1,95,240,20,0,189,160,0
60,8,0,0,4,0,53,0,0,0,0
996,8,0,208,0,0,133,0,0,0,0
870,8,128,93,200,2,1,71,206,56,0
1628,8,64,8,194,117,32,15,0,0,0
1408,8,0,0,0,3,143,8,0,0,0
519,8,4,4,96,72,42,222,149,24,0
1076,8,3,42,0,165,117,149,101,144,0
1760,8,1,160,1,158,1,161,1,162,0
1694,8,4,64,4,127,31,192,21,162,0
293,8,144,0,64,223,65,191,69,96,0
622,8,1,6,64,130,137,14,10,4,0
1176,8,135,255,191,252,22,128,120,131,0
961,8,123,85,31,187,39,62,105,46,0
1225,8,1,249,21,130,13,2,246,75,0
470,8,2,11,128,128,48,36,5,128,0
244,8,154,12,1,2,4,177,2,64,0
14,8,32,82,86,2,8,9,118,20,0
1399,8,0,0,8,0,0,0,1,80,0
560,8,241,0,0,2,236,0,28,0,0
208,8,122,119,12,96,11,1,225,0,0
51,8,0,7,104,0,15,192,7,208,0
263,8,0,0,0,0,0,0,0,0,0
186,8,6,168,123,4,16,0,6,40,0
1760,8,1,160,1,160,1,161,1,162,0
705,8,1,243,79,199,201,158,13,242,0
737,8,0,0,0,0,0,0,0,4,0
852,8,31,244,192,0,0,5,104,0,0
1505,8,137,63,224,11,10,0,168,128,0
354,8,0,8,2,163,234,17,244,206,0
167,8,0,16,251,228,193,40,32,160,0
293,8,144,0,64,223,65,191,39,96,0
1227,8,128,0,0,0,0,14,0,0,0
640,8,24,224,2,112,0,0,0,0,0
14,8,32,82,86,2,8,9,118,26,0
339,8,0,0,0,0,0,12,0,2,0
661,8,0,0,0,0,0,0,8,64,0
1634,8,78,224,0,0,64,0,0,0,0
412,8,0,174,32,10,2,0,40,176,0
208,8,2,119,12,96,26,1,225,0,0
51,8,0,7,224,0,12,0,7,208,0
628,8,0,242,32,254,80,124,134,45,0
192,8,32,0,0,0,0,0,0,0,0
403,8,0,8,8,3,232,56,0,0,0
526,8,78,32,3,160,240,63,111,255,0
1314,8,223,127,208,0,120,120,0,28,0
870,8,128,93,200,2,1,71,206,56,0
1459,8,4,0,0,0,0,0,4,0,0
852,8,31,244,192,0,0,5,96,128,0
1505,8,137,63,224,11,10,0,168,128,0
651,8,0,0,0,0,0,0,0,0,0
1408,8,0,0,0,3,135,136,0,0,0
1076,8,3,74,160,165,149,165,117,160,0
1760,8,1,161,1,160,1,161,1,162,0
167,8,0,16,249,228,193,40,32,160,0
61,8,0,0,12,0,0,0,0,0,0
1176,8,135,255,191,252,21,128,120,132,0
560,8,240,0,0,2,236,0,30,0,0
1694,8,4,64,4,127,31,192,21,162,0
293,8,144,0,64,223,65,191,9,96,0
14,8,32,82,86,2,8,9,118,26,0
208,8,10,119,12,96,25,1,225,0,0
51,8,0,7,216,0,12,64,7,208,0
263,8,0,0,0,0,0,0,0,0,0
1760,8,1,167,1,160,1,161,1,161,0
961,8,123,85,31,187,166,62,233,46,0
737,8,0,0,0,0,0,0,0,4,0
852,8,31,244,192,0,0,5,81,128,0
1505,8,137,63,224,11,10,0,172,128,0
354,8,0,8,2,163,234,17,244,206,0
167,8,0,16,249,228,177,40,32,160,0
293,8,144,0,64,223,65,190,235,96,0
14,8,32,82,86,2,8,9,118,20,0
339,8,0,0,0,0,0,12,0,2,0
1634,8,78,224,0,0,64,0,0,0,0
412,8,4,170,32,10,2,0,40,176,0
208,8,18,119,12,96,24,1,225,0,0
51,8,0,7,208,0,12,128,7,208,0
628,8,0,242,34,252,80,124,134,45,0
192,8,32,0,0,0,0,0,0,0,0
692,8,20,233,160,0,0,0,88,0,0
813,8,128,0,4,32,172,1,0,32,0
1277,8,17,84,10,77,113,16,74,136,0
403,8,0,8,8,3,232,56,0,0,0
526,8,78,32,3,160,239,191,143,255,0
1331,8,237,127,207,126,255,247,239,127,0
1314,8,223,127,208,0,127,128,0,28,0
870,8,128,157,200,2,1,71,206,56,0
852,8,31,244,192,0,0,5,81,128,0
1505,8,137,63,224,11,10,0,168,128,0
651,8,0,0,0,0,0,0,0,0,0
1408,8,0,0,0,3,248,8,0,0,0
1076,8,3,106,160,165,165,181,165,176,0
1760,8,1,167,1,160,1,161,1,161,0
167,8,0,16,250,100,193,40,32,160,0
458,8,63,249,255,128,0,0,12,72,0
1176,8,135,255,191,252,20,128,120,133,0
560,8,255,0,0,2,236,0,0,0,0
1694,8,4,64,4,127,31,192,21,162,0
293,8,144,0,64,223,65,190,205,96,0
14,8,32,82,86,2,8,9,118,14,0
661,8,0,0,0,0,0,0,8,64,0
208,8,26,119,12,96,23,1,225,0,0
51,8,0,7,200,0,12,192,7,208,0
1399,8,0,0,8,0,0,0,1,80,0
263,8,0,0,0,0,0,0,0,0,0
186,8,6,168,123,4,16,0,6,40,0
1760,8,1,163,1,160,1,161,1,163,0
737,8,0,0,0,0,0,0,0,4,0
852,8,31,244,192,0,0,5,74,0,0
1505,8,137,63,224,11,10,0,168,128,0
354,8,0,8,2,163,234,17,244,206,0
167,8,0,16,250,228,177,40,32,160,0
675,8,0,0,0,132,16,128,70,144,0
293,8,144,0,64,223,65,190,175,96,0
961,8,123,85,31,186,230,63,169,46,0
14,8,32,82,86,2,8,9,118,20,0
339,8,0,0,0,0,0,12,0,2,0
1634,8,78,224,0,0,64,0,0,0,0
412,8,8,166,32,10,2,0,40,176,0
208,8,34,119,12,96,22,1,225,0,0
51,8,0,7,192,0,13,0,7,208,0
628,8,0,242,36,250,80,124,134,45,0
192,8,32,0,0,0,0,0,0,0,0
403,8,0,8,8,3,232,56,0,0,0
526,8,78,32,3,160,241,63,143,255,0
1314,8,223,127,208,0,127,8,0,28,0
870,8,128,157,200,2,1,71,206,56,0
852,8,31,244,192,0,0,5,74,0,0
1505,8,137,63,224,11,10,0,172,128,0
651,8,0,0,0,0,0,0,0,0,0
1408,8,0,0,0,3,240,136,0,0,0
1076,8,3,130,160,165,213,213,181,208,0
1760,8,1,163,1,161,1,161,1,163,0
1788,8,0,0,7,97,178,181,128,0,0
167,8,0,16,249,228,177,40,32,160,0
569,8,0,0,0,110,64,0,68,32,0
1176,8,135,255,191,252,19,128,120,134,0
560,8,254,0,0,2,236,0,2,0,0
1694,8,4,64,4,127,31,192,21,162,0
293,8,144,0,64,223,65,190,145,96,0
14,8,32,82,86,2,8,9,118,26,0
208,8,42,119,12,96,21,1,225,0,0
51,8,0,7,184,0,13,64,7,208,0
215,8,0,0,2,0,128,0,0,0,0
263,8,0,0,0,0,0,0,0,0,0
1760,8,1,160,1,161,1,162,1,163,0
737,8,0,0,0,0,0,0,0,4,0
852,8,31,244,192,0,0,5,59,0,0
1505,8,137,63,224,11,10,0,172,128,0
354,8,0,8,2,163,234,17,244,206,0
167,8,0,16,250,100,177,40,32,160,0
1175,8,0,0,0,0,0,0,0,0,0
293,8,144,0,64,223,65,190,115,96,0
14,8,32,82,86,2,8,9,118,26,0
738,8,24,8,13,64,64,0,1,24,0
837,8,5,2,2,194,60,119,64,129,0
1072,8,0,47,68,139,210,128,16,160,0
339,8,0,0,0,0,0,12,0,2,0
661,8,0,0,0,0,0,0,8,64,0
1634,8,78,224,0,0,64,0,0,0,0
412,8,12,162,32,10,2,0,40,176,0
208,8,50,119,12,96,20,1,225,0,0
51,8,0,7,176,0,13,128,7,208,0
628,8,0,242,38,248,80,124,134,45,0
192,8,32,0,0,0,0,0,0,0,0
304,8,0,1,80,0,0,0,0,0,0
403,8,0,8,8,3,232,56,0,0,0
526,8,78,32,3,160,241,63,111,247,0
1314,8,223,127,208,0,126,144,0,28,0
961,8,123,85,31,187,37,64,41,46,0
870,8,128,157,200,2,1,71,206,56,0
852,8,31,244,192,0,0,5,44,0,0
1505,8,137,63,224,11,10,0,168,128,0
651,8,0,0,0,0,0,0,0,0,0
1408,8,0,0,0,3,233,8,0,0,0
1076,8,3,170,160,165,230,5,214,0,0
1760,8,1,168,1,163,1,161,1,161,0
167,8,0,16,250,228,193,40,32,160,0
722,8,0,0,80,0,0,0,0,0,0
1372,8,16,27,0,0,66,132,48,0,0
1176,8,135,255,191,252,17,128,120,199,0
1124,8,0,2,64,0,0,144,16,94,0
560,8,253,0,0,2,236,0,4,0,0
1694,8,4,64,4,127,31,192,21,162,0
293,8,144,0,64,223,65,190,85,96,0
14,8,32,82,86,2,8,9,118,26,0
208,8,58,119,12,96,18,1,226,0,0
51,8,0,7,168,0,13,192,7,208,0
263,8,0,0,0,0,0,0,0,0,0
186,8,6,168,123,4,16,0,6,40,0
627,8,0,0,0,8,0,0,0,0,0
452,8,0,0,2,0,2,192,0,0,0
676,8,32,32,3,28,4,8,152,208,0
1760,8,1,168,1,163,1,161,1,161,0
881,8,1,6,0,0,0,0,8,128,0
1661,8,0,24,96,2,8,0,2,32,0
1307,8,40,26,50,9,178,129,128,193,0
737,8,0,0,0,0,0,0,0,4,0
852,8,31,244,192,0,0,5,44,0,0
1505,8,137,63,224,11,10,0,168,128,0
354,8,0,8,2,163,234,17,244,206,0
167,8,0,16,250,100,193,40,32,160,0
813,8,128,0,4,32,172,1,0,32,0
204,8,67,65,9,50,56,175,162,14,0
1277,8,17,80,10,77,107,15,202,136,0
1533,8,189,221,253,255,254,255,237,218,0
1413,8,0,64,0,0,0,2,0,24,0
1644,8,0,0,0,0,24,0,0,0,0
293,8,144,0,64,223,65,190,55,96,0
14,8,32,82,86,2,8,9,118,32,0
1255,8,0,0,0,20,3,102,0,0,0
339,8,0,0,0,0,0,12,0,2,0
1634,8,78,224,0,0,64,0,0,0,0
1668,8,76,213,128,25,65,84,16,30,0
1590,8,36,156,0,0,240,1,176,0,0
727,8,16,0,96,216,0,0,0,8,0
412,8,16,158,32,10,2,0,40,176,0
208,8,66,119,12,96,17,1,226,0,0
403,8,0,8,8,3,232,56,0,0,0
526,8,78,32,3,160,241,63,111,255,0
1314,8,223,127,208,0,126,24,0,28,0
51,8,0,7,160,0,14,0,7,208,0
628,8,0,242,40,246,80,124,134,45,0
192,8,32,0,0,0,0,0,0,0,0
852,8,31,244,192,0,0,5,36,128,0
1505,8,137,63,224,11,10,0,172,128,0
651,8,0,0,0,0,0,0,0,0,0
167,8,0,16,249,228,177,40,32,160,0
253,8,0,0,1,0,128,16,0,0,0
1031,8,64,1,95,240,20,0,189,160,0
870,8,128,157,200,2,1,71,206,56,0
60,8,0,0,4,0,44,0,0,0,0
1408,8,0,0,0,3,225,136,0,0,0
1076,8,3,202,160,166,6,21,230,16,0
1760,8,1,168,1,163,1,162,1,161,0
622,8,1,6,64,130,137,14,10,4,0
1694,8,4,64,4,127,31,192,21,162,0
293,8,144,0,64,223,65,190,25,96,0
1176,8,135,255,191,252,17,128,120,136,0
961,8,123,85,31,186,101,64,233,46,0
996,8,0,208,0,0,133,0,0,0,0
1628,8,64,8,194,117,32,15,0,0,0
519,8,4,4,96,72,42,222,149,24,0
1225,8,1,249,21,130,13,2,246,75,0
244,8,154,12,1,2,4,177,2,64,0
14,8,32,82,86,2,8,9,118,32,0
470,8,2,15,130,128,48,36,5,128,0
420,8,0,0,0,2,236,204,0,0,0
1399,8,0,0,8,0,0,0,1,80,0
661,8,0,0,0,0,0,0,8,64,0
208,8,74,119,12,96,17,1,225,0,0
263,8,0,0,0,0,0,0,0,0,0
51,8,0,7,152,0,14,64,7,208,0
560,8,252,0,0,2,236,0,6,0,0
1760,8,1,168,1,163,1,162,1,162,0
737,8,0,0,0,0,0,0,0,4,0
852,8,31,244,192,0,0,5,21,128,0
1505,8,137,63,224,11,10,0,168,128,0
354,8,0,8,2,163,234,17,244,206,0
167,8,0,16,250,100,177,40,32,160,0
293,8,144,0,64,223,65,189,251,96,0
705,8,1,243,15,199,201,159,250,8,0
14,8,32,82,86,2,8,9,118,20,0
339,8,0,0,0,0,0,12,0,2,0
1634,8,78,224,0,0,64,0,0,0,0
412,8,20,154,32,10,2,0,40,176,0
208,8,82,119,12,96,16,1,225,0,0
51,8,0,7,144,0,14,128,7,208,0
628,8,0,242,42,244,80,124,134,45,0
192,8,32,0,0,0,0,0,0,0,0
403,8,0,8,8,3,232,56,0,0,0
526,8,78,31,255,160,241,191,111,255,0
1314,8,223,127,208,0,125,160,0,28,0
1459,8,4,0,0,0,0,0,4,0,0
852,8,31,244,192,0,0,5,21,128,0
1505,8,137,63,224,11,10,0,164,128,0
651,8,0,0,0,0,0,0,0,0,0
870,8,128,157,200,2,1,71,206,56,0
1408,8,0,0,0,3,218,8,0,0,0
1076,8,3,234,160,166,22,54,6,48,0
1760,8,1,166,1,163,1,163,1,162,0
167,8,0,16,250,100,177,40,32,160,0
61,8,0,0,12,0,0,0,0,0,0
1176,8,135,255,191,252,16,128,120,137,0
560,8,251,0,0,2,236,0,8,0,0
1694,8,4,64,4,127,31,192,21,162,0
293,8,144,0,64,223,65,189,221,96,0
14,8,32,82,86,2,8,9,118,14,0
208,8,90,119,12,96,15,1,225,0,0
51,8,0,7,136,0,14,192,7,208,0
263,8,0,0,0,0,0,0,0,0,0
186,8,6,168,122,196,16,0,6,40,0
1760,8,1,168,1,165,1,161,1,162,0
961,8,123,85,31,186,37,1,105,46,0
737,8,0,0,0,0,0,0,0,4,0
852,8,31,244,192,0,0,5,14,0,0
1505,8,137,63,224,11,10,0,168,128,0
354,8,0,8,2,163,234,17,244,206,0
167,8,0,16,249,228,177,40,32,160,0
293,8,144,0,64,223,65,189,191,96,0
14,8,32,82,86,2,8,9,118,20,0
339,8,0,0,0,0,0,12,0,2,0
661,8,0,0,0,0,0,0,8,64,0
1634,8,78,224,0,0,64,0,0,0,0
412,8,24,150,32,10,2,0,40,176,0
208,8,98,119,12,96,14,1,225,0,0
51,8,0,7,128,0,15,0,7,208,0
628,8,0,242,44,242,80,124,134,45,0
192,8,32,0,0,0,0,0,0,0,0
692,8,20,233,160,0,0,0,88,0,0
403,8,0,8,8,3,232,56,0,0,0
526,8,78,31,255,160,242,63,111,255,0
1314,8,223,127,208,0,125,40,0,28,0
485,8,1,70,4,5,168,65,163,224,0
870,8,128,157,200,2,1,71,206,56,0
1408,8,0,0,0,3,210,136,0,0,0
852,8,31,244,192,0,0,5,14,0,0
1505,8,137,63,224,11,10,0,168,128,0
651,8,0,0,0,0,0,0,0,0,0
1076,8,4,10,160,166,54,70,22,64,0
1760,8,1,168,1,165,1,161,1,162,0
167,8,0,16,250,100,177,40,32,160,0
458,8,63,249,255,128,0,0,12,72,0
1176,8,135,255,191,252,14,128,120,202,0
813,8,128,0,4,32,172,1,0,32,0
1277,8,17,86,10,77,115,16,202,136,0
560,8,250,0,0,2,236,0,10,0,0
1694,8,4,64,4,127,31,192,21,162,0
293,8,144,0,64,223,65,191,129,96,0
14,8,32,82,86,2,8,9,118,32,0
208,8,106,119,12,96,12,1,226,0,0
51,8,0,7,120,0,15,64,7,208,0
1399,8,0,0,8,0,0,0,1,80,0
263,8,0,0,0,0,0,0,0,0,0
241,8,62,16,28,192,3,89,204,0,0
1760,8,1,168,1,167,1,160,1,162,0
737,8,0,0,0,0,0,0,0,4,0
852,8,31,244,192,0,0,4,255,0,0
1505,8,137,63,224,11,10,0,168,128,0
354,8,0,8,2,163,234,17,244,206,0
167,8,0,16,250,228,177,40,32,160,0
675,8,0,0,0,132,16,128,70,16,0
293,8,144,0,64,223,65,191,99,96,0
961,8,123,85,31,187,162,194,41,46,0
14,8,32,82,86,2,8,9,118,20,0
339,8,0,0,0,0,0,12,0,2,0
1634,8,78,224,0,0,64,0,0,0,0
412,8,28,146,32,10,2,0,40,176,0
208,8,114,119,12,96,11,1,226,0,0
51,8,0,7,112,0,15,128,7,208,0
628,8,0,242,46,240,80,124,134,45,0
192,8,32,0,0,0,0,0,0,0,0
403,8,0,8,8,3,232,56,0,0,0
526,8,78,32,3,160,242,63,143,255,0
1314,8,223,127,208,0,124,176,0,28,0
870,8,128,157,200,2,1,71,206,56,0
852,8,31,244,192,0,0,5,104,0,0
1505,8,137,63,224,11,10,0,164,128,0
651,8,0,0,0,0,0,0,0,0,0
1408,8,0,0,0,3,203,8,0,0,0
1076,8,4,42,160,166,86,86,70,80,0
1760,8,1,168,1,167,1,160,1,162,0
1788,8,0,0,7,97,82,181,128,0,0
167,8,0,16,250,100,193,40,32,160,0
569,8,0,0,0,109,224,0,68,32,0
1176,8,135,255,191,252,14,128,120,139,0
560,8,249,0,0,2,236,0,12,0,0
1694,8,4,64,4,127,31,192,21,162,0
293,8,144,0,64,223,65,191,69,96,0
14,8,32,82,86,2,8,9,118,26,0
661,8,0,0,0,0,0,0,8,64,0
208,8,122,119,12,96,11,1,225,0,0
51,8,0,7,104,0,15,192,7,208,0
215,8,0,0,2,0,128,0,0,0,0
263,8,0,0,0,0,0,0,0,0,0
186,8,6,168,122,196,16,0,6,40,0
65,8,128,34,0,32,1,0,0,0,0
1760,8,1,170,1,167,1,163,1,162,0
737,8,0,0,0,0,0,0,0,4,0
852,8,31,244,192,0,0,5,104,0,0
1505,8,137,63,224,11,10,0,168,128,0
354,8,0,8,2,163,234,17,244,206,0
167,8,0,16,250,100,177,40,32,160,0
1175,8,0,0,0,0,0,0,0,0,0
293,8,144,0,64,223,65,191,39,96,0
14,8,32,82,86,2,8,9,118,20,0
738,8,24,8,13,64,64,0,1,24,0
837,8,5,2,2,194,60,119,64,129,0
1072,8,0,47,68,139,210,128,17,160,0
339,8,0,0,0,0,0,12,0,2,0
1634,8,78,224,0,0,64,0,0,0,0
412,8,0,174,32,10,2,0,40,176,0
208,8,2,119,12,96,26,1,225,0,0
51,8,0,7,224,0,12,0,7,208,0
628,8,0,242,32,254,80,124,134,45,0
192,8,32,0,0,0,0,0,0,0,0
304,8,0,1,80,0,0,0,0,0,0
403,8,0,8,8,3,232,56,0,0,0
526,8,78,32,3,160,242,191,143,255,0
961,8,123,85,31,188,33,194,169,46,0
1314,8,223,127,208,0,124,56,0,28,0
870,8,128,157,200,2,1,71,206,56,0
1408,8,0,0,0,3,195,136,0,0,0
852,8,31,244,192,0,0,5,96,128,0
1505,8,137,63,224,11,10,0,168,128,0
651,8,0,0,0,0,0,0,0,0,0
1076,8,4,74,160,166,118,134,86,128,0
1760,8,1,170,1,167,1,163,1,163,0
167,8,0,16,250,100,193,40,32,160,0
722,8,0,0,8,0,0,0,0,0,0
1176,8,135,255,191,252,13,128,120,140,0
1124,8,0,2,64,0,0,144,15,95,0
560,8,248,0,0,2,236,0,14,0,0
1694,8,4,64,4,127,31,192,21,162,0
293,8,144,0,64,223,65,191,9,96,0
14,8,32,82,86,2,8,9,118,26,0
208,8,10,119,12,96,25,1,225,0,0
51,8,0,7,216,0,12,64,7,208,0
263,8,0,0,0,0,0,0,0,0,0
663,8,17,0,0,32,0,2,81,16,0
1455,8,32,192,0,0,0,32,112,0,0
813,8,128,0,4,32,172,1,0,32,0
1277,8,17,86,10,77,115,16,202,136,0
1760,8,1,170,1,167,1,163,1,163,0
737,8,0,0,0,0,0,0,0,4,0
852,8,31,244,192,0,0,5,81,128,0
1505,8,137,63,224,11,10,0,164,128,0
354,8,0,8,2,163,234,17,244,206,0
167,8,0,16,251,100,177,40,32,160,0
1644,8,0,0,0,0,24,0,0,0,0
1413,8,0,64,0,0,0,2,0,24,0
293,8,144,0,64,223,65,190,235,96,0
14,8,32,82,86,2,8,9,118,26,0
1255,8,0,0,0,20,3,102,0,0,0
339,8,0,0,0,0,0,12,0,2,0
661,8,0,0,0,0,0,0,8,64,0
1634,8,78,224,0,0,64,0,0,0,0
1668,8,76,213,128,25,65,84,16,30,0
1590,8,36,156,0,0,240,1,176,0,0
727,8,16,0,96,216,0,0,0,8,0
412,8,4,170,32,10,2,0,40,176,0
403,8,0,8,8,3,232,56,0,0,0
526,8,78,32,3,160,242,191,143,255,0
1314,8,223,127,208,0,123,192,0,28,0
208,8,18,119,12,96,24,1,225,0,0
51,8,0,7,208,0,12,128,7,208,0
628,8,0,242,34,252,80,124,134,45,0
852,8,31,244,192,0,0,5,81,128,0
1505,8,137,63,224,11,10,0,164,128,0
651,8,0,0,0,0,0,0,0,0,0
192,8,32,0,0,0,0,0,0,0,0
167,8,0,16,249,228,177,40,32,160,0
1031,8,64,1,95,240,20,0,189,160,0
60,8,0,0,4,0,45,0,0,0,0
996,8,0,208,0,0,133,0,0,0,0
870,8,128,157,200,2,1,71,206,56,0
1628,8,64,8,194,117,32,15,0,0,0
1408,8,0,0,0,3,188,8,0,0,0
519,8,4,4,96,72,42,222,149,24,0
1076,8,4,104,0,166,134,166,118,160,0
1760,8,1,169,1,168,1,162,1,162,0
1694,8,4,64,4,127,31,192,21,162,0
293,8,144,0,64,223,65,190,205,96,0
622,8,1,6,64,130,137,14,10,4,0
961,8,123,85,31,186,162,131,105,46,0
1176,8,135,255,191,252,10,128,121,13,0
1225,8,1,249,21,130,13,2,246,75,0
470,8,2,11,128,128,48,36,5,128,0
244,8,154,12,1,2,4,177,2,64,0
14,8,32,82,86,2,8,9,118,26,0
1399,8,0,0,8,0,0,0,1,80,0
117,8,15,50,0,15,174,30,224,0,0
208,8,26,119,12,96,21,1,227,0,0
51,8,0,7,200,0,12,192,7,208,0
560,8,247,0,0,2,236,0,16,0,0
263,8,0,0,0,0,0,0,0,0,0
186,8,6,168,122,132,16,0,6,40,0
1760,8,1,169,1,167,1,162,1,162,0
737,8,0,0,0,0,0,0,0,4,0
852,8,31,244,192,0,0,5,74,0,0
1505,8,137,63,224,11,10,0,168,128,0
354,8,0,8,2,163,234,17,244,206,0
167,8,0,16,249,228,193,40,32,160,0
58,8,0,0,0,0,0,29,8,0,0
293,8,144,0,64,223,65,190,175,96,0
953,8,32,4,114,0,0,0,92,66,0
1227,8,128,0,0,0,0,14,0,0,0
640,8,24,224,2,112,0,0,0,0,0
14,8,32,82,86,2,8,9,118,20,0
339,8,0,0,0,0,0,12,0,2,0
1634,8,78,224,0,0,64,0,0,0,0
412,8,8,166,32,10,2,0,40,176,0
208,8,34,119,12,96,20,1,227,0,0
51,8,0,7,192,0,13,0,7,208,0
628,8,0,242,36,250,80,124,134,45,0
192,8,32,0,0,0,0,0,0,0,0
541,8,0,0,0,0,0,1,0,0,0
1049,8,10,155,70,77,4,95,194,239,0
403,8,0,8,8,3,232,56,0,0,0
526,8,78,31,255,160,243,63,143,255,0
705,8,1,243,207,199,203,31,212,28,0
1314,8,223,127,208,0,123,72,0,28,0
870,8,128,93,200,2,1,71,206,56,0
852,8,31,244,192,0,0,5,74,0,0
1505,8,137,63,224,11,10,0,164,128,0
651,8,0,0,0,0,0,0,0,0,0
1408,8,0,0,0,3,180,136,0,0,0
1076,8,0,0,0,166,166,182,134,176,0
1760,8,1,171,1,167,1,163,1,162,0
167,8,0,16,250,228,193,40,32,160,0
1459,8,4,0,0,0,0,0,4,0,0
61,8,0,0,12,0,0,0,0,0,0
1176,8,135,255,191,252,10,128,120,206,0
1262,8,160,0,13,8,240,76,64,8,0
560,8,246,0,0,2,236,0,18,0,0
1694,8,4,64,4,127,31,192,21,162,0
293,8,144,0,64,223,65,190,145,96,0
14,8,32,82,86,2,8,9,118,14,0
661,8,0,0,0,0,0,0,8,64,0
208,8,42,119,12,96,20,1,226,0,0
51,8,0,7,184,0,13,64,7,208,0
263,8,0,0,0,0,0,0,0,0,0
1760,8,1,172,1,167,1,163,1,163,0
961,8,123,85,31,186,225,195,233,46,0
737,8,0,0,0,0,0,0,0,4,0
852,8,31,244,192,0,0,5,59,0,0
1505,8,137,63,224,11,10,0,164,128,0
354,8,0,8,2,163,234,17,244,206,0
167,8,0,16,251,100,177,40,32,160,0
1372,8,16,27,0,0,66,132,48,0,0
1693,8,128,141,207,176,79,193,252,177,0
293,8,144,0,64,223,65,190,115,96,0
14,8,32,82,86,2,8,9,118,14,0
339,8,0,0,0,0,0,12,0,2,0
1634,8,78,224,0,0,64,0,0,0,0
412,8,12,162,32,10,2,0,40,176,0
208,8,50,119,12,96,19,1,226,0,0
51,8,0,7,176,0,13,128,7,208,0
628,8,0,242,38,248,80,124,134,45,0
192,8,32,0,0,0,0,0,0,0,0
692,8,20,233,160,0,0,0,88,0,0
813,8,128,0,4,32,172,1,0,32,0
1277,8,17,86,10,77,115,16,202,136,0
403,8,0,8,8,3,232,56,0,0,0
526,8,78,32,3,160,242,191,143,255,0
1314,8,223,127,208,0,122,208,0,28,0
870,8,128,93,200,2,1,71,206,56,0
852,8,31,244,192,0,0,5,44,0,0
1505,8,137,63,224,11,10,0,168,128,0
651,8,0,0,0,0,0,0,0,0,0
1408,8,0,0,0,3,173,8,0,0,0
1076,8,0,32,0,166,182,214,166,208,0
1760,8,1,172,1,167,1,163,1,163,0
167,8,0,16,249,228,177,40,32,160,0
458,8,63,249,255,128,0,0,12,72,0
1176,8,135,255,191,252,9,128,120,207,0
1512,8,0,0,2,4,0,57,176,0,0
560,8,245,0,0,2,236,0,20,0,0
1694,8,4,64,4,127,31,192,21,162,0
293,8,144,0,64,223,65,190,85,96,0
14,8,32,82,86,2,8,9,118,26,0
208,8,58,119,12,96,18,1,226,0,0
51,8,0,7,168,0,13,192,7,208,0
1399,8,0,0,8,0,0,0,1,80,0
263,8,0,0,0,0,0,0,0,0,0
186,8,6,168,122,132,16,0,6,40,0
1760,8,1,172,1,170,1,164,1,163,0
737,8,0,0,0,0,0,0,0,4,0
852,8,31,244,192,0,0,5,44,0,0
1505,8,137,63,224,11,10,0,168,128,0
354,8,0,8,2,163,234,17,244,206,0
167,8,0,16,249,228,177,40,32,160,0
675,8,0,0,0,132,16,128,69,16,0
293,8,144,0,64,223,65,190,55,96,0
961,8,123,85,31,187,96,132,169,46,0
14,8,32,82,86,2,8,9,118,20,0
339,8,0,0,0,0,0,12,0,2,0
661,8,0,0,0,0,0,0,8,64,0
1634,8,78,224,0,0,64,0,0,0,0
412,8,16,158,32,10,2,0,40,176,0
208,8,66,119,12,96,17,1,226,0,0
51,8,0,7,160,0,14,0,7,208,0
628,8,0,242,40,246,80,124,134,45,0
192,8,32,0,0,0,0,0,0,0,0
403,8,0,8,8,3,232,56,0,0,0
526,8,78,32,3,160,243,63,175,247,0
1314,8,223,127,208,0,122,88,0,28,0
870,8,128,93,200,2,1,71,206,56,0
1408,8,0,0,0,3,165,136,0,0,0
852,8,31,244,192,0,0,5,36,128,0
1505,8,137,63,224,11,10,0,164,128,0
651,8,0,0,0,0,0,0,0,0,0
1076,8,0,86,128,166,214,230,214,224,0
1760,8,1,172,1,169,1,164,1,163,0
1788,8,0,0,7,97,114,181,128,0,0
167,8,0,16,251,228,193,40,32,160,0
569,8,0,0,0,109,128,0,68,32,0
1176,8,135,255,191,252,23,128,121,0,0
560,8,244,0,0,2,236,0,22,0,0
1694,8,4,64,4,126,31,192,21,162,0
293,8,144,0,64,223,65,190,25,96,0
14,8,32,82,86,2,8,9,118,20,0
208,8,74,119,12,96,15,1,227,0,0
51,8,0,7,152,0,14,64,7,208,0
215,8,0,0,2,0,128,0,0,0,0
263,8,0,0,0,0,0,0,0,0,0
1760,8,1,171,1,169,1,165,1,164,0
737,8,0,0,0,0,0,0,0,4,0
852,8,31,244,192,0,0,5,21,128,0
1505,8,137,63,224,11,10,0,164,128,0
354,8,0,8,2,163,234,17,244,206,0
167,8,0,16,250,228,177,40,32,160,0
1175,8,0,0,0,0,0,0,0,0,0
293,8,144,0,64,223,65,189,251,96,0
14,8,32,82,86,2,8,9,118,20,0
738,8,24,8,13,64,64,0,1,24,0
837,8,5,2,2,194,60,119,64,129,0
1072,8,0,47,68,139,210,128,17,160,0
339,8,0,0,0,0,0,12,0,2,0
1634,8,78,224,0,0,64,0,0,0,0
412,8,20,154,32,10,2,0,40,176,0
208,8,82,119,12,96,14,1,227,0,0
51,8,0,7,144,0,14,128,7,208,0
628,8,0,242,42,244,80,124,134,45,0
192,8,32,0,0,0,0,0,0,0,0
304,8,0,1,80,0,0,0,0,0,0
403,8,0,8,8,3,232,56,0,0,0
526,8,78,32,3,160,243,191,143,255,0
961,8,123,85,31,187,96,5,41,46,0
1314,8,223,127,208,0,121,224,0,28,0
870,8,128,93,200,2,1,71,206,56,0
1408,8,0,0,0,3,158,8,0,0,0
852,8,31,244,192,0,0,5,21,128,0
1505,8,137,63,224,11,10,0,168,128,0
651,8,0,0,0,0,0,0,0,0,0
1076,8,0,119,128,166,246,246,231,16,0
1760,8,1,172,1,168,1,165,1,165,0
167,8,0,16,249,100,177,40,32,160,0
722,8,0,0,16,0,0,0,0,0,0
1176,8,135,255,191,252,21,128,121,65,0
1124,8,0,2,64,0,0,144,30,80,0
560,8,243,0,0,2,228,0,24,0,0
1694,8,4,64,4,127,31,192,21,162,0
293,8,144,0,64,223,65,189,221,96,0
14,8,32,82,86,2,8,9,118,26,0
661,8,0,0,0,0,0,0,8,64,0
208,8,90,119,12,96,12,1,228,0,0
51,8,0,7,136,0,14,192,7,208,0
263,8,0,0,0,0,0,0,0,0,0
186,8,6,168,122,132,16,0,6,40,0
1307,8,40,66,169,202,58,145,137,65,0
813,8,128,0,4,32,172,1,0,32,0
1277,8,17,87,10,77,117,16,202,136,0
1760,8,1,172,1,168,1,166,1,165,0
737,8,0,0,0,0,0,0,0,4,0
852,8,31,244,192,0,0,5,14,0,0
1505,8,137,63,224,11,10,0,164,128,0
354,8,0,8,2,163,234,17,244,206,0
167,8,0,16,249,100,193,40,32,160,0
1413,8,0,64,0,0,0,2,0,24,0
1644,8,0,0,0,0,24,0,0,0,0
1560,8,251,125,190,255,247,119,191,221,0
293,8,144,0,64,223,65,189,191,96,0
14,8,32,82,86,2,8,9,118,20,0
1255,8,0,0,0,20,3,102,0,0,0
339,8,0,0,0,0,0,12,0,2,0
1634,8,78,224,0,0,64,0,0,0,0
1668,8,76,213,128,25,65,84,16,30,0
1590,8,36,156,0,0,240,1,192,0,0
727,8,16,0,96,216,0,0,0,8,0
412,8,24,150,32,10,2,0,40,176,0
208,8,98,119,12,96,11,1,228,0,0
403,8,0,8,8,3,232,56,0,0,0
526,8,78,32,3,160,243,191,143,255,0
1314,8,223,127,208,0,121,104,0,28,0
51,8,0,7,128,0,15,0,7,208,0
628,8,0,242,44,242,80,124,134,45,0
192,8,32,0,0,0,0,0,0,0,0
852,8,31,244,192,0,0,5,14,0,0
1505,8,137,63,224,11,10,0,160,128,0
651,8,0,0,0,0,0,0,0,0,0
167,8,0,16,251,228,193,40,32,160,0
1031,8,64,1,95,240,20,0,189,160,0
60,8,0,0,4,0,48,0,0,0,0
996,8,0,208,0,0,133,0,0,0,0
870,8,128,93,200,2,1,71,206,56,0
1628,8,64,8,194,117,32,15,0,0,0
1408,8,0,0,0,3,150,136,0,0,0
519,8,4,4,96,72,42,222,149,24,0
1076,8,0,136,224,167,23,38,247,32,0
1760,8,1,176,1,169,1,166,1,166,0
1694,8,4,64,4,127,31,192,21,162,0
293,8,144,0,64,223,65,191,129,96,0
622,8,1,6,64,130,137,14,10,4,0
961,8,123,85,31,187,31,133,233,46,0
1176,8,135,255,191,252,19,128,121,130,0
1225,8,1,249,21,130,13,3,246,75,0
470,8,2,143,194,128,52,116,5,144,0
1399,8,0,0,8,0,0,0,1,80,0
560,8,242,0,0,2,228,0,26,0,0
244,8,154,12,1,2,4,177,2,64,0
14,8,32,82,86,2,8,9,118,20,0
208,8,106,119,12,96,9,1,229,0,0
51,8,0,7,120,0,15,64,7,208,0
263,8,0,0,0,0,0,0,0,0,0
1760,8,1,176,1,170,1,166,1,166,0
737,8,0,0,0,0,0,0,0,4,0
852,8,31,244,192,0,0,4,255,0,0
1505,8,137,63,224,11,10,0,164,128,0
354,8,0,8,2,147,234,17,244,206,0
167,8,0,16,250,228,177,40,32,160,0
293,8,144,0,64,223,65,191,99,96,0
14,8,32,82,86,2,8,9,118,20,0
339,8,0,0,0,0,0,12,0,2,0
661,8,0,0,0,0,0,0,8,64,0
1634,8,78,224,0,0,64,0,0,0,0
412,8,28,146,32,10,2,0,40,176,0
208,8,114,119,12,96,8,1,229,0,0
51,8,0,7,112,0,15,128,7,208,0
628,8,0,242,46,240,80,124,134,45,0
192,8,32,0,0,0,0,0,0,0,0
403,8,0,8,8,3,232,56,0,0,0
526,8,78,32,3,160,244,63,175,247,0
1314,8,223,127,208,0,120,240,0,28,0
426,8,144,190,189,68,161,99,230,64,0
870,8,128,93,200,2,1,71,206,56,0
1408,8,0,0,0,3,143,8,0,0,0
852,8,31,244,192,0,0,5,104,0,0
1505,8,137,63,224,11,10,0,164,128,0
651,8,0,0,0,0,0,0,0,0,0
1076,8,0,168,224,167,39,71,23,64,0
1760,8,1,175,1,170,1,167,1,167,0
167,8,0,16,249,228,177,40,32,160,0
1459,8,4,0,0,0,0,0,4,0,0
61,8,0,0,12,128,0,0,0,0,0
1176,8,135,255,191,252,17,128,121,195,0
560,8,241,0,0,2,228,0,28,0,0
1694,8,4,64,4,127,31,192,21,162,0
293,8,144,0,64,223,65,191,69,96,0
705,8,1,243,207,199,201,159,196,50,0
14,8,32,82,86,2,8,9,118,26,0
208,8,122,119,12,96,6,1,230,0,0
51,8,0,7,104,0,15,192,7,208,0
263,8,0,0,0,0,0,0,0,0,0
186,8,6,168,122,68,16,0,6,40,0
1760,8,1,173,1,170,1,167,1,167,0
961,8,123,85,31,187,94,198,105,46,0
737,8,0,0,0,0,0,0,0,4,0
852,8,31,244,192,0,0,5,104,0,0
1505,8,137,63,224,11,10,0,160,128,0
354,8,0,8,2,147,234,17,244,206,0
167,8,0,16,249,228,177,40,32,160,0
293,8,144,0,64,223,65,191,39,96,0
14,8,32,82,86,2,8,9,118,8,0
339,8,0,0,0,0,0,12,0,2,0
1634,8,78,224,0,0,64,0,0,0,0
412,8,0,174,32,10,2,0,40,176,0
208,8,2,119,12,96,21,1,230,0,0
51,8,0,7,224,0,12,0,7,208,0
628,8,0,242,32,254,80,124,134,45,0
192,8,32,0,0,0,0,0,0,0,0
778,8,64,45,80,1,211,64,50,0,0
692,8,20,233,160,0,0,0,88,0,0
452,8,1,112,2,0,40,7,190,2,0
403,8,0,8,8,3,232,56,0,0,0
526,8,78,32,3,160,244,191,143,255,0
676,8,54,220,0,28,4,8,152,208,0
1314,8,223,127,208,0,120,120,0,28,0
870,8,128,93,200,2,1,71,206,56,0
852,8,31,244,192,0,0,5,96,128,0
1505,8,137,63,224,11,10,0,156,128,0
651,8,0,0,0,0,0,0,0,0,0
1408,8,0,0,0,3,135,136,0,0,0
1076,8,0,199,32,167,71,87,39,80,0
1760,8,1,173,1,170,1,168,1,167,0
167,8,0,16,250,228,177,40,32,160,0
458,8,63,249,255,128,0,0,12,72,0
1176,8,135,255,191,252,15,128,122,4,0
813,8,128,0,4,32,172,1,0,32,0
1277,8,17,85,10,77,113,16,74,136,0
560,8,240,0,0,2,228,0,30,0,0
1694,8,4,64,4,127,31,192,21,162,0
293,8,144,0,64,223,65,191,9,96,0
14,8,32,82,86,2,8,9,118,14,0
661,8,0,0,0,0,0,0,8,64,0
208,8,10,119,12,96,19,1,231,0,0
51,8,0,7,216,0,12,64,7,208,0
1399,8,0,0,8,0,0,0,1,80,0
263,8,0,0,0,0,0,0,0,0,0
1760,8,1,174,1,169,1,168,1,168,0
737,8,0,0,0,0,0,0,0,4,0
852,8,31,244,192,0,0,5,81,128,0
1505,8,137,63,224,11,10,0,164,128,0
354,8,0,8,2,147,234,17,244,206,0
167,8,0,16,250,228,177,40,32,160,0
675,8,0,0,0,132,16,128,69,144,0
293,8,144,0,64,223,65,190,235,96,0
961,8,123,85,31,187,30,71,41,46,0
14,8,32,82,86,2,8,9,118,26,0
339,8,0,0,0,0,0,12,0,2,0
1634,8,78,224,0,0,64,0,0,0,0
412,8,4,170,32,10,2,0,40,176,0
208,8,18,119,12,96,18,1,231,0,0
51,8,0,7,208,0,12,128,7,208,0
628,8,0,242,34,252,80,124,134,45,0
192,8,32,0,0,0,0,0,0,0,0
403,8,0,8,8,3,232,56,0,0,0
526,8,78,32,3,160,244,191,79,247,0
1314,8,223,127,208,0,127,128,0,28,0
870,8,128,93,200,2,1,71,206,56,0
852,8,31,244,192,0,0,5,81,128,0
1505,8,137,63,224,11,10,0,164,128,0
651,8,0,0,0,0,0,0,0,0,0
1408,8,0,0,0,3,248,8,0,0,0
1076,8,0,231,0,167,87,119,87,112,0
1760,8,1,174,1,169,1,168,1,168,0
1788,8,0,0,7,97,178,181,128,0,0
167,8,0,16,249,228,193,40,32,160,0
569,8,0,0,0,109,64,0,68,32,0
1176,8,135,255,191,252,13,128,122,69,0
560,8,255,0,0,2,228,0,0,0,0
1694,8,4,64,4,127,31,192,21,162,0
293,8,144,0,64,223,65,190,205,96,0
14,8,32,82,86,2,8,9,118,26,0
208,8,26,119,12,96,16,1,232,0,0
51,8,0,7,200,0,12,192,7,208,0
215,8,0,0,2,0,128,0,0,0,0
263,8,0,0,0,0,0,0,0,0,0
186,8,6,168,122,68,16,0,6,40,0
1760,8,1,174,1,169,1,170,1,169,0
737,8,0,0,0,0,0,0,0,4,0
852,8,31,244,128,0,0,5,82,0,0
1505,8,137,63,224,11,10,0,156,128,0
354,8,0,8,2,147,234,17,244,206,0
167,8,0,16,250,228,193,40,32,160,0
1175,8,0,0,0,0,0,0,0,0,0
293,8,144,0,64,223,65,190,175,96,0
14,8,32,82,86,2,8,9,118,14,0
738,8,24,8,13,64,64,0,1,24,0
837,8,5,2,2,194,60,119,64,129,0
1072,8,0,47,68,139,210,128,17,160,0
339,8,0,0,0,0,0,12,0,2,0
661,8,0,0,0,0,0,0,8,64,0
1634,8,78,224,0,0,64,0,0,0,0
412,8,8,166,32,10,2,0,40,176,0
208,8,34,119,12,96,15,1,232,0,0
51,8,0,7,192,0,13,0,7,208,0
628,8,0,242,36,250,80,124,134,45,0
192,8,32,0,0,0,0,0,0,0,0
304,8,0,1,80,0,0,0,0,0,0
403,8,0,8,8,3,232,56,0,0,0
526,8,78,32,3,160,245,63,111,255,0
961,8,123,85,31,186,222,7,169,46,0
1314,8,223,127,208,0,127,8,0,28,0
870,8,128,93,200,2,1,71,206,56,0
1408,8,0,0,0,3,240,136,0,0,0
852,8,31,244,128,0,0,5,82,0,0
1505,8,137,63,224,11,10,0,160,128,0
651,8,0,0,0,0,0,0,0,0,0
1076,8,1,5,160,167,135,135,119,160,0
1760,8,1,175,1,173,1,170,1,170,0
167,8,0,16,250,228,193,40,32,160,0
722,8,0,0,24,0,0,0,0,0,0
1372,8,16,27,0,0,66,132,48,0,0
1176,8,135,255,191,252,11,128,122,134,0
1124,8,0,2,64,0,0,144,29,81,0
560,8,254,0,0,2,228,0,2,0,0
1694,8,4,64,4,127,31,192,21,162,0
293,8,144,0,64,223,65,190,145,96,0
14,8,32,82,86,2,8,9,118,20,0
208,8,42,119,12,96,13,1,233,0,0
51,8,0,7,184,0,13,64,7,208,0
1277,8,17,77,10,77,103,14,202,136,0
263,8,0,0,0,0,0,0,0,0,0
813,8,128,0,4,32,172,1,0,32,0
1760,8,1,175,1,173,1,170,1,170,0
737,8,0,0,0,0,0,0,0,4,0
852,8,31,244,128,0,0,5,67,0,0
1505,8,137,63,224,11,10,0,164,128,0
354,8,0,8,2,147,234,17,244,206,0
167,8,0,16,250,100,177,40,32,160,0
1413,8,0,64,0,0,0,2,0,24,0
1644,8,0,0,0,0,32,0,0,0,0
293,8,144,0,64,223,65,190,115,96,0
14,8,32,82,86,2,8,9,118,26,0
1255,8,0,0,0,20,3,102,0,0,0
339,8,0,0,0,0,0,12,0,2,0
1634,8,78,224,0,0,64,0,0,0,0
1668,8,76,213,128,25,65,84,16,30,0
1590,8,36,156,0,0,240,1,208,0,0
727,8,16,0,96,216,0,0,0,8,0
412,8,12,166,32,9,130,0,40,176,0
208,8,50,119,12,96,12,1,233,0,0
403,8,0,8,8,3,232,56,0,0,0
526,8,78,32,3,160,245,191,143,255,0
1314,8,223,127,208,0,126,144,0,28,0
51,8,0,7,176,0,13,128,7,208,0
628,8,0,242,38,248,80,124,134,41,0
192,8,32,0,0,0,0,0,0,0,0
852,8,31,244,128,0,0,5,52,0,0
1505,8,137,63,224,11,10,0,160,128,0
651,8,0,0,0,0,0,0,0,0,0
167,8,0,16,250,228,177,40,32,160,0
1031,8,64,1,95,240,20,0,189,160,0
60,8,0,0,4,0,60,0,0,0,0
996,8,0,208,0,0,133,0,0,0,0
870,8,128,93,200,2,1,71,206,56,0
1628,8,64,8,194,117,32,15,0,0,0
1408,8,0,0,0,3,233,8,0,0,0
519,8,4,4,96,72,42,222,149,24,0
1076,8,1,38,32,167,167,183,135,176,0
1760,8,1,171,1,170,1,172,1,171,0
1694,8,4,64,4,127,31,192,21,162,0
293,8,144,0,64,223,65,190,85,96,0
1176,8,135,255,191,252,7,128,123,71,0
961,8,123,85,31,186,157,136,105,46,0
1225,8,1,249,21,130,13,2,246,75,0
470,8,2,11,128,128,48,36,5,128,0
1399,8,0,0,8,0,0,0,1,80,0
560,8,253,0,0,2,228,0,4,0,0
14,8,32,82,86,2,8,9,118,20,0
244,8,154,12,1,2,4,177,2,64,0
622,8,1,6,64,130,137,14,10,4,0
661,8,0,0,0,0,0,0,8,64,0
208,8,58,119,12,96,8,1,236,0,0
51,8,0,7,168,0,13,192,7,208,0
263,8,0,0,0,0,0,0,0,0,0
186,8,6,168,122,4,16,0,6,40,0
37,8,0,0,2,136,64,62,34,1,0
1760,8,1,171,1,170,1,172,1,171,0
737,8,0,0,0,0,0,0,0,4,0
852,8,31,244,128,0,0,5,52,0,0
1505,8,137,63,224,11,10,0,156,128,0
354,8,0,8,2,147,234,17,244,206,0
167,8,0,16,250,100,177,40,32,160,0
293,8,144,0,64,223,65,190,55,96,0
1227,8,128,0,0,0,0,14,0,0,0
640,8,24,224,2,112,0,0,0,0,0
14,8,32,82,86,2,8,9,118,20,0
339,8,0,0,0,0,0,12,0,2,0
1634,8,78,224,0,0,64,0,0,0,0
412,8,16,162,32,9,130,0,40,176,0
208,8,66,119,12,96,7,1,236,0,0
51,8,0,7,160,0,14,0,7,208,0
628,8,0,242,40,246,80,124,134,41,0
192,8,32,0,0,0,0,0,0,0,0
6,8,8,0,0,100,0,0,0,0,0
403,8,0,8,8,3,232,56,0,0,0
526,8,78,31,255,160,246,63,143,247,0
1459,8,4,0,0,0,0,0,4,0,0
1314,8,223,127,208,0,126,24,0,28,0
870,8,128,93,200,2,1,71,206,56,0
852,8,31,244,128,0,0,5,44,128,0
1505,8,137,63,224,11,10,0,160,128,0
651,8,0,0,0,0,0,0,0,0,0
1408,8,0,0,0,3,225,136,0,0,0
1076,8,1,70,128,167,183,199,167,192,0
1760,8,1,170,1,170,1,172,1,172,0
167,8,0,16,249,228,193,40,32,160,0
61,8,0,0,12,128,0,0,0,0,0
1176,8,135,255,191,252,5,128,123,136,0
560,8,252,0,0,2,228,0,6,0,0
1694,8,4,64,4,127,31,192,21,162,0
293,8,144,0,64,223,65,190,25,96,0
14,8,32,82,86,2,8,9,118,8,0
208,8,74,119,12,96,5,1,237,0,0
51,8,0,7,152,0,14,64,7,208,0
263,8,0,0,0,0,0,0,0,0,0
1760,8,1,176,1,171,1,172,1,173,0
961,8,123,85,31,186,157,8,233,46,0
705,8,1,243,143,199,201,159,180,70,0
737,8,0,0,0,0,0,0,0,4,0
852,8,31,244,128,0,0,5,29,128,0
1505,8,137,63,224,11,10,0,160,128,0
354,8,0,8,2,147,234,17,244,206,0
167,8,0,16,250,100,177,40,32,160,0
293,8,144,0,64,223,65,189,251,96,0
14,8,32,82,86,2,8,9,118,20,0
339,8,0,0,0,0,0,12,0,2,0
661,8,0,0,0,0,0,0,8,64,0
1634,8,78,224,0,0,64,0,0,0,0
412,8,20,158,32,9,130,0,40,176,0
208,8,82,119,12,96,4,1,237,0,0
51,8,0,7,144,0,14,128,7,208,0
628,8,0,242,42,244,80,124,134,41,0
192,8,32,0,0,0,0,0,0,0,0
778,8,64,45,80,1,211,66,50,0,0
403,8,0,8,8,3,232,56,0,0,0
526,8,78,31,255,160,245,191,143,255,0
1314,8,223,127,208,0,125,160,0,28,0
692,8,20,233,160,0,0,0,88,0,0
870,8,128,93,200,2,1,71,206,56,0
1408,8,0,0,0,3,218,8,0,0,0
852,8,31,244,128,0,0,5,29,128,0
1505,8,137,63,224,11,10,0,160,128,0
651,8,0,0,0,0,0,0,0,0,0
1076,8,1,104,96,167,199,231,183,224,0
1760,8,1,176,1,171,1,172,1,173,0
167,8,0,16,251,100,177,40,32,160,0
458,8,63,249,255,128,0,0,12,72,0
1176,8,135,255,191,252,3,128,123,201,0
813,8,128,0,4,32,172,1,0,32,0
1277,8,17,86,10,77,115,16,202,136,0
560,8,251,0,0,2,228,0,8,0,0
1694,8,4,64,4,127,31,192,21,162,0
293,8,144,0,64,223,65,189,221,96,0
14,8,32,82,86,2,8,9,118,26,0
208,8,90,119,12,96,2,1,238,0,0
51,8,0,7,136,0,14,192,7,208,0
1399,8,0,0,8,0,0,0,1,80,0
263,8,0,0,0,0,0,0,0,0,0
186,8,6,168,122,4,16,0,6,40,0
1760,8,1,174,1,168,1,174,1,173,0
737,8,0,0,0,0,0,0,0,4,0
852,8,31,244,128,0,0,5,22,0,0
1505,8,137,63,224,11,10,0,164,128,0
354,8,0,8,2,147,234,17,244,206,0
167,8,0,16,249,228,177,40,32,160,0
675,8,0,0,0,132,16,128,68,16,0
293,8,144,0,64,223,65,189,191,96,0
961,8,123,85,31,186,156,73,169,46,0
14,8,32,82,86,2,8,9,118,20,0
339,8,0,0,0,0,0,12,0,2,0
1634,8,78,224,0,0,64,0,0,0,0
412,8,24,154,32,9,130,0,40,176,0
208,8,98,119,12,96,1,1,238,0,0
51,8,0,7,128,0,15,0,7,208,0
628,8,0,242,44,242,80,124,134,41,0
192,8,32,0,0,0,0,0,0,0,0
403,8,0,8,8,3,232,56,0,0,0
526,8,78,31,255,160,246,191,79,255,0
1314,8,223,127,208,0,125,40,0,28,0
870,8,128,93,200,2,1,71,206,56,0
1408,8,0,0,0,3,210,136,0,0,0
852,8,31,244,128,0,0,5,22,0,0
1505,8,137,63,224,11,10,0,164,128,0
651,8,0,0,0,0,0,0,0,0,0
1076,8,1,134,192,167,231,247,231,240,0
1760,8,1,174,1,169,1,174,1,173,0
1788,8,0,0,7,96,242,181,120,0,0
167,8,0,16,249,100,177,40,32,160,0
569,8,0,0,0,108,192,0,68,32,0
1176,8,135,255,191,252,1,128,124,10,0
560,8,250,0,0,2,228,0,10,0,0
1694,8,4,64,4,127,31,192,21,162,0
293,8,144,0,64,223,65,191,129,96,0
14,8,32,82,86,2,8,9,118,20,0
661,8,0,0,0,0,0,0,8,64,0
208,8,106,119,12,96,255,1,239,0,0
51,8,0,7,120,0,15,64,7,208,0
215,8,0,0,2,0,128,0,0,0,0
263,8,0,0,0,0,0,0,0,0,0
692,8,20,233,161,0,0,0,88,0,0
1760,8,1,172,1,169,1,175,1,174,0
737,8,0,0,0,0,0,0,0,4,0
852,8,31,244,128,0,0,5,7,0,0
1505,8,137,63,224,11,10,0,160,128,0
354,8,0,8,2,147,234,17,244,206,0
167,8,0,16,250,228,177,40,32,160,0
1175,8,0,0,0,0,0,0,0,0,0
293,8,144,0,64,223,65,191,99,96,0
14,8,32,82,86,2,8,9,118,8,0
738,8,24,8,13,64,64,0,1,24,0
837,8,5,2,2,194,60,119,64,129,0
1072,8,0,47,68,139,210,128,17,160,0
339,8,0,0,0,0,0,12,0,2,0
1634,8,78,224,0,0,64,0,0,0,0
412,8,28,150,32,9,130,0,40,176,0
208,8,114,119,12,96,254,1,239,0,0
51,8,0,7,112,0,15,128,7,208,0
628,8,0,242,46,240,80,124,134,41,0
192,8,32,0,0,0,0,0,0,0,0
304,8,0,1,80,0,0,0,0,0,0
403,8,0,8,8,3,232,56,0,0,0
961,8,123,85,31,186,219,138,41,46,0
526,8,78,32,3,160,246,191,79,247,0
1314,8,223,127,208,0,124,176,0,28,0
870,8,128,93,200,2,1,71,206,56,0
1408,8,0,0,0,3,203,8,0,0,0
852,8,31,244,128,0,0,5,112,0,0
1505,8,137,63,224,11,10,0,160,128,0
651,8,0,0,0,0,0,0,0,0,0
1076,8,1,166,0,168,24,23,248,32,0
1760,8,1,174,1,171,1,175,1,174,0
167,8,0,16,251,100,177,40,32,160,0
722,8,0,0,32,0,0,0,0,0,0
1176,8,135,255,191,252,255,128,124,75,0
1124,8,0,2,64,0,0,144,28,82,0
560,8,249,0,0,2,228,0,12,0,0
1694,8,4,64,4,127,31,192,21,162,0
293,8,144,0,64,223,65,191,69,96,0
14,8,32,82,86,2,8,9,118,26,0
208,8,122,119,12,96,252,1,240,0,0
51,8,0,7,104,0,15,192,7,208,0
263,8,0,0,0,0,0,0,0,0,0
186,8,6,168,122,4,16,0,6,40,0
1307,8,40,177,129,177,137,199,248,193,0
813,8,128,0,4,32,172,1,0,32,0
1277,8,17,86,10,77,115,16,202,136,0
1760,8,1,174,1,171,1,175,1,174,0
737,8,0,0,0,0,0,0,0,4,0
852,8,31,244,128,0,0,5,112,0,0
1505,8,137,63,224,11,10,0,164,128,0
354,8,0,8,2,147,234,17,244,206,0
167,8,0,16,249,228,177,40,32,160,0
1413,8,0,64,0,0,0,2,0,24,0
1644,8,0,0,0,0,24,0,0,0,0
293,8,144,0,64,223,65,191,39,96,0
14,8,32,82,86,2,8,9,118,38,0
1255,8,0,0,0,20,3,102,0,0,0
339,8,0,0,0,0,0,12,0,2,0
661,8,0,0,0,0,0,0,8,64,0
1634,8,78,224,0,0,64,0,0,0,0
1668,8,76,213,128,25,65,84,16,30,0
1590,8,36,156,0,0,240,1,208,0,0
727,8,16,0,96,216,0,0,0,8,0
412,8,0,178,32,9,130,0,40,176,0
403,8,0,8,8,3,232,56,0,0,0
526,8,78,31,255,160,246,191,79,255,0
208,8,2,119,12,96,11,1,240,0,0
1314,8,223,127,208,0,124,56,0,28,0
51,8,0,7,224,0,12,0,7,208,0
628,8,0,242,32,254,80,124,134,41,0
852,8,31,244,128,0,0,5,104,128,0
1505,8,137,63,224,11,10,0,164,128,0
651,8,0,0,0,0,0,0,0,0,0
192,8,32,0,0,0,0,0,0,0,0
167,8,0,16,249,100,177,40,32,160,0
1031,8,64,1,95,240,20,0,189,160,0
60,8,0,0,4,0,43,0,0,0,0
996,8,0,208,0,0,133,0,0,0,0
870,8,128,93,200,2,1,71,206,56,0
1628,8,64,8,194,117,32,15,0,0,0
1408,8,0,0,0,3,195,136,0,0,0
519,8,4,4,224,88,42,222,149,24,0
1076,8,1,198,64,168,40,72,24,64,0
1694,8,4,64,4,127,31,192,21,130,0
293,8,144,0,64,223,65,191,9,96,0
1760,8,1,174,1,171,1,176,1,174,0
961,8,123,85,31,186,218,202,233,46,0
622,8,1,6,64,130,137,14,10,4,0
1176,8,135,255,191,252,254,128,124,76,0
1225,8,1,249,21,130,13,2,246,75,0
470,8,2,15,130,128,48,36,5,128,0
1399,8,0,0,8,0,0,0,1,80,0
560,8,248,0,0,2,228,0,14,0,0
14,8,32,82,86,2,8,9,118,50,0
244,8,154,12,1,2,4,177,2,64,0
208,8,10,119,12,96,10,1,240,0,0
51,8,0,7,216,0,12,64,7,208,0
263,8,0,0,0,0,0,0,0,0,0
1760,8,1,174,1,170,1,176,1,174,0
737,8,0,0,0,0,0,0,0,4,0
852,8,31,244,128,0,0,5,89,128,0
1505,8,137,63,224,11,10,0,160,128,0
354,8,0,8,2,147,234,17,244,206,0
167,8,0,16,251,100,177,40,32,160,0
293,8,144,0,64,223,65,190,235,96,0
14,8,32,82,86,2,8,9,118,38,0
339,8,0,0,0,0,0,12,0,2,0
1634,8,78,224,0,0,64,0,0,0,0
412,8,4,174,32,9,130,0,40,176,0
208,8,18,119,12,96,9,1,240,0,0
51,8,0,7,208,0,12,128,7,208,0
628,8,0,242,34,252,80,124,134,41,0
192,8,32,0,0,0,0,0,0,0,0
1398,8,127,248,0,0,63,252,31,192,0
403,8,0,8,8,3,232,56,0,0,0
526,8,78,32,3,160,247,63,47,247,0
1459,8,4,0,0,0,0,0,4,0,0
1314,8,223,127,208,0,123,192,0,28,0
852,8,31,244,128,0,0,5,89,128,0
1505,8,137,63,224,11,10,0,160,128,0
651,8,0,0,0,0,0,0,0,0,0
870,8,128,93,200,2,1,71,206,56,0
1408,8,0,0,0,3,188,8,0,0,0
1076,8,1,229,160,168,72,88,40,80,0
1760,8,1,172,1,170,1,176,1,175,0
167,8,0,16,250,228,193,40,32,160,0
61,8,0,0,12,128,0,0,0,0,0
695,8,0,32,40,64,0,0,128,64,0
1176,8,135,255,191,252,252,128,124,141,0
560,8,247,0,0,2,228,0,16,0,0
1694,8,4,64,4,127,31,192,21,130,0
293,8,144,0,64,223,65,190,205,96,0
14,8,32,82,86,2,8,9,118,32,0
661,8,0,0,0,0,0,0,8,64,0
208,8,26,119,12,96,7,1,241,0,0
51,8,0,7,200,0,12,192,7,208,0
263,8,0,0,0,0,0,0,0,0,0
186,8,6,168,121,196,16,0,6,40,0
1760,8,1,172,1,170,1,176,1,175,0
961,8,123,85,31,187,217,75,105,46,0
737,8,0,0,0,0,0,0,0,4,0
852,8,31,244,128,0,0,5,82,0,0
1505,8,137,63,224,11,10,0,164,128,0
354,8,0,8,2,147,234,17,244,206,0
167,8,0,16,249,228,193,40,32,160,0
1372,8,16,27,0,0,66,132,48,0,0
293,8,144,0,64,223,65,190,175,96,0
705,8,1,243,47,199,198,159,176,92,0
14,8,32,82,86,2,8,9,118,32,0
339,8,0,0,0,0,0,12,0,2,0
1634,8,78,224,0,0,64,0,0,0,0
412,8,8,170,32,9,130,0,40,176,0
208,8,34,119,12,96,6,1,241,0,0
51,8,0,7,192,0,13,0,7,208,0
628,8,0,242,36,250,80,124,134,41,0
192,8,32,0,0,0,0,0,0,0,0
692,8,20,233,161,0,0,0,88,0,0
813,8,128,0,4,32,172,1,0,32,0
1277,8,17,92,10,76,123,17,202,136,0
403,8,0,8,8,3,232,56,0,0,0
526,8,78,32,3,160,247,63,111,231,0
1314,8,223,127,208,0,123,72,0,28,0
870,8,128,93,200,2,1,71,206,56,0
1408,8,0,0,0,3,180,136,0,0,0
852,8,31,244,128,0,0,5,82,0,0
1505,8,137,63,224,11,10,0,160,128,0
651,8,0,0,0,0,0,0,0,0,0
1076,8,2,8,32,168,88,104,72,96,0
1760,8,1,172,1,170,1,176,1,175,0
167,8,0,16,250,100,177,40,32,160,0
458,8,63,249,255,128,0,0,12,72,0
1176,8,135,255,191,252,250,128,124,206,0
560,8,246,0,0,2,228,0,18,0,0
1694,8,4,64,4,127,31,192,21,162,0
293,8,144,0,64,223,65,190,145,96,0
14,8,32,82,86,2,8,9,118,20,0
208,8,42,119,12,96,4,1,242,0,0
51,8,0,7,184,0,13,64,7,208,0
1399,8,0,0,8,0,0,0,1,80,0
263,8,0,0,0,0,0,0,0,0,0
1331,8,237,127,207,126,255,248,239,127,0
1760,8,1,172,1,171,1,176,1,175,0
737,8,0,0,0,0,0,0,0,4,0
852,8,31,244,128,0,0,5,67,0,0
1505,8,137,63,224,11,10,0,160,128,0
354,8,0,8,2,147,234,17,244,206,0
167,8,0,16,250,228,193,40,32,160,0
675,8,0,0,0,132,16,128,67,144,0
293,8,144,0,64,223,65,190,115,96,0
961,8,123,85,31,188,24,76,41,46,0
14,8,32,82,86,2,8,9,118,20,0
339,8,0,0,0,0,0,12,0,2,0
661,8,0,0,0,0,0,0,8,64,0
1634,8,78,224,0,0,64,0,0,0,0
412,8,12,166,32,9,130,0,40,176,0
208,8,50,119,12,96,3,1,242,0,0
51,8,0,7,176,0,13,128,7,208,0
628,8,0,242,38,248,80,124,134,41,0
192,8,32,0,0,0,0,0,0,0,0
403,8,0,8,8,3,232,56,0,0,0
526,8,78,32,3,160,247,63,143,247,0
1314,8,223,127,208,0,122,208,0,28,0
870,8,128,93,200,2,1,71,206,56,0
1408,8,0,0,0,3,173,8,0,0,0
852,8,31,244,128,0,0,5,52,0,0
1505,8,137,63,224,11,10,0,160,128,0
651,8,0,0,0,0,0,0,0,0,0
1076,8,2,40,32,168,104,136,104,128,0
1760,8,1,172,1,170,1,176,1,175,0
1788,8,0,0,7,97,146,181,112,0,0
167,8,0,16,250,100,177,40,32,160,0
569,8,0,0,0,108,96,0,68,32,0
1176,8,135,255,191,252,249,128,124,207,0
560,8,245,0,0,2,228,0,20,0,0
1694,8,4,64,4,127,31,192,21,162,0
293,8,144,0,64,223,65,190,85,96,0
14,8,32,82,86,2,8,9,118,26,0
208,8,58,119,12,96,2,1,242,0,0
51,8,0,7,168,0,13,192,7,208,0
215,8,0,0,2,0,128,0,0,0,0
263,8,0,0,0,0,0,0,0,0,0
186,8,6,168,121,196,16,0,6,40,0
1760,8,1,172,1,170,1,176,1,175,0
737,8,0,0,0,0,0,0,0,4,0
852,8,31,244,128,0,0,5,52,0,0
1505,8,137,63,224,11,10,0,164,128,0
354,8,0,8,2,131,234,17,244,206,0
167,8,0,16,249,228,193,40,32,160,0
1175,8,0,0,0,0,0,0,0,0,0
293,8,144,0,64,223,65,190,55,96,0
14,8,32,82,86,2,8,9,118,26,0
738,8,24,8,13,64,64,0,1,24,0
837,8,5,2,2,194,60,119,64,129,0
1072,8,0,47,68,139,210,128,17,160,0
339,8,0,0,0,0,0,12,0,2,0
1634,8,78,224,0,0,64,0,0,0,0
412,8,16,162,32,9,130,0,40,176,0
208,8,66,119,12,96,1,1,242,0,0
51,8,0,7,160,0,14,0,7,208,0
628,8,0,242,40,246,80,124,134,41,0
192,8,32,0,0,0,0,0,0,0,0
304,8,0,1,80,0,0,0,0,0,0
403,8,0,8,8,3,232,56,0,0,0
961,8,123,85,31,188,87,140,169,46,0
526,8,78,32,7,160,247,63,175,255,0
1314,8,223,127,208,0,122,88,0,28,0
870,8,128,93,200,2,1,71,206,56,0
1408,8,0,0,0,3,165,136,0,0,0
1076,8,2,64,0,168,152,152,136,176,0
852,8,31,244,128,0,0,5,44,128,0
1505,8,137,63,224,11,10,0,160,128,0
651,8,0,0,0,0,0,0,0,0,0
1760,8,1,176,1,170,1,176,1,176,0
167,8,0,16,250,228,193,40,32,160,0
722,8,0,0,40,0,0,0,0,0,0
1176,8,135,255,191,252,8,128,124,192,0
1124,8,0,2,64,0,0,144,27,83,0
560,8,244,0,0,2,228,0,22,0,0
1694,8,4,64,4,127,31,192,21,162,0
293,8,144,0,64,223,65,190,25,96,0
14,8,32,82,86,2,8,9,118,14,0
661,8,0,0,0,0,0,0,8,64,0
208,8,74,119,12,96,0,1,242,0,0
51,8,0,7,152,0,14,64,7,208,0
1277,8,17,83,10,77,111,16,74,136,0
263,8,0,0,0,0,0,0,0,0,0
452,8,1,112,2,0,40,65,186,2,0
676,8,78,30,1,28,4,8,152,208,0
1760,8,1,176,1,170,1,176,1,176,0
813,8,128,0,4,32,172,1,0,32,0
737,8,0,0,0,0,0,0,0,4,0
852,8,31,244,128,0,0,5,29,128,0
1505,8,137,63,224,11,10,0,160,128,0
354,8,0,8,2,131,234,17,244,206,0
167,8,0,16,250,100,193,40,32,160,0
683,8,164,208,201,215,226,215,202,255,0
1413,8,0,64,0,0,0,2,0,24,0
1644,8,0,0,0,0,24,0,0,0,0
293,8,144,0,64,223,65,189,251,96,0
1751,8,65,2,207,3,32,7,34,60,0
300,8,121,6,224,0,0,1,253,208,0
14,8,32,82,86,2,8,9,118,26,0
1255,8,0,0,0,20,3,102,0,0,0
339,8,0,0,0,0,0,12,0,2,0
1634,8,78,224,0,0,64,0,0,0,0
1668,8,76,213,128,25,65,84,16,30,0
1590,8,36,156,0,0,240,1,224,0,0
727,8,16,0,96,216,0,0,0,8,0
412,8,20,158,32,9,130,0,40,176,0
208,8,82,119,12,96,255,1,242,0,0
403,8,0,8,8,3,232,56,0,0,0
526,8,78,32,3,160,247,191,175,255,0
1314,8,223,127,208,0,121,224,0,28,0
51,8,0,7,144,0,14,128,7,208,0
628,8,0,242,42,244,80,124,134,41,0
192,8,32,0,0,0,0,0,0,0,0
852,8,31,244,128,0,0,5,29,128,0
1505,8,137,63,224,11,10,0,164,128,0
651,8,0,0,0,0,0,0,0,0,0
167,8,0,16,249,228,177,40,32,160,0
1031,8,64,1,95,240,20,0,189,160,0
60,8,0,0,4,0,42,0,0,0,0
996,8,0,208,0,0,133,0,0,0,0
870,8,128,93,200,2,1,71,206,56,0
1628,8,64,8,194,117,32,15,0,0,0
1408,8,0,0,0,3,158,8,0,0,0
519,8,4,4,96,72,42,222,149,24,0
1076,8,2,96,0,168,184,200,152,192,0
1760,8,1,173,1,170,1,176,1,176,0
1694,8,4,64,4,127,31,192,21,162,0
293,8,144,0,64,223,65,189,221,96,0
1176,8,135,255,191,252,7,128,124,193,0
961,8,123,85,31,187,87,205,105,46,0
1225,8,1,249,21,130,13,2,246,75,0
470,8,6,11,128,128,48,36,5,128,0
1399,8,0,0,8,0,0,0,1,80,0
560,8,243,0,0,2,228,0,24,0,0
622,8,1,6,64,130,137,14,10,4,0
14,8,32,82,86,2,8,9,118,32,0
244,8,154,12,1,2,4,177,2,64,0
208,8,90,119,12,96,254,1,242,0,0
51,8,0,7,136,0,14,192,7,208,0
263,8,0,0,0,0,0,0,0,0,0
186,8,6,168,121,68,16,0,6,40,0
1760,8,1,173,1,171,1,176,1,176,0
737,8,0,0,0,0,0,0,0,4,0
852,8,31,244,128,0,0,5,22,0,0
1505,8,137,63,224,11,10,0,160,128,0
354,8,0,8,2,131,234,17,244,206,0
167,8,0,16,250,228,177,40,32,160,0
293,8,144,0,64,223,65,189,191,96,0
1227,8,128,0,0,0,0,14,0,0,0
640,8,24,224,2,112,0,0,0,0,0
14,8,32,82,86,2,8,9,118,20,0
339,8,0,0,0,0,0,12,0,2,0
661,8,0,0,0,0,0,0,8,64,0
1634,8,78,224,0,0,64,0,0,0,0
412,8,24,154,32,9,130,0,40,176,0
208,8,98,119,12,96,253,1,242,0,0
51,8,0,7,128,0,15,0,7,208,0
628,8,0,242,44,242,80,124,134,41,0
192,8,32,0,0,0,0,0,0,0,0
403,8,0,8,8,3,232,56,0,0,0
526,8,78,32,3,160,248,63,175,255,0
1314,8,223,127,208,0,121,104,0,28,0
1459,8,4,0,0,0,0,0,4,0,0
870,8,128,29,200,2,1,71,206,56,0
852,8,31,244,128,0,0,5,22,0,0
1505,8,137,63,224,11,10,0,160,128,0
651,8,0,0,0,0,0,0,0,0,0
1408,8,0,0,0,3,150,136,0,0,0
1076,8,2,138,160,168,200,232,184,224,0
1760,8,1,174,1,171,1,177,1,176,0
167,8,0,16,250,228,193,40,32,160,0
61,8,0,0,12,128,0,0,0,0,0
1176,8,135,255,191,252,6,128,124,194,0
560,8,242,0,0,2,220,0,26,0,0
1694,8,4,64,4,127,31,192,21,162,0
293,8,144,0,64,223,65,191,129,96,0
14,8,32,82,86,2,8,9,118,26,0
208,8,106,119,12,96,252,1,242,0,0
51,8,0,7,120,0,15,64,7,208,0
263,8,0,0,0,0,0,0,0,0,0
1049,8,10,155,70,77,4,95,194,239,0
1760,8,1,176,1,172,1,177,1,176,0
961,8,123,85,31,187,87,77,233,46,0
737,8,0,0,0,0,0,0,0,4,0
852,8,31,244,128,0,0,5,7,0,0
1505,8,137,63,224,11,10,0,164,128,0
354,8,0,8,2,131,234,17,244,206,0
167,8,0,16,249,228,177,40,32,160,0
293,8,144,0,64,223,65,191,99,96,0
14,8,32,82,86,2,8,9,118,20,0
339,8,0,0,0,0,0,12,0,2,0
1634,8,78,224,0,0,64,0,0,0,0
412,8,28,150,32,9,130,0,40,176,0
208,8,114,119,12,96,251,1,242,0,0
51,8,0,7,112,0,15,128,7,208,0
628,8,0,242,46,240,80,124,134,41,0
192,8,32,0,0,0,0,0,0,0,0
692,8,20,233,161,0,0,0,88,0,0
813,8,128,0,4,32,172,1,0,32,0
1277,8,17,85,10,76,113,16,74,136,0
403,8,0,8,8,3,232,56,0,0,0
526,8,78,32,3,160,248,63,175,255,0
705,8,1,244,15,199,200,159,134,112,0
1314,8,223,127,208,0,120,240,0,28,0
870,8,128,29,200,2,1,71,206,56,0
852,8,31,244,128,0,0,5,112,0,0
1505,8,137,63,224,11,10,0,164,128,0
651,8,0,0,0,0,0,0,0,0,0
1408,8,0,0,0,3,143,8,0,0,0
1076,8,2,170,160,168,232,248,200,240,0
1760,8,1,176,1,172,1,177,1,176,0
167,8,0,16,249,228,177,40,32,160,0
458,8,63,249,255,128,0,0,12,72,0
1176,8,135,255,191,252,4,128,125,3,0
560,8,241,0,0,2,220,0,28,0,0
1694,8,4,64,4,127,31,192,21,162,0
293,8,144,0,64,223,65,191,69,96,0
14,8,32,82,86,2,8,9,118,20,0
661,8,0,0,0,0,0,0,8,64,0
208,8,122,119,12,96,249,1,243,0,0
51,8,0,7,104,0,15,192,7,208,0
1399,8,0,0,8,0,0,0,1,80,0
263,8,0,0,0,0,0,0,0,0,0
186,8,6,168,121,68,16,0,6,40,0
241,8,62,16,28,192,3,89,204,0,0
1760,8,1,173,1,171,1,176,1,176,0
737,8,0,0,0,0,0,0,0,4,0
852,8,31,244,128,0,0,5,112,0,0
1505,8,137,63,224,11,10,0,160,128,0
354,8,0,8,2,131,234,17,244,206,0
167,8,0,16,250,228,193,40,32,160,0
675,8,0,0,0,132,16,128,68,144,0
293,8,144,0,64,223,65,191,39,96,0
961,8,123,85,31,187,214,14,169,46,0
14,8,32,82,86,2,8,9,118,20,0
339,8,0,0,0,0,0,12,0,2,0
1634,8,78,224,0,0,64,0,0,0,0
412,8,0,178,32,9,130,0,40,176,0
208,8,2,119,12,96,8,1,243,0,0
51,8,0,7,224,0,12,0,7,208,0
628,8,0,242,32,254,80,124,134,41,0
192,8,32,0,0,0,0,0,0,0,0
403,8,0,8,8,3,232,56,0,0,0
526,8,78,32,3,160,248,191,175,247,0
1314,8,223,127,208,0,120,120,0,28,0
870,8,128,29,200,2,1,71,206,56,0
1408,8,0,0,0,3,135,136,0,0,0
852,8,31,244,128,0,0,5,104,128,0
1505,8,137,63,224,11,10,0,160,128,0
651,8,0,0,0,0,0,0,0,0,0
1076,8,2,202,160,168,249,8,249,0,0
1760,8,1,173,1,175,1,176,1,176,0
1788,8,0,0,7,97,146,181,112,0,0
167,8,0,16,250,100,193,40,32,160,0
569,8,0,0,0,108,32,0,68,32,0
1176,8,135,255,191,252,4,128,124,196,0
560,8,240,0,0,2,220,0,30,0,0
1694,8,4,64,4,127,31,192,21,162,0
293,8,144,0,64,223,65,191,9,96,0
14,8,32,82,86,2,8,9,118,14,0
208,8,10,119,12,96,8,1,242,0,0
51,8,0,7,216,0,12,64,7,208,0
215,8,0,0,2,0,128,0,0,0,0
263,8,0,0,0,0,0,0,0,0,0
1760,8,1,174,1,175,1,176,1,176,0
737,8,0,0,0,0,0,0,0,4,0
852,8,31,244,128,0,0,5,89,128,0
1505,8,137,63,224,11,10,0,164,128,0
354,8,0,8,2,131,234,17,244,206,0
167,8,0,16,249,228,193,40,32,160,0
1175,8,0,0,0,0,0,0,0,0,0
293,8,144,0,64,223,65,190,235,96,0
14,8,32,82,86,2,8,9,118,20,0
738,8,24,8,13,64,64,0,1,24,0
837,8,5,2,2,194,60,119,64,129,0
1072,8,0,47,68,139,210,128,16,160,0
339,8,0,0,0,0,0,12,0,2,0
661,8,0,0,0,0,0,0,8,64,0
1634,8,78,224,0,0,64,0,0,0,0
412,8,4,174,32,9,130,0,40,176,0
208,8,18,119,12,96,7,1,242,0,0
51,8,0,7,208,0,12,128,7,208,0
628,8,0,242,34,252,80,124,134,41,0
192,8,32,0,0,0,0,0,0,0,0
304,8,0,1,80,0,0,0,0,0,0
403,8,0,8,8,3,232,56,0,0,0
526,8,78,32,3,160,248,63,143,247,0
961,8,123,85,31,187,213,143,41,46,0
1314,8,223,127,208,0,127,128,0,28,0
870,8,128,29,200,2,1,71,206,56,0
852,8,31,244,128,0,0,5,89,128,0
1505,8,137,63,224,11,10,0,160,128,0
651,8,0,0,0,0,0,0,0,0,0
1408,8,0,0,0,3,248,8,0,0,0
1076,8,2,234,160,169,41,57,9,48,0
1760,8,1,175,1,173,1,176,1,175,0
167,8,0,16,250,100,177,40,32,160,0
722,8,0,0,48,0,0,0,0,0,0
1372,8,16,27,0,0,66,132,48,0,0
1176,8,135,255,191,252,3,128,124,197,0
1124,8,0,2,64,0,0,144,26,84,0
560,8,255,0,0,2,220,0,0,0,0
1694,8,4,64,4,127,31,192,21,162,0
293,8,144,0,64,223,65,190,205,96,0
14,8,32,82,86,2,8,9,118,26,0
208,8,26,119,12,96,6,1,242,0,0
51,8,0,7,200,0,12,192,7,208,0
1277,8,17,90,10,77,121,17,74,136,0
263,8,0,0,0,0,0,0,0,0,0
186,8,6,168,121,68,16,0,6,40,0
663,8,17,0,0,32,0,2,81,16,0
1307,8,41,9,24,63,1,6,8,1,0
1760,8,1,175,1,173,1,176,1,175,0
813,8,128,0,4,32,172,1,0,32,0
737,8,0,0,0,0,0,0,0,4,0
852,8,31,244,128,0,0,5,82,0,0
1505,8,137,63,224,11,10,0,160,128,0
354,8,0,8,2,131,234,17,244,206,0
167,8,0,16,251,100,193,40,32,160,0
1413,8,0,64,0,0,0,2,0,24,0
1644,8,0,0,0,0,24,0,0,0,0
293,8,144,0,64,223,65,190,175,96,0
14,8,32,82,86,2,8,9,118,26,0
1255,8,0,0,0,20,3,102,0,0,0
339,8,0,0,0,0,0,12,0,2,0
1634,8,78,224,0,0,64,0,0,0,0
1668,8,76,213,128,25,65,84,16,30,0
1590,8,36,156,0,0,240,1,240,0,0
727,8,16,0,96,216,0,0,0,8,0
412,8,8,170,32,9,130,0,40,176,0
208,8,34,119,12,96,5,1,242,0,0
403,8,0,8,8,3,232,56,0,0,0
526,8,78,32,3,160,248,191,143,255,0
1314,8,223,127,208,0,127,8,0,28,0
51,8,0,7,192,0,13,0,7,208,0
628,8,0,242,36,250,80,124,134,41,0
192,8,32,0,0,0,0,0,0,0,0
852,8,31,244,128,0,0,5,82,0,0
1505,8,137,63,224,11,10,0,160,128,0
651,8,0,0,0,0,0,0,0,0,0
167,8,0,16,249,228,193,40,32,160,0
1031,8,64,1,95,240,20,0,189,160,0
60,8,0,0,4,0,43,0,0,0,0
996,8,0,208,0,0,133,0,0,0,0
870,8,128,29,200,2,1,71,206,56,0
1628,8,64,8,194,117,32,15,0,0,0
1408,8,0,0,0,3,240,136,0,0,0
519,8,4,4,96,72,42,222,149,24,0
1076,8,3,10,128,169,57,89,41,80,0
1760,8,1,177,1,170,1,176,1,175,0
1694,8,4,64,4,127,31,192,21,162,0
293,8,144,0,64,223,65,190,145,96,0
1176,8,135,255,191,252,2,128,124,198,0
1165,8,255,255,255,255,255,255,255,255,1
961,8,123,85,31,187,149,15,233,46,0
1225,8,1,249,21,130,13,2,246,75,0
622,8,1,6,64,130,137,14,10,4,0
470,8,2,15,130,128,48,36,5,128,0
1399,8,0,0,8,0,0,0,1,80,0
117,8,15,50,0,15,174,30,224,0,0
14,8,32,82,86,2,8,9,118,20,0
560,8,254,0,0,2,220,0,2,0,0
244,8,154,12,1,2,4,177,2,64,0
661,8,0,0,0,0,0,0,8,64,0
208,8,42,119,12,96,4,1,242,0,0
51,8,0,7,184,0,13,64,7,208,0
263,8,0,0,0,0,0,0,0,0,0
1760,8,1,180,1,174,1,176,1,175,0
202,8,255,255,255,255,255,255,255,255,1
737,8,0,0,0,0,0,0,0,4,0
852,8,31,244,128,0,0,5,67,0,0
1505,8,137,63,224,11,10,0,160,128,0
354,8,0,8,2,131,234,17,244,206,0
167,8,0,16,249,228,177,40,32,160,0
58,8,0,0,0,0,0,29,8,0,0
293,8,144,0,64,223,65,190,115,96,0
1096,8,255,255,255,255,255,255,255,255,1
14,8,32,82,86,2,8,9,118,14,0
339,8,0,0,0,0,0,12,0,2,0
1634,8,78,224,0,0,64,0,0,0,0
412,8,12,166,32,9,130,0,40,176,0
208,8,50,119,12,96,3,1,242,0,0
51,8,0,7,176,0,13,128,7,208,0
628,8,0,242,38,248,80,124,134,41,0
192,8,32,0,0,0,0,0,0,0,0
248,8,126,223,244,253,73,251,167,184,0
403,8,0,8,8,3,232,56,0,0,0
526,8,78,32,3,160,248,63,175,255,0
1459,8,4,0,0,0,0,0,4,0,0
1002,8,255,255,255,255,255,255,255,255,1
1314,8,223,127,208,0,126,144,0,220,0
852,8,31,244,128,0,0,5,52,0,0
1505,8,137,63,224,11,10,0,160,128,0
651,8,0,0,0,0,0,0,0,0,0
870,8,128,29,200,2,1,71,206,56,0
1408,8,0,0,0,3,233,8,0,0,0
1076,8,3,42,0,169,89,105,57,96,0
1760,8,1,180,1,174,1,176,1,176,0
167,8,0,16,251,100,177,40,32,160,0
61,8,0,0,12,128,0,0,0,0,0
1176,8,135,255,191,252,1,128,124,199,0
560,8,253,0,0,2,220,0,4,0,0
1694,8,4,64,4,127,31,192,21,162,0
293,8,144,0,64,223,65,190,85,96,0
709,8,255,255,255,255,255,255,255,255,1
14,8,32,82,86,2,8,9,118,20,0
208,8,58,119,12,96,2,1,242,0,0
51,8,0,7,168,0,13,192,7,208,0
263,8,0,0,0,0,0,0,0,0,0
186,8,6,168,121,68,16,0,6,40,0
1760,8,1,176,1,176,1,175,1,175,0
961,8,123,85,31,186,213,80,105,46,0
737,8,0,0,0,0,0,0,0,4,0
913,8,255,255,255,255,255,255,255,255,1
852,8,31,244,128,0,0,5,52,0,0
1505,8,137,63,224,11,10,0,160,128,0
354,8,0,8,2,131,234,17,244,206,0
167,8,0,16,250,228,177,40,32,160,0
293,8,144,0,64,223,65,190,55,96,0
912,8,255,255,255,255,255,255,255,255,1
14,8,32,82,86,2,8,9,118,14,0
339,8,0,0,0,0,0,12,0,2,0
661,8,0,0,0,0,0,0,8,64,0
1634,8,78,224,0,0,64,0,0,0,0
412,8,16,162,32,9,130,0,40,176,0
208,8,66,119,12,96,1,1,242,0,0
51,8,0,7,160,0,14,0,7,208,0
628,8,0,242,40,246,80,124,134,41,0
192,8,32,0,0,0,0,0,0,0,0
692,8,20,233,161,0,0,0,88,0,0
403,8,0,8,8,3,232,56,0,0,0
526,8,78,32,3,160,249,63,144,7,0
813,8,128,0,4,32,172,1,0,32,0
1314,8,223,127,208,0,126,24,1,220,0
870,8,128,29,200,2,1,71,206,56,0
1408,8,0,0,0,3,225,136,0,0,0
852,8,31,244,128,0,0,5,44,128,0
1505,8,137,63,224,11,10,0,164,128,0
651,8,0,0,0,0,0,0,0,0,0
149,8,255,255,255,255,255,255,255,255,1
1076,8,3,74,160,169,105,137,89,128,0
1760,8,1,176,1,176,1,175,1,175,0
167,8,0,16,249,100,193,40,32,160,0
458,8,63,249,255,128,0,0,12,72,0
1176,8,135,255,191,252,1,128,124,136,0
1277,8,17,86,10,77,115,16,202,136,0
560,8,252,0,0,2,220,0,6,0,0
1694,8,4,64,4,127,31,192,21,162,0
293,8,144,0,64,223,65,190,25,96,0
705,8,1,243,15,199,203,31,118,134,0
14,8,32,82,86,2,8,9,118,26,0
929,8,255,255,255,255,255,255,255,255,1
208,8,74,119,12,96,1,1,241,0,0
51,8,0,7,152,0,14,64,7,208,0
1399,8,0,0,8,0,0,0,1,80,0
263,8,0,0,0,0,0,0,0,0,0
1760,8,1,177,1,175,1,176,1,174,0
737,8,0,0,0,0,0,0,0,4,0
852,8,31,244,128,0,0,5,29,128,0
1505,8,137,63,224,11,10,0,160,128,0
354,8,0,8,2,131,234,17,244,206,0
167,8,0,16,249,228,193,40,32,160,0
675,8,0,0,0,132,16,128,69,16,0
917,8,255,255,255,255,255,255,255,255,1
293,8,144,0,64,223,65,189,251,96,0
961,8,123,85,31,186,212,145,41,46,0
14,8,32,82,86,2,8,9,118,8,0
339,8,0,0,0,0,0,12,0,2,0
1634,8,78,224,0,0,64,0,0,0,0
179,8,255,255,255,255,255,255,255,255,1
412,8,20,158,32,9,130,0,40,176,0
208,8,82,119,12,96,0,1,241,0,0
51,8,0,7,144,0,14,128,7,208,0
628,8,0,242,42,244,80,124,134,41,0
192,8,32,0,0,0,0,0,0,0,0
403,8,0,8,8,3,232,56,0,0,0
526,8,78,32,3,160,248,191,79,255,0
1314,8,223,127,208,0,125,160,2,220,0
870,8,128,29,200,2,1,71,206,56,0
1408,8,0,0,0,3,218,8,0,0,0
852,8,31,244,128,0,0,5,29,128,0
1505,8,137,63,224,11,10,0,156,128,0
651,8,0,0,0,0,0,0,0,0,0
1076,8,3,106,160,169,153,153,137,160,0
1760,8,1,181,1,176,1,176,1,174,0
1788,8,0,0,7,97,82,181,112,0,0
167,8,0,16,251,100,193,40,32,160,0
569,8,0,0,0,107,224,0,68,32,0
1176,8,135,255,191,252,0,128,124,137,0
497,8,255,255,255,255,255,255,255,255,1
560,8,251,0,0,2,220,0,8,0,0
1694,8,4,64,4,127,31,192,21,162,0
293,8,144,0,64,223,65,189,221,96,0
14,8,32,82,86,2,8,9,118,20,0
661,8,0,0,0,0,0,0,8,64,0
208,8,90,119,12,96,255,1,241,0,0
51,8,0,7,136,0,14,192,7,208,0
215,8,0,0,2,0,128,0,0,0,0
263,8,0,0,0,0,0,0,0,0,0
1466,8,255,255,255,255,255,255,255,255,1
186,8,6,168,121,4,16,0,6,40,0
1760,8,1,181,1,176,1,176,1,174,0
737,8,0,0,0,0,0,0,0,4,0
852,8,31,244,128,0,0,5,22,0,0
1505,8,137,63,224,11,10,0,160,128,0
354,8,0,8,2,131,234,17,244,206,0
167,8,0,16,250,100,177,40,32,160,0
1175,8,0,0,0,0,0,0,0,0,0
811,8,255,255,255,255,255,255,255,255,1
293,8,144,0,64,223,65,189,191,96,0
14,8,32,82,86,2,8,9,118,26,0
738,8,24,8,13,64,64,0,1,24,0
837,8,5,2,2,194,60,119,64,129,0
1072,8,0,47,68,139,210,128,16,160,0
339,8,0,0,0,0,0,12,0,2,0
1634,8,78,224,0,0,64,0,0,0,0
412,8,24,154,32,9,130,0,40,176,0
208,8,98,119,12,96,254,1,241,0,0
51,8,0,7,128,0,15,0,7,208,0
628,8,0,242,44,242,80,124,134,41,0
192,8,32,0,0,0,0,0,0,0,0
829,8,255,255,255,255,255,255,255,255,1
304,8,0,1,80,0,0,0,0,0,0
961,8,123,85,31,186,148,81,169,46,0
403,8,0,8,8,3,232,56,0,0,0
526,8,78,31,255,160,249,63,111,255,0
1314,8,223,127,208,0,125,40,3,220,0
870,8,128,29,200,2,1,71,206,56,0
852,8,31,244,128,0,0,5,22,0,0
1505,8,137,63,224,11,10,0,164,128,0
651,8,0,0,0,0,0,0,0,0,0
1408,8,0,0,0,3,210,136,0,0,0
1076,8,3,130,160,169,169,201,153,192,0
1760,8,1,180,1,176,1,176,1,175,0
167,8,0,16,249,100,177,40,32,160,0
722,8,0,0,56,0,0,0,0,0,0
1176,8,135,255,191,252,255,128,124,138,0
1124,8,0,2,64,0,0,144,25,85,0
631,8,30,1,128,0,0,0,1,56,0
560,8,250,0,0,2,220,0,10,0,0
1694,8,4,64,4,127,31,192,21,162,0
293,8,144,0,64,223,65,191,129,96,0
365,8,255,255,255,255,255,255,255,255,1
14,8,32,82,86,2,8,9,118,20,0
208,8,106,119,12,96,253,1,241,0,0
51,8,0,7,120,0,15,64,7,208,0
263,8,0,0,0,0,0,0,0,0,0
813,8,128,0,4,32,172,1,0,32,0
1277,8,17,86,10,76,115,16,203,8,0
1760,8,1,180,1,176,1,176,1,175,0
1258,8,255,255,255,255,255,255,255,255,1
737,8,0,0,0,0,0,0,0,4,0
852,8,31,244,128,0,0,5,7,0,0
1505,8,137,63,224,11,10,0,156,128,0
354,8,0,8,2,131,234,17,244,206,0
167,8,0,16,250,228,193,40,32,160,0
930,8,0,0,0,0,24,1,224,0,0
1413,8,0,64,0,0,0,2,0,24,0
1644,8,0,0,0,0,24,0,0,0,0
293,8,144,0,64,223,65,191,99,96,0
196,8,255,255,255,255,255,255,255,255,1
14,8,32,82,86,2,8,9,118,14,0
1255,8,0,0,0,20,3,102,0,0,0
339,8,0,0,0,0,0,12,0,2,0
661,8,0,0,0,0,0,0,8,64,0
1634,8,78,224,0,0,64,0,0,0,0
1668,8,76,213,128,25,65,84,16,30,0
1590,8,36,156,0,0,240,1,240,0,0
727,8,16,0,96,216,0,0,0,8,0
412,8,28,150,32,9,130,0,40,176,0
208,8,114,119,12,96,252,1,241,0,0
403,8,0,8,8,3,232,56,0,0,0
526,8,78,32,3,160,249,63,111,255,0
51,8,0,7,112,0,15,128,7,208,0
159,8,255,255,255,255,255,255,255,255,1
1314,8,223,127,208,0,124,176,4,92,0
852,8,31,244,128,0,0,5,112,0,0
1505,8,137,63,224,11,10,0,156,128,0
651,8,0,0,0,0,0,0,0,0,0
628,8,0,242,46,240,80,124,134,41,0
870,8,128,29,200,2,1,71,206,56,0
192,8,32,0,0,0,0,0,0,0,0
1408,8,0,0,0,3,203,8,0,0,0
167,8,0,16,250,228,177,40,32,160,0
1076,8,3,170,160,169,201,217,169,208,0
1031,8,64,1,95,240,20,0,189,160,0
1760,8,1,180,1,177,1,176,1,175,0
60,8,0,0,4,0,60,0,0,0,0
1176,8,135,255,191,252,254,128,124,139,0
1694,8,4,64,4,127,31,192,21,162,0
293,8,144,0,64,223,65,191,69,96,0
996,8,0,208,0,0,133,0,0,0,0
961,8,123,85,31,187,146,146,105,46,0
1628,8,64,8,194,117,32,15,0,0,0
519,8,4,4,96,72,42,222,149,24,0
1225,8,1,249,21,130,13,2,246,75,0
762,8,255,255,255,255,255,255,255,255,1
622,8,1,6,64,130,137,14,10,4,0
470,8,2,11,128,128,48,36,5,128,0
1399,8,0,0,8,0,0,0,1,80,0
14,8,32,82,86,2,8,9,118,8,0
560,8,249,0,0,2,220,0,12,0,0
244,8,154,12,1,2,4,177,2,64,0
208,8,122,119,12,96,251,1,241,0,0
51,8,0,7,104,0,15,192,7,208,0
263,8,0,0,0,0,0,0,0,0,0
186,8,6,168,121,4,16,0,6,40,0
1760,8,1,182,1,178,1,176,1,174,0
737,8,0,0,0,0,0,0,0,4,0
852,8,31,244,128,0,0,5,112,0,0
359,8,255,255,255,255,255,255,255,255,1
1505,8,137,63,224,11,10,0,160,128,0
354,8,0,8,2,131,234,17,244,206,0
167,8,0,16,249,228,193,40,32,160,0
293,8,144,0,64,223,65,191,39,96,0
1227,8,128,0,0,0,0,14,0,0,0
640,8,24,224,2,112,0,0,0,0,0
1053,8,255,255,255,255,255,255,255,255,1
14,8,32,82,86,2,8,9,118,20,0
339,8,0,0,0,0,0,12,0,2,0
1634,8,78,224,0,0,64,0,0,0,0
412,8,0,178,32,9,130,0,40,176,0
208,8,2,119,12,96,10,1,241,0,0
51,8,0,7,224,0,12,0,7,208,0
628,8,0,242,32,254,80,124,134,41,0
192,8,32,0,0,0,0,0,0,0,0
1459,8,4,0,0,0,0,0,4,0,0
403,8,0,8,8,3,232,56,0,0,0
526,8,78,32,3,160,249,191,79,255,0
1314,8,223,127,208,0,124,56,4,220,0
870,8,128,29,200,2,1,71,206,56,0
1408,8,0,0,0,3,195,136,0,0,0
852,8,31,244,128,0,0,5,104,128,0
1505,8,137,63,224,11,10,0,160,128,0
651,8,0,0,0,0,0,0,0,0,0
427,8,255,255,255,255,255,255,255,255,1
1076,8,3,202,160,169,217,249,201,240,0
1760,8,1,182,1,178,1,176,1,174,0
167,8,0,16,249,228,193,40,32,160,0
61,8,0,0,13,0,0,0,0,0,0
1176,8,135,255,191,252,253,128,124,140,0
560,8,248,0,0,2,220,0,14,0,0
1694,8,4,64,4,127,31,192,21,162,0
293,8,144,0,64,223,65,191,9,96,0
14,8,32,82,86,2,8,9,118,14,0
112,8,255,255,255,255,255,255,255,255,1
661,8,0,0,0,0,0,0,8,64,0
208,8,10,119,12,96,9,1,241,0,0
51,8,0,7,216,0,12,64,7,208,0
263,8,0,0,0,0,0,0,0,0,0
1760,8,1,182,1,178,1,176,1,175,0
961,8,123,85,31,187,209,210,233,46,0
737,8,0,0,0,0,0,0,0,4,0
852,8,31,244,128,0,0,5,89,128,0
1505,8,137,63,224,11,10,0,156,128,0
354,8,0,8,2,131,234,17,244,206,0
167,8,0,16,251,100,193,40,32,160,0
1372,8,16,27,0,0,66,132,48,0,0
1302,8,255,255,255,255,255,255,255,255,1
293,8,144,0,64,223,65,190,235,96,0
14,8,32,82,86,2,8,9,118,20,0
339,8,0,0,0,0,0,12,0,2,0
1634,8,78,224,0,0,64,0,0,0,0
412,8,4,174,32,9,130,0,40,176,0
208,8,18,119,12,96,8,1,241,0,0
74,8,255,255,255,255,255,255,255,255,1
51,8,0,7,208,0,12,128,7,208,0
628,8,0,242,34,252,80,124,134,41,0
192,8,32,0,0,0,0,0,0,0,0
692,8,20,233,161,0,0,0,88,0,0
403,8,0,8,8,3,232,56,0,0,0
526,8,78,32,3,160,249,191,79,255,0
452,8,0,0,2,0,0,128,0,0,0
1314,8,223,127,208,0,123,192,4,220,0
870,8,128,29,200,2,1,71,206,56,0
1408,8,0,0,0,3,188,8,0,0,0
852,8,31,244,128,0,0,5,89,128,0
1505,8,137,63,224,11,10,0,160,128,0
651,8,0,0,0,0,0,0,0,0,0
1076,8,3,234,160,169,250,9,218,0,0
1760,8,1,182,1,178,1,176,1,175,0
167,8,0,16,250,100,193,40,32,160,0
458,8,63,249,255,128,0,0,12,72,0
676,8,46,140,2,28,4,8,152,208,0
1176,8,135,255,191,252,252,128,124,141,0
813,8,128,0,4,32,172,1,0,32,0
1277,8,17,84,10,77,113,16,74,136,0
560,8,247,0,0,2,220,0,16,0,0
1683,8,255,255,255,255,255,255,255,255,1
1694,8,4,64,4,127,31,192,21,162,0
293,8,144,0,64,223,65,190,205,96,0
14,8,32,82,86,2,8,9,118,14,0
208,8,26,119,12,96,7,1,241,0,0
51,8,0,7,200,0,12,192,7,208,0
1399,8,0,0,8,0,0,0,1,80,0
263,8,0,0,0,0,0,0,0,0,0
186,8,6,168,121,4,16,0,6,40,0
1760,8,1,181,1,179,1,176,1,175,0
397,8,255,255,255,255,255,255,255,255,1
705,8,1,243,47,199,201,31,104,154,0
737,8,0,0,0,0,0,0,0,4,0
852,8,31,244,128,0,0,5,82,0,0
1505,8,137,63,224,11,10,0,160,128,0
354,8,0,8,2,131,234,17,244,206,0
167,8,0,16,249,228,193,40,32,160,0
675,8,0,0,0,132,16,128,70,16,0
293,8,144,0,64,223,65,190,175,96,0
961,8,123,85,31,186,146,83,169,46,0
456,8,255,255,255,255,255,255,255,255,1
14,8,32,82,86,2,8,9,118,20,0
339,8,0,0,0,0,0,12,0,2,0
661,8,0,0,0,0,0,0,8,64,0
1634,8,78,224,0,0,64,0,0,0,0
412,8,8,170,32,9,130,0,40,176,0
208,8,34,119,12,96,6,1,241,0,0
51,8,0,7,192,0,13,0,7,208,0
628,8,0,242,36,250,80,124,134,41,0
192,8,32,0,0,0,0,0,0,0,0
403,8,0,8,8,3,232,56,0,0,0
526,8,78,31,255,160,249,191,143,255,0
1314,8,223,127,208,0,123,72,4,220,0
870,8,128,29,200,2,1,71,206,56,0
1408,8,0,0,0,3,180,136,0,0,0
997,8,255,255,255,255,255,255,255,255,1
852,8,31,244,128,0,0,5,82,0,0
1505,8,137,63,224,11,10,0,152,128,0
651,8,0,0,0,0,0,0,0,0,0
1076,8,4,10,160,170,42,42,10,48,0
1760,8,1,182,1,181,1,176,1,176,0
1788,8,0,0,7,97,50,181,112,0,0
167,8,0,16,250,228,193,40,32,160,0
569,8,0,0,0,107,160,0,68,32,0
1176,8,135,255,191,252,251,128,124,142,0
560,8,246,0,0,2,220,0,18,0,0
1694,8,4,64,4,127,31,192,21,162,0
293,8,144,0,64,223,65,190,145,96,0
1484,8,255,255,255,255,255,255,255,255,1
14,8,32,82,86,2,8,9,118,14,0
208,8,42,119,12,96,5,1,241,0,0
51,8,0,7,184,0,13,64,7,208,0
215,8,0,0,2,0,128,0,0,0,0
263,8,0,0,0,0,0,0,0,0,0
1621,8,148,3,252,0,48,0,0,0,0
1760,8,1,182,1,181,1,176,1,176,0
737,8,0,0,0,0,0,0,0,4,0
852,8,31,244,128,0,0,5,67,0,0
1505,8,137,63,224,11,10,0,152,128,0
354,8,0,8,2,115,234,17,244,206,0
167,8,0,16,250,228,177,40,32,160,0
1175,8,0,0,0,0,0,0,0,0,0
1740,8,255,255,255,255,255,255,255,255,1
293,8,144,0,64,223,65,190,115,96,0
14,8,32,82,86,2,8,9,118,20,0
738,8,24,8,13,64,64,0,1,24,0
837,8,5,2,2,194,60,119,64,129,0
1072,8,0,47,68,139,208,128,16,160,0
339,8,0,0,0,0,0,12,0,2,0
1634,8,78,224,0,0,64,0,0,0,0
1183,8,255,255,255,255,255,255,255,255,1
412,8,12,166,32,9,130,0,40,176,0
208,8,50,119,12,96,4,1,241,0,0
51,8,0,7,176,0,13,128,7,208,0
628,8,0,242,38,248,80,124,134,41,0
192,8,32,0,0,0,0,0,0,0,0
304,8,0,1,80,0,0,0,0,0,0
403,8,0,8,8,3,232,56,0,0,0
526,8,78,32,3,160,250,63,175,255,0
961,8,123,85,31,187,17,84,41,46,0
1314,8,223,127,208,0,122,208,4,220,0
870,8,128,29,200,2,1,71,206,56,0
852,8,31,244,128,0,0,5,52,0,0
1505,8,137,63,224,11,10,0,160,128,0
651,8,0,0,0,0,0,0,0,0,0
1408,8,0,0,0,3,173,8,0,0,0
1076,8,4,42,160,170,58,74,42,64,0
1760,8,1,182,1,179,1,176,1,175,0
167,8,0,16,249,100,193,40,32,160,0
722,8,0,0,64,0,0,0,0,0,0
1176,8,135,255,191,252,249,128,124,207,0
1124,8,0,2,64,0,0,144,24,86,0
560,8,245,0,0,2,220,0,20,0,0
527,8,255,255,255,255,255,255,255,255,1
1694,8,4,64,4,127,31,192,21,162,0
293,8,144,0,64,223,65,190,85,96,0
14,8,32,82,86,2,8,9,118,26,0
661,8,0,0,0,0,0,0,8,64,0
208,8,58,119,12,96,2,1,242,0,0
51,8,0,7,168,0,13,192,7,208,0
1277,8,17,79,10,77,105,15,74,136,0
263,8,0,0,0,0,0,0,0,0,0
186,8,6,168,121,4,16,0,6,40,0
625,8,255,255,255,255,255,255,255,255,1
1307,8,40,12,65,1,40,0,1,33,0
813,8,128,0,4,32,172,1,0,32,0
1760,8,1,184,1,178,1,176,1,175,0
737,8,0,0,0,0,0,0,0,4,0
852,8,31,244,128,0,0,5,52,0,0
1505,8,137,63,224,11,10,0,156,128,0
354,8,0,8,2,115,234,17,244,206,0
167,8,0,16,249,228,193,40,32,160,0
1413,8,0,64,0,0,0,2,0,24,0
1644,8,0,0,0,0,24,0,0,0,0
293,8,144,0,64,223,65,190,55,96,0
945,8,255,255,255,255,255,255,255,255,1
14,8,32,82,86,2,8,9,118,14,0
1255,8,0,0,0,20,3,102,0,0,0
339,8,0,0,0,0,0,12,0,2,0
1634,8,78,224,0,0,64,0,0,0,0
1668,8,76,213,128,25,65,84,16,30,0
1590,8,36,156,0,0,240,2,0,0,0
727,8,16,0,96,216,0,0,0,8,0
412,8,16,162,32,9,130,0,40,176,0
208,8,66,119,12,96,1,1,242,0,0
51,8,0,7,160,0,14,0,7,208,0
403,8,0,8,8,3,232,56,0,0,0
526,8,78,32,3,160,250,191,143,247,0
628,8,0,242,40,246,80,124,134,41,0
1361,8,255,255,255,255,255,255,255,255,1
1314,8,223,127,208,0,122,88,4,220,0
852,8,31,244,128,0,0,5,44,128,0
1505,8,137,63,224,11,10,0,152,128,0
651,8,0,0,0,0,0,0,0,0,0
192,8,32,0,0,0,0,0,0,0,0
167,8,0,16,251,228,193,40,32,160,0
1031,8,64,1,95,240,20,0,189,160,0
60,8,0,0,4,0,42,0,0,0,0
996,8,0,208,0,0,133,0,0,0,0
870,8,128,29,200,2,1,71,206,56,0
1628,8,64,8,194,117,32,15,0,0,0
1408,8,0,0,0,3,165,136,0,0,0
519,8,4,4,96,72,42,222,149,24,0
1076,8,4,74,160,170,74,106,58,96,0
1694,8,4,64,4,127,31,192,21,162,0
293,8,144,0,64,223,65,190,25,96,0
1760,8,1,184,1,178,1,176,1,176,0
961,8,123,85,31,187,16,148,233,46,0
1176,8,135,255,191,252,9,128,124,128,0
1225,8,1,249,21,130,13,2,246,75,0
470,8,2,15,130,128,48,36,5,128,0
1399,8,0,0,8,0,0,0,1,80,0
560,8,244,0,0,2,220,0,22,0,0
298,8,255,255,255,255,255,255,255,255,1
14,8,32,82,86,2,8,9,118,20,0
622,8,1,6,64,130,137,14,10,4,0
208,8,74,119,12,96,1,1,241,0,0
244,8,154,12,1,2,4,177,2,64,0
263,8,0,0,0,0,0,0,0,0,0
51,8,0,7,152,0,14,64,7,208,0
1760,8,1,184,1,181,1,177,1,176,0
737,8,0,0,0,0,0,0,0,4,0
852,8,31,244,128,0,0,5,29,128,0
1505,8,137,63,224,11,10,0,156,128,0
354,8,0,8,2,115,234,17,244,206,0
1767,8,255,255,255,255,255,255,255,255,1
167,8,0,16,250,100,193,40,32,160,0
293,8,144,0,64,223,65,189,251,96,0
14,8,32,82,86,2,8,9,118,20,0
339,8,0,0,0,0,0,12,0,2,0
333,8,255,255,255,255,255,255,255,255,1
661,8,0,0,0,0,0,0,8,64,0
1634,8,78,224,0,0,64,0,0,0,0
412,8,20,158,32,9,130,0,40,176,0
208,8,82,119,12,96,0,1,241,0,0
51,8,0,7,144,0,14,128,7,208,0
628,8,0,242,42,244,80,124,134,41,0
192,8,32,0,0,0,0,0,0,0,0
1459,8,4,0,0,0,0,0,4,0,0
403,8,0,8,8,3,232,56,0,0,0
526,8,78,32,3,160,250,63,111,255,0
1314,8,223,127,208,0,121,224,4,92,0
870,8,128,29,200,2,1,71,206,56,0
852,8,31,244,128,0,0,5,29,128,0
1505,8,137,63,224,11,10,0,160,128,0
651,8,0,0,0,0,0,0,0,0,0
1408,8,0,0,0,3,158,8,0,0,0
1076,8,4,104,0,170,106,122,74,112,0
1760,8,1,184,1,181,1,177,1,176,0
167,8,0,16,249,100,193,40,32,160,0
61,8,0,0,13,0,0,0,0,0,0
1176,8,135,255,191,252,6,128,125,1,0
144,8,255,255,255,255,255,255,255,255,1
560,8,243,0,0,2,220,0,24,0,0
1694,8,4,64,4,127,31,192,21,162,0
293,8,144,0,64,223,65,189,221,96,0
14,8,32,82,86,2,8,9,118,8,0
208,8,90,119,12,96,253,1,243,0,0
51,8,0,7,136,0,14,192,7,208,0
263,8,0,0,0,0,0,0,0,0,0
1539,8,255,255,255,255,255,255,255,255,1
186,8,6,168,120,196,16,0,6,40,0
1760,8,1,182,1,180,1,176,1,176,0
961,8,123,85,31,187,207,85,105,46,0
737,8,0,0,0,0,0,0,0,4,0
852,8,31,244,128,0,0,5,22,0,0
1505,8,137,63,224,11,10,0,152,128,0
354,8,0,8,2,115,234,17,244,206,0
167,8,0,16,250,228,193,40,32,160,0
293,8,144,0,64,223,65,189,191,96,0
439,8,255,255,255,255,255,255,255,255,1
14,8,32,82,86,2,8,9,118,14,0
339,8,0,0,0,0,0,12,0,2,0
1634,8,78,224,0,0,64,0,0,0,0
412,8,24,154,32,9,130,0,40,176,0
208,8,98,119,12,96,252,1,243,0,0
51,8,0,7,128,0,15,0,7,208,0
628,8,0,242,44,242,80,124,134,41,0
192,8,32,0,0,0,0,0,0,0,0
692,8,20,233,161,0,0,0,88,0,0
813,8,128,0,4,32,172,1,0,32,0
1277,8,17,88,10,77,117,16,202,136,0
403,8,0,8,8,3,232,56,0,0,0
29,8,255,255,255,255,255,255,255,255,1
526,8,78,32,3,160,251,63,111,255,0
1314,8,223,127,208,0,121,104,4,28,0
870,8,128,29,200,2,1,71,206,56,0
852,8,31,244,128,0,0,5,22,0,0
1505,8,137,63,224,11,10,0,156,128,0
651,8,0,0,0,0,0,0,0,0,0
1408,8,0,0,0,3,150,136,0,0,0
1076,8,0,0,0,170,122,154,122,160,0
1760,8,1,186,1,178,1,176,1,176,0
167,8,0,16,251,100,177,40,32,160,0
458,8,63,249,255,128,0,0,12,72,0
1176,8,135,255,191,252,5,128,125,2,0
560,8,242,0,0,2,220,0,26,0,0
1694,8,4,64,4,127,31,192,21,162,0
293,8,144,0,64,223,65,191,129,96,0
440,8,255,255,255,255,255,255,255,255,1
14,8,32,82,86,2,8,9,118,20,0
661,8,0,0,0,0,0,0,8,64,0
208,8,106,119,12,96,251,1,243,0,0
51,8,0,7,120,0,15,64,7,208,0
1399,8,0,0,8,0,0,0,1,80,0
263,8,0,0,0,0,0,0,0,0,0
1760,8,1,186,1,178,1,177,1,176,0
737,8,0,0,0,0,0,0,0,4,0
852,8,31,244,128,0,0,5,7,0,0
1141,8,255,255,255,255,255,255,255,255,1
1505,8,137,63,224,11,10,0,160,128,0
354,8,0,8,2,115,234,17,244,206,0
167,8,0,16,249,100,193,40,32,160,0
675,8,0,0,0,132,16,128,70,16,0
293,8,144,0,64,223,65,191,99,96,0
961,8,123,85,31,187,142,214,41,46,0
705,8,1,243,143,199,200,31,80,176,0
14,8,32,82,86,2,8,9,118,20,0
465,8,255,255,255,255,255,255,255,255,1
339,8,0,0,0,0,0,12,0,2,0
1634,8,78,224,0,0,64,0,0,0,0
412,8,28,150,32,9,130,0,40,176,0
208,8,114,119,12,96,250,1,243,0,0
51,8,0,7,112,0,15,128,7,208,0
628,8,0,242,46,240,80,124,134,41,0
192,8,32,0,0,0,0,0,0,0,0
403,8,0,8,8,3,232,56,0,0,0
526,8,78,32,3,160,250,191,143,247,0
1314,8,223,127,208,0,120,240,3,220,0
870,8,128,29,200,2,1,71,206,56,0
852,8,31,244,128,0,0,5,112,0,0
1505,8,137,63,224,11,10,0,156,128,0
651,8,0,0,0,0,0,0,0,0,0
1408,8,0,0,0,3,143,8,0,0,0
1076,8,0,32,0,170,170,202,154,192,0
1760,8,1,184,1,180,1,178,1,176,0
1788,8,0,0,7,96,210,181,112,0,0
642,8,255,255,255,255,255,255,255,255,1
167,8,0,16,249,228,193,40,32,160,0
569,8,0,0,0,107,64,0,68,0,0
1176,8,135,255,191,252,4,128,125,3,0
560,8,241,0,0,2,220,0,28,0,0
1694,8,4,64,4,127,31,192,21,162,0
293,8,144,0,64,223,65,191,69,96,0
14,8,32,82,86,2,8,9,118,14,0
208,8,122,119,12,96,249,1,243,0,0
51,8,0,7,104,0,15,192,7,208,0
215,8,0,0,2,0,128,0,0,0,0
1575,8,255,255,255,255,255,255,255,255,1
263,8,0,0,0,0,0,0,0,0,0
186,8,6,168,120,196,16,0,6,40,0
1760,8,1,184,1,180,1,178,1,176,0
737,8,0,0,0,0,0,0,0,4,0
852,8,31,244,128,0,0,5,112,0,0
1505,8,137,63,224,11,10,0,152,128,0
354,8,0,8,2,115,234,17,244,206,0
167,8,0,16,251,228,193,40,32,160,0
1175,8,0,0,0,0,0,0,0,0,0
514,8,255,255,255,255,255,255,255,255,1
293,8,144,0,64,223,65,191,39,96,0
14,8,32,82,86,2,8,9,118,14,0
738,8,24,8,13,64,64,0,1,24,0
837,8,5,2,2,194,60,119,64,129,0
1072,8,0,47,68,139,208,128,17,160,0
339,8,0,0,0,0,0,12,0,2,0
661,8,0,0,0,0,0,0,8,64,0
1634,8,78,224,0,0,64,0,0,0,0
412,8,0,178,32,9,130,0,40,176,0
208,8,2,119,12,96,8,1,243,0,0
51,8,0,7,224,0,12,0,7,208,0
628,8,0,242,32,254,80,124,134,41,0
1220,8,255,255,255,255,255,255,255,255,1
192,8,32,0,0,0,0,0,0,0,0
403,8,0,8,8,3,232,56,0,0,0
526,8,78,32,3,160,251,63,143,255,0
961,8,123,85,31,187,206,22,169,46,0
1314,8,223,127,208,0,120,120,3,220,0
870,8,128,29,200,2,1,71,206,56,0
1408,8,0,0,0,3,135,136,0,0,0
852,8,31,244,128,0,0,5,104,128,0
1505,8,137,63,224,11,10,0,156,128,0
651,8,0,0,0,0,0,0,0,0,0
1076,8,0,86,128,170,202,218,170,208,0
1760,8,1,182,1,181,1,178,1,177,0
167,8,0,16,250,100,193,40,32,160,0
304,8,0,1,80,0,0,0,0,0,0
722,8,0,0,72,0,0,0,0,0,0
1372,8,16,28,0,0,66,132,48,0,0
1176,8,135,255,191,252,2,128,125,68,0
1124,8,0,2,64,0,0,144,23,87,0
560,8,240,0,0,2,220,0,30,0,0
1694,8,4,64,4,127,31,192,21,162,0
293,8,144,0,64,223,65,191,9,96,0
1129,8,255,255,255,255,255,255,255,255,1
14,8,32,82,86,2,8,9,118,20,0
208,8,10,119,12,96,6,1,244,0,0
51,8,0,7,216,0,12,64,7,208,0
1277,8,17,85,10,77,113,16,75,8,0
263,8,0,0,0,0,0,0,0,0,0
813,8,128,0,4,32,172,1,0,32,0
1760,8,1,184,1,180,1,178,1,177,0
1552,8,255,255,255,255,255,255,255,255,1
737,8,0,0,0,0,0,0,0,4,0
852,8,31,244,128,0,0,5,89,128,0
1505,8,137,63,224,11,10,0,156,128,0
354,8,0,8,2,115,234,17,244,206,0
167,8,0,16,249,100,177,40,32,160,0
1413,8,0,64,0,0,0,2,0,24,0
1644,8,0,0,0,0,32,0,0,0,0
293,8,144,0,64,223,65,190,235,96,0
549,8,255,255,255,255,255,255,255,255,1
14,8,32,82,86,2,8,9,118,14,0
1255,8,0,0,0,20,3,102,0,0,0
339,8,0,0,0,0,0,12,0,2,0
1634,8,78,224,0,0,64,0,0,0,0
1668,8,76,213,128,25,65,84,16,30,0
1590,8,36,156,0,0,240,2,16,0,0
727,8,16,0,96,216,0,0,0,8,0
412,8,4,174,32,9,130,0,40,176,0
208,8,18,119,12,96,5,1,244,0,0
51,8,0,7,208,0,12,128,7,208,0
403,8,0,8,8,3,232,56,0,0,0
526,8,78,32,3,160,251,63,143,255,0
628,8,0,242,34,252,80,124,134,41,0
1314,8,223,127,208,0,127,128,3,156,0
192,8,32,0,0,0,0,0,0,0,0
852,8,31,244,128,0,0,5,89,128,0
1505,8,137,63,224,11,10,0,152,128,0
1199,8,255,255,255,255,255,255,255,255,1
651,8,0,0,0,0,0,0,0,0,0
167,8,0,16,250,228,177,40,32,160,0
1031,8,64,1,95,240,20,0,189,160,0
60,8,0,0,4,0,42,0,0,0,0
996,8,0,208,0,0,133,0,0,0,0
870,8,128,29,200,2,1,71,206,56,0
1628,8,64,8,194,117,32,15,0,0,0
1408,8,0,0,0,3,248,8,0,0,0
519,8,4,4,96,72,42,222,149,24,0
1076,8,0,119,128,170,218,234,202,224,0
1694,8,4,64,4,127,31,192,21,162,0
293,8,144,0,64,223,65,190,205,96,0
1760,8,1,184,1,180,1,179,1,178,0
961,8,123,85,31,187,77,215,105,46,0
1176,8,135,255,191,252,1,128,125,69,0
1225,8,1,249,21,130,13,2,246,75,0
470,8,2,11,128,128,48,36,5,128,0
1399,8,0,0,8,0,0,0,1,80,0
560,8,255,0,0,2,220,0,0,0,0
14,8,32,82,86,2,8,9,118,2,0
622,8,1,6,64,130,137,14,10,4,0
1103,8,255,255,255,255,255,255,255,255,1
661,8,0,0,0,0,0,0,8,64,0
208,8,26,119,12,96,4,1,244,0,0
263,8,0,0,0,0,0,0,0,0,0
244,8,154,12,1,2,4,177,2,64,0
51,8,0,7,200,0,12,192,7,208,0
186,8,6,168,120,132,16,0,6,40,0
1760,8,1,184,1,180,1,180,1,179,0
737,8,0,0,0,0,0,0,0,4,0
852,8,31,244,64,0,0,5,90,0,0
1505,8,137,63,224,11,10,0,152,128,0
354,8,0,8,2,115,234,17,244,206,0
167,8,0,16,251,100,177,40,32,160,0
906,8,255,255,255,255,255,255,255,255,1
293,8,144,0,64,223,65,190,175,96,0
1227,8,128,0,0,0,0,14,0,0,0
640,8,24,224,2,112,0,0,0,0,0
14,8,32,82,86,2,8,9,118,20,0
339,8,0,0,0,0,0,12,0,2,0
1634,8,78,224,0,0,64,0,0,0,0
412,8,8,170,32,9,130,0,40,176,0
208,8,34,119,12,96,3,1,244,0,0
543,8,255,255,255,255,255,255,255,255,1
51,8,0,7,192,0,13,0,7,208,0
628,8,0,242,36,250,80,124,134,41,0
192,8,32,0,0,0,0,0,0,0,0
403,8,0,8,8,3,232,56,0,0,0
526,8,78,32,3,160,251,63,143,255,0
1459,8,4,0,0,0,0,0,4,0,0
1314,8,223,127,208,0,127,8,3,92,0
870,8,128,29,200,2,1,71,206,56,0
1408,8,0,0,0,3,240,136,0,0,0
852,8,31,244,64,0,0,5,90,0,0
1505,8,137,63,224,11,10,0,156,128,0
651,8,0,0,0,0,0,0,0,0,0
1076,8,0,136,224,170,235,10,219,16,0
1760,8,1,184,1,180,1,180,1,179,0
167,8,0,16,249,228,193,40,32,160,0
61,8,0,0,13,0,0,0,0,0,0
1176,8,135,255,191,252,254,128,125,198,0
560,8,254,0,0,2,220,0,2,0,0
99,8,255,255,255,255,255,255,255,255,1
1694,8,4,64,4,127,31,192,21,162,0
293,8,144,0,64,223,65,190,145,96,0
14,8,32,82,86,2,8,9,118,26,0
208,8,42,119,12,96,0,1,246,0,0
51,8,0,7,184,0,13,64,7,208,0
263,8,0,0,0,0,0,0,0,0,0
1405,8,255,255,255,255,255,255,255,255,1
961,8,123,85,31,186,78,87,233,46,0
1760,8,1,184,1,179,1,180,1,180,0
737,8,0,0,0,0,0,0,0,4,0
852,8,31,244,64,0,0,5,75,0,0
1505,8,137,63,224,11,10,0,152,128,0
354,8,0,8,2,115,234,17,244,206,0
167,8,0,16,249,228,193,40,32,160,0
293,8,144,0,64,223,65,190,115,96,0
1526,8,255,255,255,255,255,255,255,255,1
14,8,32,82,86,2,8,9,118,8,0
339,8,0,0,0,0,0,12,0,2,0
661,8,0,0,0,0,0,0,8,64,0
1634,8,78,224,0,0,64,0,0,0,0
412,8,12,168,32,9,66,0,40,176,0
208,8,50,119,12,96,255,1,246,0,0
51,8,0,7,176,0,13,128,7,208,0
628,8,0,242,38,248,80,124,134,41,0
192,8,32,0,0,0,0,0,0,0,0
692,8,20,233,161,0,0,0,88,0,0
813,8,128,0,4,32,172,1,0,32,0
403,8,0,8,8,3,232,56,0,0,0
526,8,78,31,255,160,251,191,143,255,0
1277,8,17,85,10,77,115,16,74,136,0
262,8,255,255,255,255,255,255,255,255,1
1314,8,223,127,208,0,126,144,3,28,0
852,8,31,244,64,0,0,5,60,0,0
1505,8,137,63,224,11,10,0,148,128,0
651,8,0,0,0,0,0,0,0,0,0
870,8,128,29,200,2,1,71,206,56,0
1408,8,0,0,0,3,233,8,0,0,0
1076,8,0,168,224,171,27,27,11,48,0
1760,8,1,184,1,179,1,180,1,180,0
167,8,0,16,250,228,193,40,32,160,0
458,8,63,249,255,128,0,0,12,72,0
1176,8,135,255,191,252,253,128,125,199,0
560,8,253,0,0,2,220,0,4,0,0
1694,8,4,64,4,127,31,192,21,162,0
293,8,144,0,64,223,65,190,85,96,0
389,8,255,255,255,255,255,255,255,255,1
14,8,32,82,86,2,8,9,118,14,0
208,8,58,119,12,96,254,1,246,0,0
51,8,0,7,168,0,13,192,7,208,0
1399,8,0,0,8,0,0,0,1,80,0
263,8,0,0,0,0,0,0,0,0,0
186,8,6,168,120,132,16,0,6,40,0
1760,8,1,184,1,179,1,181,1,180,0
737,8,0,0,0,0,0,0,0,4,0
852,8,31,244,64,0,0,5,60,0,0
1505,8,137,63,224,11,10,0,152,128,0
354,8,0,8,2,115,234,17,244,206,0
976,8,255,255,255,255,255,255,255,255,1
167,8,0,16,250,228,193,40,32,160,0
675,8,0,0,0,132,16,128,69,144,0
293,8,144,0,64,223,65,190,55,96,0
961,8,123,85,31,186,77,152,169,46,0
14,8,32,82,86,2,8,9,118,14,0
1027,8,255,255,255,255,255,255,255,255,1
339,8,0,0,0,0,0,12,0,2,0
1634,8,78,224,0,0,64,0,0,0,0
412,8,16,164,32,9,66,0,40,176,0
208,8,66,119,12,96,253,1,246,0,0
51,8,0,7,160,0,14,0,7,208,0
628,8,0,242,40,246,80,124,134,39,0
192,8,32,0,0,0,0,0,0,0,0
1331,8,237,127,207,126,255,248,239,127,0
705,8,1,243,143,199,202,31,52,196,0
403,8,0,8,8,3,232,56,0,0,0
526,8,78,31,255,160,251,191,143,255,0
1314,8,223,127,208,0,126,24,2,220,0
870,8,128,29,200,2,1,71,206,56,0
1408,8,0,0,0,3,225,136,0,0,0
852,8,31,244,64,0,0,5,52,128,0
1505,8,137,63,224,11,10,0,156,128,0
651,8,0,0,0,0,0,0,0,0,0
1076,8,0,199,32,171,59,75,27,64,0
1760,8,1,184,1,180,1,181,1,181,0
1788,8,0,0,7,97,82,181,112,0,0
167,8,0,16,249,228,177,40,32,160,0
569,8,0,0,0,106,224,0,68,0,0
263,8,255,255,255,255,255,255,255,255,1
1176,8,135,255,191,252,251,128,126,8,0
560,8,252,0,0,2,220,0,6,0,0
1694,8,4,64,4,127,31,192,21,162,0
293,8,144,0,64,223,65,190,25,96,0
14,8,32,82,86,2,8,9,118,20,0
661,8,0,0,0,0,0,0,8,64,0
208,8,74,119,12,96,251,1,247,0,0
51,8,0,7,152,0,14,64,7,208,0
215,8,0,0,2,0,128,0,0,0,0
263,8,0,0,0,0,0,0,0,0,0
1760,8,1,184,1,180,1,181,1,181,0
737,8,0,0,0,0,0,0,0,4,0
852,8,31,244,64,0,0,5,37,128,0
1505,8,137,63,224,11,10,0,152,128,0
354,8,0,8,2,115,234,17,244,206,0
167,8,0,16,250,228,177,40,32,160,0
1175,8,0,0,0,0,0,0,0,0,0
293,8,144,0,64,223,65,189,251,96,0
9,8,255,255,255,255,255,255,255,255,1
14,8,32,82,86,2,8,9,118,20,0
738,8,24,8,13,64,64,0,1,24,0
837,8,5,2,2,194,60,119,64,129,0
1072,8,0,47,68,139,208,128,17,160,0
339,8,0,0,0,0,0,12,0,2,0
1634,8,78,224,0,0,64,0,0,0,0
412,8,20,160,32,9,66,0,40,176,0
208,8,82,119,12,96,250,1,247,0,0
51,8,0,7,144,0,14,128,7,208,0
628,8,0,242,42,244,80,124,134,39,0
192,8,32,0,0,0,0,0,0,0,0
304,8,0,1,80,0,0,0,0,0,0
421,8,255,255,255,255,255,255,255,255,1
403,8,0,8,8,3,232,56,0,0,0
526,8,78,32,3,160,252,63,143,255,0
961,8,123,85,31,187,76,25,41,46,0
1314,8,223,127,208,0,125,160,2,156,0
852,8,31,244,64,0,0,5,37,128,0
1505,8,137,63,224,11,10,0,152,128,0
651,8,0,0,0,0,0,0,0,0,0
870,8,128,29,200,2,1,71,206,56,0
1408,8,0,0,0,3,218,8,0,0,0
1076,8,0,231,0,171,75,107,59,96,0
1760,8,1,184,1,181,1,182,1,181,0
167,8,0,16,250,100,177,40,32,160,0
722,8,0,0,80,0,0,0,0,0,0
1176,8,135,255,191,252,249,128,126,73,0
1124,8,0,2,64,0,0,144,22,88,0
560,8,251,0,0,2,220,0,8,0,0
1694,8,4,64,4,127,31,192,21,162,0
293,8,144,0,64,223,65,189,221,96,0
614,8,255,255,255,255,255,255,255,255,1
14,8,32,82,86,2,8,9,118,14,0
208,8,90,119,12,96,248,1,248,0,0
51,8,0,7,136,0,14,192,7,208,0
1277,8,17,78,10,77,105,15,74,136,0
263,8,0,0,0,0,0,0,0,0,0
186,8,6,168,120,132,16,0,6,40,0
627,8,0,0,0,8,0,0,0,0,0
452,8,0,0,2,0,0,192,0,0,0
676,8,32,32,3,28,4,8,152,208,0
1760,8,1,184,1,179,1,182,1,183,0
881,8,1,6,0,0,0,0,8,128,0
1661,8,0,24,96,2,8,0,2,32,0
1087,8,255,255,255,255,255,255,255,255,1
737,8,0,0,0,0,0,0,0,4,0
852,8,31,244,64,0,0,5,30,0,0
1505,8,137,63,224,11,10,0,156,128,0
354,8,0,8,2,115,234,17,244,206,0
167,8,0,16,249,100,177,40,32,160,0
1307,8,8,2,135,77,94,240,0,1,0
1413,8,0,64,0,0,0,2,0,24,0
813,8,128,0,4,32,172,1,0,32,0
204,8,67,65,9,178,56,175,162,14,0
1644,8,0,0,0,0,24,0,0,0,0
1533,8,189,221,253,255,254,255,237,218,0
293,8,144,0,64,223,65,189,191,96,0
737,8,255,255,255,255,255,255,255,255,1
14,8,32,82,86,2,8,9,117,246,0
1255,8,0,0,0,20,3,102,0,0,0
339,8,0,0,0,0,0,12,0,2,0
661,8,0,0,0,0,0,0,8,64,0
1634,8,78,224,0,0,64,0,0,0,0
1668,8,76,213,128,25,65,84,16,30,0
1590,8,36,156,0,0,240,2,16,0,0
727,8,16,0,96,216,0,0,0,8,0
412,8,24,156,32,9,66,0,40,176,0
208,8,98,119,12,96,247,1,248,0,0
403,8,0,8,8,3,232,56,0,0,0
51,8,0,7,128,0,15,0,7,208,0
526,8,78,32,3,160,252,63,143,255,0
628,8,0,242,44,242,80,124,134,39,0
1314,8,223,127,208,0,125,40,2,156,0
852,8,31,244,64,0,0,5,30,0,0
1505,8,137,63,224,11,10,0,152,128,0
651,8,0,0,0,0,0,0,0,0,0
192,8,32,0,0,0,0,0,0,0,0
372,8,255,255,255,255,255,255,255,255,1
167,8,0,16,251,100,193,40,32,160,0
253,8,0,0,1,0,128,16,0,0,0
1031,8,64,1,95,240,19,192,189,160,0
870,8,128,29,200,2,1,71,206,56,0
60,8,0,0,4,0,42,0,0,0,0
1408,8,0,0,0,3,210,136,0,0,0
1076,8,1,5,160,171,107,123,75,112,0
1760,8,1,184,1,179,1,182,1,183,0
1694,8,4,64,4,127,31,192,21,162,0
293,8,144,0,64,223,65,191,129,96,0
961,8,123,85,31,187,139,25,233,46,0
1176,8,135,255,191,252,247,128,126,138,0
996,8,0,208,0,0,133,0,0,0,0
1628,8,64,8,194,117,32,15,0,0,0
519,8,4,4,96,72,42,222,149,24,0
1225,8,1,249,21,130,13,2,246,75,0
470,8,2,15,130,128,48,36,5,128,0
420,8,0,0,0,2,236,204,0,0,0
14,8,32,82,86,2,8,9,118,14,0
1399,8,0,0,8,0,0,0,1,80,0
622,8,1,6,64,130,137,14,10,4,0
1064,8,255,255,255,255,255,255,255,255,1
208,8,106,119,12,96,245,1,249,0,0
263,8,0,0,0,0,0,0,0,0,0
244,8,154,12,1,2,4,177,2,64,0
51,8,0,7,120,0,15,64,7,208,0
560,8,250,0,0,2,220,0,10,0,0
1760,8,1,183,1,181,1,183,1,183,0
737,8,0,0,0,0,0,0,0,4,0
852,8,31,244,64,0,0,5,15,0,0
1505,8,137,63,224,11,10,0,152,128,0
354,8,0,8,2,115,234,17,244,206,0
167,8,0,16,251,100,193,40,32,160,0
293,8,144,0,64,223,65,191,99,96,0
14,8,32,82,86,2,8,9,118,14,0
339,8,0,0,0,0,0,12,0,2,0
1634,8,78,224,0,0,64,0,0,0,0
412,8,28,152,32,9,66,0,40,176,0
208,8,114,119,12,96,244,1,249,0,0
51,8,0,7,112,0,15,128,7,208,0
628,8,0,242,46,240,80,124,134,39,0
192,8,32,0,0,0,0,0,0,0,0
403,8,0,8,8,3,232,56,0,0,0
1459,8,4,0,0,0,0,0,4,0,0
526,8,78,32,3,160,252,63,143,255,0
1314,8,223,127,208,0,124,176,2,92,0
870,8,128,29,200,2,1,71,206,56,0
852,8,31,244,64,0,0,5,120,0,0
1505,8,137,63,224,11,10,0,156,128,0
651,8,0,0,0,0,0,0,0,0,0
1408,8,0,0,0,3,203,8,0,0,0
1076,8,1,38,32,171,123,155,123,160,0
1760,8,1,184,1,180,1,183,1,183,0
167,8,0,16,249,100,193,40,32,160,0
61,8,0,0,13,0,0,0,0,0,0
1176,8,135,255,191,252,246,128,126,139,0
560,8,249,0,0,2,220,0,12,0,0
1694,8,4,64,4,127,31,192,21,162,0
293,8,144,0,64,223,65,191,69,96,0
244,8,255,255,255,255,255,255,255,255,1
14,8,32,82,86,2,8,9,118,20,0
661,8,0,0,0,0,0,0,8,64,0
208,8,122,119,12,96,243,1,249,0,0
51,8,0,7,104,0,15,192,7,208,0
263,8,0,0,0,0,0,0,0,0,0
186,8,6,168,120,132,16,0,6,44,0
961,8,123,85,31,187,138,154,105,46,0
1760,8,1,184,1,180,1,184,1,183,0
502,8,255,255,255,255,255,255,255,255,1
737,8,0,0,0,0,0,0,0,4,0
852,8,31,244,64,0,0,5,120,0,0
1505,8,137,63,224,11,10,0,152,128,0
354,8,0,8,2,115,234,17,244,206,0
167,8,0,16,249,100,177,40,32,160,0
1372,8,16,28,0,0,66,132,48,0,0
293,8,144,0,64,223,65,191,39,96,0
751,8,255,255,255,255,255,255,255,255,1
14,8,32,82,86,2,8,9,118,8,0
339,8,0,0,0,0,0,12,0,2,0
1634,8,78,224,0,0,64,0,0,0,0
412,8,0,180,32,9,66,0,40,176,0
208,8,2,119,12,96,2,1,249,0,0
51,8,0,7,224,0,12,0,7,208,0
628,8,0,242,32,254,80,124,134,39,0
192,8,32,0,0,0,0,0,0,0,0
692,8,20,233,161,0,0,0,88,0,0
485,8,1,70,4,5,168,65,163,224,0
813,8,128,0,4,32,172,1,0,32,0
403,8,0,8,8,3,232,56,0,0,0
526,8,78,32,3,160,252,191,143,255,0
1277,8,17,79,10,77,105,15,74,136,0
1314,8,223,127,208,0,124,56,2,28,0
870,8,128,29,200,2,1,71,206,56,0
852,8,31,244,64,0,0,5,112,128,0
703,8,255,255,255,255,255,255,255,255,1
1505,8,137,63,224,11,10,0,152,128,0
651,8,0,0,0,0,0,0,0,0,0
1408,8,0,0,0,3,195,136,0,0,0
1076,8,1,70,128,171,171,187,155,176,0
1760,8,1,184,1,179,1,184,1,184,0
167,8,0,16,251,228,193,40,32,160,0
458,8,63,249,255,128,0,0,12,72,0
1176,8,135,255,191,252,244,128,126,204,0
560,8,248,0,0,2,220,0,14,0,0
1694,8,4,64,4,127,31,192,21,162,0
293,8,144,0,64,223,65,191,9,96,0
14,8,32,82,86,2,8,9,118,8,0
726,8,255,255,255,255,255,255,255,255,1
208,8,10,119,12,96,0,1,250,0,0
51,8,0,7,216,0,12,64,7,208,0
1399,8,0,0,8,0,0,0,1,80,0
263,8,0,0,0,0,0,0,0,0,0
241,8,62,16,28,192,3,89,204,0,0
1760,8,1,184,1,179,1,184,1,184,0
737,8,0,0,0,0,0,0,0,4,0
852,8,31,244,64,0,0,5,97,128,0
1505,8,137,63,224,11,10,0,152,128,0
354,8,0,8,2,115,234,17,244,206,0
167,8,0,16,251,100,177,40,32,160,0
675,8,0,0,0,132,14,128,68,16,0
897,8,255,255,255,255,255,255,255,255,1
293,8,144,0,64,223,65,190,235,96,0
961,8,123,85,31,188,9,91,41,46,0
14,8,32,82,86,2,8,9,118,20,0
339,8,0,0,0,0,0,12,0,2,0
661,8,0,0,0,0,0,0,8,64,0
1634,8,78,224,0,0,64,0,0,0,0
0,8,255,255,255,255,255,255,255,255,1
412,8,4,176,32,9,66,0,40,176,0
208,8,18,119,12,96,255,1,250,0,0
51,8,0,7,208,0,12,128,7,208,0
628,8,0,242,34,252,80,124,134,39,0
192,8,32,0,0,0,0,0,0,0,0
403,8,0,8,8,3,232,56,0,0,0
526,8,78,32,3,160,252,191,175,247,0
1314,8,223,127,208,0,123,192,2,28,0
870,8,128,29,200,2,1,71,206,56,0
852,8,31,244,64,0,0,5,97,128,0
1505,8,137,63,224,11,10,0,156,128,0
651,8,0,0,0,0,0,0,0,0,0
1408,8,0,0,0,3,188,8,0,0,0
1076,8,1,104,96,171,187,219,171,208,0
1760,8,1,184,1,181,1,184,1,184,0
1788,8,0,0,7,97,50,181,104,0,0
167,8,0,16,249,100,193,40,32,160,0
569,8,0,0,0,106,128,0,68,0,0
1176,8,135,255,191,252,242,128,127,13,0
560,8,247,0,0,2,220,0,16,0,0
818,8,255,255,255,255,255,255,255,255,1
1694,8,4,64,4,127,31,192,21,162,0
293,8,144,0,64,223,65,190,205,96,0
705,8,1,243,207,199,200,31,34,218,0
14,8,32,82,86,2,8,9,118,20,0
208,8,26,119,12,96,253,1,251,0,0
51,8,0,7,200,0,12,192,7,208,0
215,8,0,0,2,0,128,0,0,0,0
263,8,0,0,0,0,0,0,0,0,0
186,8,6,168,120,68,16,0,6,44,0
65,8,128,34,0,32,1,0,0,0,0
1082,8,255,255,255,255,255,255,255,255,1
1760,8,1,184,1,180,1,184,1,184,0
737,8,0,0,0,0,0,0,0,4,0
852,8,31,244,64,0,0,5,90,0,0
1505,8,137,63,224,11,10,0,152,128,0
354,8,0,8,2,115,234,17,244,206,0
167,8,0,16,249,228,177,40,32,160,0
1175,8,0,0,0,0,0,0,0,0,0
293,8,144,0,64,223,65,190,175,96,0
649,8,255,255,255,255,255,255,255,255,1
14,8,32,82,86,2,8,9,118,14,0
738,8,24,8,13,64,64,0,1,24,0
837,8,5,2,2,194,60,119,64,129,0
1072,8,0,47,68,139,208,128,17,160,0
339,8,0,0,0,0,0,12,0,2,0
1634,8,78,224,0,0,64,0,0,0,0
412,8,8,172,32,9,66,0,40,176,0
208,8,34,119,12,96,252,1,251,0,0
51,8,0,7,192,0,13,0,7,208,0
628,8,0,242,36,250,80,124,134,39,0
192,8,32,0,0,0,0,0,0,0,0
304,8,0,1,80,0,0,0,0,0,0
403,8,0,8,8,3,232,56,0,0,0
961,8,123,85,31,187,137,91,169,46,0
526,8,78,32,3,160,253,63,143,247,0
1314,8,223,127,208,0,123,72,2,28,0
870,8,128,29,200,2,1,71,206,56,0
1267,8,255,255,255,255,255,255,255,255,1
852,8,31,244,64,0,0,5,90,0,0
1505,8,137,63,224,11,10,0,152,128,0
651,8,0,0,0,0,0,0,0,0,0
1408,8,0,0,0,3,180,136,0,0,0
1076,8,1,134,192,171,219,235,187,224,0
1760,8,1,184,1,180,1,184,1,184,0
167,8,0,16,251,100,177,40,32,160,0
722,8,0,0,8,0,0,0,0,0,0
1176,8,135,255,191,252,241,128,127,14,0
1124,8,0,2,64,0,0,144,21,89,0
560,8,246,0,0,2,220,0,18,0,0
1694,8,4,64,4,127,31,192,21,162,0
293,8,144,0,64,223,65,190,145,96,0
1626,8,255,255,255,255,255,255,255,255,1
14,8,32,82,86,2,8,9,118,14,0
661,8,0,0,0,0,0,0,8,64,0
208,8,42,119,12,96,251,1,251,0,0
51,8,0,7,184,0,13,64,7,208,0
1277,8,17,87,10,77,117,16,202,136,0
263,8,0,0,0,0,0,0,0,0,0
663,8,17,0,0,32,0,2,81,16,0
1455,8,32,192,0,0,0,32,112,0,0
813,8,128,0,4,32,172,1,0,32,0
1760,8,1,184,1,181,1,184,1,184,0
737,8,0,0,0,0,0,0,0,4,0
852,8,31,244,64,0,0,5,75,0,0
1505,8,137,63,224,11,10,0,156,128,0
354,8,0,8,2,115,234,17,244,206,0
167,8,0,16,249,228,193,40,32,160,0
652,8,255,255,255,255,255,255,255,255,1
1644,8,0,0,0,0,24,0,0,0,0
1413,8,0,64,0,0,0,2,0,24,0
293,8,144,0,64,223,65,190,115,96,0
14,8,32,82,86,2,8,9,118,20,0
1255,8,0,0,0,20,3,102,0,0,0
277,8,255,255,255,255,255,255,255,255,1
339,8,0,0,0,0,0,12,0,2,0
1634,8,78,224,0,0,64,0,0,0,0
1668,8,76,213,128,25,65,84,16,30,0
1590,8,36,156,0,0,240,2,32,0,0
727,8,16,0,96,216,0,0,0,8,0
412,8,12,168,32,9,66,0,40,176,0
403,8,0,8,8,3,232,56,0,0,0
526,8,78,32,3,160,253,63,175,255,0
208,8,50,119,12,96,250,1,251,0,0
51,8,0,7,176,0,13,128,7,208,0
628,8,0,242,38,248,80,124,134,39,0
192,8,32,0,0,0,0,0,0,0,0
852,8,31,244,64,0,0,5,60,0,0
1505,8,137,63,224,11,10,0,152,128,0
651,8,0,0,0,0,0,0,0,0,0
167,8,0,16,249,100,193,40,32,160,0
1031,8,64,1,95,240,19,192,189,160,0
60,8,0,0,4,0,59,0,0,0,0
996,8,0,208,0,0,133,0,0,0,0
1314,8,223,127,208,0,122,208,1,220,0
1628,8,64,8,194,117,32,15,0,0,0
1687,8,255,255,255,255,255,255,255,255,1
870,8,128,29,200,2,1,71,206,56,0
519,8,4,4,96,72,42,222,149,24,0
1408,8,0,0,0,3,173,8,0,0,0
1694,8,4,64,4,127,31,192,21,162,0
293,8,144,0,64,223,65,190,85,96,0
1076,8,1,166,0,171,236,11,220,16,0
961,8,123,85,31,186,201,92,105,46,0
1760,8,1,184,1,181,1,184,1,184,0
1176,8,135,255,191,252,240,128,127,15,0
1225,8,1,249,21,130,13,2,246,75,0
470,8,2,11,128,128,48,36,5,128,0
1399,8,0,0,8,0,0,0,1,80,0
117,8,15,50,0,15,174,30,224,0,0
14,8,32,82,86,2,8,9,118,8,0
560,8,245,0,0,2,220,0,20,0,0
208,8,58,119,12,96,249,1,251,0,0
51,8,0,7,168,0,13,192,7,208,0
622,8,1,6,64,130,137,14,10,4,0
263,8,0,0,0,0,0,0,0,0,0
244,8,154,12,1,2,4,177,2,64,0
11,8,255,255,255,255,255,255,255,255,1
1760,8,1,184,1,181,1,184,1,184,0
186,8,6,168,120,68,16,0,6,44,0
737,8,0,0,0,0,0,0,0,4,0
852,8,31,244,64,0,0,5,60,0,0
1505,8,137,63,224,11,10,0,152,128,0
354,8,0,8,2,115,234,17,244,206,0
167,8,0,16,251,100,193,40,32,160,0
58,8,0,0,0,0,0,29,8,0,0
293,8,144,0,64,223,65,190,55,96,0
1471,8,255,255,255,255,255,255,255,255,1
953,8,32,4,114,0,0,0,92,66,0
1227,8,128,0,0,0,0,14,0,0,0
640,8,24,224,2,112,0,0,0,0,0
14,8,32,82,86,2,8,9,118,8,0
541,8,0,0,0,0,0,1,0,0,0
339,8,0,0,0,0,0,12,0,2,0
661,8,0,0,0,0,0,0,8,64,0
1634,8,78,224,0,0,64,0,0,0,0
412,8,16,164,32,9,66,0,40,176,0
208,8,66,119,12,96,248,1,251,0,0
51,8,0,7,160,0,14,0,7,208,0
628,8,0,242,40,246,80,124,134,39,0
192,8,32,0,0,0,0,0,0,0,0
1459,8,4,0,0,0,0,0,4,0,0
403,8,0,8,8,3,232,56,0,0,0
526,8,78,31,255,160,253,63,143,255,0
1196,8,255,255,255,255,255,255,255,255,1
1314,8,223,127,208,0,122,88,1,220,0
870,8,128,29,200,2,1,71,206,56,0
852,8,31,244,64,0,0,5,52,128,0
1505,8,137,63,224,11,10,0,156,128,0
651,8,0,0,0,0,0,0,0,0,0
1408,8,0,0,0,3,165,136,0,0,0
1076,8,1,198,64,172,28,60,12,48,0
1760,8,1,184,1,181,1,184,1,184,0
167,8,0,16,250,228,193,40,32,160,0
61,8,0,0,13,128,0,0,0,0,0
1176,8,135,255,191,252,254,128,127,64,0
1262,8,160,0,13,8,240,76,64,8,0
1049,8,10,155,70,77,4,95,195,15,0
1694,8,4,64,4,127,31,192,21,162,0
293,8,144,0,64,223,65,190,25,96,0
560,8,244,0,0,2,220,0,22,0,0
783,8,255,255,255,255,255,255,255,255,1
14,8,32,82,86,2,8,9,118,20,0
208,8,74,119,12,96,246,1,252,0,0
51,8,0,7,152,0,14,64,7,208,0
263,8,0,0,0,0,0,0,0,0,0
961,8,123,85,31,186,137,28,233,46,0
1760,8,1,184,1,181,1,184,1,184,0
737,8,0,0,0,0,0,0,0,4,0
852,8,31,244,64,0,0,5,37,128,0
1505,8,137,63,224,11,10,0,156,128,0
1004,8,255,255,255,255,255,255,255,255,1
354,8,0,8,2,115,234,17,244,206,0
167,8,0,16,249,100,177,40,32,160,0
1693,8,128,141,207,176,79,193,252,177,0
293,8,144,0,64,223,65,189,251,96,0
14,8,32,82,86,2,8,9,118,8,0
908,8,255,255,255,255,255,255,255,255,1
339,8,0,0,0,0,0,12,0,2,0
1634,8,78,224,0,0,64,0,0,0,0
412,8,20,160,32,9,66,0,40,176,0
208,8,82,119,12,96,245,1,252,0,0
51,8,0,7,144,0,14,128,7,208,0
628,8,0,242,42,244,80,124,134,39,0
192,8,32,0,0,0,0,0,0,0,0
692,8,20,233,161,0,0,0,88,0,0
813,8,128,0,4,32,172,1,0,32,0
1277,8,17,84,10,77,113,16,74,136,0
403,8,0,8,8,3,232,56,0,0,0
526,8,78,32,3,160,253,63,143,255,0
1314,8,223,127,208,0,121,224,1,156,0
870,8,128,29,200,2,1,71,206,56,0
852,8,31,244,64,0,0,5,37,128,0
1505,8,137,63,224,11,10,0,152,128,0
651,8,0,0,0,0,0,0,0,0,0
1408,8,0,0,0,3,158,8,0,0,0
1076,8,1,229,160,172,60,76,28,64,0
1760,8,1,184,1,183,1,184,1,184,0
167,8,0,16,250,100,193,40,32,160,0
523,8,255,255,255,255,255,255,255,255,1
458,8,63,249,255,128,0,0,12,72,0
1176,8,135,255,191,252,253,128,127,65,0
1512,8,0,0,2,4,0,57,176,0,0
560,8,243,0,0,2,220,0,24,0,0
1694,8,4,64,4,127,31,192,21,162,0
293,8,144,0,64,223,65,189,221,96,0
14,8,32,82,86,2,8,9,118,14,0
661,8,0,0,0,0,0,0,8,64,0
208,8,90,119,12,96,244,1,252,0,0
51,8,0,7,136,0,14,192,7,208,0
1112,8,255,255,255,255,255,255,255,255,1
263,8,0,0,0,0,0,0,0,0,0
186,8,6,168,120,4,16,0,6,44,0
1399,8,0,0,8,0,0,0,1,80,0
1760,8,1,187,1,182,1,184,1,184,0
737,8,0,0,0,0,0,0,0,4,0
852,8,31,244,64,0,0,5,30,0,0
1505,8,137,63,224,11,10,0,152,128,0
354,8,0,8,2,99,234,17,244,206,0
167,8,0,16,250,228,193,40,32,160,0
675,8,0,0,0,132,14,128,67,144,0
1242,8,255,255,255,255,255,255,255,255,1
293,8,144,0,64,223,65,189,191,96,0
961,8,123,85,31,188,6,221,169,46,0
14,8,32,82,86,2,8,9,118,26,0
339,8,0,0,0,0,0,12,0,2,0
1634,8,78,224,0,0,64,0,0,0,0
412,8,24,156,32,9,66,0,40,176,0
208,8,98,119,12,96,243,1,252,0,0
51,8,0,7,128,0,15,0,7,208,0
628,8,0,242,44,242,80,124,134,39,0
192,8,32,0,0,0,0,0,0,0,0
1244,8,255,255,255,255,255,255,255,255,1
403,8,0,8,8,3,232,56,0,0,0
526,8,78,32,3,160,253,63,143,247,0
1314,8,223,127,208,0,121,104,1,156,0
870,8,128,29,200,2,1,71,206,56,0
1408,8,0,0,0,3,150,136,0,0,0
852,8,31,244,64,0,0,5,30,0,0
1505,8,137,63,224,11,10,0,156,128,0
651,8,0,0,0,0,0,0,0,0,0
1076,8,2,8,32,172,76,92,60,80,0
1760,8,1,187,1,182,1,184,1,184,0
1788,8,0,0,7,97,18,181,104,0,0
167,8,0,16,249,100,193,40,32,160,0
569,8,0,0,0,106,64,0,68,0,0
1176,8,135,255,191,252,252,128,127,66,0
560,8,242,0,0,2,220,0,26,0,0
1694,8,4,64,4,127,31,192,21,162,0
293,8,144,0,64,223,65,191,129,96,0
70,8,255,255,255,255,255,255,255,255,1
14,8,32,82,86,2,8,9,118,14,0
208,8,106,119,12,96,242,1,252,0,0
51,8,0,7,120,0,15,64,7,208,0
215,8,0,0,2,0,128,0,0,0,0
263,8,0,0,0,0,0,0,0,0,0
705,8,1,243,79,199,201,31,18,238,0
1760,8,1,184,1,181,1,184,1,184,0
1241,8,255,255,255,255,255,255,255,255,1
737,8,0,0,0,0,0,0,0,4,0
852,8,31,244,64,0,0,5,15,0,0
1505,8,137,63,224,11,10,0,152,128,0
354,8,0,8,2,99,234,17,244,206,0
167,8,0,16,249,228,177,40,32,160,0
1175,8,0,0,0,0,0,0,0,0,0
293,8,144,0,64,223,65,191,99,96,0
728,8,255,255,255,255,255,255,255,255,1
14,8,32,82,86,2,8,9,118,8,0
738,8,24,8,13,64,64,0,1,24,0
837,8,5,2,2,194,60,119,64,129,0
1072,8,0,47,68,139,208,128,17,160,0
339,8,0,0,0,0,0,12,0,2,0
661,8,0,0,0,0,0,0,8,64,0
1634,8,78,224,0,0,64,0,0,0,0
412,8,28,152,32,9,66,0,40,176,0
208,8,114,119,12,96,241,1,252,0,0
51,8,0,7,112,0,15,128,7,208,0
628,8,0,242,46,240,80,124,134,39,0
192,8,32,0,0,0,0,0,0,0,0
304,8,0,1,80,0,0,0,0,0,0
403,8,0,8,8,3,232,56,0,0,0
526,8,78,32,7,160,253,191,111,255,0
961,8,123,85,31,188,133,222,41,46,0
1314,8,223,127,208,0,120,240,1,156,0
870,8,128,29,200,2,1,71,206,56,0
852,8,31,244,64,0,0,5,120,0,0
1505,8,137,63,224,11,10,0,152,128,0
651,8,0,0,0,0,0,0,0,0,0
1422,8,255,255,255,255,255,255,255,255,1
1408,8,0,0,0,3,143,8,0,0,0
1076,8,2,40,32,172,92,124,76,128,0
1760,8,1,185,1,181,1,184,1,184,0
167,8,0,16,251,228,193,40,32,160,0
722,8,0,0,16,0,0,0,0,0,0
1372,8,16,28,0,0,66,132,48,0,0
1176,8,135,255,191,252,251,128,127,67,0
1124,8,0,2,64,0,0,144,20,90,0
1694,8,4,64,4,127,31,192,21,162,0
293,8,144,0,64,223,65,191,69,96,0
560,8,241,0,0,2,220,0,28,0,0
14,8,32,82,86,2,8,9,118,8,0
291,8,255,255,255,255,255,255,255,255,1
208,8,122,119,12,96,240,1,252,0,0
51,8,0,7,104,0,15,192,7,208,0
1277,8,17,75,10,76,101,14,202,136,0
263,8,0,0,0,0,0,0,0,0,0
186,8,6,168,120,4,16,0,6,44,0
1307,8,40,26,50,9,178,129,128,193,0
813,8,128,0,4,32,172,1,0,32,0
1760,8,1,185,1,183,1,184,1,184,0
737,8,0,0,0,0,0,0,0,4,0
852,8,31,244,64,0,0,5,120,0,0
1505,8,137,63,224,11,10,0,156,128,0
354,8,0,8,2,99,234,17,244,206,0
167,8,0,16,250,100,177,40,32,160,0
1413,8,0,64,0,0,0,2,0,24,0
222,8,255,255,255,255,255,255,255,255,1
1644,8,0,0,0,0,24,0,0,0,0
1560,8,251,125,190,255,247,119,191,221,0
293,8,144,0,64,223,65,191,39,96,0
14,8,32,82,86,2,8,9,118,20,0
1255,8,0,0,0,20,3,102,0,0,0
339,8,0,0,0,0,0,12,0,2,0
1634,8,78,224,0,0,64,0,0,0,0
1668,8,76,213,128,25,65,84,16,30,0
1155,8,255,255,255,255,255,255,255,255,1
1590,8,36,156,0,0,240,2,48,0,0
727,8,16,0,96,216,0,0,0,8,0
412,8,0,180,32,9,66,0,40,176,0
403,8,0,8,8,3,232,56,0,0,0
526,8,78,32,7,160,253,191,111,255,0
208,8,2,119,12,96,255,1,252,0,0
51,8,0,7,224,0,12,0,7,208,0
628,8,0,242,32,254,80,124,134,39,0
192,8,32,0,0,0,0,0,0,0,0
852,8,31,244,64,0,0,5,112,128,0
1505,8,137,63,224,11,10,0,156,128,0
651,8,0,0,0,0,0,0,0,0,0
167,8,0,16,249,100,177,40,32,160,0
1031,8,64,1,95,240,19,192,189,160,0
60,8,0,0,4,0,51,0,0,0,0
996,8,0,208,0,0,133,0,0,0,0
1314,8,223,127,208,0,120,120,1,92,0
1628,8,64,8,194,117,32,15,0,0,0
870,8,128,29,200,2,1,71,206,56,0
519,8,4,4,96,72,42,222,149,24,0
1408,8,0,0,0,3,135,136,0,0,0
1076,8,2,64,0,172,140,140,124,160,0
1275,8,255,255,255,255,255,255,255,255,1
1694,8,4,64,4,127,31,192,21,162,0
293,8,144,0,64,223,65,191,9,96,0
961,8,123,85,31,188,196,222,233,46,0
1760,8,1,188,1,184,1,184,1,184,0
1176,8,135,255,191,252,251,128,127,4,0
1225,8,1,249,21,130,13,3,246,75,0
470,8,2,143,194,128,52,116,5,144,0
1399,8,0,0,8,0,0,0,1,80,0
560,8,240,0,0,2,220,0,30,0,0
14,8,32,82,86,2,8,9,118,14,0
661,8,0,0,0,0,0,0,8,64,0
208,8,10,119,12,96,255,1,251,0,0
51,8,0,7,216,0,12,64,7,208,0
622,8,1,6,64,130,137,14,10,4,0
263,8,0,0,0,0,0,0,0,0,0
244,8,154,12,1,2,4,177,2,64,0
4,8,255,255,255,255,255,255,255,255,1
1760,8,1,187,1,184,1,185,1,184,0
737,8,0,0,0,0,0,0,0,4,0
852,8,31,244,64,0,0,5,97,128,0
1505,8,137,63,224,11,10,0,152,128,0
354,8,0,8,2,99,234,17,244,206,0
167,8,0,16,250,228,193,40,32,160,0
293,8,144,0,64,223,65,190,235,96,0
1771,8,255,255,255,255,255,255,255,255,1
14,8,32,82,86,2,8,9,118,8,0
339,8,0,0,0,0,0,12,0,2,0
1634,8,78,224,0,0,64,0,0,0,0
412,8,4,176,32,9,66,0,40,176,0
208,8,18,119,12,96,254,1,251,0,0
51,8,0,7,208,0,12,128,7,208,0
628,8,0,242,34,252,80,124,134,39,0
192,8,32,0,0,0,0,0,0,0,0
426,8,144,190,189,68,161,99,230,64,0
1459,8,4,0,0,0,0,0,4,0,0
403,8,0,8,8,3,232,56,0,0,0
526,8,78,32,7,160,253,191,143,255,0
1314,8,223,127,208,0,127,128,1,92,0
870,8,128,29,200,2,1,71,206,56,0
197,8,255,255,255,255,255,255,255,255,1
852,8,31,244,64,0,0,5,97,128,0
1505,8,137,63,224,11,10,0,152,128,0
651,8,0,0,0,0,0,0,0,0,0
1408,8,0,0,0,3,248,8,0,0,0
1076,8,2,96,0,172,172,188,140,176,0
1760,8,1,187,1,184,1,184,1,184,0
167,8,0,16,251,100,177,40,32,160,0
61,8,0,0,13,128,0,0,0,0,0
1176,8,135,255,191,252,250,128,127,5,0
560,8,255,0,0,2,220,0,0,0,0
1694,8,4,64,4,127,31,192,21,162,0
293,8,144,0,64,223,65,190,205,96,0
14,8,32,82,86,2,8,9,118,20,0
1251,8,255,255,255,255,255,255,255,255,1
208,8,26,119,12,96,253,1,251,0,0
51,8,0,7,200,0,12,192,7,208,0
263,8,0,0,0,0,0,0,0,0,0
186,8,6,168,120,4,16,0,6,44,0
961,8,123,85,31,188,132,159,105,46,0
1760,8,1,188,1,184,1,184,1,184,0
737,8,0,0,0,0,0,0,0,4,0
852,8,31,244,64,0,0,5,90,0,0
1505,8,137,63,224,11,10,0,156,128,0
354,8,0,8,2,99,234,17,244,206,0
167,8,0,16,249,100,193,40,32,160,0
796,8,255,255,255,255,255,255,255,255,1
293,8,144,0,64,223,65,190,175,96,0
14,8,32,82,86,2,8,9,118,14,0
339,8,0,0,0,0,0,12,0,2,0
661,8,0,0,0,0,0,0,8,64,0
1634,8,78,224,0,0,64,0,0,0,0
1427,8,255,255,255,255,255,255,255,255,1
412,8,8,172,32,9,66,0,40,176,0
208,8,34,119,12,96,252,1,251,0,0
51,8,0,7,192,0,13,0,7,208,0
628,8,0,242,36,250,80,124,134,39,0
192,8,32,0,0,0,0,0,0,0,0
778,8,64,45,80,1,211,66,50,0,0
403,8,0,8,8,3,232,56,0,0,0
526,8,78,32,7,160,254,63,111,247,0
692,8,20,233,161,0,0,0,88,0,0
1314,8,223,127,208,0,127,8,1,92,0
870,8,128,29,200,2,1,71,206,56,0
852,8,31,244,64,0,0,5,90,0,0
1505,8,137,63,224,11,10,0,152,128,0
651,8,0,0,0,0,0,0,0,0,0
1408,8,0,0,0,3,240,136,0,0,0
1076,8,2,138,160,172,188,220,172,208,0
1760,8,1,188,1,184,1,184,1,184,0
167,8,0,16,249,228,193,40,32,160,0
458,8,63,249,255,128,0,0,12,72,0
452,8,0,0,2,0,1,0,0,0,0
676,8,54,220,0,28,4,8,152,208,0
1176,8,135,255,191,252,248,128,127,70,0
161,8,255,255,255,255,255,255,255,255,1
1694,8,4,64,4,127,32,0,21,162,0
293,8,144,0,64,223,65,190,145,96,0
813,8,128,0,4,32,172,1,0,32,0
1277,8,17,84,10,77,111,16,74,136,0
560,8,254,0,0,2,220,0,2,0,0
14,8,32,82,86,2,8,9,118,2,0
208,8,42,119,12,96,250,1,252,0,0
51,8,0,7,184,0,13,64,7,208,0
1399,8,0,0,8,0,0,0,1,80,0
263,8,0,0,0,0,0,0,0,0,0
1381,8,255,255,255,255,255,255,255,255,1
1760,8,1,186,1,186,1,184,1,184,0
737,8,0,0,0,0,0,0,0,4,0
852,8,31,244,64,0,0,5,75,0,0
1505,8,137,63,224,11,10,0,148,128,0
354,8,0,8,2,99,234,17,244,206,0
167,8,0,16,251,228,177,40,32,160,0
675,8,0,0,0,132,14,128,66,144,0
293,8,144,0,64,223,65,190,115,96,0
961,8,123,85,31,187,5,96,41,46,0
1178,8,255,255,255,255,255,255,255,255,1
14,8,32,82,86,2,8,9,118,8,0
339,8,0,0,0,0,0,12,0,2,0
1634,8,78,224,0,0,64,0,0,0,0
412,8,12,168,32,9,66,0,40,176,0
208,8,50,119,12,96,249,1,252,0,0
51,8,0,7,176,0,13,128,7,208,0
628,8,0,242,38,248,80,124,134,39,0
192,8,32,0,0,0,0,0,0,0,0
403,8,0,8,8,3,232,56,0,0,0
526,8,78,32,3,160,254,63,143,247,0
1314,8,223,127,208,0,126,144,1,28,0
870,8,128,29,200,2,1,71,206,56,0
1408,8,0,0,0,3,233,8,0,0,0
403,8,255,255,255,255,255,255,255,255,1
852,8,31,244,64,0,0,5,60,0,0
1505,8,137,63,224,11,10,0,156,128,0
651,8,0,0,0,0,0,0,0,0,0
1076,8,2,170,160,172,220,236,188,240,0
1760,8,1,188,1,186,1,184,1,184,0
1788,8,0,0,7,96,210,181,104,0,0
167,8,0,16,250,100,193,40,32,160,0
569,8,0,0,0,105,224,0,68,0,0
1176,8,135,255,191,252,247,128,127,71,0
560,8,253,0,0,2,220,0,4,0,0
1694,8,4,64,4,127,31,192,21,162,0
293,8,144,0,64,223,65,190,85,96,0
14,8,32,82,86,2,8,9,118,20,0
526,8,255,255,255,255,255,255,255,255,1
661,8,0,0,0,0,0,0,8,64,0
208,8,58,119,12,96,248,1,252,0,0
51,8,0,7,168,0,13,192,7,208,0
215,8,0,0,2,0,128,0,0,0,0
263,8,0,0,0,0,0,0,0,0,0
186,8,6,168,119,196,16,0,6,44,0
1455,8,32,192,0,0,0,32,120,0,0
1760,8,1,188,1,187,1,184,1,184,0
737,8,0,0,0,0,0,0,0,4,0
852,8,31,244,64,0,0,5,60,0,0
1505,8,137,63,224,11,10,0,156,128,0
354,8,0,8,2,99,234,17,244,206,0
167,8,0,16,249,100,177,40,32,160,0
1175,8,0,0,0,0,0,0,0,0,0
505,8,255,255,255,255,255,255,255,255,1
293,8,144,0,64,223,65,190,55,96,0
705,8,1,243,175,199,201,158,245,4,0
14,8,32,82,86,2,8,9,118,2,0
738,8,24,8,13,64,64,0,1,24,0
837,8,5,2,2,194,60,119,64,129,0
1072,8,0,47,68,139,208,128,17,160,0
339,8,0,0,0,0,0,12,0,2,0
1634,8,78,224,0,0,64,0,0,0,0
1764,8,255,255,255,255,255,255,255,255,1
412,8,16,164,32,9,66,0,40,176,0
208,8,66,119,12,96,247,1,252,0,0
51,8,0,7,160,0,14,0,7,208,0
628,8,0,242,40,246,80,124,134,39,0
192,8,32,0,0,0,0,0,0,0,0
304,8,0,1,80,0,0,0,0,0,0
403,8,0,8,8,3,232,56,0,0,0
526,8,78,32,3,160,254,63,143,255,0
961,8,123,85,31,186,197,32,169,46,0
1314,8,223,127,208,0,126,24,1,28,0
870,8,128,29,200,2,1,71,206,56,0
1408,8,0,0,0,3,225,136,0,0,0
852,8,31,244,64,0,0,5,52,128,0
1505,8,137,63,224,11,10,0,148,128,0
651,8,0,0,0,0,0,0,0,0,0
1076,8,2,202,160,172,236,252,237,16,0
1760,8,1,191,1,185,1,184,1,184,0
167,8,0,16,250,228,177,40,32,160,0
722,8,0,0,24,0,0,0,0,0,0
627,8,0,64,0,9,0,0,0,0,0
1176,8,135,255,191,252,246,128,127,72,0
1124,8,0,2,64,0,0,144,19,91,0
14,8,255,255,255,255,255,255,255,255,1
1694,8,4,64,4,127,31,192,21,162,0
293,8,144,0,64,223,65,190,25,96,0
560,8,252,0,0,2,220,0,6,0,0
14,8,32,82,86,2,8,9,118,2,0
208,8,74,119,12,96,246,1,252,0,0
51,8,0,7,152,0,14,64,7,208,0
1277,8,17,84,10,76,113,16,74,136,0
263,8,0,0,0,0,0,0,0,0,0
663,8,49,2,0,32,2,2,81,24,0
528,8,255,255,255,255,255,255,255,255,1
813,8,128,0,4,32,172,1,0,32,0
1760,8,1,191,1,185,1,184,1,184,0
737,8,0,0,0,0,0,0,0,4,0
852,8,31,244,64,0,0,5,37,128,0
1505,8,137,63,224,11,10,0,152,128,0
354,8,0,8,2,99,234,17,244,206,0
167,8,0,16,250,228,177,40,32,160,0
1413,8,0,64,0,0,0,2,0,24,0
1644,8,0,0,0,0,24,0,0,0,0
293,8,144,0,64,223,65,189,251,96,0
281,8,255,255,255,255,255,255,255,255,1
14,8,32,82,86,2,8,9,118,8,0
1255,8,0,0,0,20,3,102,0,0,0
339,8,0,0,0,0,0,12,0,2,0
661,8,0,0,0,0,0,0,8,64,0
1634,8,78,224,0,0,64,0,0,0,0
1668,8,76,213,128,25,65,84,16,30,0
1590,8,36,156,0,0,240,2,64,0,0
727,8,16,0,96,216,0,0,0,8,0
412,8,20,160,32,9,66,0,40,176,0
403,8,0,8,8,3,232,56,0,0,0
526,8,78,32,3,160,254,191,143,255,0
208,8,82,119,12,96,245,1,252,0,0
51,8,0,7,144,0,14,128,7,208,0
628,8,0,242,42,244,80,124,134,39,0
1314,8,255,255,255,255,255,255,255,255,1
852,8,31,244,64,0,0,5,37,128,0
1505,8,137,63,224,11,10,0,156,128,0
651,8,0,0,0,0,0,0,0,0,0
192,8,32,0,0,0,0,0,0,0,0
167,8,0,16,249,100,177,40,32,160,0
1031,8,64,1,95,240,19,192,189,160,0
60,8,0,0,4,0,43,0,0,0,0
1455,8,32,192,0,0,0,32,112,0,0
1314,8,223,127,208,0,125,160,1,28,0
996,8,0,208,0,0,133,0,0,0,0
870,8,128,29,200,2,1,71,206,56,0
1628,8,64,8,194,117,32,15,0,0,0
1408,8,0,0,0,3,218,8,0,0,0
519,8,4,4,96,72,42,222,149,24,0
1694,8,4,64,4,127,31,192,21,162,0
293,8,144,0,64,223,65,189,221,96,0
961,8,123,85,31,187,4,33,105,46,0
1076,8,2,234,160,173,29,44,253,32,0
1760,8,1,190,1,188,1,184,1,184,0
1176,8,135,255,191,252,246,128,127,9,0
1225,8,1,249,21,130,13,2,246,75,0
470,8,2,11,128,128,48,36,5,128,0
1236,8,255,255,255,255,255,255,255,255,1
14,8,32,82,86,2,8,9,118,14,0
1399,8,0,0,8,0,0,0,1,80,0
560,8,251,0,0,2,220,0,8,0,0
208,8,90,119,12,96,245,1,251,0,0
51,8,0,7,136,0,14,192,7,208,0
263,8,0,0,0,0,0,0,0,0,0
244,8,154,12,1,2,4,177,2,64,0
186,8,6,168,119,196,16,0,6,44,0
1760,8,1,190,1,188,1,184,1,184,0
622,8,1,6,64,130,137,14,10,4,0
737,8,0,0,0,0,0,0,0,4,0
852,8,31,244,64,0,0,5,30,0,0
1505,8,137,63,224,11,10,0,152,128,0
354,8,0,8,2,99,234,17,244,206,0
167,8,0,16,250,100,177,40,32,160,0
1787,8,255,255,255,255,255,255,255,255,1
293,8,144,0,64,223,65,189,191,96,0
1227,8,128,0,0,0,0,14,0,0,0
640,8,24,224,2,112,0,0,0,0,0
14,8,32,82,86,2,8,9,118,14,0
339,8,0,0,0,0,0,12,0,2,0
1627,8,255,255,255,255,255,255,255,255,1
1634,8,78,224,0,0,64,0,0,0,0
412,8,24,156,32,9,66,0,40,176,0
208,8,98,119,12,96,244,1,251,0,0
51,8,0,7,128,0,15,0,7,208,0
628,8,0,242,44,242,80,124,134,39,0
192,8,32,0,0,0,0,0,0,0,0
37,8,0,0,2,136,64,62,34,1,0
1459,8,4,0,0,0,0,0,4,0,0
403,8,0,8,8,3,232,56,0,0,0
526,8,78,32,3,160,255,63,143,255,0
1314,8,223,127,208,0,125,40,1,28,0
6,8,8,0,0,100,0,0,0,0,0
852,8,31,244,64,0,0,5,30,0,0
1505,8,137,63,224,11,10,0,152,128,0
651,8,0,0,0,0,0,0,0,0,0
870,8,128,29,200,2,1,71,206,56,0
1408,8,0,0,0,3,210,136,0,0,0
1076,8,3,10,128,173,45,77,29,64,0
1760,8,1,190,1,188,1,184,1,184,0
167,8,0,16,251,228,193,40,32,160,0
61,8,0,0,13,128,0,0,0,0,0
1176,8,135,255,191,252,245,128,127,10,0
1594,8,255,255,255,255,255,255,255,255,1
560,8,250,0,0,2,220,0,10,0,0
1694,8,4,64,4,127,31,192,21,162,0
293,8,144,0,64,223,65,191,129,96,0
14,8,32,82,86,2,8,9,118,26,0
661,8,0,0,0,0,0,0,8,64,0
208,8,106,119,12,96,243,1,251,0,0
51,8,0,7,120,0,15,64,7,208,0
263,8,0,0,0,0,0,0,0,0,0
1694,8,255,255,255,255,255,255,255,255,1
1455,8,32,128,0,0,0,32,112,0,0
961,8,123,85,31,186,195,225,233,46,0
1760,8,1,191,1,187,1,184,1,184,0
737,8,0,0,0,0,0,0,0,4,0
852,8,31,244,64,0,0,5,15,0,0
1505,8,137,63,224,11,10,0,156,128,0
354,8,0,8,2,99,234,17,244,206,0
167,8,0,16,249,228,177,40,32,160,0
1372,8,16,28,0,0,66,132,48,0,0
293,8,144,0,64,223,65,191,99,96,0
1413,8,255,255,255,255,255,255,255,255,1
14,8,32,82,86,2,8,9,118,44,0
339,8,0,0,0,0,0,12,0,2,0
1634,8,78,224,0,0,64,0,0,0,0
412,8,28,152,32,9,66,0,40,176,0
208,8,114,119,12,96,242,1,251,0,0
51,8,0,7,112,0,15,128,7,208,0
628,8,0,242,46,240,80,124,134,39,0
192,8,32,0,0,0,0,0,0,0,0
778,8,64,45,80,1,211,68,50,0,0
692,8,20,233,161,0,0,0,88,0,0
813,8,128,0,4,32,172,1,0,32,0
403,8,0,8,8,3,232,56,0,0,0
526,8,78,32,3,160,255,63,175,255,0
1621,8,255,255,255,255,255,255,255,255,1
1314,8,223,127,208,0,124,176,1,28,0
870,8,128,29,200,2,1,71,206,56,0
852,8,31,244,64,0,0,5,120,0,0
1505,8,137,63,224,11,10,0,152,128,0
651,8,0,0,0,0,0,0,0,0,0
1408,8,0,0,0,3,203,8,0,0,0
1076,8,3,42,0,173,77,93,45,112,0
1760,8,1,191,1,187,1,184,1,184,0
167,8,0,16,249,100,177,40,32,160,0
458,8,63,249,255,128,0,0,12,72,0
1176,8,135,255,191,252,244,128,127,11,0
1277,8,17,90,10,77,121,17,75,8,0
560,8,249,0,0,2,220,0,12,0,0
1694,8,4,64,4,127,31,192,21,130,0
293,8,144,0,64,223,65,191,69,96,0
293,8,255,255,255,255,255,255,255,255,1
14,8,32,82,86,2,8,9,118,14,0
208,8,122,119,12,96,241,1,251,0,0
51,8,0,7,104,0,15,192,7,208,0
1399,8,0,0,8,0,0,0,1,80,0
263,8,0,0,0,0,0,0,0,0,0
186,8,6,168,119,132,16,0,6,44,0
1760,8,1,191,1,187,1,184,1,184,0
737,8,0,0,0,0,0,0,0,4,0
852,8,31,244,64,0,0,5,120,0,0
1505,8,137,63,224,11,10,0,148,128,0
354,8,0,8,2,99,234,17,244,206,0
167,8,0,16,251,100,177,40,32,160,0
675,8,0,0,0,132,14,128,65,16,0
293,8,144,0,64,223,65,191,39,96,0
961,8,123,85,31,187,194,34,169,46,0
14,8,32,82,86,2,8,9,118,14,0
339,8,0,0,0,0,0,12,0,2,0
661,8,0,0,0,0,0,0,8,64,0
1634,8,78,224,0,0,64,0,0,0,0
412,8,0,180,32,9,66,0,40,176,0
208,8,2,119,12,96,0,1,251,0,0
51,8,0,7,224,0,12,0,7,208,0
628,8,0,242,32,254,80,124,134,39,0
192,8,32,0,0,0,0,0,0,0,0
403,8,0,8,8,3,232,56,0,0,0
526,8,78,32,3,160,255,63,143,255,0
1314,8,223,127,208,0,124,56,0,220,0
870,8,128,29,200,2,1,71,206,56,0
852,8,31,244,64,0,0,5,112,128,0
1505,8,137,63,224,11,10,0,152,128,0
651,8,0,0,0,0,0,0,0,0,0
1408,8,0,0,0,3,195,136,0,0,0
1076,8,3,74,160,173,93,125,93,128,0
1760,8,1,191,1,189,1,184,1,184,0
1788,8,0,0,7,96,210,181,104,0,0
468,8,255,255,255,255,255,255,255,255,1
167,8,0,16,250,228,193,40,32,160,0
569,8,0,0,0,105,160,0,68,0,0
1176,8,135,255,191,252,243,128,127,12,0
560,8,248,0,0,2,220,0,14,0,0
1694,8,4,64,4,127,31,192,21,162,0
293,8,144,0,64,223,65,191,9,96,0
14,8,32,82,86,2,8,9,118,20,0
208,8,10,119,12,96,255,1,251,0,0
51,8,0,7,216,0,12,64,7,208,0
215,8,0,0,2,0,128,0,0,0,0
263,8,0,0,0,0,0,0,0,0,0
1095,8,255,255,255,255,255,255,255,255,1
692,8,20,233,162,0,0,0,88,0,0
1760,8,1,195,1,189,1,184,1,184,0
737,8,0,0,0,0,0,0,0,4,0
852,8,31,244,64,0,0,5,97,128,0
1505,8,137,63,224,11,10,0,152,128,0
354,8,0,8,2,99,234,17,244,206,0
167,8,0,16,249,100,177,40,32,160,0
1175,8,0,0,0,0,0,0,0,0,0
293,8,144,0,64,223,65,190,235,96,0
348,8,255,255,255,255,255,255,255,255,1
14,8,32,82,86,2,8,9,118,8,0
738,8,24,8,13,64,64,0,1,24,0
837,8,5,2,2,194,60,119,64,129,0
1072,8,0,47,68,139,208,128,17,160,0
339,8,0,0,0,0,0,12,16,2,0
1634,8,78,224,0,0,64,0,0,0,0
412,8,4,176,32,9,66,0,40,176,0
208,8,18,119,12,96,254,1,251,0,0
1621,8,0,3,252,0,0,0,0,0,0
51,8,0,7,208,0,12,128,7,208,0
628,8,0,242,34,252,80,124,134,39,0
192,8,32,0,0,0,0,0,0,0,0
304,8,0,1,80,0,0,0,0,0,0
1708,8,255,255,255,255,255,255,255,255,1
403,8,0,8,8,3,232,56,0,0,0
961,8,123,85,31,187,129,227,41,46,0
526,8,78,32,3,160,255,63,175,255,0
1314,8,223,127,208,0,123,192,0,220,0
705,8,1,244,15,199,203,158,211,24,0
852,8,31,244,64,0,0,5,97,128,0
1505,8,137,63,224,11,10,0,148,128,0
651,8,0,0,0,0,0,0,0,0,0
870,8,128,29,200,2,1,71,206,56,0
1408,8,0,0,0,3,188,8,0,0,0
1076,8,3,106,160,173,141,157,125,144,0
1760,8,1,195,1,191,1,184,1,184,0
167,8,0,16,250,100,193,40,32,160,0
722,8,0,0,32,0,0,0,0,0,0
1176,8,135,255,191,252,242,128,127,13,0
1124,8,0,2,64,0,0,144,18,92,0
1694,8,4,64,4,127,31,192,21,162,0
293,8,144,0,64,223,65,190,205,96,0
560,8,247,0,0,2,220,0,16,0,0
1181,8,255,255,255,255,255,255,255,255,1
14,8,32,82,86,2,8,9,118,2,0
661,8,0,0,0,0,0,0,8,64,0
208,8,26,119,12,96,253,1,251,0,0
51,8,0,7,200,0,12,192,7,208,0
1277,8,17,84,10,77,113,16,74,136,0
263,8,0,0,0,0,0,0,0,0,0
186,8,6,168,119,132,16,0,6,44,0
1307,8,40,66,169,202,58,145,137,65,0
813,8,128,0,4,32,172,1,0,32,0
1760,8,1,191,1,191,1,184,1,184,0
737,8,0,0,0,0,0,0,0,4,0
784,8,255,255,255,255,255,255,255,255,1
852,8,31,244,64,0,0,5,90,0,0
1505,8,137,63,224,11,10,0,152,128,0
354,8,0,8,2,99,234,17,244,206,0
167,8,0,16,251,100,177,40,32,160,0
1413,8,0,64,0,0,0,2,0,24,0
1644,8,0,0,0,0,24,0,0,0,0
293,8,144,0,64,223,65,190,175,96,0
1502,8,255,255,255,255,255,255,255,255,1
14,8,32,82,86,2,8,9,118,14,0
1255,8,0,0,0,20,3,102,0,0,0
339,8,0,0,0,0,0,12,16,2,0
1634,8,78,224,0,0,64,0,0,0,0
1668,8,76,213,128,25,65,84,16,30,0
1590,8,36,156,0,0,240,2,64,0,0
727,8,16,0,96,216,0,0,0,8,0
412,8,8,172,32,9,66,0,40,176,0
208,8,34,119,12,96,252,1,251,0,0
51,8,0,7,192,0,13,0,7,208,0
403,8,0,8,8,3,232,56,0,0,0
526,8,78,32,3,160,255,191,175,255,0
628,8,0,242,36,250,80,124,134,39,0
1314,8,223,127,208,0,123,72,0,220,0
192,8,32,0,0,0,0,0,0,0,0
852,8,31,244,64,0,0,5,90,0,0
1505,8,137,63,224,11,10,0,156,128,0
651,8,0,0,0,0,0,0,0,0,0
167,8,0,16,249,100,177,40,32,160,0
1031,8,64,1,95,240,19,192,189,160,0
314,8,255,255,255,255,255,255,255,255,1
60,8,0,0,4,0,44,0,0,0,0
996,8,0,208,0,0,133,0,0,0,0
870,8,128,29,200,2,1,71,206,56,0
1628,8,64,8,194,117,32,15,0,0,0
1408,8,0,0,0,3,180,136,0,0,0
519,8,4,4,224,88,42,222,149,24,0
1076,8,3,130,160,173,157,189,141,176,0
1694,8,4,64,4,127,31,192,21,162,0
293,8,144,0,64,223,65,190,145,96,0
1760,8,1,191,1,190,1,184,1,185,0
961,8,123,85,31,187,65,99,233,46,0
1176,8,135,255,191,252,241,128,127,14,0
1225,8,1,249,21,130,13,2,246,75,0
470,8,2,15,130,128,48,36,5,128,0
1399,8,0,0,8,0,0,0,1,80,0
560,8,246,0,0,2,220,0,18,0,0
14,8,32,82,86,2,8,9,118,14,0
208,8,42,119,12,96,251,1,251,0,0
51,8,0,7,184,0,13,64,7,208,0
603,8,255,255,255,255,255,255,255,255,1
263,8,0,0,0,0,0,0,0,0,0
244,8,154,12,1,2,4,177,2,64,0
622,8,1,6,64,130,137,14,10,4,0
1760,8,1,189,1,189,1,184,1,186,0
737,8,0,0,0,0,0,0,0,4,0
852,8,31,244,64,0,0,5,75,0,0
1505,8,137,63,224,11,10,0,152,128,0
354,8,0,8,2,99,234,17,244,206,0
167,8,0,16,249,228,177,40,32,160,0
961,8,255,255,255,255,255,255,255,255,1
293,8,144,0,64,223,65,190,115,96,0
14,8,32,82,86,2,8,9,118,8,0
339,8,0,1,0,0,0,12,0,2,0
661,8,0,0,0,0,0,0,8,64,0
1634,8,78,224,0,0,64,0,0,0,0
412,8,12,168,32,9,66,0,40,176,0
208,8,50,119,12,96,250,1,251,0,0
51,8,0,7,176,0,13,128,7,208,0
628,8,0,242,38,248,80,124,134,39,0
705,8,255,255,255,255,255,255,255,255,1
192,8,32,0,0,0,0,0,0,0,0
1459,8,4,0,0,0,0,0,4,0,0
695,8,0,32,40,64,0,0,128,64,0
403,8,0,8,8,3,232,56,0,0,0
526,8,78,32,3,160,255,191,143,247,0
1314,8,223,127,208,0,122,208,0,220,0
852,8,31,244,64,0,0,5,60,0,0
1505,8,137,63,224,11,10,0,148,128,0
651,8,0,0,0,0,0,0,0,0,0
870,8,128,29,200,2,1,71,206,56,0
1408,8,0,0,0,3,173,8,0,0,0
1076,8,3,170,160,173,189,205,157,224,0
1760,8,1,194,1,189,1,184,1,186,0
167,8,0,16,252,100,177,40,32,160,0
61,8,0,0,13,128,0,0,0,0,0
1176,8,135,255,191,252,239,128,127,79,0
1398,8,127,248,0,0,63,252,31,192,0
560,8,245,0,0,2,220,0,20,0,0
1694,8,4,64,4,127,31,192,21,162,0
293,8,144,0,64,223,65,190,85,96,0
77,8,255,255,255,255,255,255,255,255,1
14,8,32,82,86,2,8,9,118,14,0
208,8,58,119,12,96,248,1,252,0,0
51,8,0,7,168,0,13,192,7,208,0
263,8,0,0,0,0,0,0,0,0,0
186,8,6,168,119,132,16,0,6,44,0
961,8,123,85,31,186,193,100,105,46,0
1760,8,1,194,1,191,1,184,1,184,0
480,8,255,255,255,255,255,255,255,255,1
737,8,0,0,0,0,0,0,0,4,0
852,8,31,244,64,0,0,5,60,0,0
1505,8,137,63,224,11,10,0,152,128,0
354,8,0,8,2,99,234,17,244,206,0
167,8,0,16,250,228,177,40,32,160,0
293,8,144,0,64,223,65,190,55,96,0
176,8,255,255,255,255,255,255,255,255,1
14,8,32,82,86,2,8,9,118,20,0
339,8,0,1,0,0,0,12,0,2,0
1634,8,78,224,0,0,64,0,0,0,0
412,8,16,164,32,9,66,0,40,176,0
208,8,66,119,12,96,247,1,252,0,0
51,8,0,7,160,0,14,0,7,208,0
628,8,0,242,40,246,80,124,134,39,0
192,8,32,0,0,0,0,0,0,0,0
692,8,20,233,162,0,0,0,88,0,0
813,8,128,0,4,32,172,1,0,32,0
1277,8,17,79,10,77,105,15,74,136,0
403,8,0,8,8,3,232,56,0,0,0
526,8,78,32,3,160,255,63,111,255,0
1314,8,223,127,208,0,122,88,0,220,0
870,8,128,29,200,2,1,71,206,56,0
1408,8,0,0,0,3,165,136,0,0,0
852,8,31,244,64,0,0,5,52,128,0
1505,8,137,63,224,11,10,0,152,128,0
96,8,255,255,255,255,255,255,255,255,1
651,8,0,0,0,0,0,0,0,0,0
1076,8,3,202,160,173,205,237,205,240,0
1760,8,1,194,1,190,1,184,1,184,0
167,8,0,16,248,228,177,40,32,160,0
458,8,63,249,255,128,0,0,12,72,0
1176,8,135,255,191,252,254,128,127,64,0
560,8,244,0,0,2,220,0,22,0,0
1694,8,4,64,4,127,31,192,21,162,0
293,8,144,0,64,223,65,190,25,96,0
14,8,32,82,86,2,8,9,118,2,0
512,8,255,255,255,255,255,255,255,255,1
661,8,0,0,0,0,0,0,8,64,0
208,8,74,119,12,96,246,1,252,0,0
51,8,0,7,152,0,14,64,7,208,0
263,8,0,0,0,0,0,0,0,0,0
1399,8,0,0,8,0,0,0,1,80,0
1760,8,1,191,1,190,1,185,1,184,0
737,8,0,0,0,0,0,0,0,4,0
852,8,31,244,64,0,0,5,37,128,0
1505,8,137,63,224,11,10,0,144,128,0
354,8,0,8,2,99,234,17,244,206,0
167,8,0,16,249,228,193,40,32,160,0
675,8,0,0,0,132,14,128,64,144,0
1654,8,255,255,255,255,255,255,255,255,1
293,8,144,0,64,223,65,189,251,96,0
961,8,123,85,31,187,191,229,41,46,0
14,8,32,82,86,2,8,9,117,252,0
339,8,0,1,0,0,0,12,0,2,0
1634,8,78,224,0,0,64,0,0,0,0
412,8,20,160,32,9,66,0,40,176,0
208,8,82,119,12,96,245,1,252,0,0
51,8,0,7,144,0,14,128,7,208,0
628,8,0,242,42,244,80,124,134,39,0
1391,8,255,255,255,255,255,255,255,255,1
192,8,32,0,0,0,0,0,0,0,0
403,8,0,8,8,3,232,56,0,0,0
526,8,78,32,3,160,255,191,79,255,0
1314,8,223,127,208,0,121,224,0,220,0
870,8,128,29,200,2,1,71,206,56,0
852,8,31,244,64,0,0,5,37,128,0
1505,8,137,63,224,11,10,0,148,128,0
651,8,0,0,0,0,0,0,0,0,0
1408,8,0,0,0,3,158,8,0,0,0
1076,8,3,234,160,173,254,29,238,16,0
1760,8,1,191,1,189,1,186,1,186,0
1788,8,0,0,7,96,178,181,104,0,0
167,8,0,16,251,100,177,40,32,160,0
569,8,0,0,0,105,128,0,68,0,0
1176,8,135,255,191,252,253,128,127,65,0
560,8,243,0,0,2,220,0,24,0,0
1694,8,4,64,4,127,31,192,21,162,0
293,8,144,0,64,223,65,189,221,96,0
390,8,255,255,255,255,255,255,255,255,1
14,8,32,82,86,2,8,9,118,14,0
208,8,90,119,12,96,244,1,252,0,0
51,8,0,7,136,0,14,192,7,208,0
215,8,0,0,2,0,128,0,0,0,0
263,8,0,0,0,0,0,0,0,0,0
186,8,6,168,119,4,16,0,6,44,0
1331,8,237,127,207,126,255,249,239,127,0
302,8,255,255,255,255,255,255,255,255,1
1760,8,1,193,1,189,1,186,1,186,0
737,8,0,0,0,0,0,0,0,4,0
852,8,31,244,64,0,0,5,30,0,0
1505,8,137,63,224,11,10,0,152,128,0
354,8,0,8,2,99,234,17,244,206,0
167,8,0,16,249,228,177,40,32,160,0
1175,8,0,0,0,0,0,0,0,0,0
293,8,144,0,64,223,65,189,191,96,0
820,8,255,255,255,255,255,255,255,255,1
14,8,32,82,86,2,8,9,118,14,0
738,8,24,8,13,64,64,0,1,24,0
837,8,5,2,2,194,60,119,64,129,0
1072,8,0,47,68,139,208,128,17,160,0
339,8,0,1,0,0,0,12,0,2,0
661,8,0,0,0,0,0,0,8,64,0
1634,8,78,224,0,0,64,0,0,0,0
412,8,24,156,32,9,66,0,40,176,0
208,8,98,119,12,96,243,1,252,0,0
51,8,0,7,128,0,15,0,7,208,0
628,8,0,242,44,242,80,124,134,39,0
192,8,32,0,0,0,0,0,0,0,0
304,8,0,1,80,0,0,0,0,0,0
961,8,123,85,31,187,191,101,169,46,0
403,8,0,8,8,3,232,56,0,0,0
526,8,78,32,3,160,255,191,111,247,0
1368,8,255,255,255,255,255,255,255,255,1
1314,8,223,127,208,0,121,104,0,156,0
852,8,31,244,64,0,0,5,30,0,0
1505,8,137,63,224,11,10,0,148,128,0
651,8,0,0,0,0,0,0,0,0,0
870,8,128,29,200,2,1,71,206,56,0
1408,8,0,0,0,3,150,136,0,0,0
1076,8,4,10,160,174,30,45,254,32,0
1760,8,1,193,1,191,1,185,1,187,0
167,8,0,16,249,228,177,40,32,160,0
722,8,0,0,40,0,0,0,0,0,0
1372,8,16,28,0,0,66,132,48,0,0
1176,8,135,255,191,252,250,128,127,194,0
1124,8,0,2,64,0,0,144,17,93,0
1694,8,4,64,4,127,31,192,21,162,0
293,8,144,0,64,223,65,191,129,96,0
560,8,242,0,0,2,220,0,26,0,0
705,8,1,243,175,199,199,158,211,46,0
1781,8,255,255,255,255,255,255,255,255,1
14,8,32,82,86,2,8,9,118,2,0
208,8,106,119,12,96,240,1,254,0,0
51,8,0,7,120,0,15,64,7,208,0
1277,8,17,83,10,77,111,16,74,136,0
263,8,0,0,0,0,0,0,0,0,0
452,8,0,0,2,0,1,64,0,0,0
676,8,78,30,1,28,4,8,152,208,0
1760,8,1,192,1,191,1,185,1,187,0
813,8,128,0,4,32,172,1,0,32,0
737,8,0,0,0,0,0,0,0,4,0
852,8,31,244,64,0,0,5,15,0,0
866,8,255,255,255,255,255,255,255,255,1
1505,8,137,63,224,11,10,0,144,128,0
354,8,0,8,2,99,234,17,244,206,0
1413,8,0,64,0,0,0,2,0,24,0
167,8,0,16,251,228,177,40,32,160,0
683,8,164,208,201,215,226,215,202,255,0
1644,8,0,0,0,0,32,0,0,0,0
293,8,144,0,64,223,65,191,99,96,0
1751,8,65,2,207,3,48,7,34,60,0
300,8,121,6,224,0,0,1,253,208,0
14,8,32,82,86,2,8,9,118,2,0
1522,8,255,255,255,255,255,255,255,255,1
1255,8,0,0,0,20,3,102,0,0,0
339,8,0,1,0,0,0,12,0,2,0
1634,8,78,224,0,0,64,0,0,0,0
1668,8,76,213,128,25,65,84,16,30,0
1590,8,36,156,0,0,240,2,80,0,0
727,8,16,0,96,216,0,0,0,8,0
412,8,28,152,32,9,66,0,40,176,0
208,8,114,119,12,96,239,1,254,0,0
51,8,0,7,112,0,15,128,7,208,0
403,8,0,8,8,3,232,56,0,0,0
526,8,78,31,255,161,0,63,143,247,0
628,8,0,242,46,240,80,124,134,39,0
1314,8,223,127,208,0,120,240,0,156,0
192,8,32,0,0,0,0,0,0,0,0
852,8,31,244,64,0,0,5,120,0,0
1505,8,137,63,224,11,10,0,152,128,0
651,8,0,0,0,0,0,0,0,0,0
167,8,0,16,250,100,177,40,32,160,0
1031,8,64,1,95,240,19,192,189,160,0
60,8,0,0,4,0,54,0,0,0,0
36,8,255,255,255,255,255,255,255,255,1
870,8,128,29,200,2,1,71,206,56,0
996,8,0,208,0,0,133,0,0,0,0
1408,8,0,0,0,3,143,8,0,0,0
1628,8,64,8,194,117,32,15,0,0,0
1076,8,4,42,160,174,46,62,30,80,0
519,8,4,4,96,72,42,222,149,24,0
1694,8,4,64,4,127,31,192,21,162,0
293,8,144,0,64,223,65,191,69,96,0
1760,8,1,193,1,191,1,185,1,187,0
961,8,123,85,31,186,191,166,105,46,0
1176,8,135,255,191,252,249,128,127,195,0
1225,8,1,248,213,130,13,2,246,75,0
470,8,6,11,128,128,48,36,5,128,0
1399,8,0,0,8,0,0,0,1,80,0
560,8,241,0,0,2,220,0,28,0,0
14,8,32,82,86,2,8,9,118,20,0
661,8,0,0,0,0,0,0,8,64,0
208,8,122,119,12,96,238,1,254,0,0
51,8,0,7,104,0,15,192,7,208,0
1189,8,255,255,255,255,255,255,255,255,1
263,8,0,0,0,0,0,0,0,0,0
186,8,6,168,119,68,16,0,6,44,0
244,8,154,12,1,2,4,177,2,64,0
1760,8,1,193,1,191,1,188,1,187,0
622,8,1,6,64,130,137,14,10,4,0
737,8,0,0,0,0,0,0,0,4,0
852,8,31,244,64,0,0,5,120,0,0
1505,8,137,63,224,11,10,0,148,128,0
354,8,0,8,2,99,234,17,244,206,0
167,8,0,16,249,100,177,40,32,160,0
1747,8,255,255,255,255,255,255,255,255,1
293,8,144,0,64,223,65,191,39,96,0
1227,8,128,0,0,0,0,14,0,0,0
640,8,24,224,2,112,0,0,0,0,0
14,8,32,82,86,2,8,9,118,2,0
339,8,0,1,0,0,0,12,0,2,0
1634,8,78,224,0,0,64,0,0,0,0
412,8,0,180,32,9,66,0,40,176,0
208,8,2,119,12,96,253,1,254,0,0
51,8,0,7,224,0,12,0,7,208,0
628,8,0,242,32,254,80,124,134,39,0
192,8,32,0,0,0,0,0,0,0,0
187,8,255,255,255,255,255,255,255,255,1
1459,8,4,0,0,0,0,0,4,0,0
403,8,0,8,8,3,232,56,0,0,0
526,8,78,31,255,161,0,191,143,255,0
1314,8,223,127,208,0,120,120,0,156,0
870,8,128,29,200,2,1,71,206,56,0
1408,8,0,0,0,3,135,136,0,0,0
852,8,31,244,64,0,0,5,112,128,0
1505,8,137,63,224,11,10,0,144,128,0
651,8,0,0,0,0,0,0,0,0,0
1076,8,4,74,160,174,62,94,62,96,0
1760,8,1,193,1,190,1,188,1,187,0
167,8,0,16,250,228,193,40,32,160,0
61,8,0,0,13,128,0,0,0,0,0
1176,8,135,255,191,252,248,128,127,196,0
560,8,240,0,0,2,220,0,30,0,0
1694,8,4,64,4,127,31,192,21,162,0
293,8,144,0,64,223,65,191,9,96,0
1146,8,255,255,255,255,255,255,255,255,1
14,8,32,82,86,2,8,9,118,2,0
208,8,10,119,12,96,252,1,254,0,0
51,8,0,7,216,0,12,64,7,208,0
263,8,0,0,0,0,0,0,0,0,0
1049,8,10,155,70,77,4,95,195,15,0
961,8,123,85,31,187,126,102,233,46,0
1760,8,1,192,1,190,1,189,1,188,0
1312,8,255,255,255,255,255,255,255,255,1
737,8,0,0,0,0,0,0,0,4,0
852,8,31,244,64,0,0,5,97,128,0
1505,8,137,63,224,11,10,0,148,128,0
354,8,0,8,2,99,234,17,244,206,0
167,8,0,16,250,228,177,40,32,160,0
293,8,144,0,64,223,65,190,235,96,0
276,8,255,255,255,255,255,255,255,255,1
14,8,32,82,86,2,8,9,118,2,0
339,8,0,1,0,0,0,12,0,2,0
661,8,0,0,0,0,0,0,8,64,0
1634,8,78,224,0,0,64,0,0,0,0
412,8,4,176,32,9,66,0,40,176,0
208,8,18,119,12,96,251,1,254,0,0
51,8,0,7,208,0,12,128,7,208,0
628,8,0,242,34,252,80,124,134,39,0
192,8,32,0,0,0,0,0,0,0,0
692,8,20,233,162,0,0,0,88,0,0
813,8,128,0,4,32,172,1,0,32,0
403,8,0,8,8,3,232,56,0,0,0
526,8,78,32,3,161,0,191,143,255,0
1277,8,17,84,10,77,113,16,74,136,0
1314,8,223,127,208,0,127,128,0,156,0
870,8,128,29,200,2,1,71,206,56,0
852,8,31,244,64,0,0,5,97,128,0
1505,8,137,63,224,11,10,0,152,128,0
651,8,0,0,0,0,0,0,0,0,0
1457,8,255,255,255,255,255,255,255,255,1
1408,8,0,0,0,3,248,8,0,0,0
1076,8,4,104,0,174,110,142,94,128,0
1760,8,1,192,1,190,1,187,1,188,0
167,8,0,16,249,100,193,40,32,160,0
458,8,63,249,255,128,0,0,12,72,0
1176,8,135,255,191,252,244,128,128,69,0
560,8,255,0,0,2,212,0,0,0,0
1694,8,4,64,4,127,31,192,21,162,0
293,8,144,0,64,223,65,190,205,96,0
14,8,32,82,86,2,8,9,118,8,0
531,8,255,255,255,255,255,255,255,255,1
208,8,26,119,12,96,247,2,0,0,0
51,8,0,7,200,0,12,192,7,208,0
1399,8,0,0,8,0,0,0,1,78,0
263,8,0,0,0,0,0,0,0,0,0
186,8,6,168,119,68,16,0,6,44,0
241,8,62,16,28,192,3,89,204,0,0
1760,8,1,192,1,190,1,187,1,188,0
737,8,0,0,0,0,0,0,0,4,0
852,8,31,244,0,0,0,5,98,0,0
1505,8,137,63,224,11,10,0,148,128,0
354,8,0,8,2,99,234,17,244,206,0
167,8,0,16,250,100,193,40,32,160,0
675,8,0,0,0,132,14,128,64,16,0
902,8,255,255,255,255,255,255,255,255,1
293,8,144,0,64,223,65,190,175,96,0
961,8,123,85,31,186,254,39,169,46,0
14,8,32,82,86,2,8,9,118,8,0
339,8,0,1,0,0,0,12,0,2,0
1634,8,78,224,0,0,64,0,0,0,0
412,8,8,172,32,9,66,0,40,176,0
208,8,34,119,12,96,246,2,0,0,0
51,8,0,7,192,0,13,0,7,208,0
1406,8,255,255,255,255,255,255,255,255,1
628,8,0,242,36,250,80,124,134,39,0
192,8,32,0,0,0,0,0,0,0,0
403,8,0,8,8,3,232,56,0,0,0
526,8,78,32,3,161,0,191,111,255,0
1314,8,223,127,208,0,127,8,0,156,0
870,8,128,29,200,2,1,71,206,56,0
1408,8,0,0,0,3,240,136,0,0,0
852,8,31,244,0,0,0,5,98,0,0
1505,8,137,63,224,11,10,0,148,128,0
651,8,0,0,0,0,0,0,0,0,0
1076,8,0,0,0,174,142,158,110,144,0
1760,8,1,192,1,189,1,189,1,188,0
1788,8,0,0,7,96,146,181,104,0,0
167,8,0,16,251,100,193,40,32,160,0
569,8,0,0,0,105,64,0,68,0,0
1176,8,135,255,191,252,244,128,128,6,0
560,8,254,0,0,2,212,0,2,0,0
1694,8,4,64,4,127,31,192,21,162,0
293,8,144,0,64,223,65,190,145,96,0
1325,8,255,255,255,255,255,255,255,255,1
14,8,32,82,86,2,8,9,118,2,0
661,8,0,0,0,0,0,0,8,64,0
208,8,42,119,12,96,247,1,255,0,0
51,8,0,7,184,0,13,64,7,208,0
215,8,0,0,2,0,128,0,0,0,0
263,8,0,0,0,0,0,0,0,0,0
1760,8,1,193,1,190,1,189,1,188,0
1289,8,255,255,255,255,255,255,255,255,1
737,8,0,0,0,0,0,0,0,4,0
852,8,31,244,64,0,0,5,75,0,0
1505,8,137,63,224,11,10,0,152,128,0
354,8,0,8,2,99,234,17,244,206,0
167,8,0,16,249,228,177,40,32,160,0
1175,8,0,0,0,0,0,0,0,0,0
293,8,144,0,64,223,65,190,115,96,0
95,8,255,255,255,255,255,255,255,255,1
14,8,32,82,86,2,8,9,118,2,0
738,8,24,8,13,64,64,0,1,24,0
837,8,5,2,2,194,60,119,64,129,0
1072,8,0,46,68,139,208,128,17,160,0
339,8,0,1,0,0,0,12,0,2,0
1634,8,78,224,0,0,64,0,0,0,0
412,8,12,172,32,8,194,0,40,176,0
208,8,50,119,12,96,246,1,255,0,0
51,8,0,7,176,0,13,128,7,208,0
628,8,0,242,38,248,80,124,134,39,0
192,8,32,0,0,0,0,0,0,0,0
304,8,0,1,80,0,0,0,0,0,0
961,8,123,85,31,187,252,168,41,46,0
403,8,0,8,8,3,232,56,0,0,0
526,8,78,32,3,161,0,191,143,255,0
1314,8,223,127,208,0,126,144,0,156,0
870,8,128,29,200,2,1,71,206,56,0
852,8,31,244,0,0,0,5,68,0,0
861,8,255,255,255,255,255,255,255,255,1
1505,8,137,63,224,11,10,0,148,128,0
651,8,0,0,0,0,0,0,0,0,0
1408,8,0,0,0,3,233,8,0,0,0
1076,8,0,32,0,174,158,190,142,192,0
1760,8,1,193,1,190,1,190,1,189,0
167,8,0,16,249,228,193,40,32,160,0
722,8,0,0,48,0,0,0,0,0,0
1176,8,135,255,191,252,242,128,128,71,0
1124,8,0,2,64,0,0,144,16,94,0
560,8,253,0,0,2,212,0,4,0,0
1694,8,4,64,4,127,31,192,21,162,0
293,8,144,0,64,223,65,190,85,96,0
14,8,32,82,86,2,8,9,117,252,0
1438,8,255,255,255,255,255,255,255,255,1
208,8,58,119,12,96,243,2,0,0,0
51,8,0,7,168,0,13,192,7,208,0
1277,8,17,88,10,77,119,16,202,136,0
263,8,0,0,0,0,0,0,0,0,0
186,8,6,168,119,68,16,0,6,44,0
663,8,49,2,0,32,2,2,81,24,0
1307,8,40,177,129,177,137,199,248,193,0
705,8,1,243,175,199,202,158,179,66,0
1760,8,1,193,1,191,1,191,1,190,0
813,8,128,0,4,32,172,1,0,32,0
737,8,0,0,0,0,0,0,0,4,0
852,8,31,244,0,0,0,5,68,0,0
1505,8,137,63,224,11,10,0,144,128,0
354,8,0,8,2,99,234,17,244,206,0
167,8,0,16,251,228,193,40,32,160,0
1413,8,0,64,0,0,0,2,0,24,0
1050,8,255,255,255,255,255,255,255,255,1
1644,8,0,0,0,0,24,0,0,0,0
293,8,144,0,64,223,65,190,55,96,0
14,8,32,82,86,2,8,9,118,2,0
1255,8,0,0,0,20,3,102,0,0,0
339,8,0,1,0,0,0,12,0,2,0
435,8,255,255,255,255,255,255,255,255,1
661,8,0,0,0,0,0,0,8,64,0
1634,8,78,224,0,0,64,0,0,0,0
1668,8,76,213,128,25,65,84,16,30,0
1590,8,36,156,0,0,240,2,96,0,0
727,8,16,0,96,216,0,0,0,8,0
403,8,0,8,8,3,232,56,0,0,0
412,8,16,164,32,9,66,0,40,176,0
526,8,78,32,3,161,1,63,143,255,0
208,8,66,119,12,96,242,2,0,0,0
1314,8,223,127,208,0,126,24,0,156,0
51,8,0,7,160,0,14,0,7,208,0
852,8,31,244,0,0,0,5,60,128,0
1505,8,137,63,224,11,10,0,148,128,0
651,8,0,0,0,0,0,0,0,0,0
628,8,0,242,40,246,80,124,134,35,0
192,8,32,0,0,0,0,0,0,0,0
167,8,0,16,250,228,193,40,32,160,0
1031,8,64,1,95,240,19,192,189,160,0
60,8,0,0,4,0,59,0,0,0,0
996,8,0,208,0,0,133,0,0,0,0
1,8,255,255,255,255,255,255,255,255,1
870,8,128,29,200,2,1,71,206,56,0
1628,8,64,8,194,117,32,15,0,0,0
1408,8,0,0,0,3,225,136,0,0,0
519,8,4,4,96,72,42,222,149,24,0
1694,8,4,64,4,127,31,192,21,162,0
293,8,144,0,64,223,65,190,25,96,0
961,8,123,85,31,187,251,232,233,46,0
1076,8,0,86,128,174,190,206,190,208,0
1760,8,1,192,1,190,1,191,1,190,0
1176,8,135,255,191,252,239,128,128,200,0
1225,8,1,249,21,130,13,2,246,75,0
470,8,2,15,130,128,48,36,5,128,0
1399,8,0,0,8,0,0,0,1,78,0
14,8,32,82,86,2,8,9,118,14,0
117,8,15,50,0,15,174,30,224,0,0
560,8,252,0,0,2,212,0,6,0,0
208,8,74,119,12,96,239,2,2,0,0
51,8,0,7,152,0,14,64,7,208,0
263,8,0,0,0,0,0,0,0,0,0
1209,8,255,255,255,255,255,255,255,255,1
244,8,154,12,1,2,4,177,2,64,0
622,8,1,6,64,130,137,14,10,4,0
1760,8,1,192,1,190,1,191,1,191,0
737,8,0,0,0,0,0,0,0,4,0
852,8,31,244,0,0,0,5,45,128,0
1505,8,137,63,224,11,10,0,148,128,0
354,8,0,8,2,99,234,17,244,206,0
167,8,0,16,248,228,193,40,32,160,0
58,8,0,0,0,0,0,29,8,0,0
293,8,144,0,64,223,65,189,251,96,0
1211,8,255,255,255,255,255,255,255,255,1
14,8,32,82,86,2,8,9,117,252,0
339,8,0,1,0,0,0,12,0,2,0
1634,8,78,224,0,0,64,0,0,0,0
412,8,20,164,32,8,194,0,40,176,0
208,8,82,119,12,96,238,2,2,0,0
51,8,0,7,144,0,14,128,7,208,0
628,8,0,242,42,244,80,124,134,35,0
192,8,32,0,0,0,0,0,0,0,0
1459,8,4,0,0,0,0,0,4,0,0
248,8,126,223,244,253,73,251,167,184,0
403,8,0,8,8,3,232,56,0,0,0
526,8,78,32,3,161,1,191,143,255,0
1535,8,255,255,255,255,255,255,255,255,1
1314,8,223,127,208,0,125,160,0,156,0
870,8,128,29,200,2,1,71,206,56,0
852,8,31,244,0,0,0,5,45,128,0
1505,8,137,63,224,11,10,0,144,128,0
651,8,0,0,0,0,0,0,0,0,0
1408,8,0,0,0,3,218,8,0,0,0
1076,8,0,119,128,174,222,254,206,240,0
1760,8,1,192,1,190,1,192,1,191,0
167,8,0,16,250,100,193,40,32,160,0
61,8,0,0,14,0,0,0,0,0,0
1176,8,135,255,191,252,237,128,129,9,0
560,8,251,0,0,2,212,0,8,0,0
1694,8,4,64,4,127,31,192,21,162,0
293,8,144,0,64,223,65,189,221,96,0
812,8,255,255,255,255,255,255,255,255,1
14,8,32,82,86,2,8,9,117,252,0
661,8,0,0,0,0,0,0,8,64,0
208,8,90,119,12,96,236,2,3,0,0
51,8,0,7,136,0,14,192,7,208,0
263,8,0,0,0,0,0,0,0,0,0
186,8,6,168,119,4,16,0,6,44,0
961,8,123,85,31,187,123,233,105,46,0
1760,8,1,195,1,190,1,192,1,191,0
737,8,0,0,0,0,0,0,0,4,0
272,8,255,255,255,255,255,255,255,255,1
852,8,31,244,0,0,0,5,38,0,0
1505,8,137,63,224,11,10,0,144,128,0
354,8,0,8,2,99,234,17,244,206,0
167,8,0,16,251,228,193,40,32,160,0
1372,8,16,28,0,0,66,132,48,0,0
293,8,144,0,64,223,65,189,191,96,0
284,8,255,255,255,255,255,255,255,255,1
14,8,32,82,86,2,8,9,118,8,0
339,8,0,1,0,0,0,12,0,2,0
1634,8,78,224,0,0,64,0,0,0,0
412,8,24,160,32,8,194,0,40,176,0
208,8,98,119,12,96,235,2,3,0,0
51,8,0,7,128,0,15,0,7,208,0
628,8,0,242,44,242,80,124,134,35,0
192,8,32,0,0,0,0,0,0,0,0
692,8,20,233,162,0,0,0,88,0,0
813,8,128,0,4,32,172,1,0,32,0
1277,8,17,87,10,76,117,16,202,136,0
403,8,0,8,8,3,232,56,0,0,0
526,8,78,32,3,161,1,191,79,255,0
1314,8,223,127,208,0,125,40,0,156,0
870,8,128,29,200,2,1,71,206,56,0
1408,8,0,0,0,3,210,136,0,0,0
852,8,31,244,0,0,0,5,38,0,0
1505,8,137,63,224,11,10,0,148,128,0
651,8,0,0,0,0,0,0,0,0,0
1076,8,0,136,224,174,255,14,223,32,0
1760,8,1,195,1,189,1,192,1,192,0
565,8,255,255,255,255,255,255,255,255,1
167,8,0,16,249,228,177,40,32,160,0
458,8,63,249,255,128,0,0,12,72,0
1176,8,135,255,191,252,235,128,129,74,0
560,8,250,0,0,2,212,0,10,0,0
1694,8,4,64,4,127,31,192,21,162,0
293,8,144,0,64,223,65,191,129,96,0
14,8,32,82,86,2,8,9,118,20,0
208,8,106,119,12,96,233,2,4,0,0
51,8,0,7,120,0,15,64,7,208,0
1698,8,255,255,255,255,255,255,255,255,1
1399,8,0,0,8,0,0,0,1,78,0
263,8,0,0,0,0,0,0,0,0,0
1760,8,1,195,1,190,1,192,1,193,0
737,8,0,0,0,0,0,0,0,4,0
852,8,31,244,0,0,0,5,23,0,0
1505,8,137,63,224,11,10,0,148,128,0
354,8,0,8,2,83,234,17,244,206,0
167,8,0,16,249,100,177,40,32,160,0
675,8,0,0,0,132,14,128,64,144,0
1783,8,255,255,255,255,255,255,255,255,1
293,8,144,0,64,223,65,191,99,96,0
961,8,123,85,31,186,251,170,41,46,0
14,8,32,82,86,2,8,9,118,2,0
339,8,0,1,0,0,0,12,0,2,0
661,8,0,0,0,0,0,0,8,64,0
1634,8,78,224,0,0,64,0,0,0,0
412,8,28,156,32,8,194,0,40,176,0
208,8,114,119,12,96,232,2,4,0,0
51,8,0,7,112,0,15,128,7,208,0
628,8,0,242,46,240,80,124,134,35,0
1383,8,255,255,255,255,255,255,255,255,1
192,8,32,0,0,0,0,0,0,0,0
403,8,0,8,8,3,232,56,0,0,0
526,8,78,32,3,161,2,63,143,255,0
1314,8,223,127,208,0,124,176,0,156,0
870,8,128,29,200,2,1,71,206,56,0
852,8,31,244,0,0,0,5,128,0,0
1505,8,137,63,224,11,10,0,144,128,0
651,8,0,0,0,0,0,0,0,0,0
1408,8,0,0,0,3,203,8,0,0,0
1076,8,0,168,224,175,15,46,255,48,0
1760,8,1,193,1,190,1,193,1,193,0
1788,8,0,0,7,96,114,181,96,0,0
167,8,0,16,251,100,177,40,32,160,0
569,8,0,0,0,105,0,0,67,224,0
1176,8,135,255,191,252,233,128,129,139,0
560,8,249,0,0,2,212,0,12,0,0
1694,8,4,64,4,127,31,192,21,162,0
293,8,144,0,64,223,65,191,69,96,0
590,8,255,255,255,255,255,255,255,255,1
14,8,32,82,86,2,8,9,118,2,0
208,8,122,119,12,96,230,2,5,0,0
51,8,0,7,104,0,15,192,7,208,0
215,8,0,0,2,0,128,0,0,0,0
263,8,0,0,0,0,0,0,0,0,0
186,8,6,168,119,4,16,0,6,44,0
663,8,17,1,0,32,1,2,81,16,0
1760,8,1,193,1,191,1,193,1,193,0
977,8,255,255,255,255,255,255,255,255,1
737,8,0,0,0,0,0,0,0,4,0
852,8,31,244,0,0,0,5,128,0,0
1505,8,137,63,224,11,10,0,148,128,0
354,8,0,8,2,83,234,17,244,206,0
167,8,0,16,250,228,193,40,32,160,0
1175,8,0,0,0,0,0,0,0,0,0
293,8,144,0,64,223,65,191,39,96,0
1436,8,255,255,255,255,255,255,255,255,1
14,8,32,82,86,2,8,9,118,14,0
738,8,24,8,13,64,64,0,1,24,0
837,8,5,2,2,194,60,119,64,129,0
1072,8,0,46,68,139,208,128,17,160,0
339,8,0,1,0,0,0,12,0,2,0
1634,8,78,224,0,0,64,0,0,0,0
412,8,0,184,32,8,194,0,40,176,0
208,8,2,119,12,96,245,2,5,0,0
51,8,0,7,224,0,12,0,7,208,0
628,8,0,242,32,254,80,124,134,35,0
192,8,32,0,0,0,0,0,0,0,0
304,8,0,1,80,0,0,0,0,0,0
961,8,123,85,31,187,122,170,169,46,0
403,8,0,8,8,3,232,56,0,0,0
526,8,78,32,3,161,2,191,175,255,0
1314,8,223,127,208,0,124,56,0,156,0
870,8,128,29,200,2,1,71,206,56,0
852,8,31,244,0,0,0,5,120,128,0
1505,8,137,63,224,11,10,0,148,128,0
651,8,0,0,0,0,0,0,0,0,0
1016,8,255,255,255,255,255,255,255,255,1
1408,8,0,0,0,3,195,136,0,0,0
1076,8,0,199,32,175,47,63,47,80,0
1760,8,1,192,1,190,1,193,1,193,0
167,8,0,16,249,228,193,40,32,160,0
722,8,0,0,56,0,0,0,0,0,0
1176,8,135,255,191,252,231,128,129,204,0
1124,8,0,2,64,0,0,144,15,95,0
560,8,248,0,0,2,212,0,14,0,0
1694,8,4,64,4,127,31,192,21,162,0
293,8,144,0,64,223,65,191,9,96,0
14,8,32,82,86,2,8,9,118,2,0
207,8,255,255,255,255,255,255,255,255,1
661,8,0,0,0,0,0,0,8,64,0
208,8,10,119,12,96,243,2,6,0,0
51,8,0,7,216,0,12,64,7,208,0
1277,8,17,88,10,77,117,16,202,136,0
263,8,0,0,0,0,0,0,0,0,0
813,8,128,0,4,32,172,1,0,32,0
1760,8,1,192,1,190,1,195,1,194,0
737,8,0,0,0,0,0,0,0,4,0
852,8,31,244,0,0,0,5,105,128,0
1505,8,137,63,224,11,10,0,144,128,0
354,8,0,8,2,83,234,17,244,206,0
167,8,0,16,250,228,177,40,32,160,0
1413,8,0,64,0,0,0,2,0,24,0
1213,8,255,255,255,255,255,255,255,255,1
1644,8,0,0,0,0,24,0,0,0,0
293,8,144,0,64,223,65,190,235,96,0
705,8,1,243,175,199,200,158,165,88,0
14,8,32,82,86,2,8,9,117,252,0
1255,8,0,0,0,20,3,102,0,0,0
339,8,0,1,0,0,0,12,0,2,0
1634,8,78,224,0,0,64,0,0,0,0
1668,8,76,213,128,25,65,84,16,30,0
971,8,255,255,255,255,255,255,255,255,1
1590,8,36,156,0,0,240,2,96,0,0
727,8,16,0,96,216,0,0,0,8,0
412,8,4,180,32,8,194,0,40,176,0
403,8,0,8,8,3,232,56,0,0,0
526,8,78,32,3,161,2,191,143,247,0
208,8,18,119,12,96,242,2,6,0,0
51,8,0,7,208,0,12,128,7,208,0
628,8,0,242,34,252,80,124,134,35,0
192,8,32,0,0,0,0,0,0,0,0
852,8,31,244,0,0,0,5,105,128,0
1505,8,137,63,224,11,10,0,144,128,0
651,8,0,0,0,0,0,0,0,0,0
167,8,0,16,250,228,177,40,32,160,0
1031,8,64,1,95,240,19,192,189,160,0
60,8,0,0,4,0,44,0,0,0,0
996,8,0,208,0,0,133,0,0,0,0
1314,8,223,127,208,0,123,192,0,92,0
1628,8,64,8,194,117,32,15,0,0,0
870,8,128,29,200,2,1,71,206,56,0
519,8,4,4,96,72,42,222,149,24,0
1408,8,0,0,0,3,188,8,0,0,0
1076,8,0,231,0,175,95,111,63,96,0
1694,8,4,64,4,127,31,192,21,162,0
293,8,144,0,64,223,65,190,205,96,0
961,8,123,85,31,187,185,171,105,46,0
129,8,255,255,255,255,255,255,255,255,1
1760,8,1,192,1,189,1,195,1,195,0
1176,8,135,255,191,252,230,128,129,205,0
1225,8,1,248,213,130,13,2,246,75,0
470,8,2,11,128,128,48,36,5,128,0
1399,8,0,0,8,0,0,0,1,78,0
560,8,247,0,0,2,212,0,16,0,0
14,8,32,82,86,2,8,9,117,252,0
208,8,26,119,12,96,241,2,6,0,0
51,8,0,7,200,0,12,192,7,208,0
263,8,0,0,0,0,0,0,0,0,0
186,8,6,168,118,68,16,0,6,44,0
1215,8,255,255,255,255,255,255,255,255,1
244,8,154,12,1,2,4,177,2,64,0
622,8,1,6,64,130,137,14,10,4,0
1760,8,1,195,1,189,1,195,1,195,0
737,8,0,0,0,0,0,0,0,4,0
852,8,31,244,0,0,0,5,98,0,0
1505,8,137,63,224,11,10,0,144,128,0
354,8,0,8,2,83,234,17,244,206,0
167,8,0,16,249,100,177,40,32,160,0
293,8,144,0,64,223,65,190,175,96,0
466,8,255,255,255,255,255,255,255,255,1
1227,8,128,0,0,0,0,14,0,0,0
640,8,24,224,2,112,0,0,0,0,0
14,8,32,82,86,2,8,9,117,252,0
339,8,0,1,0,0,0,12,0,2,0
661,8,0,0,0,0,0,0,8,64,0
1634,8,78,224,0,0,64,0,0,0,0
412,8,8,176,32,8,194,0,40,176,0
208,8,34,119,12,96,240,2,6,0,0
51,8,0,7,192,0,13,0,7,208,0
628,8,0,242,36,250,80,124,134,35,0
192,8,32,0,0,0,0,0,0,0,0
1459,8,4,0,0,0,0,0,4,0,0
403,8,0,8,8,3,232,56,0,0,0
526,8,78,32,3,161,2,191,175,247,0
1314,8,223,127,208,0,123,72,0,92,0
870,8,128,29,200,2,1,71,206,56,0
852,8,31,244,0,0,0,5,98,0,0
1685,8,255,255,255,255,255,255,255,255,1
1505,8,137,63,224,11,10,0,144,128,0
651,8,0,0,0,0,0,0,0,0,0
1408,8,0,0,0,3,180,136,0,0,0
1076,8,1,5,160,175,111,143,95,144,0
1760,8,1,191,1,191,1,196,1,196,0
167,8,0,16,250,228,193,40,32,160,0
61,8,0,0,14,0,0,0,0,0,0
1176,8,135,255,191,252,227,128,130,78,0
560,8,246,0,0,2,212,0,18,0,0
1694,8,4,64,4,127,31,192,21,162,0
293,8,144,0,64,223,65,190,145,96,0
14,8,32,82,86,2,8,9,117,252,0
1378,8,255,255,255,255,255,255,255,255,1
208,8,42,119,12,96,237,2,8,0,0
51,8,0,7,184,0,13,64,7,208,0
263,8,0,0,0,0,0,0,0,0,0
961,8,123,85,31,187,57,171,233,46,0
1760,8,1,191,1,191,1,196,1,196,0
737,8,0,0,0,0,0,0,0,4,0
852,8,31,244,0,0,0,5,83,0,0
1505,8,137,63,224,11,10,0,144,128,0
354,8,0,8,2,83,234,17,244,206,0
167,8,0,16,251,228,193,40,32,160,0
1524,8,255,255,255,255,255,255,255,255,1
293,8,144,0,64,223,65,190,115,96,0
14,8,32,82,86,2,8,9,117,252,0
339,8,0,1,0,0,0,12,0,2,0
1634,8,78,224,0,0,64,0,0,0,0
469,8,255,255,255,255,255,255,255,255,1
412,8,12,172,32,8,194,0,40,176,0
208,8,50,119,12,96,236,2,8,0,0
51,8,0,7,176,0,13,128,7,208,0
628,8,0,242,38,248,80,124,134,35,0
192,8,32,0,0,0,0,0,0,0,0
692,8,20,233,162,0,0,0,88,0,0
452,8,0,0,2,0,1,128,0,0,0
403,8,0,8,8,3,232,56,0,0,0
526,8,78,32,3,161,3,63,175,255,0
676,8,46,140,2,28,4,8,152,208,0
1314,8,223,127,208,0,122,208,0,92,0
813,8,128,0,4,32,172,1,0,32,0
852,8,31,244,0,0,0,5,68,0,0
1505,8,137,63,224,11,10,0,148,128,0
651,8,0,0,0,0,0,0,0,0,0
870,8,128,29,200,2,1,71,206,56,0
1408,8,0,0,0,3,173,8,0,0,0
1076,8,1,38,32,175,143,159,111,160,0
1760,8,1,189,1,191,1,196,1,196,0
167,8,0,16,248,228,193,40,32,160,0
458,8,63,249,255,128,0,0,12,72,0
1176,8,135,255,191,252,225,128,130,143,0
269,8,255,255,255,255,255,255,255,255,1
1277,8,17,76,10,77,101,14,202,136,0
1694,8,4,64,4,126,31,192,21,162,0
293,8,144,0,64,223,65,190,85,96,0
560,8,245,0,0,2,212,0,20,0,0
14,8,32,82,86,2,8,9,117,252,0
661,8,0,0,0,0,0,0,8,64,0
208,8,58,119,12,96,234,2,9,0,0
51,8,0,7,168,0,13,192,7,208,0
1399,8,0,0,8,0,0,0,1,78,0
263,8,0,0,0,0,0,0,0,0,0
186,8,6,168,117,196,16,0,6,44,0
1376,8,255,255,255,255,255,255,255,255,1
1760,8,1,189,1,191,1,196,1,197,0
737,8,0,0,0,0,0,0,0,4,0
852,8,31,244,0,0,0,5,68,0,0
1505,8,137,63,224,11,10,0,144,128,0
354,8,0,8,2,83,234,17,244,206,0
167,8,0,16,249,228,193,40,32,160,0
675,8,0,0,0,132,14,128,66,16,0
293,8,144,0,64,223,65,190,55,96,0
961,8,123,85,31,186,121,172,169,46,0
2,8,255,255,255,255,255,255,255,255,1
14,8,32,82,86,2,8,9,117,240,0
339,8,0,1,0,0,0,12,0,2,0
1634,8,78,224,0,0,64,0,0,0,0
412,8,16,168,32,8,194,0,40,176,0
208,8,66,119,12,96,233,2,9,0,0
51,8,0,7,160,0,14,0,7,208,0
628,8,0,242,40,246,80,124,134,35,0
192,8,32,0,0,0,0,0,0,0,0
403,8,0,8,8,3,232,56,0,0,0
526,8,78,31,255,161,3,63,143,255,0
584,8,255,255,255,255,255,255,255,255,1
1314,8,223,127,208,0,122,88,0,92,0
870,8,128,29,200,2,1,71,206,56,0
852,8,31,244,0,0,0,5,60,128,0
1505,8,137,63,224,11,10,0,144,128,0
651,8,0,0,0,0,0,0,0,0,0
1408,8,0,0,0,3,165,136,0,0,0
1076,8,1,70,128,175,159,175,159,192,0
1760,8,1,196,1,191,1,196,1,197,0
1788,8,0,0,7,96,50,181,96,0,0
167,8,0,16,252,100,177,40,32,160,0
569,8,0,0,0,104,192,0,67,224,0
1176,8,135,255,191,252,240,128,130,128,0
560,8,244,0,0,2,212,0,22,0,0
1694,8,4,64,4,127,31,192,21,162,0
293,8,144,0,64,223,65,190,25,96,0
1428,8,255,255,255,255,255,255,255,255,1
14,8,32,82,86,2,8,9,118,2,0
208,8,74,119,12,96,232,2,9,0,0
51,8,0,7,152,0,14,64,7,208,0
215,8,0,0,2,0,128,0,0,0,0
263,8,0,0,0,0,0,0,0,0,0
1621,8,4,3,252,0,0,0,0,0,0
1760,8,1,195,1,191,1,196,1,197,0
737,8,0,0,0,0,0,0,0,4,0
852,8,31,244,0,0,0,5,45,128,0
1505,8,137,63,224,11,10,0,152,128,0
1612,8,255,255,255,255,255,255,255,255,1
354,8,0,8,2,83,234,17,244,206,0
167,8,0,16,250,100,177,40,32,160,0
1175,8,0,0,0,0,0,0,0,0,0
293,8,144,0,64,223,65,189,251,96,0
14,8,32,82,86,2,8,9,118,14,0
738,8,24,8,13,64,64,0,1,24,0
837,8,5,2,2,194,60,119,64,129,0
288,8,255,255,255,255,255,255,255,255,1
339,8,0,1,0,0,0,12,0,2,0
661,8,0,0,0,0,0,0,8,64,0
1634,8,78,224,0,0,64,0,0,0,0
412,8,20,164,32,8,194,0,40,176,0
208,8,82,119,12,96,231,2,9,0,0
51,8,0,7,144,0,14,128,7,208,0
628,8,0,242,42,244,80,124,134,35,0
192,8,32,0,0,0,0,0,0,0,0
1072,8,0,46,68,139,208,128,17,160,0
403,8,0,8,8,3,232,56,0,0,0
526,8,78,31,255,161,3,63,143,255,0
961,8,123,85,31,186,121,45,41,46,0
1314,8,223,127,208,0,121,224,0,92,0
304,8,0,1,80,0,0,0,0,0,0
852,8,31,244,0,0,0,5,45,128,0
1505,8,137,63,224,11,10,0,148,128,0
651,8,0,0,0,0,0,0,0,0,0
870,8,128,29,200,2,1,71,206,56,0
1408,8,0,0,0,3,158,8,0,0,0
1076,8,1,104,96,175,207,223,175,208,0
1760,8,1,195,1,189,1,197,1,196,0
167,8,0,16,248,228,193,40,32,160,0
722,8,0,0,64,0,0,0,0,0,0
824,8,255,255,255,255,255,255,255,255,1
1372,8,16,28,0,0,66,132,48,0,0
1176,8,135,255,191,252,239,128,130,129,0
1124,8,0,2,64,0,0,144,30,80,0
1694,8,4,64,4,127,31,192,21,162,0
293,8,144,0,64,223,65,189,221,96,0
560,8,243,0,0,2,212,0,24,0,0
14,8,32,82,86,2,8,9,117,252,0
208,8,90,119,12,96,230,2,9,0,0
51,8,0,7,136,0,14,192,7,208,0
1277,8,17,76,10,76,101,14,202,136,0
263,8,0,0,0,0,0,0,0,0,0
1008,8,255,255,255,255,255,255,255,255,1
186,8,6,168,117,132,16,0,6,44,0
1307,8,41,9,24,63,1,6,8,1,0
813,8,128,0,4,32,172,1,0,32,0
1760,8,1,193,1,189,1,197,1,196,0
737,8,0,0,0,0,0,0,0,4,0
852,8,31,244,0,0,0,5,38,0,0
1505,8,137,63,224,11,10,0,144,128,0
354,8,0,8,2,83,234,17,244,206,0
167,8,0,16,250,100,193,40,32,160,0
1413,8,0,64,0,0,0,2,0,24,0
1644,8,0,0,0,0,24,0,0,0,0
293,8,144,0,64,223,65,189,191,96,0
1222,8,255,255,255,255,255,255,255,255,1
14,8,32,82,86,2,8,9,117,246,0
1255,8,0,0,0,20,3,102,0,0,0
339,8,0,1,0,0,0,12,0,2,0
1634,8,78,224,0,0,64,0,0,0,0
1668,8,76,213,128,25,65,84,16,30,0
1590,8,36,156,0,0,240,2,112,0,0
727,8,16,0,96,216,0,0,0,8,0
412,8,24,160,32,8,194,0,40,176,0
208,8,98,119,12,96,229,2,9,0,0
403,8,0,8,8,3,232,56,0,0,0
705,8,1,242,175,199,200,30,163,108,0
526,8,78,31,255,161,3,63,79,255,0
504,8,255,255,255,255,255,255,255,255,1
1314,8,223,127,208,0,121,104,0,92,0
51,8,0,7,128,0,15,0,7,208,0
852,8,31,244,0,0,0,5,38,0,0
1505,8,137,63,224,11,10,0,148,128,0
651,8,0,0,0,0,0,0,0,0,0
628,8,0,242,44,242,80,124,134,35,0
192,8,32,0,0,0,0,0,0,0,0
167,8,0,16,250,100,177,40,32,160,0
1031,8,64,1,95,240,19,192,189,160,0
60,8,0,0,4,0,45,0,0,0,0
996,8,0,208,0,0,133,0,0,0,0
870,8,128,29,200,2,1,71,206,56,0
1628,8,64,8,194,117,32,15,0,0,0
1408,8,0,0,0,3,150,136,0,0,0
519,8,4,4,96,72,42,222,149,24,0
1694,8,4,64,4,126,31,192,21,162,0
293,8,144,0,64,223,65,191,129,96,0
961,8,123,85,31,187,119,109,233,46,0
1076,8,1,134,192,175,223,255,192,0,0
1760,8,1,193,1,191,1,198,1,196,0
1176,8,135,255,191,252,238,128,130,130,0
596,8,255,255,255,255,255,255,255,255,1
1225,8,1,249,21,130,13,2,246,75,0
470,8,2,15,130,128,48,36,5,128,0
1399,8,0,0,8,0,0,0,1,78,0
14,8,32,82,86,2,8,9,118,2,0
560,8,242,0,0,2,212,0,26,0,0
661,8,0,0,0,0,0,0,8,64,0
208,8,106,119,12,96,228,2,9,0,0
51,8,0,7,120,0,15,64,7,208,0
263,8,0,0,0,0,0,0,0,0,0
244,8,154,12,1,2,4,177,2,64,0
1760,8,1,193,1,191,1,197,1,196,0
737,8,0,0,0,0,0,0,0,4,0
1121,8,255,255,255,255,255,255,255,255,1
852,8,31,244,0,0,0,5,23,0,0
1505,8,137,63,224,11,10,0,152,128,0
354,8,0,8,2,83,234,17,244,206,0
167,8,0,16,248,228,193,40,32,160,0
622,8,1,6,64,130,137,14,10,4,0
293,8,144,0,64,223,65,191,99,96,0
14,8,32,82,86,2,8,9,117,252,0
814,8,255,255,255,255,255,255,255,255,1
339,8,0,1,0,0,0,12,0,2,0
1634,8,78,224,0,0,64,0,0,0,0
412,8,28,156,32,8,194,0,40,176,0
208,8,114,119,12,96,227,2,9,0,0
51,8,0,7,112,0,15,128,7,208,0
628,8,0,242,46,240,80,124,134,35,0
192,8,32,0,0,0,0,0,0,0,0
1459,8,4,0,0,0,0,0,4,0,0
403,8,0,8,8,3,232,56,0,0,0
526,8,78,32,3,161,3,63,47,247,0
1314,8,223,127,208,0,120,240,0,92,0
852,8,31,244,0,0,0,5,128,0,0
1505,8,137,63,224,11,10,0,148,128,0
651,8,0,0,0,0,0,0,0,0,0
870,8,128,29,200,2,1,71,206,56,0
1408,8,0,0,0,3,143,8,0,0,0
1076,8,1,166,0,175,240,15,208,32,0
1760,8,1,195,1,191,1,197,1,196,0
1063,8,255,255,255,255,255,255,255,255,1
167,8,0,16,250,100,193,40,32,160,0
61,8,0,0,14,0,0,0,0,0,0
1176,8,135,255,191,252,237,128,130,131,0
560,8,241,0,0,2,212,0,28,0,0
1694,8,4,64,4,127,31,192,21,162,0
293,8,144,0,64,223,65,191,69,96,0
14,8,32,82,86,2,8,9,117,252,0
208,8,122,119,12,96,226,2,9,0,0
51,8,0,7,104,0,15,192,7,208,0
1341,8,255,255,255,255,255,255,255,255,1
263,8,0,0,0,0,0,0,0,0,0
186,8,6,168,117,132,16,0,6,44,0
961,8,123,85,31,186,247,110,105,46,0
1760,8,1,194,1,191,1,197,1,195,0
737,8,0,0,0,0,0,0,0,4,0
852,8,31,244,0,0,0,5,128,0,0
1505,8,137,63,224,11,10,0,148,128,0
354,8,0,8,2,83,234,17,244,206,0
167,8,0,16,251,228,193,40,32,160,0
303,8,255,255,255,255,255,255,255,255,1
293,8,144,0,64,223,65,191,39,96,0
14,8,32,82,86,2,8,9,117,252,0
339,8,0,1,0,0,0,12,0,2,0
661,8,0,0,0,0,0,0,8,64,0
1634,8,78,224,0,0,64,0,0,0,0
412,8,0,184,32,8,194,0,40,176,0
208,8,2,119,12,96,241,2,9,0,0
51,8,0,7,224,0,12,0,7,208,0
628,8,0,242,32,254,80,124,134,35,0
192,8,32,0,0,0,0,0,0,0,0
32,8,255,255,255,255,255,255,255,255,1
403,8,0,8,8,3,232,56,0,0,0
526,8,78,32,3,161,3,191,47,255,0
692,8,20,233,162,0,0,0,88,0,0
1314,8,223,127,208,0,120,120,0,92,0
813,8,128,0,4,32,172,1,0,32,0
1277,8,17,68,10,77,91,13,74,136,0
852,8,31,244,0,0,0,5,120,128,0
1505,8,137,63,224,11,10,0,152,128,0
651,8,0,0,0,0,0,0,0,0,0
870,8,128,29,200,2,1,71,206,56,0
1408,8,0,0,0,3,135,136,0,0,0
1076,8,1,198,64,160,32,48,0,48,0
1760,8,1,194,1,192,1,196,1,194,0
167,8,0,16,249,228,177,40,32,160,0
458,8,63,249,255,128,0,0,12,72,0
1176,8,135,255,191,252,236,128,130,132,0
560,8,240,0,0,2,212,0,30,0,0
1694,8,4,64,4,127,31,192,21,162,0
293,8,144,0,64,223,65,191,9,96,0
1664,8,255,255,255,255,255,255,255,255,1
14,8,32,82,86,2,8,9,117,252,0
208,8,10,119,12,96,240,2,9,0,0
51,8,0,7,216,0,12,64,7,208,0
1399,8,0,0,8,0,0,0,1,78,0
263,8,0,0,0,0,0,0,0,0,0
1760,8,1,192,1,192,1,196,1,194,0
1366,8,255,255,255,255,255,255,255,255,1
737,8,0,0,0,0,0,0,0,4,0
852,8,31,244,0,0,0,5,105,128,0
1505,8,137,63,224,11,10,0,148,128,0
354,8,0,8,2,83,234,17,244,206,0
167,8,0,16,249,228,193,40,32,160,0
675,8,0,0,0,132,14,128,65,16,0
293,8,144,0,64,223,65,190,235,96,0
961,8,123,85,31,187,118,47,41,46,0
503,8,255,255,255,255,255,255,255,255,1
14,8,32,82,86,2,8,9,117,246,0
339,8,0,1,0,0,0,12,0,2,0
1634,8,78,224,0,0,64,0,0,0,0
412,8,4,180,32,8,194,0,40,176,0
208,8,18,119,12,96,239,2,9,0,0
51,8,0,7,208,0,12,128,7,208,0
628,8,0,242,34,252,80,124,134,35,0
192,8,32,0,0,0,0,0,0,0,0
403,8,0,8,8,3,232,56,0,0,0
526,8,78,32,3,161,3,191,47,255,0
1314,8,223,127,208,0,127,128,0,92,0
852,8,31,244,0,0,0,5,105,128,0
1505,8,137,63,224,11,10,0,144,128,0
651,8,0,0,0,0,0,0,0,0,0
88,8,255,255,255,255,255,255,255,255,1
870,8,128,29,200,2,1,71,206,56,0
1408,8,0,0,0,3,248,8,0,0,0
1076,8,1,229,160,160,48,64,32,64,0
1760,8,1,192,1,191,1,197,1,195,0
1788,8,0,0,7,95,146,181,88,0,0
167,8,0,16,251,100,177,40,32,160,0
569,8,0,0,0,104,64,0,67,224,0
1176,8,135,255,191,252,236,128,130,69,0
560,8,255,0,0,2,212,0,0,0,0
1694,8,4,64,4,127,31,192,21,162,0
293,8,144,0,64,223,65,190,205,96,0
14,8,32,82,86,2,8,9,118,2,0
172,8,255,255,255,255,255,255,255,255,1
661,8,0,0,0,0,0,0,8,64,0
208,8,26,119,12,96,239,2,8,0,0
51,8,0,7,200,0,12,192,7,208,0
215,8,0,0,2,0,128,0,0,0,0
263,8,0,0,0,0,0,0,0,0,0
186,8,6,168,117,196,16,0,6,44,0
1760,8,1,192,1,191,1,197,1,195,0
737,8,0,0,0,0,0,0,0,4,0
852,8,31,244,0,0,0,5,98,0,0
1505,8,137,63,224,11,10,0,148,128,0
354,8,0,8,2,83,234,17,244,206,0
167,8,0,16,250,100,193,40,32,160,0
1175,8,0,0,0,0,0,0,0,0,0
1558,8,255,255,255,255,255,255,255,255,1
293,8,144,0,64,223,65,190,175,96,0
14,8,32,82,86,2,8,9,118,2,0
738,8,24,8,13,64,64,0,1,24,0
837,8,5,2,2,194,60,119,64,129,0
1072,8,0,46,68,139,208,128,17,160,0
163,8,255,255,255,255,255,255,255,255,1
339,8,0,1,0,0,0,12,0,2,0
1634,8,78,224,0,0,64,0,0,0,0
412,8,8,176,32,8,194,0,40,176,0
208,8,34,119,12,96,238,2,8,0,0
51,8,0,7,192,0,13,0,7,208,0
628,8,0,242,36,250,80,124,134,35,0
192,8,32,0,0,0,0,0,0,0,0
961,8,123,85,31,187,181,111,169,46,0
403,8,0,8,8,3,232,56,0,0,0
526,8,78,32,3,161,3,63,79,247,0
304,8,0,1,80,0,0,0,0,0,0
1314,8,223,127,208,0,127,8,0,92,0
852,8,31,244,0,0,0,5,98,0,0
1505,8,137,63,224,11,10,0,148,128,0
651,8,0,0,0,0,0,0,0,0,0
870,8,128,29,200,2,1,71,206,56,0
1408,8,0,0,0,3,240,136,0,0,0
1076,8,2,8,32,160,64,96,48,112,0
1760,8,1,194,1,191,1,196,1,194,0
167,8,0,16,249,100,193,40,32,160,0
1290,8,255,255,255,255,255,255,255,255,1
722,8,0,0,72,0,0,0,0,0,0
1176,8,135,255,191,252,234,128,130,134,0
1124,8,0,2,64,0,0,144,29,81,0
1694,8,4,64,4,127,31,192,21,162,0
293,8,144,0,64,223,65,190,145,96,0
560,8,254,0,0,2,212,0,2,0,0
14,8,32,82,86,2,8,9,117,246,0
208,8,42,119,12,96,236,2,9,0,0
51,8,0,7,184,0,13,64,7,208,0
1277,8,17,78,10,77,105,15,74,136,0
263,8,0,0,0,0,0,0,0,0,0
1109,8,255,255,255,255,255,255,255,255,1
813,8,128,0,4,32,172,1,0,32,0
1760,8,1,194,1,191,1,196,1,194,0
737,8,0,0,0,0,0,0,0,4,0
852,8,31,244,0,0,0,5,83,0,0
1505,8,137,63,224,11,10,0,144,128,0
354,8,0,8,2,83,234,17,244,206,0
1413,8,0,64,0,0,0,2,0,24,0
167,8,0,16,251,100,193,40,32,160,0
1644,8,0,0,0,0,24,0,0,0,0
293,8,144,0,64,223,65,190,115,96,0
1705,8,255,255,255,255,255,255,255,255,1
14,8,32,82,86,2,8,9,118,2,0
1255,8,0,0,0,20,3,102,0,0,0
339,8,0,1,0,0,0,12,0,2,0
661,8,0,0,0,0,0,0,8,64,0
1634,8,78,224,0,0,64,0,0,0,0
1668,8,76,213,128,25,65,84,16,30,0
1590,8,36,156,0,0,240,2,128,0,0
727,8,16,0,96,216,0,0,0,8,0
412,8,12,172,32,8,194,0,40,176,0
403,8,0,8,8,3,232,56,0,0,0
526,8,78,32,3,161,3,63,143,255,0
1697,8,255,255,255,255,255,255,255,255,1
208,8,50,119,12,96,235,2,9,0,0
51,8,0,7,176,0,13,128,7,208,0
628,8,0,242,38,248,80,124,134,35,0
852,8,31,244,0,0,0,5,68,0,0
1505,8,137,63,224,11,10,0,148,128,0
651,8,0,0,0,0,0,0,0,0,0
192,8,32,0,0,0,0,0,0,0,0
167,8,0,16,250,228,177,40,32,160,0
1031,8,64,1,95,240,19,192,189,160,0
60,8,0,0,4,0,43,0,0,0,0
996,8,0,208,0,0,133,0,0,0,0
1314,8,223,127,208,0,126,144,0,92,0
1628,8,64,8,194,117,32,15,0,0,0
870,8,128,29,200,2,1,71,206,56,0
519,8,4,4,96,72,42,222,149,24,0
1408,8,0,0,0,3,233,8,0,0,0
1694,8,4,64,4,127,31,192,21,162,0
293,8,144,0,64,223,65,190,85,96,0
961,8,123,85,31,187,244,112,105,46,0
705,8,1,243,207,199,200,30,123,130,0
1076,8,2,40,32,160,96,112,64,144,0
962,8,255,255,255,255,255,255,255,255,1
1760,8,1,198,1,191,1,196,1,194,0
1176,8,135,255,191,252,234,128,130,71,0
1225,8,1,249,21,130,13,2,246,75,0
470,8,2,11,128,128,48,36,5,128,0
14,8,32,82,86,2,8,9,118,2,0
1399,8,0,0,8,0,0,0,1,78,0
560,8,253,0,0,2,212,0,4,0,0
208,8,58,119,12,96,235,2,8,0,0
51,8,0,7,168,0,13,192,7,208,0
263,8,0,0,0,0,0,0,0,0,0
186,8,6,168,117,196,16,0,6,44,0
1760,8,1,194,1,192,1,195,1,194,0
244,8,154,12,1,2,4,177,2,64,0
737,8,0,0,0,0,0,0,0,4,0
1355,8,255,255,255,255,255,255,255,255,1
852,8,31,244,0,0,0,5,68,0,0
1505,8,137,63,224,11,10,0,148,128,0
354,8,0,8,2,83,234,17,244,206,0
167,8,0,16,248,228,193,40,32,160,0
622,8,1,6,64,130,137,14,10,4,0
293,8,144,0,64,223,65,190,55,96,0
1227,8,128,0,0,0,0,14,0,0,0
640,8,24,224,2,112,0,0,0,0,0
1486,8,255,255,255,255,255,255,255,255,1
14,8,32,82,86,2,8,9,117,252,0
339,8,0,1,0,0,0,12,0,2,0
1634,8,78,224,0,0,64,0,0,0,0
412,8,16,168,32,8,194,0,40,176,0
208,8,66,119,12,96,234,2,8,0,0
51,8,0,7,160,0,14,0,7,208,0
628,8,0,242,40,246,80,124,134,35,0
192,8,32,0,0,0,0,0,0,0,0
1459,8,4,0,0,0,0,0,4,0,0
403,8,0,8,8,3,232,56,0,0,0
526,8,78,32,3,161,3,191,143,247,0
1314,8,223,127,208,0,126,24,0,92,0
852,8,31,244,0,0,0,5,60,128,0
1505,8,137,63,224,11,10,0,144,128,0
651,8,0,0,0,0,0,0,0,0,0
870,8,128,29,200,2,1,71,206,56,0
1408,8,0,0,0,3,225,136,0,0,0
1076,8,2,64,0,160,144,160,112,160,0
1065,8,255,255,255,255,255,255,255,255,1
1760,8,1,194,1,191,1,195,1,193,0
167,8,0,16,250,100,193,40,32,160,0
61,8,0,0,14,0,0,0,0,0,0
1176,8,135,255,191,252,234,128,130,8,0
560,8,252,0,0,2,212,0,6,0,0
1694,8,4,64,4,127,31,192,21,162,0
293,8,144,0,64,223,65,190,25,96,0
14,8,32,82,86,2,8,9,117,240,0
661,8,0,0,0,0,0,0,8,64,0
208,8,74,119,12,96,234,2,7,0,0
1736,8,255,255,255,255,255,255,255,255,1
51,8,0,7,152,0,14,64,7,208,0
263,8,0,0,0,0,0,0,0,0,0
961,8,123,85,31,187,116,112,233,46,0
1760,8,1,195,1,191,1,195,1,193,0
737,8,0,0,0,0,0,0,0,4,0
852,8,31,244,0,0,0,5,45,128,0
1505,8,137,63,224,11,10,0,144,128,0
354,8,0,8,2,83,234,17,244,206,0
167,8,0,16,251,228,177,40,32,160,0
1372,8,16,28,0,0,66,132,48,0,0
644,8,255,255,255,255,255,255,255,255,1
293,8,144,0,64,223,65,189,251,96,0
14,8,32,82,86,2,8,9,117,252,0
339,8,0,1,0,0,0,12,0,2,0
1634,8,78,224,0,0,64,0,0,0,0
412,8,20,164,32,8,194,0,40,176,0
208,8,82,119,12,96,233,2,7,0,0
51,8,0,7,144,0,14,128,7,208,0
628,8,0,242,42,244,80,124,134,35,0
192,8,32,0,0,0,0,0,0,0,0
692,8,20,233,162,0,0,0,88,0,0
1346,8,255,255,255,255,255,255,255,255,1
813,8,128,0,4,32,172,1,0,32,0
403,8,0,8,8,3,232,56,0,0,0
526,8,78,32,3,161,3,63,143,247,0
1277,8,17,64,10,77,87,12,202,136,0
1314,8,223,127,208,0,125,160,0,92,0
852,8,31,244,0,0,0,5,45,128,0
1505,8,137,63,224,11,10,0,152,128,0
651,8,0,0,0,0,0,0,0,0,0
870,8,128,29,200,2,1,71,206,56,0
1408,8,0,0,0,3,218,8,0,0,0
1076,8,2,96,0,160,160,192,144,192,0
1760,8,1,195,1,193,1,195,1,193,0
167,8,0,16,249,100,177,40,32,160,0
458,8,63,249,255,128,0,0,12,72,0
1176,8,135,255,191,252,233,128,130,9,0
560,8,251,0,0,2,212,0,8,0,0
1694,8,4,64,4,127,31,192,21,162,0
293,8,144,0,64,223,65,189,221,96,0
871,8,255,255,255,255,255,255,255,255,1
14,8,32,82,86,2,8,9,118,8,0
208,8,90,119,12,96,232,2,7,0,0
51,8,0,7,136,0,14,192,7,208,0
1399,8,0,0,8,0,0,0,1,78,0
263,8,0,0,0,0,0,0,0,0,0
186,8,6,168,117,132,16,0,6,44,0
1760,8,1,199,1,194,1,195,1,193,0
180,8,255,255,255,255,255,255,255,255,1
737,8,0,0,0,0,0,0,0,4,0
852,8,31,244,0,0,0,5,38,0,0
1505,8,137,63,224,11,10,0,148,128,0
354,8,0,8,2,83,234,17,244,206,0
167,8,0,16,248,228,193,40,32,160,0
675,8,0,0,0,132,16,128,63,16,0
293,8,144,0,64,223,65,189,191,96,0
961,8,123,85,31,187,51,241,169,46,0
1066,8,255,255,255,255,255,255,255,255,1
14,8,32,82,86,2,8,9,117,234,0
339,8,0,1,0,0,0,12,0,2,0
661,8,0,0,0,0,0,0,8,64,0
1634,8,78,224,0,0,64,0,0,0,0
412,8,24,160,32,8,194,0,40,176,0
208,8,98,119,12,96,231,2,7,0,0
51,8,0,7,128,0,15,0,7,208,0
628,8,0,242,44,242,80,124,134,35,0
192,8,32,0,0,0,0,0,0,0,0
403,8,0,8,8,3,232,56,0,0,0
526,8,78,32,3,161,3,63,175,255,0
1314,8,223,127,208,0,125,40,0,92,0
870,8,128,29,200,2,1,71,206,56,0
852,8,31,244,0,0,0,5,38,0,0
1505,8,137,63,224,11,10,0,144,128,0
651,8,0,0,0,0,0,0,0,0,0
585,8,255,255,255,255,255,255,255,255,1
1408,8,0,0,0,3,210,136,0,0,0
1076,8,2,138,160,160,192,208,160,224,0
1760,8,1,195,1,194,1,195,1,193,0
1788,8,0,0,7,95,82,181,88,0,0
167,8,0,16,251,100,193,40,32,160,0
569,8,0,0,0,103,192,0,67,192,0
1176,8,135,255,191,252,232,128,130,10,0
560,8,250,0,0,2,212,0,10,0,0
1694,8,4,64,4,127,31,192,21,162,0
293,8,144,0,64,223,65,191,129,96,0
14,8,32,82,86,2,8,9,117,246,0
35,8,255,255,255,255,255,255,255,255,1
208,8,106,119,12,96,230,2,7,0,0
51,8,0,7,120,0,15,64,7,208,0
215,8,0,0,2,0,128,0,0,0,0
263,8,0,0,0,0,0,0,0,0,0
1760,8,1,195,1,193,1,194,1,193,0
737,8,0,0,0,0,0,0,0,4,0
852,8,31,244,0,0,0,5,23,0,0
1505,8,137,63,224,11,10,0,148,128,0
354,8,0,8,2,67,234,17,244,206,0
167,8,0,16,250,228,177,40,32,160,0
1175,8,0,0,0,0,0,0,0,0,0
1210,8,255,255,255,255,255,255,255,255,1
293,8,144,0,64,223,65,191,99,96,0
14,8,32,82,86,2,8,9,118,8,0
738,8,24,8,13,64,64,0,1,24,0
837,8,5,2,2,194,60,119,64,129,0
1072,8,0,46,68,139,208,128,17,160,0
339,8,0,1,0,0,0,12,0,2,0
1634,8,78,224,0,0,64,0,0,0,0
412,8,28,156,32,8,194,0,40,176,0
208,8,114,119,12,96,229,2,7,0,0
51,8,0,7,112,0,15,128,7,208,0
1322,8,255,255,255,255,255,255,255,255,1
628,8,0,242,46,240,80,124,134,35,0
192,8,32,0,0,0,0,0,0,0,0
961,8,123,85,31,187,115,50,41,46,0
403,8,0,8,8,3,232,56,0,0,0
526,8,78,32,3,161,3,191,175,255,0
304,8,0,1,80,0,0,0,0,0,0
1314,8,223,127,208,0,124,176,0,92,0
1331,8,237,127,207,126,255,249,239,127,0
852,8,31,244,0,0,0,5,128,0,0
1505,8,137,63,224,11,10,0,148,128,0
651,8,0,0,0,0,0,0,0,0,0
870,8,128,29,200,2,1,71,206,56,0
1408,8,0,0,0,3,203,8,0,0,0
1076,8,2,170,160,160,208,224,193,0,0
1760,8,1,194,1,193,1,194,1,193,0
167,8,0,16,249,100,177,40,32,160,0
722,8,0,0,80,0,0,0,0,0,0
1176,8,135,255,191,252,232,128,129,203,0
1124,8,0,2,64,0,0,144,28,82,0
560,8,249,0,0,2,212,0,12,0,0
1694,8,4,64,4,127,31,192,21,162,0
293,8,144,0,64,223,65,191,69,96,0
1675,8,255,255,255,255,255,255,255,255,1
14,8,32,82,86,2,8,9,117,252,0
661,8,0,0,0,0,0,0,8,64,0
208,8,122,119,12,96,229,2,6,0,0
51,8,0,7,104,0,15,192,7,208,0
1277,8,17,69,10,77,93,13,202,136,0
263,8,0,0,0,0,0,0,0,0,0
186,8,6,168,117,132,16,0,6,44,0
627,8,0,64,0,9,0,0,0,0,0
452,8,0,0,2,0,1,192,0,0,0
676,8,32,32,3,28,4,8,152,208,0
1760,8,1,196,1,196,1,194,1,193,0
190,8,255,255,255,255,255,255,255,255,1
881,8,1,6,0,0,0,0,8,128,0
1661,8,0,24,96,2,8,0,2,32,0
737,8,0,0,0,0,0,0,0,4,0
852,8,31,244,0,0,0,5,128,0,0
1505,8,137,63,224,11,10,0,144,128,0
354,8,0,8,2,67,234,17,244,206,0
1413,8,0,64,0,0,0,2,0,24,0
167,8,0,16,250,100,193,40,32,160,0
1307,8,40,12,65,1,40,0,1,33,0
813,8,128,0,4,32,172,1,0,32,0
204,8,67,65,10,50,56,175,162,14,0
1644,8,0,0,0,0,24,0,0,0,0
1533,8,189,221,253,255,254,255,237,218,0
293,8,144,0,64,223,65,191,39,96,0
1340,8,255,255,255,255,255,255,255,255,1
14,8,32,82,86,2,8,9,117,240,0
1255,8,0,0,0,20,3,102,0,0,0
339,8,0,1,0,0,0,12,0,2,0
1634,8,78,224,0,0,64,0,0,0,0
1668,8,76,213,128,25,65,84,16,30,0
1590,8,36,156,0,0,240,2,144,0,0
727,8,16,0,96,216,0,0,0,8,0
412,8,0,184,32,8,194,0,40,176,0
208,8,2,119,12,96,244,2,6,0,0
403,8,0,8,8,3,232,56,0,0,0
51,8,0,7,224,0,12,0,7,208,0
526,8,78,32,3,161,3,63,175,247,0
628,8,0,242,32,254,80,124,134,35,0
1314,8,223,127,208,0,124,56,0,92,0
192,8,32,0,0,0,0,0,0,0,0
852,8,31,244,0,0,0,5,120,128,0
1505,8,137,63,224,11,10,0,144,128,0
453,8,255,255,255,255,255,255,255,255,1
651,8,0,0,0,0,0,0,0,0,0
167,8,0,16,251,228,177,40,32,160,0
253,8,0,0,1,0,128,16,0,0,0
1031,8,64,1,95,240,19,192,189,160,0
870,8,128,29,200,2,1,71,206,56,0
60,8,0,0,4,0,60,0,0,0,0
1408,8,0,0,0,3,195,136,0,0,0
1076,8,2,202,160,161,1,16,225,16,0
1760,8,1,196,1,195,1,193,1,192,0
1694,8,4,64,4,127,31,192,21,162,0
293,8,144,0,64,223,65,191,9,96,0
961,8,123,85,31,187,50,178,233,46,0
1176,8,135,255,191,252,231,128,129,204,0
996,8,0,208,0,0,133,0,0,0,0
1628,8,64,8,194,117,32,15,0,0,0
519,8,4,4,96,72,42,222,149,24,0
1225,8,1,249,21,130,13,2,246,75,0
470,8,2,15,130,128,48,36,5,128,0
420,8,0,0,0,2,236,204,0,0,0
1399,8,0,0,8,0,0,0,1,78,0
14,8,32,82,86,2,8,9,117,246,0
935,8,255,255,255,255,255,255,255,255,1
560,8,248,0,0,2,212,0,14,0,0
208,8,10,119,12,96,243,2,6,0,0
51,8,0,7,216,0,12,64,7,208,0
263,8,0,0,0,0,0,0,0,0,0
705,8,1,243,175,199,202,158,95,150,0
1760,8,1,200,1,195,1,193,1,192,0
244,8,154,12,1,2,4,177,2,64,0
737,8,0,0,0,0,0,0,0,4,0
852,8,31,244,0,0,0,5,105,128,0
1505,8,137,63,224,11,10,0,148,128,0
354,8,0,8,2,67,234,17,244,206,0
167,8,0,16,249,100,177,40,32,160,0
622,8,1,6,64,130,137,14,10,4,0
417,8,255,255,255,255,255,255,255,255,1
293,8,144,0,64,223,65,190,235,96,0
14,8,32,82,86,2,8,9,117,252,0
339,8,0,1,0,0,0,12,0,2,0
661,8,0,0,0,0,0,0,8,64,0
666,8,255,255,255,255,255,255,255,255,1
1634,8,78,224,0,0,64,0,0,0,0
412,8,4,180,32,8,194,0,40,176,0
208,8,18,119,12,96,242,2,6,0,0
51,8,0,7,208,0,12,128,7,208,0
628,8,0,242,34,252,80,124,134,35,0
192,8,32,0,0,0,0,0,0,0,0
1459,8,4,0,0,0,0,0,4,0,0
403,8,0,8,8,3,232,56,0,0,0
526,8,78,32,3,161,3,191,143,255,0
1314,8,223,127,208,0,123,192,0,28,0
852,8,31,244,0,0,0,5,105,128,0
1505,8,137,63,224,11,10,0,144,128,0
651,8,0,0,0,0,0,0,0,0,0
870,8,128,29,200,2,1,71,206,56,0
1408,8,0,0,0,3,188,8,0,0,0
1076,8,2,234,160,161,17,49,1,64,0
1760,8,1,201,1,192,1,194,1,192,0
167,8,0,16,249,228,177,40,32,160,0
61,8,0,0,14,0,0,0,0,0,0
581,8,255,255,255,255,255,255,255,255,1
1176,8,135,255,191,252,231,128,129,141,0
1694,8,4,64,4,127,31,192,21,162,0
293,8,144,0,64,223,65,190,205,96,0
560,8,247,0,0,2,212,0,16,0,0
14,8,32,82,86,2,8,9,117,246,0
208,8,26,119,12,96,242,2,5,0,0
51,8,0,7,200,0,12,192,7,208,0
263,8,0,0,0,0,0,0,0,0,0
1147,8,255,255,255,255,255,255,255,255,1
186,8,6,168,117,132,16,0,6,44,0
961,8,123,85,31,186,242,115,105,46,0
1760,8,1,201,1,195,1,194,1,193,0
737,8,0,0,0,0,0,0,0,4,0
852,8,31,244,0,0,0,5,98,0,0
1505,8,137,63,224,11,10,0,144,128,0
354,8,0,8,2,67,234,17,244,206,0
167,8,0,16,251,100,193,40,32,160,0
293,8,144,0,64,223,65,190,175,96,0
1727,8,255,255,255,255,255,255,255,255,1
14,8,32,82,86,2,8,9,117,252,0
339,8,0,1,0,0,0,12,0,2,0
1634,8,78,224,0,0,64,0,0,0,0
412,8,8,176,32,8,194,0,40,176,0
208,8,34,119,12,96,241,2,5,0,0
51,8,0,7,192,0,13,0,7,208,0
628,8,0,242,36,250,80,124,134,35,0
192,8,32,0,0,0,0,0,0,0,0
692,8,20,233,162,0,0,0,88,0,0
485,8,1,70,4,5,168,65,163,224,0
813,8,128,0,4,32,172,1,0,32,0
403,8,0,8,8,3,232,56,0,0,0
526,8,78,32,3,161,3,191,175,255,0
1080,8,255,255,255,255,255,255,255,255,1
1314,8,223,127,208,0,123,72,0,28,0
1277,8,17,72,10,76,97,13,202,136,0
852,8,31,244,0,0,0,5,98,0,0
1505,8,137,63,224,11,10,0,148,128,0
651,8,0,0,0,0,0,0,0,0,0
870,8,128,29,200,2,1,71,206,56,0
1408,8,0,0,0,3,180,136,0,0,0
1076,8,3,10,128,161,49,65,17,96,0
1760,8,1,196,1,195,1,194,1,193,0
167,8,0,16,249,228,193,40,32,160,0
458,8,63,249,255,128,0,0,12,72,0
1176,8,135,255,191,252,229,128,129,206,0
560,8,246,0,0,2,212,0,18,0,0
1694,8,4,64,4,127,31,192,21,162,0
293,8,144,0,64,223,65,190,145,96,0
1410,8,255,255,255,255,255,255,255,255,1
14,8,32,82,86,2,8,9,117,252,0
661,8,0,0,0,0,0,0,8,64,0
208,8,42,119,12,96,239,2,6,0,0
51,8,0,7,184,0,13,64,7,208,0
1399,8,0,0,8,0,0,0,1,78,0
263,8,0,0,0,0,0,0,0,0,0
663,8,49,2,0,32,2,2,81,24,0
241,8,62,16,28,192,3,89,204,0,0
1760,8,1,196,1,197,1,193,1,192,0
737,8,0,0,0,0,0,0,0,4,0
1423,8,255,255,255,255,255,255,255,255,1
852,8,31,244,0,0,0,5,83,0,0
1505,8,137,63,224,11,10,0,148,128,0
354,8,0,8,2,67,234,17,244,206,0
167,8,0,16,249,100,193,40,32,160,0
675,8,0,0,0,132,16,128,60,144,0
293,8,144,0,64,223,65,190,115,96,0
961,8,123,85,31,187,49,179,233,46,0
14,8,32,82,86,2,8,9,117,234,0
1409,8,255,255,255,255,255,255,255,255,1
339,8,0,1,0,0,0,12,0,2,0
1634,8,78,224,0,0,64,0,0,0,0
412,8,12,172,32,8,194,0,40,176,0
208,8,50,119,12,96,238,2,6,0,0
51,8,0,7,176,0,13,128,7,208,0
628,8,0,242,38,248,80,124,134,35,0
192,8,32,0,0,0,0,0,0,0,0
403,8,0,8,8,3,232,56,0,0,0
526,8,78,32,3,161,4,63,175,255,0
1314,8,223,127,208,0,122,208,0,28,0
852,8,31,244,0,0,0,5,68,0,0
1505,8,137,63,224,11,10,0,144,128,0
651,8,0,0,0,0,0,0,0,0,0
870,8,128,29,200,2,1,71,206,56,0
1408,8,0,0,0,3,173,8,0,0,0
1076,8,3,42,0,161,65,97,65,112,0
1760,8,1,199,1,196,1,193,1,192,0
184,8,255,255,255,255,255,255,255,255,1
1788,8,0,0,7,95,50,181,96,0,0
167,8,0,16,250,228,177,40,32,160,0
569,8,0,0,0,103,64,0,67,192,0
1176,8,135,255,191,252,228,128,129,207,0
560,8,245,0,0,2,212,0,20,0,0
1694,8,4,64,4,127,31,192,21,162,0
293,8,144,0,64,223,65,190,85,96,0
14,8,32,82,86,2,8,9,118,2,0
208,8,58,119,12,96,237,2,6,0,0
51,8,0,7,168,0,13,192,7,208,0
215,8,0,0,2,0,128,0,0,0,0
101,8,255,255,255,255,255,255,255,255,1
263,8,0,0,0,0,0,0,0,0,0
186,8,6,168,117,132,16,0,6,44,0
65,8,128,34,0,32,1,0,0,0,0
1760,8,1,201,1,196,1,192,1,191,0
737,8,0,0,0,0,0,0,0,4,0
852,8,31,244,0,0,0,5,68,0,0
1505,8,137,63,224,11,10,0,148,128,0
354,8,0,8,2,67,234,17,244,206,0
167,8,0,16,250,228,177,40,32,160,0
1175,8,0,0,0,0,0,0,0,0,0
293,8,144,0,64,223,65,190,55,96,0
382,8,255,255,255,255,255,255,255,255,1
14,8,32,82,86,2,8,9,117,246,0
738,8,24,8,13,64,64,0,1,24,0
837,8,5,2,2,194,60,119,64,129,0
1072,8,0,46,68,139,208,128,17,160,0
339,8,0,1,0,0,0,12,0,2,0
661,8,0,0,0,0,0,0,8,64,0
1634,8,78,224,0,0,64,0,0,0,0
412,8,16,168,32,8,194,0,40,176,0
208,8,66,119,12,96,236,2,6,0,0
51,8,0,7,160,0,14,0,7,208,0
628,8,0,242,40,246,80,124,134,35,0
192,8,32,0,0,0,0,0,0,0,0
961,8,123,85,31,187,176,116,169,46,0
403,8,0,8,8,3,232,56,0,0,0
526,8,78,32,3,161,3,191,143,255,0
1790,8,255,255,255,255,255,255,255,255,1
1314,8,223,127,208,0,122,88,0,28,0
304,8,0,1,80,0,0,0,0,0,0
852,8,31,244,0,0,0,5,60,128,0
1505,8,137,63,224,11,10,0,148,128,0
651,8,0,0,0,0,0,0,0,0,0
870,8,128,29,200,2,1,71,206,56,0
1408,8,0,0,0,3,165,136,0,0,0
1076,8,3,74,160,161,113,129,97,128,0
1760,8,1,201,1,195,1,194,1,191,0
167,8,0,16,249,100,177,40,32,160,0
722,8,0,0,8,0,0,0,0,0,0
1372,8,16,28,0,0,66,132,48,0,0
1176,8,135,255,191,252,244,128,129,128,0
1124,8,0,2,64,0,0,144,27,83,0
1694,8,4,64,4,127,31,192,21,162,0
293,8,144,0,64,223,65,190,25,96,0
560,8,244,0,0,2,212,0,22,0,0
33,8,255,255,255,255,255,255,255,255,1
14,8,32,82,86,2,8,9,117,246,0
208,8,74,119,12,96,236,2,5,0,0
51,8,0,7,152,0,14,64,7,208,0
1277,8,17,82,10,77,109,15,202,136,0
263,8,0,0,0,0,0,0,0,0,0
663,8,49,2,0,32,2,2,81,24,0
1455,8,32,128,0,0,0,32,112,0,0
813,8,128,0,4,32,172,1,0,32,0
1760,8,1,199,1,195,1,194,1,191,0
737,8,0,0,0,0,0,0,0,4,0
1238,8,255,255,255,255,255,255,255,255,1
852,8,31,244,0,0,0,5,45,128,0
1505,8,137,63,224,11,10,0,144,128,0
354,8,0,8,2,67,234,17,244,206,0
1413,8,0,64,0,0,0,2,0,24,0
167,8,0,16,250,228,193,40,32,160,0
1644,8,0,0,0,0,24,0,0,0,0
293,8,144,0,64,223,65,189,251,96,0
1264,8,255,255,255,255,255,255,255,255,1
14,8,32,82,86,2,8,9,118,20,0
1255,8,0,0,0,20,3,102,0,0,0
339,8,0,1,0,0,0,12,0,2,0
1634,8,78,224,0,0,64,0,0,0,0
1668,8,76,213,128,25,65,84,16,30,0
1590,8,36,156,0,0,240,2,144,0,0
727,8,16,0,96,216,0,0,0,8,0
412,8,20,164,32,8,194,0,40,176,0
208,8,82,119,12,96,235,2,5,0,0
403,8,0,8,8,3,232,56,0,0,0
526,8,78,32,3,161,4,63,111,255,0
51,8,0,7,144,0,14,128,7,208,0
628,8,0,242,42,244,80,124,134,35,0
192,8,32,0,0,0,0,0,0,0,0
60,8,0,0,4,0,43,0,0,0,0
852,8,31,244,0,0,0,5,45,128,0
1314,8,223,127,208,0,121,224,0,28,0
1505,8,137,63,224,11,10,0,144,128,0
651,8,0,0,0,0,0,0,0,0,0
167,8,0,16,252,100,177,40,32,160,0
43,8,255,255,255,255,255,255,255,255,1
1031,8,64,1,95,240,19,192,189,160,0
996,8,0,208,0,0,133,0,0,0,0
1628,8,64,8,194,117,32,0,0,0,0
519,8,4,4,96,72,42,222,149,24,0
1225,8,1,249,21,130,13,2,246,75,0
870,8,128,29,200,2,1,71,206,56,0
1408,8,0,0,0,3,158,8,0,0,0
1694,8,4,64,4,127,31,192,21,162,0
293,8,144,0,64,223,65,189,221,96,0
961,8,123,85,31,187,239,117,105,46,0
1076,8,3,106,160,161,129,161,113,176,0
1760,8,1,199,1,196,1,194,1,192,0
1176,8,135,255,191,252,243,128,129,129,0
470,8,2,11,128,128,48,36,5,128,0
1399,8,0,0,8,0,0,0,1,78,0
117,8,15,50,0,15,174,30,224,0,0
560,8,243,0,0,2,212,0,24,0,0
14,8,32,82,86,2,8,9,118,14,0
661,8,0,0,0,0,0,0,8,64,0
208,8,90,119,12,96,234,2,5,0,0
1646,8,255,255,255,255,255,255,255,255,1
51,8,0,7,136,0,14,192,7,208,0
263,8,0,0,0,0,0,0,0,0,0
186,8,6,168,117,68,16,0,6,44,0
1049,8,10,155,70,77,4,95,195,47,0
1760,8,1,199,1,197,1,193,1,192,0
244,8,154,12,1,2,4,177,2,64,0
737,8,0,0,0,0,0,0,0,4,0
852,8,31,244,0,0,0,5,38,0,0
1505,8,137,63,224,11,10,0,148,128,0
354,8,0,8,2,67,234,17,244,206,0
167,8,0,16,249,100,193,40,32,160,0
58,8,0,0,0,0,0,29,8,0,0
622,8,1,6,64,130,137,14,10,4,0
1716,8,255,255,255,255,255,255,255,255,1
293,8,144,0,64,223,65,189,191,96,0
705,8,1,243,175,199,202,158,75,170,0
953,8,32,4,114,0,0,0,92,66,0
1227,8,128,0,0,0,0,14,0,0,0
640,8,24,224,2,112,0,0,0,0,0
14,8,32,82,86,2,8,9,118,8,0
541,8,0,0,0,0,0,1,0,0,0
339,8,0,1,0,0,0,12,0,2,0
1634,8,78,224,0,0,64,0,0,0,0
412,8,24,160,32,8,194,0,40,176,0
208,8,98,119,12,96,233,2,5,0,0
51,8,0,7,128,0,15,0,7,208,0
628,8,0,242,44,242,80,124,134,35,0
192,8,32,0,0,0,0,0,0,0,0
1459,8,4,0,0,0,0,0,4,0,0
223,8,255,255,255,255,255,255,255,255,1
403,8,0,8,8,3,232,56,0,0,0
526,8,78,32,3,161,4,63,143,255,0
1314,8,223,127,208,0,121,104,0,28,0
852,8,31,244,0,0,0,5,38,0,0
1505,8,137,63,224,11,10,0,144,128,0
651,8,0,0,0,0,0,0,0,0,0
870,8,128,29,200,2,1,71,206,56,0
1408,8,0,0,0,3,150,136,0,0,0
1076,8,3,130,160,161,161,177,129,208,0
1760,8,1,201,1,197,1,193,1,192,0
167,8,0,16,249,100,193,40,32,160,0
61,8,0,0,14,0,0,0,0,0,0
1176,8,135,255,191,252,242,128,129,130,0
1262,8,160,0,13,8,240,76,64,8,0
560,8,242,0,0,2,212,0,26,0,0
1694,8,4,64,4,127,31,192,21,162,0
293,8,144,0,64,223,65,191,129,96,0
880,8,255,255,255,255,255,255,255,255,1
14,8,32,82,86,2,8,9,117,252,0
208,8,106,119,12,96,232,2,5,0,0
51,8,0,7,120,0,15,64,7,208,0
263,8,0,0,0,0,0,0,0,0,0
961,8,123,85,31,187,175,53,233,46,0
1760,8,1,200,1,198,1,193,1,192,0
737,8,0,0,0,0,0,0,0,4,0
852,8,31,244,0,0,0,5,23,0,0
174,8,255,255,255,255,255,255,255,255,1
1505,8,137,63,224,11,10,0,140,128,0
354,8,0,8,2,67,234,17,244,206,0
167,8,0,16,251,100,177,40,32,160,0
1693,8,128,141,207,176,79,193,252,177,0
293,8,144,0,64,223,65,191,99,96,0
14,8,32,82,86,2,8,9,118,2,0
850,8,255,255,255,255,255,255,255,255,1
339,8,0,1,0,0,0,12,0,2,0
661,8,0,0,0,0,0,0,8,64,0
1634,8,78,224,0,0,64,0,0,0,0
412,8,28,156,32,8,194,0,40,176,0
208,8,114,119,12,96,231,2,5,0,0
51,8,0,7,112,0,15,128,7,208,0
628,8,0,242,46,240,80,124,134,35,0
192,8,32,0,0,0,0,0,0,0,0
692,8,20,233,162,0,0,0,88,0,0
403,8,0,8,8,3,232,56,0,0,0
526,8,78,32,3,161,4,63,111,255,0
813,8,128,0,4,32,172,1,0,32,0
1314,8,223,127,208,0,120,240,0,28,0
1277,8,17,86,10,77,115,16,202,136,0
852,8,31,244,0,0,0,5,128,0,0
1505,8,137,63,224,11,10,0,144,128,0
651,8,0,0,0,0,0,0,0,0,0
870,8,128,29,200,2,1,71,206,56,0
1408,8,0,0,0,3,143,8,0,0,0
1076,8,3,170,160,161,177,209,177,224,0
1274,8,255,255,255,255,255,255,255,255,1
1760,8,1,200,1,196,1,193,1,192,0
167,8,0,16,250,100,177,40,32,160,0
458,8,63,249,255,128,0,0,12,72,0
1176,8,135,255,191,252,241,128,129,131,0
1512,8,0,0,2,4,0,57,176,0,0
1694,8,4,64,4,127,31,192,21,162,0
293,8,144,0,64,223,65,191,69,96,0
560,8,241,0,0,2,212,0,28,0,0
14,8,32,82,86,2,8,9,118,8,0
208,8,122,119,12,96,230,2,5,0,0
51,8,0,7,104,0,15,192,7,208,0
1399,8,0,0,8,0,0,0,1,78,0
1587,8,255,255,255,255,255,255,255,255,1
263,8,0,0,0,0,0,0,0,0,0
186,8,6,168,117,68,16,0,6,44,0
1760,8,1,199,1,196,1,195,1,193,0
737,8,0,0,0,0,0,0,0,4,0
852,8,31,244,0,0,0,5,128,0,0
1505,8,137,63,224,11,10,0,144,128,0
354,8,0,8,2,67,234,17,244,206,0
167,8,0,16,249,100,177,40,32,160,0
675,8,0,0,0,132,16,128,60,16,0
1057,8,255,255,255,255,255,255,255,255,1
293,8,144,0,64,223,65,191,39,96,0
961,8,123,85,31,186,239,118,105,46,0
14,8,32,82,86,2,8,9,117,252,0
339,8,0,1,0,0,0,12,0,2,0
1634,8,78,224,0,0,64,0,0,0,0
412,8,0,184,32,8,194,0,40,176,0
208,8,2,119,12,96,245,2,5,0,0
51,8,0,7,224,0,12,0,7,208,0
628,8,0,242,32,254,80,124,134,35,0
192,8,32,0,0,0,0,0,0,0,0
607,8,255,255,255,255,255,255,255,255,1
403,8,0,8,8,3,232,56,0,0,0
526,8,78,32,3,161,4,63,111,247,0
1314,8,223,127,208,0,120,120,0,28,0
852,8,31,244,0,0,0,5,120,128,0
1505,8,137,63,224,11,10,0,140,128,0
651,8,0,0,0,0,0,0,0,0,0
870,8,128,29,200,2,1,71,206,56,0
1408,8,0,0,0,3,135,136,0,0,0
1076,8,3,202,160,161,226,1,210,16,0
1760,8,1,199,1,197,1,195,1,194,0
1788,8,0,0,7,95,210,181,96,0,0
167,8,0,16,251,100,177,40,32,160,0
569,8,0,0,0,103,0,0,67,192,0
1176,8,135,255,191,252,239,128,129,196,0
560,8,240,0,0,2,212,0,30,0,0
1694,8,4,64,4,127,31,192,21,162,0
293,8,144,0,64,223,65,191,9,96,0
1784,8,255,255,255,255,255,255,255,255,1
14,8,32,82,86,2,8,9,117,246,0
661,8,0,0,0,0,0,0,8,64,0
208,8,10,119,12,96,243,2,6,0,0
51,8,0,7,216,0,12,64,7,208,0
215,8,0,0,2,0,128,0,0,0,0
263,8,0,0,0,0,0,0,0,0,0
1760,8,1,199,1,199,1,195,1,194,0
737,8,0,0,0,0,0,0,0,4,0
1217,8,255,255,255,255,255,255,255,255,1
852,8,31,244,0,0,0,5,105,128,0
1505,8,137,63,224,11,10,0,144,128,0
354,8,0,8,2,67,234,17,244,206,0
167,8,0,16,251,100,177,40,32,160,0
1175,8,0,0,0,0,0,0,0,0,0
293,8,144,0,64,223,65,190,235,96,0
107,8,255,255,255,255,255,255,255,255,1
14,8,32,82,86,2,8,9,118,8,0
738,8,24,8,13,64,64,0,1,24,0
837,8,5,2,2,194,60,119,64,129,0
339,8,0,1,0,0,0,12,0,2,0
1634,8,78,224,0,0,64,0,0,0,0
412,8,4,180,32,8,194,0,40,176,0
208,8,18,119,12,96,242,2,6,0,0
51,8,0,7,208,0,12,128,7,208,0
628,8,0,242,34,252,80,124,134,35,0
192,8,32,0,0,0,0,0,0,0,0
1072,8,0,46,68,139,208,128,17,160,0
304,8,0,1,80,0,0,0,0,0,0
403,8,0,8,8,3,232,56,0,0,0
526,8,78,31,255,161,4,191,111,247,0
961,8,123,85,31,187,46,119,41,46,0
1314,8,223,127,208,0,127,128,0,28,0
852,8,31,244,0,0,0,5,105,128,0
1505,8,137,63,224,11,10,0,144,128,0
651,8,0,0,0,0,0,0,0,0,0
870,8,128,29,200,2,1,71,206,56,0
1408,8,0,0,0,3,248,8,0,0,0
447,8,255,255,255,255,255,255,255,255,1
1076,8,3,234,160,162,2,17,226,32,0
1760,8,1,199,1,199,1,194,1,193,0
167,8,0,16,249,100,177,40,32,160,0
722,8,0,0,16,0,0,0,0,0,0
1176,8,135,255,191,252,237,128,130,5,0
1124,8,0,2,64,0,0,144,26,84,0
1694,8,4,64,4,127,31,192,21,162,0
293,8,144,0,64,223,65,190,205,96,0
631,8,30,1,128,0,0,0,1,8,0
560,8,255,0,0,2,212,0,0,0,0
14,8,32,82,86,2,8,9,117,252,0
1642,8,255,255,255,255,255,255,255,255,1
208,8,26,119,12,96,240,2,7,0,0
51,8,0,7,200,0,12,192,7,208,0
1277,8,17,87,10,77,117,16,202,136,0
263,8,0,0,0,0,0,0,0,0,0
186,8,6,168,116,196,16,0,6,44,0
1307,8,8,2,135,77,95,80,0,1,0
813,8,128,0,4,32,172,1,0,32,0
1760,8,1,199,1,197,1,195,1,193,0
737,8,0,0,0,0,0,0,0,4,0
852,8,31,244,0,0,0,5,98,0,0
1505,8,137,63,224,11,10,0,140,128,0
354,8,0,8,2,67,234,17,244,206,0
1413,8,0,64,0,0,0,2,0,24,0
167,8,0,16,250,100,193,40,32,160,0
930,8,0,0,0,0,0,1,224,0,0
873,8,255,255,255,255,255,255,255,255,1
1644,8,0,0,0,0,24,0,0,0,0
1560,8,251,125,190,255,247,119,191,221,0
293,8,144,0,64,223,65,190,175,96,0
14,8,32,82,86,2,8,9,117,252,0
1255,8,0,0,0,20,3,102,0,0,0
339,8,0,1,0,0,0,12,0,2,0
748,8,255,255,255,255,255,255,255,255,1
661,8,0,0,0,0,0,0,8,64,0
1634,8,78,224,0,0,64,0,0,0,0
1668,8,76,213,128,25,65,84,16,30,0
1590,8,36,156,0,0,240,2,160,0,0
727,8,16,0,96,216,0,0,0,8,0
412,8,8,176,32,8,194,0,40,176,0
403,8,0,8,8,3,232,56,0,0,0
208,8,34,119,12,96,239,2,7,0,0
526,8,78,32,3,161,4,191,111,255,0
51,8,0,7,192,0,13,0,7,208,0
1314,8,223,127,208,0,127,8,0,28,0
852,8,31,244,0,0,0,5,98,0,0
1505,8,137,63,224,11,10,0,140,128,0
651,8,0,0,0,0,0,0,0,0,0
628,8,0,242,36,250,80,124,134,35,0
192,8,32,0,0,0,0,0,0,0,0
167,8,0,16,251,228,193,40,32,160,0
1031,8,64,1,95,240,19,192,189,160,0
60,8,0,0,4,0,44,0,0,0,0
996,8,0,208,0,0,133,0,0,0,0
370,8,255,255,255,255,255,255,255,255,1
870,8,128,29,200,2,1,71,206,56,0
1628,8,64,8,194,117,32,0,0,0,0
1408,8,0,0,0,3,240,136,0,0,0
519,8,4,4,96,72,42,222,149,24,0
1694,8,4,64,4,127,31,192,21,162,0
293,8,144,0,64,223,65,190,145,96,0
961,8,123,85,31,186,237,247,233,46,0
1076,8,4,10,160,162,18,34,2,64,0
1760,8,1,201,1,197,1,195,1,193,0
1176,8,135,255,191,252,237,128,129,198,0
1225,8,1,249,21,130,13,3,246,75,0
470,8,2,143,194,128,52,116,5,144,0
1399,8,0,0,8,0,0,0,1,78,0
14,8,32,82,86,2,8,9,118,2,0
560,8,254,0,0,2,212,0,2,0,0
208,8,42,119,12,96,239,2,6,0,0
51,8,0,7,184,0,13,64,7,208,0
263,8,0,0,0,0,0,0,0,0,0
899,8,255,255,255,255,255,255,255,255,1
1760,8,1,200,1,194,1,196,1,195,0
244,8,154,12,1,2,4,177,2,64,0
737,8,0,0,0,0,0,0,0,4,0
852,8,31,244,0,0,0,5,83,0,0
1505,8,137,63,224,11,10,0,144,128,0
354,8,0,8,2,67,234,17,244,206,0
167,8,0,16,249,228,193,40,32,160,0
622,8,1,6,64,130,137,14,10,4,0
293,8,144,0,64,223,65,190,115,96,0
589,8,255,255,255,255,255,255,255,255,1
14,8,32,82,86,2,8,9,118,2,0
339,8,0,1,0,0,0,12,0,2,0
1634,8,78,224,0,0,64,0,0,0,0
412,8,12,172,32,8,194,0,40,176,0
208,8,50,119,12,96,238,2,6,0,0
51,8,0,7,176,0,13,128,7,208,0
628,8,0,242,38,248,80,124,134,35,0
192,8,32,0,0,0,0,0,0,0,0
1459,8,4,0,0,0,0,0,4,0,0
705,8,1,243,111,199,199,158,69,192,0
403,8,0,8,8,3,232,56,0,0,0
526,8,78,32,3,161,4,191,111,247,0
25,8,255,255,255,255,255,255,255,255,1
1314,8,223,127,208,0,126,144,0,28,0
426,8,144,190,189,68,161,99,230,64,0
852,8,31,244,0,0,0,5,68,0,0
1505,8,137,63,224,11,10,0,140,128,0
651,8,0,0,0,0,0,0,0,0,0
870,8,128,29,200,2,1,71,206,56,0
1408,8,0,0,0,3,233,8,0,0,0
1076,8,4,42,160,162,66,82,34,80,0
1760,8,1,200,1,197,1,196,1,195,0
167,8,0,16,249,228,177,40,32,160,0
61,8,0,0,14,128,0,0,0,0,0
1176,8,135,255,191,252,235,128,130,7,0
560,8,253,0,0,2,212,0,4,0,0
1694,8,4,64,4,127,31,192,21,162,0
293,8,144,0,64,223,65,190,85,96,0
317,8,255,255,255,255,255,255,255,255,1
14,8,32,82,86,2,8,9,117,252,0
661,8,0,0,0,0,0,0,8,64,0
208,8,58,119,12,96,236,2,7,0,0
51,8,0,7,168,0,13,192,7,208,0
263,8,0,0,0,0,0,0,0,0,0
186,8,6,168,116,196,16,0,6,44,0
961,8,123,85,31,187,108,248,105,46,0
1760,8,1,199,1,197,1,196,1,195,0
737,8,0,0,0,0,0,0,0,4,0
852,8,31,244,0,0,0,5,68,0,0
425,8,255,255,255,255,255,255,255,255,1
1505,8,137,63,224,11,10,0,140,128,0
354,8,0,8,2,67,234,17,244,206,0
167,8,0,16,251,100,193,40,32,160,0
1372,8,16,28,0,0,66,132,48,0,0
293,8,144,0,64,223,65,190,55,96,0
14,8,32,82,86,2,8,9,118,2,0
26,8,255,255,255,255,255,255,255,255,1
339,8,0,1,0,0,0,12,0,2,0
1634,8,78,224,0,0,64,0,0,0,0
412,8,16,168,32,8,194,0,40,176,0
208,8,66,119,12,96,235,2,7,0,0
51,8,0,7,160,0,14,0,7,208,0
628,8,0,242,40,246,80,124,134,35,0
192,8,32,0,0,0,0,0,0,0,0
778,8,64,45,80,1,211,68,50,0,0
692,8,20,233,162,0,0,0,88,0,0
452,8,0,0,2,0,2,0,0,0,0
403,8,0,8,8,3,232,56,0,0,0
526,8,78,32,3,161,4,191,111,247,0
676,8,54,220,0,28,4,8,152,208,0
1314,8,223,127,208,0,126,24,0,28,0
813,8,128,0,4,32,172,1,0,32,0
852,8,31,244,0,0,0,5,60,128,0
1505,8,137,63,224,11,10,0,140,128,0
651,8,0,0,0,0,0,0,0,0,0
870,8,128,29,200,2,1,71,206,56,0
1408,8,0,0,0,3,225,136,0,0,0
1076,8,4,74,160,162,82,114,66,128,0
1760,8,1,202,1,198,1,196,1,195,0
1193,8,255,255,255,255,255,255,255,255,1
167,8,0,16,250,100,177,40,32,160,0
458,8,63,249,255,128,0,0,12,72,0
1176,8,135,255,191,252,233,128,130,72,0
1277,8,17,88,10,76,117,16,202,136,0
1694,8,4,64,4,127,31,192,21,162,0
293,8,144,0,64,223,65,190,25,96,0
560,8,252,0,0,2,212,0,6,0,0
14,8,32,82,86,2,8,9,118,2,0
208,8,74,119,12,96,233,2,8,0,0
51,8,0,7,152,0,14,64,7,208,0
1399,8,0,0,8,0,0,0,1,78,0
939,8,255,255,255,255,255,255,255,255,1
263,8,0,0,0,0,0,0,0,0,0
1760,8,1,202,1,194,1,196,1,195,0
737,8,0,0,0,0,0,0,0,4,0
852,8,31,244,0,0,0,5,45,128,0
1505,8,137,63,224,11,10,0,140,128,0
354,8,0,8,2,67,234,17,244,206,0
167,8,0,16,249,100,177,40,32,160,0
675,8,0,0,0,132,16,128,60,144,0
293,8,144,0,64,223,65,189,251,96,0
171,8,255,255,255,255,255,255,255,255,1
961,8,123,85,31,187,172,56,233,46,0
14,8,32,82,86,2,8,9,118,2,0
339,8,0,1,0,0,0,12,0,2,0
661,8,0,0,0,0,0,0,8,64,0
1634,8,78,224,0,0,64,0,0,0,0
412,8,20,164,32,8,194,0,40,176,0
208,8,82,119,12,96,232,2,8,0,0
51,8,0,7,144,0,14,128,7,208,0
628,8,0,242,42,244,80,124,134,35,0
192,8,32,0,0,0,0,0,0,0,0
941,8,255,255,255,255,255,255,255,255,1
403,8,0,8,8,3,232,56,0,0,0
526,8,78,32,3,161,5,63,111,247,0
1314,8,223,127,208,0,125,160,0,28,0
870,8,128,29,200,2,1,71,206,56,0
852,8,31,244,0,0,0,5,45,128,0
1505,8,137,63,224,11,10,0,140,128,0
651,8,0,0,0,0,0,0,0,0,0
1408,8,0,0,0,3,218,8,0,0,0
1076,8,4,104,0,162,114,130,82,160,0
1760,8,1,200,1,194,1,197,1,196,0
1788,8,0,0,7,96,82,181,96,0,0
167,8,0,16,251,100,177,40,32,160,0
569,8,0,0,0,102,224,0,67,192,0
1176,8,135,255,191,252,232,128,130,73,0
560,8,251,0,0,2,212,0,8,0,0
1694,8,4,64,4,127,31,192,21,162,0
293,8,144,0,64,223,65,189,221,96,0
1060,8,255,255,255,255,255,255,255,255,1
14,8,32,82,86,2,8,9,117,252,0
208,8,90,119,12,96,231,2,8,0,0
51,8,0,7,136,0,14,192,7,208,0
215,8,0,0,2,0,128,0,0,0,0
263,8,0,0,0,0,0,0,0,0,0
186,8,6,168,116,132,16,0,6,44,0
1760,8,1,198,1,196,1,198,1,196,0
1462,8,255,255,255,255,255,255,255,255,1
737,8,0,0,0,0,0,0,0,4,0
852,8,31,244,0,0,0,5,38,0,0
1505,8,137,63,224,11,10,0,140,128,0
354,8,0,8,2,67,234,17,244,206,0
167,8,0,16,251,100,193,40,32,160,0
1175,8,0,0,0,0,0,0,0,0,0
293,8,144,0,64,223,65,189,191,96,0
1122,8,255,255,255,255,255,255,255,255,1
14,8,32,82,86,2,8,9,118,8,0
738,8,24,8,13,64,64,0,1,24,0
837,8,5,2,2,194,60,119,64,129,0
1072,8,0,46,68,139,208,128,17,160,0
339,8,0,1,0,0,0,12,0,2,0
1634,8,78,224,0,0,64,0,0,0,0
412,8,24,160,32,8,194,0,40,176,0
208,8,98,119,12,96,230,2,8,0,0
51,8,0,7,128,0,15,0,7,208,0
628,8,0,242,44,242,80,124,134,35,0
192,8,32,0,0,0,0,0,0,0,0
304,8,0,1,80,0,0,0,0,0,0
403,8,0,8,8,3,232,56,0,0,0
526,8,78,32,3,161,5,63,143,247,0
961,8,123,85,31,188,42,249,169,46,0
1314,8,223,127,208,0,125,40,0,28,0
870,8,128,29,200,2,1,71,206,56,0
852,8,31,244,0,0,0,5,38,0,0
1505,8,137,63,224,11,10,0,144,128,0
651,8,0,0,0,0,0,0,0,0,0
1408,8,0,0,0,3,210,136,0,0,0
1076,8,0,0,0,162,130,162,114,176,0
1018,8,255,255,255,255,255,255,255,255,1
1760,8,1,198,1,196,1,198,1,196,0
167,8,0,16,248,228,193,40,32,160,0
722,8,0,0,24,0,0,0,0,0,0
1176,8,135,255,191,252,230,128,130,138,0
1124,8,0,2,64,0,0,144,25,85,0
560,8,250,0,0,2,212,0,10,0,0
1694,8,4,64,4,127,31,192,21,162,0
293,8,144,0,64,223,65,191,129,96,0
14,8,32,82,86,2,8,9,117,252,0
661,8,0,0,0,0,0,0,8,64,0
731,8,255,255,255,255,255,255,255,255,1
208,8,106,119,12,96,228,2,9,0,0
51,8,0,7,120,0,15,64,7,208,0
263,8,0,0,0,0,0,0,0,0,0
813,8,128,0,4,32,172,1,0,32,0
1277,8,17,90,10,77,121,17,74,136,0
1760,8,1,199,1,197,1,198,1,197,0
737,8,0,0,0,0,0,0,0,4,0
852,8,31,244,0,0,0,5,23,0,0
1505,8,137,63,224,11,10,0,140,128,0
354,8,0,8,2,67,234,17,244,206,0
1413,8,0,64,0,0,0,2,0,24,0
167,8,0,16,250,100,177,40,32,160,0
1644,8,0,0,0,0,24,0,0,0,0
136,8,255,255,255,255,255,255,255,255,1
293,8,144,0,64,223,65,191,99,96,0
14,8,32,82,86,2,8,9,117,252,0
1255,8,0,0,0,20,3,102,0,0,0
339,8,0,1,0,0,0,12,0,2,0
1634,8,78,224,0,0,64,0,0,0,0
1668,8,76,213,128,25,65,84,16,30,0
1590,8,36,156,0,0,240,2,176,0,0
727,8,16,0,96,216,0,0,0,8,0
412,8,28,156,32,8,194,0,40,176,0
208,8,114,119,12,96,227,2,9,0,0
403,8,0,8,8,3,232,56,0,0,0
526,8,78,32,7,161,5,63,143,247,0
1303,8,255,255,255,255,255,255,255,255,1
51,8,0,7,112,0,15,128,7,208,0
628,8,0,242,46,240,80,124,134,35,0
192,8,32,0,0,0,0,0,0,0,0
852,8,31,244,0,0,0,5,128,0,0
1505,8,137,63,224,11,10,0,140,128,0
651,8,0,0,0,0,0,0,0,0,0
167,8,0,16,252,100,177,40,32,160,0
1031,8,64,1,95,240,19,192,189,160,0
60,8,0,0,4,0,43,0,0,0,0
996,8,0,208,0,0,133,0,0,0,0
1314,8,223,127,208,0,124,176,0,28,0
1628,8,64,8,194,117,32,0,0,0,0
870,8,128,29,200,2,1,71,206,56,0
519,8,4,4,96,72,42,222,149,24,0
1408,8,0,0,0,3,203,8,0,0,0
1076,8,0,32,0,162,178,194,162,192,0
1694,8,4,64,4,127,31,192,21,162,0
293,8,144,0,64,223,65,191,69,96,0
961,8,123,85,31,188,106,58,41,46,0
1760,8,1,199,1,197,1,199,1,197,0
1555,8,255,255,255,255,255,255,255,255,1
1176,8,135,255,191,252,228,128,130,203,0
1225,8,1,249,21,130,13,2,246,75,0
470,8,2,11,128,128,48,36,5,128,0
1399,8,0,0,8,0,0,0,1,78,0
560,8,249,0,0,2,212,0,12,0,0
14,8,32,82,86,2,8,9,118,2,0
208,8,122,119,12,96,225,2,10,0,0
51,8,0,7,104,0,15,192,7,208,0
263,8,0,0,0,0,0,0,0,0,0
186,8,6,168,116,132,16,0,6,44,0
1760,8,1,199,1,197,1,199,1,197,0
807,8,255,255,255,255,255,255,255,255,1
737,8,0,0,0,0,0,0,0,4,0
244,8,154,12,1,2,4,177,2,64,0
852,8,31,244,0,0,0,5,128,0,0
1505,8,137,63,224,11,10,0,144,128,0
354,8,0,8,2,67,234,17,244,206,0
167,8,0,16,249,228,177,40,32,160,0
293,8,144,0,64,223,65,191,39,96,0
1227,8,128,0,0,0,0,14,0,0,0
708,8,255,255,255,255,255,255,255,255,1
640,8,24,224,2,112,0,0,0,0,0
14,8,32,82,86,2,8,9,118,8,0
339,8,0,1,0,0,0,12,0,2,0
661,8,0,0,0,0,0,0,8,64,0
1634,8,78,224,0,0,64,0,0,0,0
412,8,0,184,32,8,194,0,40,176,0
208,8,2,119,12,96,240,2,10,0,0
51,8,0,7,224,0,12,0,7,208,0
628,8,0,242,32,254,80,124,134,35,0
192,8,32,0,0,0,0,0,0,0,0
622,8,1,6,64,130,137,14,10,4,0
1459,8,4,0,0,0,0,0,4,0,0
403,8,0,8,8,3,232,56,0,0,0
526,8,78,32,3,161,5,63,143,255,0
1314,8,223,127,208,0,124,56,0,28,0
870,8,128,29,200,2,1,71,206,56,0
852,8,31,244,0,0,0,5,120,128,0
1505,8,137,63,224,11,10,0,140,128,0
651,8,0,0,0,0,0,0,0,0,0
1219,8,255,255,255,255,255,255,255,255,1
1408,8,0,0,0,3,195,136,0,0,0
1076,8,0,86,128,162,194,226,178,240,0
1760,8,1,200,1,196,1,199,1,198,0
167,8,0,16,248,228,193,40,32,160,0
61,8,0,0,14,128,0,0,0,0,0
1176,8,135,255,191,252,226,128,131,12,0
6,8,8,0,0,100,0,0,0,0,0
560,8,248,0,0,2,212,0,14,0,0
1694,8,4,64,4,127,31,192,21,162,0
293,8,144,0,64,223,65,191,9,96,0
705,8,1,243,143,199,200,30,43,214,0
37,8,0,0,2,136,64,62,34,1,0
14,8,32,82,86,2,8,9,118,2,0
1584,8,255,255,255,255,255,255,255,255,1
208,8,10,119,12,96,238,2,11,0,0
51,8,0,7,216,0,12,64,7,208,0
263,8,0,0,0,0,0,0,0,0,0
961,8,123,85,31,186,171,58,233,46,0
1760,8,1,200,1,194,1,199,1,199,0
737,8,0,0,0,0,0,0,0,4,0
852,8,31,243,192,0,0,5,113,128,0
1505,8,137,63,224,11,10,0,136,128,0
354,8,0,8,2,67,234,17,244,206,0
167,8,0,16,251,100,193,40,32,160,0
490,8,255,255,255,255,255,255,255,255,1
293,8,144,0,64,223,65,190,235,96,0
14,8,32,82,86,2,8,9,117,252,0
339,8,0,1,0,0,0,12,0,2,0
1634,8,78,224,0,0,64,0,0,0,0
412,8,4,180,32,8,194,0,40,176,0
208,8,18,119,12,96,237,2,11,0,0
51,8,0,7,208,0,12,128,7,208,0
628,8,0,242,34,252,80,124,134,35,0
907,8,255,255,255,255,255,255,255,255,1
192,8,32,0,0,0,0,0,0,0,0
778,8,64,45,80,1,211,70,50,0,0
403,8,0,8,8,3,232,56,0,0,0
526,8,78,31,255,161,5,63,143,255,0
692,8,20,233,162,0,0,0,88,0,0
1314,8,223,127,208,0,123,192,0,28,0
870,8,128,29,200,2,1,71,206,56,0
813,8,128,0,4,32,172,1,0,32,0
852,8,31,243,192,0,0,5,113,128,0
1505,8,137,63,224,11,10,0,140,128,0
651,8,0,0,0,0,0,0,0,0,0
1408,8,0,0,0,3,188,8,0,0,0
1076,8,0,119,128,162,226,242,195,16,0
1760,8,1,200,1,194,1,199,1,199,0
167,8,0,16,250,228,177,40,32,160,0
458,8,63,249,255,128,0,0,12,72,0
1176,8,135,255,191,252,225,128,131,13,0
1277,8,17,88,10,77,119,17,74,136,0
560,8,247,0,0,2,212,0,16,0,0
1694,8,4,64,4,127,31,192,21,162,0
293,8,144,0,64,223,65,190,205,96,0
1498,8,255,255,255,255,255,255,255,255,1
14,8,32,82,86,2,8,9,118,8,0
661,8,0,0,0,0,0,0,8,64,0
208,8,26,119,12,96,236,2,11,0,0
51,8,0,7,200,0,12,192,7,208,0
1399,8,0,0,8,0,0,0,1,78,0
263,8,0,0,0,0,0,0,0,0,0
186,8,6,168,116,132,16,0,6,44,0
1760,8,1,199,1,195,1,199,1,199,0
1538,8,255,255,255,255,255,255,255,255,1
737,8,0,0,0,0,0,0,0,4,0
852,8,31,243,192,0,0,5,106,0,0
1505,8,137,63,224,11,10,0,140,128,0
354,8,0,8,2,67,234,17,244,206,0
167,8,0,16,249,100,177,40,32,160,0
675,8,0,0,0,132,16,128,63,16,0
293,8,144,0,64,223,65,190,175,96,0
961,8,123,85,31,186,170,187,105,46,0
377,8,255,255,255,255,255,255,255,255,1
14,8,32,82,86,2,8,9,118,2,0
339,8,0,1,0,0,0,12,0,2,0
1634,8,78,224,0,0,64,0,0,0,0
412,8,8,178,32,8,130,0,40,176,0
208,8,34,119,12,96,235,2,11,0,0
51,8,0,7,192,0,13,0,7,208,0
628,8,0,242,36,250,80,124,134,35,0
192,8,32,0,0,0,0,0,0,0,0
403,8,0,8,8,3,232,56,0,0,0
526,8,78,31,255,161,5,63,143,247,0
1153,8,255,255,255,255,255,255,255,255,1
1314,8,223,127,208,0,123,72,0,28,0
870,8,128,29,200,2,1,71,206,56,0
852,8,31,243,192,0,0,5,106,0,0
1505,8,137,63,224,11,10,0,140,128,0
651,8,0,0,0,0,0,0,0,0,0
1408,8,0,0,0,3,180,136,0,0,0
1076,8,0,136,224,162,243,18,243,32,0
1760,8,1,199,1,196,1,199,1,199,0
1788,8,0,0,7,96,82,181,88,0,0
167,8,0,16,250,228,177,40,32,160,0
569,8,0,0,0,102,192,0,67,192,0
1176,8,135,255,191,252,223,128,131,78,0
560,8,246,0,0,2,212,0,18,0,0
1694,8,4,64,4,127,31,192,21,162,0
293,8,144,0,64,223,65,190,145,96,0
1198,8,255,255,255,255,255,255,255,255,1
14,8,32,82,86,2,8,9,118,8,0
208,8,42,119,12,96,233,2,12,0,0
51,8,0,7,184,0,13,64,7,208,0
215,8,0,0,2,0,128,0,0,0,0
263,8,0,0,0,0,0,0,0,0,0
692,8,20,233,163,0,0,0,88,0,0
1760,8,1,199,1,196,1,199,1,199,0
737,8,0,0,0,0,0,0,0,4,0
1163,8,255,255,255,255,255,255,255,255,1
852,8,31,243,192,0,0,5,91,0,0
1505,8,137,63,224,11,10,0,140,128,0
354,8,0,8,2,67,234,17,244,206,0
167,8,0,16,251,100,177,40,32,160,0
1175,8,0,0,0,0,0,0,0,0,0
293,8,144,0,64,223,65,190,115,96,0
621,8,255,255,255,255,255,255,255,255,1
14,8,32,82,86,2,8,9,117,252,0
738,8,24,8,13,64,64,0,1,24,0
837,8,5,2,2,194,60,119,64,129,0
1072,8,0,46,68,139,206,128,17,160,0
339,8,0,1,0,0,0,12,0,2,0
661,8,0,0,0,0,0,0,8,64,0
1634,8,78,224,0,0,64,0,0,0,0
412,8,12,174,32,8,130,0,40,176,0
208,8,50,119,12,96,232,2,12,0,0
51,8,0,7,176,0,13,128,7,208,0
628,8,0,242,38,248,80,124,134,33,0
192,8,32,0,0,0,0,0,0,0,0
961,8,123,85,31,187,41,124,41,46,0
403,8,0,8,8,3,232,56,0,0,0
526,8,78,32,3,161,5,191,175,255,0
304,8,0,1,80,0,0,0,0,0,0
1314,8,223,127,208,0,122,208,0,28,0
870,8,128,29,200,2,1,71,206,56,0
852,8,31,243,192,0,0,5,76,0,0
1505,8,137,63,224,11,10,0,140,128,0
651,8,0,0,0,0,0,0,0,0,0
1408,8,0,0,0,3,173,8,0,0,0
1544,8,255,255,255,255,255,255,255,255,1
1076,8,0,168,224,163,35,67,19,80,0
1760,8,1,199,1,196,1,199,1,199,0
167,8,0,16,249,100,193,40,32,160,0
722,8,0,0,32,0,0,0,0,0,0
1372,8,16,28,0,0,66,132,48,0,0
1176,8,135,255,191,252,222,128,131,79,0
1124,8,0,2,64,0,0,144,24,86,0
1694,8,4,64,4,127,31,192,21,162,0
293,8,144,0,64,223,65,190,85,96,0
560,8,245,0,0,2,212,0,20,0,0
14,8,32,82,86,2,8,9,118,2,0
766,8,255,255,255,255,255,255,255,255,1
208,8,58,119,12,96,231,2,12,0,0
51,8,0,7,168,0,13,192,7,208,0
1277,8,17,91,10,77,123,17,202,136,0
263,8,0,0,0,0,0,0,0,0,0
186,8,6,168,116,68,16,0,6,44,0
1307,8,40,26,50,9,178,129,128,193,0
1760,8,1,199,1,196,1,199,1,199,0
813,8,128,0,4,32,172,1,0,32,0
737,8,0,0,0,0,0,0,0,4,0
852,8,31,243,192,0,0,5,76,0,0
1505,8,137,63,224,11,10,0,140,128,0
1413,8,0,64,0,0,0,2,0,24,0
354,8,0,8,2,67,234,17,244,206,0
167,8,0,16,250,100,177,40,32,160,0
156,8,255,255,255,255,255,255,255,255,1
1644,8,0,0,0,0,24,0,0,0,0
293,8,144,0,64,223,65,190,55,96,0
14,8,32,82,86,2,8,9,117,252,0
1255,8,0,0,0,20,3,102,0,0,0
339,8,0,1,0,0,0,12,0,2,0
653,8,255,255,255,255,255,255,255,255,1
1634,8,78,224,0,0,64,0,0,0,0
1668,8,76,213,128,25,65,84,16,30,0
1590,8,36,156,0,0,240,2,192,0,0
727,8,16,0,96,216,0,0,0,8,0
412,8,16,170,32,8,130,0,40,176,0
403,8,0,8,8,3,232,56,0,0,0
208,8,66,119,12,96,230,2,12,0,0
526,8,78,32,3,161,5,191,143,255,0
51,8,0,7,160,0,14,0,7,208,0
1314,8,223,127,208,0,122,88,0,28,0
628,8,0,242,40,246,80,124,134,33,0
852,8,31,243,192,0,0,5,68,128,0
1505,8,137,63,224,11,10,0,140,128,0
651,8,0,0,0,0,0,0,0,0,0
870,8,128,29,200,2,1,71,206,56,0
192,8,32,0,0,0,0,0,0,0,0
1408,8,0,0,0,3,165,136,0,0,0
167,8,0,16,251,228,177,40,32,160,0
1076,8,0,199,32,163,67,83,35,112,0
1031,8,64,1,95,240,19,192,189,160,0
772,8,255,255,255,255,255,255,255,255,1
1760,8,1,199,1,194,1,199,1,200,0
60,8,0,0,4,0,60,0,0,0,0
1176,8,135,255,191,252,236,128,131,128,0
1694,8,4,64,4,127,31,192,21,162,0
293,8,144,0,64,223,65,190,25,96,0
961,8,123,85,31,187,104,188,169,46,0
996,8,0,208,0,0,133,0,0,0,0
1628,8,64,8,194,117,32,0,0,0,0
519,8,4,4,224,88,42,222,149,24,0
1225,8,1,249,21,130,13,2,246,75,0
470,8,2,15,130,128,48,36,5,128,0
1399,8,0,0,8,0,0,0,1,78,0
560,8,244,0,0,2,212,0,22,0,0
14,8,32,82,86,2,8,9,118,2,0
661,8,0,0,0,0,0,0,8,64,0
208,8,74,119,12,96,228,2,13,0,0
51,8,0,7,152,0,14,64,7,208,0
263,8,0,0,0,0,0,0,0,0,0
1570,8,255,255,255,255,255,255,255,255,1
1760,8,1,199,1,196,1,199,1,200,0
737,8,0,0,0,0,0,0,0,4,0
244,8,154,12,1,2,4,177,2,64,0
852,8,31,243,192,0,0,5,53,128,0
1505,8,137,63,224,11,10,0,144,128,0
354,8,0,8,2,67,234,17,244,206,0
167,8,0,16,249,100,193,40,32,160,0
695,8,0,32,40,64,0,0,128,64,0
293,8,144,0,64,223,65,189,251,96,0
690,8,255,255,255,255,255,255,255,255,1
622,8,1,6,64,130,137,14,10,4,0
14,8,32,82,86,2,8,9,118,8,0
339,8,0,1,0,0,0,12,0,2,0
1634,8,78,224,0,0,64,0,0,0,0
412,8,20,166,32,8,130,0,40,176,0
208,8,82,119,12,96,227,2,13,0,0
51,8,0,7,144,0,14,128,7,208,0
628,8,0,242,42,244,80,124,134,33,0
192,8,32,0,0,0,0,0,0,0,0
1459,8,4,0,0,0,0,0,4,0,0
1768,8,255,255,255,255,255,255,255,255,1
403,8,0,8,8,3,232,56,0,0,0
526,8,78,32,3,161,5,191,143,255,0
1398,8,127,248,0,0,63,252,31,192,0
1314,8,223,127,208,0,121,224,0,28,0
870,8,128,29,200,2,1,71,206,56,0
852,8,31,243,192,0,0,5,53,128,0
1505,8,137,63,224,11,10,0,140,128,0
651,8,0,0,0,0,0,0,0,0,0
1408,8,0,0,0,3,158,8,0,0,0
1076,8,0,231,0,163,83,115,67,128,0
1760,8,1,199,1,196,1,199,1,200,0
167,8,0,16,249,228,193,40,32,160,0
61,8,0,0,14,128,0,0,0,0,0
1176,8,135,255,191,252,235,128,131,129,0
560,8,243,0,0,2,212,0,24,0,0
1694,8,4,64,4,127,31,192,21,162,0
293,8,144,0,64,223,65,189,221,96,0
254,8,255,255,255,255,255,255,255,255,1
14,8,32,82,86,2,8,9,118,14,0
208,8,90,119,12,96,226,2,13,0,0
51,8,0,7,136,0,14,192,7,208,0
263,8,0,0,0,0,0,0,0,0,0
186,8,6,168,116,68,16,0,6,44,0
663,8,17,1,0,32,1,2,81,16,0
961,8,123,85,31,187,167,189,105,46,0
705,8,1,243,207,199,200,158,17,234,0
1760,8,1,199,1,197,1,200,1,199,0
445,8,255,255,255,255,255,255,255,255,1
737,8,0,0,0,0,0,0,0,4,0
852,8,31,243,192,0,0,5,46,0,0
1505,8,137,63,224,11,10,0,140,128,0
354,8,0,8,2,67,234,17,244,206,0
167,8,0,16,251,228,177,40,32,160,0
293,8,144,0,64,223,65,189,191,96,0
1545,8,255,255,255,255,255,255,255,255,1
14,8,32,82,86,2,8,9,118,20,0
339,8,0,1,0,0,0,12,0,2,0
661,8,0,0,0,0,0,0,8,64,0
1634,8,78,224,0,0,64,0,0,0,0
412,8,24,162,32,8,130,0,40,176,0
208,8,98,119,12,96,225,2,13,0,0
51,8,0,7,128,0,15,0,7,208,0
628,8,0,242,44,242,80,124,134,33,0
192,8,32,0,0,0,0,0,0,0,0
778,8,64,45,96,1,211,70,50,0,0
403,8,0,8,8,3,232,56,0,0,0
526,8,78,32,3,161,6,63,143,255,0
692,8,20,233,163,0,0,0,88,0,0
1314,8,223,127,208,0,121,104,0,28,0
870,8,128,29,200,2,1,71,206,56,0
396,8,255,255,255,255,255,255,255,255,1
852,8,31,243,192,0,0,5,46,0,0
1505,8,137,63,224,11,10,0,144,128,0
651,8,0,0,0,0,0,0,0,0,0
1408,8,0,0,0,3,150,136,0,0,0
1076,8,1,5,160,163,131,147,115,144,0
1760,8,1,199,1,194,1,199,1,200,0
167,8,0,16,250,100,177,40,32,160,0
458,8,63,249,255,128,0,0,12,72,0
1176,8,135,255,191,252,234,128,131,130,0
813,8,128,0,4,32,172,1,0,32,0
1277,8,17,90,10,77,121,17,74,136,0
560,8,242,0,0,2,212,0,26,0,0
1694,8,4,64,4,127,31,192,21,130,0
293,8,144,0,64,223,65,191,129,96,0
1184,8,255,255,255,255,255,255,255,255,1
14,8,32,82,86,2,8,9,118,20,0
208,8,106,119,12,96,224,2,13,0,0
51,8,0,7,120,0,15,64,7,208,0
1399,8,0,0,8,0,0,0,1,78,0
263,8,0,0,0,0,0,0,0,0,0
1760,8,1,199,1,194,1,199,1,200,0
737,8,0,0,0,0,0,0,0,4,0
852,8,31,243,192,0,0,5,31,0,0
852,8,255,255,255,255,255,255,255,255,1
1505,8,137,63,224,11,10,0,144,128,0
354,8,0,8,2,51,234,17,244,206,0
167,8,0,16,248,228,177,40,32,160,0
675,8,0,0,0,132,16,128,66,16,0
293,8,144,0,64,223,65,191,99,96,0
961,8,123,85,31,187,39,189,233,46,0
1772,8,255,255,255,255,255,255,255,255,1
14,8,32,82,86,2,8,9,118,8,0
339,8,0,1,0,0,0,12,0,2,0
1634,8,78,224,0,0,64,0,0,0,0
412,8,28,158,32,8,130,0,40,176,0
208,8,114,119,12,96,223,2,13,0,0
51,8,0,7,112,0,15,128,7,208,0
628,8,0,242,46,240,80,124,134,33,0
192,8,32,0,0,0,0,0,0,0,0
403,8,0,8,8,3,232,56,0,0,0
526,8,78,32,3,161,5,191,143,239,0
1314,8,223,127,208,0,120,240,0,28,0
870,8,128,29,200,2,1,71,206,56,0
1408,8,0,0,0,3,143,8,0,0,0
852,8,31,243,192,0,0,5,136,0,0
1505,8,137,63,224,11,10,0,140,128,0
651,8,0,0,0,0,0,0,0,0,0
1076,8,1,38,32,163,147,179,131,192,0
1579,8,255,255,255,255,255,255,255,255,1
1760,8,1,201,1,196,1,199,1,199,0
1788,8,0,0,7,96,50,181,88,0,0
167,8,0,16,250,100,193,40,32,160,0
569,8,0,0,0,102,160,0,67,192,0
1176,8,135,255,191,252,233,128,131,131,0
560,8,241,0,0,2,212,0,28,0,0
1694,8,4,64,4,127,31,192,21,130,0
293,8,144,0,64,223,65,191,69,96,0
14,8,32,82,86,2,8,9,118,2,0
1625,8,255,255,255,255,255,255,255,255,1
661,8,0,0,0,0,0,0,8,64,0
208,8,122,119,12,96,222,2,13,0,0
51,8,0,7,104,0,15,192,7,208,0
263,8,0,0,0,0,0,0,0,0,0
186,8,6,168,116,68,16,0,6,44,0
215,8,0,0,2,0,128,0,0,0,0
1760,8,1,201,1,197,1,200,1,199,0
737,8,0,0,0,0,0,0,0,4,0
852,8,31,243,192,0,0,5,136,0,0
1505,8,137,63,224,11,10,0,144,128,0
354,8,0,8,2,51,234,17,244,206,0
167,8,0,16,250,228,193,40,32,160,0
1175,8,0,0,0,0,0,0,0,0,0
1525,8,255,255,255,255,255,255,255,255,1
293,8,144,0,64,223,65,191,39,96,0
14,8,32,82,86,2,8,9,118,8,0
738,8,24,8,13,64,64,0,1,24,0
837,8,5,2,2,194,60,119,64,129,0
1072,8,0,46,68,139,206,128,17,160,0
339,8,0,1,0,0,0,12,0,2,0
1634,8,78,224,0,0,64,0,0,0,0
1395,8,255,255,255,255,255,255,255,255,1
412,8,0,186,32,8,130,0,40,176,0
208,8,2,119,12,96,237,2,13,0,0
51,8,0,7,224,0,12,0,7,208,0
628,8,0,242,32,254,80,124,134,33,0
192,8,32,0,0,0,0,0,0,0,0
961,8,123,85,31,187,102,190,169,46,0
403,8,0,8,8,3,232,56,0,0,0
526,8,78,32,3,161,5,191,143,239,0
304,8,0,1,80,0,0,0,0,0,0
1314,8,223,127,208,0,120,120,0,28,0
870,8,128,29,200,2,1,71,206,56,0
1408,8,0,0,0,3,135,136,0,0,0
852,8,31,243,192,0,0,5,128,128,0
1505,8,137,63,224,11,10,0,144,128,0
651,8,0,0,0,0,0,0,0,0,0
1076,8,1,70,128,163,179,195,147,224,0
1760,8,1,200,1,197,1,200,1,199,0
167,8,0,16,249,100,177,40,32,160,0
722,8,0,0,40,0,0,0,0,0,0
1176,8,135,255,191,252,232,128,131,132,0
1124,8,0,2,64,0,0,144,23,87,0
1342,8,255,255,255,255,255,255,255,255,1
560,8,240,0,0,2,212,0,30,0,0
1694,8,4,64,4,127,31,192,21,130,0
293,8,144,0,64,223,65,191,9,96,0
14,8,32,82,86,2,8,9,118,8,0
208,8,10,119,12,96,236,2,13,0,0
51,8,0,7,216,0,12,64,7,208,0
1277,8,17,88,10,77,119,17,74,136,0
263,8,0,0,0,0,0,0,0,0,0
1343,8,255,255,255,255,255,255,255,255,1
452,8,0,0,2,0,2,64,0,0,0
676,8,78,30,1,28,4,8,152,208,0
1760,8,1,199,1,198,1,200,1,200,0
813,8,128,0,4,32,172,1,0,32,0
1331,8,237,127,207,126,255,241,239,127,0
737,8,0,0,0,0,0,0,0,4,0
852,8,31,243,192,0,0,5,113,128,0
1505,8,137,63,224,11,10,0,140,128,0
1413,8,0,64,0,0,0,2,0,24,0
354,8,0,8,2,51,234,17,244,206,0
167,8,0,16,250,100,193,40,32,160,0
683,8,164,208,201,215,226,215,202,255,0
1644,8,0,0,0,0,24,0,0,0,0
293,8,144,0,64,223,65,190,235,96,0
892,8,255,255,255,255,255,255,255,255,1
1751,8,65,2,207,3,64,7,34,60,0
300,8,121,6,224,0,0,1,253,208,0
14,8,32,82,86,2,8,9,118,8,0
1255,8,0,0,0,20,3,102,0,0,0
339,8,0,1,0,0,0,12,0,2,0
661,8,0,0,0,0,0,0,8,64,0
1634,8,78,224,0,0,64,0,0,0,0
1668,8,76,213,128,25,65,84,16,30,0
1590,8,36,156,0,0,240,2,192,0,0
727,8,16,0,96,216,0,0,0,8,0
412,8,4,182,32,8,130,0,40,176,0
403,8,0,8,8,3,232,56,0,0,0
1421,8,255,255,255,255,255,255,255,255,1
526,8,78,32,3,161,6,63,111,255,0
208,8,18,119,12,96,235,2,13,0,0
1314,8,223,127,208,0,127,128,0,28,0
51,8,0,7,208,0,12,128,7,208,0
852,8,31,243,192,0,0,5,113,128,0
1505,8,137,63,224,11,10,0,144,128,0
651,8,0,0,0,0,0,0,0,0,0
628,8,0,242,34,252,80,124,134,33,0
870,8,128,29,200,2,1,71,206,56,0
192,8,32,0,0,0,0,0,0,0,0
1408,8,0,0,0,3,248,8,0,0,0
167,8,0,16,251,228,193,40,32,160,0
1076,8,1,104,96,163,195,227,179,240,0
1031,8,64,1,95,240,19,192,189,160,0
1760,8,1,199,1,198,1,200,1,200,0
60,8,0,0,4,0,55,0,0,0,0
1176,8,135,255,191,252,231,128,131,133,0
1694,8,4,64,4,127,31,192,21,130,0
293,8,144,0,64,223,65,190,205,96,0
961,8,123,85,31,187,102,63,41,46,0
391,8,255,255,255,255,255,255,255,255,1
996,8,0,208,0,0,133,0,0,0,0
1628,8,64,8,194,117,32,0,0,0,0
519,8,4,4,96,72,42,222,149,24,0
1225,8,1,249,21,130,13,2,246,75,0
470,8,6,11,128,128,48,36,5,128,0
1399,8,0,0,8,0,0,0,1,78,0
560,8,255,0,0,2,212,0,0,0,0
14,8,32,82,86,2,8,9,118,14,0
208,8,26,119,12,96,234,2,13,0,0
51,8,0,7,200,0,12,192,7,208,0
263,8,0,0,0,0,0,0,0,0,0
186,8,6,168,116,4,16,0,6,44,0
1760,8,1,200,1,197,1,199,1,199,0
1255,8,255,255,255,255,255,255,255,255,1
737,8,0,0,0,0,0,0,0,4,0
244,8,154,12,1,2,4,177,2,64,0
852,8,31,243,192,0,0,5,106,0,0
1505,8,137,63,224,11,10,0,144,128,0
354,8,0,8,2,51,234,17,244,206,0
167,8,0,16,249,100,177,40,32,160,0
293,8,144,0,64,159,65,126,239,96,0
1604,8,255,255,255,255,255,255,255,255,1
1227,8,128,0,0,0,0,14,0,0,0
640,8,24,224,2,112,0,0,0,0,0
14,8,32,82,86,2,8,9,118,14,0
622,8,1,6,64,130,137,14,10,4,0
339,8,0,1,0,0,0,12,0,2,0
1634,8,78,224,0,0,64,0,0,0,0
412,8,8,178,32,8,130,0,40,176,0
208,8,34,119,12,96,233,2,13,0,0
51,8,0,7,192,0,13,0,7,208,0
628,8,0,242,36,250,80,124,134,33,0
192,8,32,0,0,0,0,0,0,0,0
1459,8,4,0,0,0,0,0,4,0,0
1049,8,10,155,70,77,4,95,195,47,0
403,8,0,8,8,3,232,56,0,0,0
526,8,78,32,3,161,6,63,111,255,0
1314,8,223,127,208,0,127,8,0,28,0
870,8,128,29,200,2,1,71,206,56,0
950,8,255,255,255,255,255,255,255,255,1
852,8,31,243,192,0,0,5,106,0,0
1505,8,137,63,224,11,10,0,140,128,0
651,8,0,0,0,0,0,0,0,0,0
1408,8,0,0,0,3,240,136,0,0,0
1076,8,1,134,192,163,244,19,228,32,0
1760,8,1,200,1,198,1,199,1,199,0
167,8,0,16,249,228,193,40,32,160,0
61,8,0,0,14,128,0,0,0,0,0
1176,8,135,255,191,252,230,128,131,134,0
560,8,254,0,0,2,220,0,2,0,0
1694,8,4,64,4,127,31,192,21,162,0
293,8,144,0,64,159,65,126,209,96,0
16,8,255,255,255,255,255,255,255,255,1
14,8,32,82,86,2,8,9,117,246,0
661,8,0,0,0,0,0,0,8,64,0
208,8,42,119,12,96,232,2,13,0,0
51,8,0,7,184,0,13,64,7,208,0
263,8,0,0,0,0,0,0,0,0,0
961,8,123,85,31,186,229,255,233,46,0
1760,8,1,200,1,198,1,199,1,199,0
737,8,0,0,0,0,0,0,0,4,0
852,8,31,243,192,0,0,5,91,0,0
1505,8,137,63,224,11,10,0,140,128,0
561,8,255,255,255,255,255,255,255,255,1
354,8,0,8,2,51,234,17,244,206,0
167,8,0,16,251,228,177,40,32,160,0
1372,8,16,28,0,0,66,132,48,0,0
293,8,144,0,64,159,65,126,179,96,0
705,8,1,243,15,199,200,158,9,254,0
14,8,32,82,86,2,8,9,117,246,0
990,8,255,255,255,255,255,255,255,255,1
339,8,0,1,0,0,0,12,0,2,0
1634,8,78,224,0,0,64,0,0,0,0
412,8,12,174,32,8,130,0,40,176,0
208,8,50,119,12,96,231,2,13,0,0
51,8,0,7,176,0,13,128,7,208,0
628,8,0,242,38,248,80,124,134,33,0
192,8,32,0,0,0,0,0,0,0,0
692,8,20,233,163,0,0,0,88,0,0
813,8,128,0,4,32,172,1,0,32,0
1277,8,17,81,10,77,109,15,202,136,0
403,8,0,8,8,3,232,56,0,0,0
526,8,78,32,3,161,6,63,111,255,0
1314,8,223,127,208,0,126,144,0,28,0
870,8,128,29,200,2,1,71,206,56,0
1408,8,0,0,0,3,233,8,0,0,0
852,8,31,243,192,0,0,5,76,0,0
1505,8,137,63,224,11,10,0,144,128,0
651,8,0,0,0,0,0,0,0,0,0
1076,8,1,166,0,164,20,35,244,48,0
1760,8,1,203,1,199,1,199,1,199,0
994,8,255,255,255,255,255,255,255,255,1
167,8,0,16,250,100,193,40,32,160,0
458,8,63,249,255,128,0,0,12,72,0
1176,8,135,255,191,252,229,128,131,135,0
560,8,253,0,0,2,212,0,4,0,0
1694,8,4,64,4,127,31,192,21,162,0
293,8,144,0,64,159,65,126,149,96,0
14,8,32,82,86,2,8,9,118,2,0
208,8,58,119,12,96,230,2,13,0,0
608,8,255,255,255,255,255,255,255,255,1
51,8,0,7,168,0,13,192,7,208,0
1399,8,0,0,8,0,0,0,1,78,0
263,8,0,0,0,0,0,0,0,0,0
186,8,6,168,115,132,16,0,6,44,0
241,8,62,16,28,192,3,89,204,0,0
1760,8,1,203,1,199,1,199,1,199,0
737,8,0,0,0,0,0,0,0,4,0
852,8,31,243,192,0,0,5,76,0,0
1505,8,137,63,224,11,10,0,140,128,0
354,8,0,8,2,51,234,17,244,206,0
167,8,0,16,249,100,193,40,32,160,0
675,8,0,0,0,132,16,128,68,16,0
205,8,255,255,255,255,255,255,255,255,1
293,8,144,0,64,159,65,126,119,96,0
961,8,123,85,31,186,229,64,105,46,0
14,8,32,82,86,2,8,9,118,8,0
339,8,0,1,0,0,0,12,0,2,0
661,8,0,0,0,0,0,0,8,64,0
1634,8,78,224,0,0,64,0,0,0,0
412,8,16,170,32,8,130,0,40,176,0
1451,8,255,255,255,255,255,255,255,255,1
208,8,66,119,12,96,229,2,13,0,0
51,8,0,7,160,0,14,0,7,208,0
628,8,0,242,40,246,80,124,134,33,0
192,8,32,0,0,0,0,0,0,0,0
403,8,0,8,8,3,232,56,0,0,0
526,8,78,32,3,161,6,191,111,255,0
1314,8,223,127,208,0,126,24,0,28,0
870,8,128,29,200,2,1,71,206,56,0
1408,8,0,0,0,3,225,136,0,0,0
852,8,31,243,192,0,0,5,68,128,0
1505,8,137,63,224,11,10,0,140,128,0
651,8,0,0,0,0,0,0,0,0,0
1076,8,1,198,64,164,36,52,20,80,0
1760,8,1,199,1,199,1,199,1,199,0
1788,8,0,0,7,96,50,181,88,0,0
167,8,0,16,250,228,177,40,32,160,0
569,8,0,0,0,102,160,0,67,192,0
1176,8,135,255,191,252,228,128,131,136,0
560,8,252,0,0,2,212,0,6,0,0
448,8,255,255,255,255,255,255,255,255,1
1694,8,4,64,4,127,31,192,21,162,0
293,8,144,0,64,159,65,126,89,96,0
14,8,32,82,86,2,8,9,118,8,0
208,8,74,119,12,96,228,2,13,0,0
51,8,0,7,152,0,14,64,7,208,0
215,8,0,0,2,0,128,0,0,0,0
263,8,0,0,0,0,0,0,0,0,0
778,8,64,45,112,1,211,70,50,0,0
1205,8,255,255,255,255,255,255,255,255,1
1760,8,1,203,1,198,1,199,1,199,0
737,8,0,0,0,0,0,0,0,4,0
852,8,31,243,192,0,0,5,53,128,0
1505,8,137,63,224,11,10,0,140,128,0
354,8,0,8,2,51,234,17,244,206,0
167,8,0,16,250,228,177,40,32,160,0
1175,8,0,0,0,0,0,0,0,0,0
293,8,144,0,64,159,65,126,59,96,0
1439,8,255,255,255,255,255,255,255,255,1
14,8,32,82,86,2,8,9,118,8,0
738,8,24,8,13,64,64,0,1,24,0
837,8,5,2,2,194,60,119,64,129,0
1072,8,0,46,68,139,206,128,17,160,0
339,8,0,1,0,0,0,12,0,2,0
1634,8,78,224,0,0,64,0,0,0,0
412,8,20,166,32,8,130,0,40,176,0
208,8,82,119,12,96,227,2,13,0,0
51,8,0,7,144,0,14,128,7,208,0
628,8,0,242,42,244,80,124,134,33,0
192,8,32,0,0,0,0,0,0,0,0
304,8,0,1,80,0,0,0,0,0,0
403,8,0,8,8,3,232,56,0,0,0
526,8,78,32,3,161,6,191,79,247,0
961,8,123,85,31,187,100,1,41,46,0
1314,8,223,127,208,0,125,160,0,28,0
936,8,255,255,255,255,255,255,255,255,1
870,8,128,29,200,2,1,71,206,56,0
852,8,31,243,192,0,0,5,53,128,0
1505,8,137,63,224,11,10,0,140,128,0
651,8,0,0,0,0,0,0,0,0,0
1408,8,0,0,0,3,218,8,0,0,0
1076,8,1,229,160,164,52,100,52,96,0
1760,8,1,203,1,199,1,199,1,199,0
167,8,0,16,249,100,177,40,32,160,0
722,8,0,0,48,0,0,0,0,0,0
1176,8,135,255,191,252,227,128,131,137,0
1124,8,0,2,64,0,0,144,22,88,0
560,8,251,0,0,2,212,0,8,0,0
1694,8,4,64,4,127,31,192,21,162,0
293,8,144,0,64,159,65,126,29,96,0
398,8,255,255,255,255,255,255,255,255,1
14,8,32,82,86,2,8,9,118,2,0
661,8,0,0,0,0,0,0,8,64,0
208,8,90,119,12,96,226,2,13,0,0
51,8,0,7,136,0,14,192,7,208,0
1277,8,17,81,10,77,109,15,202,136,0
263,8,0,0,0,0,0,0,0,0,0
186,8,6,168,115,132,16,0,6,44,0
663,8,17,1,0,32,1,2,81,16,0
1307,8,40,66,169,202,58,145,137,65,0
813,8,128,0,4,32,172,1,0,32,0
1760,8,1,206,1,199,1,199,1,199,0
339,8,255,255,255,255,255,255,255,255,1
737,8,0,0,0,0,0,0,0,4,0
852,8,31,243,192,0,0,5,46,0,0
1505,8,137,63,224,11,10,0,140,128,0
1413,8,0,64,0,0,0,2,0,24,0
354,8,0,8,2,51,234,17,244,206,0
167,8,0,16,250,228,193,40,32,160,0
1644,8,0,0,0,0,24,0,0,0,0
293,8,144,0,64,159,65,125,255,96,0
14,8,32,82,86,2,8,9,118,8,0
1255,8,0,0,0,20,3,102,0,0,0
339,8,0,1,0,0,0,12,0,2,0
1634,8,78,224,0,0,64,0,0,0,0
1668,8,76,213,128,25,65,84,16,30,0
1590,8,36,156,0,0,240,2,208,0,0
727,8,16,0,96,216,0,0,0,8,0
412,8,24,162,32,8,130,0,40,176,0
208,8,98,119,12,96,225,2,13,0,0
403,8,0,8,8,3,232,56,0,0,0
526,8,78,32,3,161,6,191,111,255,0
51,8,0,7,128,0,15,0,7,208,0
628,8,0,242,44,242,80,124,134,33,0
192,8,32,0,0,0,0,0,0,0,0
60,8,0,0,4,0,55,0,0,0,0
852,8,31,243,192,0,0,5,46,0,0
1314,8,223,127,208,0,125,40,0,28,0
870,8,128,29,200,2,1,71,206,56,0
