CAN ID,DLC,DATA[0],DATA[1],DATA[2],DATA[3],DATA[4],DATA[5],DATA[6],DATA[7],Flag
208,8,58,78,4,100,65,2,178,0,0
51,8,18,63,25,37,109,193,39,208,0
14,8,32,84,22,2,8,9,115,128,0
403,8,0,8,8,3,232,8,0,0,0
263,8,0,0,0,0,0,0,0,0,0
526,8,78,32,7,161,88,191,175,255,0
1314,8,223,127,208,0,120,120,0,28,0
870,8,128,93,200,2,1,71,206,56,0
1408,8,0,0,0,5,111,135,252,64,0
1076,8,1,70,128,161,50,111,84,112,0
1760,8,2,87,2,84,2,86,2,85,0
1176,8,132,0,32,0,59,128,172,141,0
293,8,144,0,64,223,64,190,63,96,0
813,8,0,0,4,32,172,1,0,32,0
1277,8,17,68,10,83,91,13,74,8,0
560,8,240,0,0,2,212,0,30,0,0
737,8,0,0,0,0,0,0,0,4,0
852,8,32,14,64,0,0,1,244,0,0
1505,8,137,56,96,7,10,0,184,128,0
354,8,36,72,2,148,64,18,31,201,0
167,8,0,81,17,165,49,45,144,160,0
339,8,0,0,0,0,0,12,0,10,0
661,8,0,0,0,0,0,0,24,64,0
14,8,32,84,22,2,8,9,115,134,0
1634,8,76,32,0,0,64,0,0,0,0
412,8,16,160,32,9,194,0,40,64,0
208,8,66,78,4,102,65,2,177,0,0
51,8,18,47,17,37,110,1,39,208,0
628,8,88,242,40,244,80,124,173,249,0
1760,8,2,87,2,84,2,87,2,87,0
192,8,96,0,0,0,0,0,0,0,0
1694,8,4,64,4,125,31,192,21,66,0
293,8,144,0,64,223,64,160,1,96,0
1413,8,0,64,0,0,0,2,0,24,0
852,8,32,14,64,0,0,1,236,128,0
1505,8,137,56,96,7,10,0,180,128,0
651,8,0,0,0,0,0,0,0,0,0
167,8,0,81,17,165,65,45,144,160,0
458,8,63,249,255,128,0,0,12,56,0
961,8,123,85,31,188,121,106,233,46,0
705,8,1,243,111,199,200,30,173,86,0
208,8,74,78,4,102,64,2,177,0,0
51,8,18,47,9,36,14,65,39,208,0
14,8,32,84,22,2,8,9,115,152,0
1399,8,0,0,8,0,0,0,1,70,0
403,8,0,8,8,3,232,8,0,0,0
263,8,0,0,0,0,0,0,0,0,0
526,8,78,32,7,161,89,191,207,247,0
1314,8,223,127,208,0,127,128,0,28,0
870,8,128,93,200,2,1,71,206,56,0
1408,8,0,0,0,5,232,7,252,48,0
1076,8,1,104,96,161,98,159,132,128,0
1760,8,2,86,2,82,2,88,2,88,0
186,8,6,152,44,68,16,0,6,140,0
1176,8,132,0,32,0,56,128,173,14,0
1049,8,10,155,70,77,4,95,194,239,0
293,8,144,0,64,223,64,191,227,96,0
560,8,255,0,0,2,212,0,0,0,0
737,8,0,0,0,0,0,0,0,4,0
852,8,32,14,64,0,0,1,221,128,0
1505,8,137,56,96,7,10,0,180,128,0
354,8,36,72,2,148,64,18,31,201,0
167,8,0,81,15,165,49,45,144,160,0
1459,8,4,0,0,0,0,0,4,0,0
675,8,16,0,2,132,122,128,60,8,0
339,8,0,0,0,0,0,12,0,10,0
1634,8,76,32,0,0,64,0,0,0,0
14,8,32,84,22,2,8,9,115,128,0
412,8,20,156,32,9,194,0,40,64,0
208,8,82,78,4,96,61,2,179,0,0
51,8,18,63,1,34,94,129,39,208,0
628,8,88,242,42,242,80,124,173,249,0
1760,8,2,89,2,84,2,88,2,89,0
192,8,96,0,0,0,0,0,0,0,0
1694,8,4,64,4,125,31,192,21,66,0
293,8,144,0,64,223,64,191,197,96,0
852,8,32,14,64,0,0,1,221,128,0
1505,8,137,56,96,7,10,0,180,128,0
651,8,0,0,0,0,0,0,0,0,0
1788,8,0,0,7,56,114,185,248,0,0
167,8,0,81,18,37,65,45,144,160,0
569,8,0,0,0,105,224,0,57,192,0
661,8,0,0,0,0,0,0,24,64,0
208,8,90,78,4,96,60,2,179,0,0
14,8,32,84,22,2,8,9,115,134,0
51,8,18,62,249,34,94,193,39,208,0
215,8,0,0,2,0,128,0,0,0,0
403,8,0,8,8,3,232,8,0,0,0
263,8,0,0,0,0,0,0,0,0,0
526,8,78,32,7,161,89,191,207,255,0
1314,8,223,127,208,0,127,8,0,28,0
870,8,128,93,200,2,1,71,206,56,0
1408,8,0,0,0,5,224,135,252,48,0
1076,8,1,134,192,161,146,175,180,176,0
1760,8,2,86,2,84,2,89,2,87,0
1176,8,132,0,32,0,54,128,173,79,0
293,8,144,0,64,223,64,191,167,96,0
560,8,254,0,0,2,212,0,2,0,0
961,8,123,85,31,188,56,235,169,46,0
737,8,0,0,0,0,0,0,0,4,0
852,8,32,14,64,0,0,1,214,0,0
1505,8,137,56,64,7,10,0,180,128,0
354,8,36,72,2,148,64,18,31,201,0
167,8,0,81,17,37,49,45,144,160,0
1175,8,0,0,0,0,0,0,0,0,0
339,8,0,0,0,0,0,12,0,10,0
1634,8,76,32,0,0,64,0,0,0,0
14,8,32,84,22,2,8,9,115,122,0
412,8,24,152,32,9,194,0,40,48,0
208,8,98,78,4,96,58,2,180,0,0
51,8,18,62,241,38,127,1,39,208,0
628,8,88,242,44,240,80,124,173,249,0
1760,8,2,90,2,84,2,89,2,88,0
192,8,96,0,0,0,0,0,0,0,0
738,8,24,8,13,64,64,0,1,24,0
837,8,5,2,2,194,60,119,64,129,0
1072,8,0,62,68,140,84,128,17,160,0
304,8,0,1,96,0,0,0,0,0,0
1227,8,128,0,0,0,0,0,0,0,0
813,8,0,0,4,32,172,1,0,32,0
640,8,24,224,2,112,0,0,0,0,0
1694,8,4,64,4,125,31,192,21,66,0
293,8,144,0,64,223,64,191,137,96,0
1277,8,17,70,10,83,95,13,202,8,0
622,8,1,6,64,130,137,18,10,4,0
852,8,32,14,64,0,0,1,214,0,0
1505,8,137,56,64,7,10,0,184,128,0
651,8,0,0,0,0,0,0,0,0,0
167,8,0,81,16,165,65,45,144,160,0
722,8,0,0,56,0,0,0,0,0,0
631,8,30,1,128,0,0,0,1,8,0
1644,8,0,128,16,0,24,0,0,32,0
683,8,164,208,201,215,226,215,202,255,0
244,8,154,12,1,2,4,177,2,64,0
1751,8,65,3,143,0,144,7,34,60,0
300,8,121,6,224,0,0,1,253,208,0
208,8,106,78,4,98,57,2,180,0,0
51,8,18,54,233,30,191,65,39,208,0
14,8,32,84,22,2,8,9,115,134,0
403,8,0,8,8,3,232,8,0,0,0
263,8,0,0,0,0,0,0,0,0,0
526,8,78,32,3,161,89,191,207,255,0
1314,8,223,127,208,0,126,144,0,28,0
870,8,128,93,200,2,1,71,206,56,0
1408,8,0,0,0,5,217,7,252,48,0
1076,8,1,166,0,161,194,223,196,224,0
1760,8,2,91,2,84,2,88,2,89,0
186,8,6,152,44,68,16,0,6,140,0
1176,8,132,0,32,0,69,128,173,64,0
1331,8,237,127,207,126,255,244,239,127,0
293,8,144,0,64,223,64,191,107,96,0
560,8,253,0,0,2,212,0,4,0,0
737,8,0,0,0,0,0,0,0,4,0
852,8,32,14,64,0,0,1,199,0,0
1505,8,137,56,64,7,10,0,184,128,0
354,8,36,72,2,148,64,18,31,201,0
167,8,0,81,18,37,49,45,128,160,0
930,8,0,0,0,0,8,1,224,0,0
961,8,123,85,31,187,184,236,41,46,0
1255,8,0,0,0,20,3,108,0,0,0
14,8,32,84,22,2,8,9,115,128,0
339,8,0,0,0,0,0,12,0,10,0
661,8,0,0,0,0,0,0,24,64,0
1634,8,76,32,0,0,64,0,0,0,0
1668,8,76,212,127,153,65,94,208,30,0
1590,8,36,156,31,129,12,136,192,0,0
727,8,16,0,96,216,0,0,0,8,0
412,8,28,148,32,9,194,0,40,48,0
208,8,114,78,4,98,56,2,180,0,0
51,8,18,54,225,30,191,129,39,208,0
628,8,88,242,46,238,80,124,173,249,0
1760,8,2,91,2,86,2,89,2,89,0
192,8,96,0,0,0,0,0,0,0,0
996,8,0,212,0,0,132,0,0,0,0
1694,8,4,64,4,125,31,192,21,66,0
293,8,144,0,64,223,64,191,77,96,0
1628,8,64,8,18,165,138,80,0,0,0
1399,8,0,0,8,0,0,0,1,70,0
1533,8,189,221,253,255,254,255,237,218,0
852,8,32,14,64,0,0,2,48,0,0
1505,8,137,56,64,7,10,0,188,128,0
651,8,0,0,0,0,0,0,0,0,0
167,8,0,81,15,37,49,45,128,160,0
1031,8,56,146,95,240,0,1,154,160,0
14,8,32,84,22,2,8,9,115,122,0
208,8,122,78,4,100,55,2,180,0,0
51,8,18,46,217,38,127,193,39,208,0
403,8,0,8,8,3,232,8,0,0,0
263,8,0,0,0,0,0,0,0,0,0
526,8,78,32,3,161,91,191,207,255,0
1314,8,223,127,208,0,126,24,0,28,0
870,8,128,157,200,2,1,71,206,56,0
1408,8,0,0,0,5,209,135,252,48,0
1076,8,1,198,64,161,211,15,244,240,0
1760,8,2,90,2,84,2,89,2,90,0
1176,8,132,0,32,0,67,128,173,129,0
1124,8,0,2,64,0,0,144,15,95,0
293,8,144,0,64,223,64,191,47,96,0
560,8,252,0,0,2,212,0,6,0,0
253,8,0,0,1,0,128,16,0,0,0
60,8,0,0,4,0,51,0,0,0,0
519,8,4,4,96,72,42,222,213,24,0
737,8,0,0,0,0,0,0,0,4,0
852,8,32,14,64,0,0,2,48,0,0
1505,8,137,56,64,7,10,0,188,128,0
354,8,36,72,2,148,64,18,31,201,0
167,8,0,81,16,37,49,45,128,160,0
692,8,20,234,2,0,0,0,88,0,0
1225,8,1,249,21,130,13,2,246,75,0
470,8,2,11,128,128,48,36,5,128,0
420,8,0,0,0,2,236,204,0,0,0
339,8,0,0,0,0,0,12,0,10,0
1634,8,76,32,0,0,64,0,0,0,0
14,8,32,84,22,2,8,9,115,128,0
412,8,0,176,32,9,194,0,40,48,0
208,8,2,78,4,100,69,2,181,0,0
51,8,18,47,81,33,12,1,39,208,0
628,8,88,242,32,252,80,124,173,249,0
1760,8,2,89,2,85,2,89,2,89,0
192,8,96,0,0,0,0,0,0,0,0
1694,8,4,64,4,125,31,192,21,66,0
293,8,144,0,64,223,64,191,17,96,0
961,8,123,85,31,186,185,44,233,46,0
852,8,32,14,64,0,0,2,40,128,0
1505,8,137,56,64,7,10,0,188,128,0
651,8,0,0,0,0,0,0,0,0,0
167,8,0,81,15,165,65,45,128,160,0
61,8,0,1,136,0,0,0,0,0,0
661,8,0,0,0,0,0,0,24,64,0
208,8,10,78,4,100,68,2,181,0,0
14,8,32,84,22,2,8,9,115,134,0
51,8,18,47,73,33,12,65,39,208,0
403,8,0,8,8,3,232,8,0,0,0
526,8,78,32,3,161,91,191,207,247,0
1314,8,223,127,208,0,125,160,0,28,0
263,8,0,0,0,0,0,0,0,0,0
870,8,128,157,200,2,1,71,206,56,0
1408,8,0,0,0,5,202,7,252,48,0
1076,8,1,229,160,162,3,16,37,32,0
1760,8,2,89,2,89,2,89,2,90,0
186,8,6,152,44,132,16,0,6,140,0
293,8,144,0,64,223,64,190,243,96,0
627,8,0,0,0,8,0,0,0,0,0
452,8,1,114,2,0,40,7,190,2,0
676,8,32,32,3,28,4,8,152,208,0
881,8,1,6,0,0,0,0,8,128,0
1661,8,0,24,96,2,8,0,2,32,0
737,8,0,0,0,0,0,0,0,4,0
852,8,32,14,64,0,0,2,25,128,0
1505,8,137,56,64,7,10,0,188,128,0
354,8,36,72,2,148,64,18,31,201,0
167,8,0,81,15,37,65,45,128,160,0
1372,8,16,27,0,0,65,130,48,0,0
1307,8,41,9,24,63,1,6,8,1,0
1176,8,132,0,32,0,66,128,173,130,0
813,8,0,0,4,32,172,1,0,32,0
204,8,67,65,24,50,56,175,162,22,0
1277,8,17,72,10,83,97,13,202,8,0
560,8,251,0,0,2,212,0,8,0,0
339,8,0,0,0,0,0,12,0,10,0
1634,8,76,32,0,0,64,0,0,0,0
14,8,32,84,22,2,8,9,115,140,0
412,8,4,172,32,9,194,0,40,48,0
208,8,18,78,4,102,67,2,181,0,0
51,8,18,55,65,37,28,129,39,208,0
628,8,88,242,34,250,80,124,173,249,0
1760,8,2,91,2,88,2,88,2,90,0
192,8,96,0,0,0,0,0,0,0,0
1694,8,4,64,4,125,31,192,21,66,0
293,8,144,0,64,223,64,190,213,96,0
1413,8,0,64,0,0,0,2,0,24,0
852,8,32,14,64,0,0,2,25,128,0
1505,8,137,56,64,7,10,0,184,128,0
651,8,0,0,0,0,0,0,0,0,0
167,8,0,81,19,165,65,45,128,160,0
458,8,63,249,255,128,0,0,12,56,0
961,8,123,85,31,186,248,109,105,46,0
208,8,26,78,4,102,66,2,181,0,0
51,8,18,55,57,36,188,193,39,208,0
14,8,32,84,22,2,8,9,115,122,0
1399,8,0,0,8,0,0,0,1,70,0
403,8,0,8,8,3,232,8,0,0,0
263,8,0,0,0,0,0,0,0,0,0
526,8,78,32,3,161,91,63,207,255,0
1314,8,223,127,208,0,125,40,0,28,0
870,8,128,157,200,2,1,71,206,56,0
1408,8,0,0,0,5,194,135,252,48,0
1076,8,2,8,32,162,51,64,85,80,0
1760,8,2,92,2,87,2,88,2,90,0
1176,8,132,0,32,0,65,128,173,131,0
293,8,144,0,64,223,64,190,183,96,0
560,8,250,0,0,2,212,0,10,0,0
705,8,1,243,15,199,200,30,157,108,0
737,8,0,0,0,0,0,0,0,4,0
852,8,32,14,64,0,0,2,18,0,0
1505,8,137,56,64,7,10,0,184,128,0
354,8,36,72,2,148,64,18,31,201,0
167,8,0,81,19,37,49,45,128,160,0
1459,8,4,0,0,0,0,0,4,0,0
675,8,16,0,2,132,124,128,60,8,0
339,8,0,0,0,0,0,12,0,10,0
661,8,0,0,0,0,0,0,24,64,0
14,8,32,84,22,2,8,9,115,140,0
1634,8,76,32,0,0,64,0,0,0,0
412,8,8,168,32,9,194,0,40,48,0
208,8,34,78,4,102,65,2,181,0,0
51,8,18,55,49,36,189,1,39,208,0
628,8,88,242,36,248,80,124,173,249,0
1760,8,2,93,2,87,2,90,2,90,0
192,8,96,0,0,0,0,0,0,0,0
1694,8,4,64,4,125,31,192,21,66,0
293,8,144,0,64,223,64,190,153,96,0
852,8,32,14,64,0,0,2,18,0,0
1505,8,137,56,64,7,10,0,184,128,0
651,8,0,0,0,0,0,0,0,0,0
1788,8,0,0,7,56,114,185,248,0,0
167,8,0,81,19,37,49,45,128,160,0
569,8,0,0,0,105,192,0,57,160,0
215,8,0,0,2,0,128,0,0,0,0
14,8,32,84,22,2,8,9,115,134,0
208,8,42,78,4,96,64,2,181,0,0
51,8,18,55,41,32,13,65,39,208,0
263,8,0,0,0,0,0,0,0,0,0
403,8,0,8,8,3,232,8,0,0,0
526,8,78,32,3,161,92,191,175,247,0
1314,8,223,127,208,0,124,176,0,28,0
870,8,128,157,200,2,1,71,206,56,0
1408,8,0,0,0,5,195,7,252,32,0
1076,8,2,40,32,162,67,112,101,96,0
1760,8,2,93,2,87,2,90,2,90,0
186,8,6,152,44,132,16,0,6,140,0
293,8,144,0,64,223,64,190,123,96,0
1176,8,132,0,32,0,63,128,173,196,0
560,8,249,0,0,2,212,0,12,0,0
961,8,123,85,31,188,118,46,41,46,0
737,8,0,0,0,0,0,0,0,4,0
852,8,32,14,64,0,0,2,3,0,0
1505,8,137,56,64,7,10,0,184,128,0
354,8,36,72,2,132,64,18,31,201,0
167,8,0,81,18,37,49,45,128,160,0
1175,8,0,0,0,0,0,0,0,0,0
339,8,0,0,0,0,0,12,0,10,0
14,8,32,84,22,2,8,9,115,140,0
1634,8,76,64,0,0,64,0,0,0,0
412,8,12,164,32,9,194,0,40,48,0
208,8,50,78,4,96,62,2,182,0,0
51,8,18,55,33,38,125,129,39,208,0
628,8,88,242,38,246,80,124,173,249,0
1760,8,2,93,2,86,2,90,2,91,0
192,8,96,0,0,0,0,0,0,0,0
738,8,24,8,13,64,64,0,1,24,0
837,8,5,2,2,194,60,119,64,129,0
1072,8,0,62,68,140,86,128,17,160,0
304,8,0,1,96,0,0,0,0,0,0
485,8,1,70,4,5,168,65,163,224,0
813,8,0,0,4,32,172,1,0,32,0
1277,8,17,77,10,83,103,14,202,8,0
1694,8,4,64,4,125,31,192,21,66,0
293,8,144,0,64,223,64,190,93,96,0
622,8,1,6,64,130,137,18,10,4,0
852,8,32,14,64,0,0,1,244,0,0
1505,8,137,56,64,7,10,0,188,128,0
651,8,0,0,0,0,0,0,0,0,0
167,8,0,81,14,37,49,45,128,160,0
722,8,0,0,64,0,0,0,0,0,0
1644,8,0,128,16,0,32,0,0,32,0
244,8,154,12,1,2,4,177,2,64,0
661,8,0,0,0,0,0,0,24,64,0
208,8,58,78,4,98,61,2,182,0,0
14,8,32,84,22,2,8,9,115,128,0
51,8,18,47,25,38,125,193,39,208,0
403,8,0,8,8,3,232,8,0,0,0
263,8,0,0,0,0,0,0,0,0,0
526,8,78,32,11,161,93,63,175,247,0
1314,8,223,127,208,0,124,56,0,28,0
870,8,128,157,200,2,1,71,206,56,0
1408,8,0,0,0,5,187,135,252,32,0
1076,8,2,64,0,162,115,128,149,144,0
1760,8,2,92,2,90,2,90,2,92,0
241,8,62,16,28,192,3,89,204,0,0
293,8,144,0,64,223,64,190,63,96,0
1176,8,132,0,32,0,61,128,174,5,0
560,8,248,0,0,2,212,0,14,0,0
737,8,0,0,0,0,0,0,0,4,0
852,8,32,14,64,0,0,1,244,0,0
1505,8,137,56,32,7,10,0,184,128,0
354,8,36,72,2,132,64,18,31,201,0
167,8,0,81,15,165,49,45,128,160,0
961,8,123,85,31,188,245,46,169,46,0
1255,8,0,0,0,20,3,108,0,0,0
14,8,32,84,22,2,8,9,115,146,0
339,8,0,0,0,0,0,12,0,10,0
1634,8,76,64,0,0,64,0,0,0,0
1668,8,76,212,127,153,65,94,208,30,0
1590,8,36,156,32,65,13,8,208,0,0
727,8,16,0,96,216,0,0,0,8,0
412,8,16,160,32,9,194,0,40,48,0
208,8,66,78,4,98,59,2,183,0,0
51,8,18,47,17,30,14,1,39,208,0
628,8,88,242,40,244,80,124,173,249,0
1760,8,2,90,2,92,2,90,2,91,0
192,8,96,0,0,0,0,0,0,0,0
996,8,0,212,0,0,132,0,0,0,0
1694,8,4,64,4,125,31,192,21,66,0
293,8,144,0,64,223,64,160,1,96,0
1628,8,64,8,18,165,138,96,0,0,0
1399,8,0,0,8,0,0,0,1,70,0
852,8,32,14,64,0,0,1,236,128,0
1505,8,137,56,32,7,10,0,184,128,0
651,8,0,0,0,0,0,0,0,0,0
167,8,0,81,13,165,65,45,128,160,0
1031,8,56,148,95,240,0,1,154,160,0
208,8,74,78,4,98,58,2,183,0,0
51,8,18,47,9,37,30,65,39,208,0
14,8,32,84,22,2,8,9,115,146,0
953,8,32,4,114,1,36,75,220,66,0
403,8,0,8,8,3,232,8,0,0,0
263,8,0,0,0,0,0,0,0,0,0
526,8,78,32,7,161,92,63,239,255,0
1314,8,223,127,208,0,123,192,0,28,0
870,8,128,93,200,2,1,71,206,56,0
1408,8,0,0,0,5,188,7,252,16,0
1076,8,2,96,0,162,163,176,197,192,0
1760,8,2,92,2,91,2,90,2,91,0
186,8,6,152,44,196,16,0,6,140,0
293,8,144,0,64,223,64,191,227,96,0
65,8,128,34,0,32,1,0,0,0,0
541,8,0,0,0,0,0,1,0,0,0
1176,8,132,0,32,0,60,128,174,6,0
1124,8,0,2,64,0,0,144,30,80,0
60,8,0,0,4,0,51,0,0,0,0
519,8,4,0,32,64,42,222,193,24,0
1225,8,1,249,21,130,13,2,246,11,0
737,8,0,0,0,0,0,0,0,4,0
852,8,32,14,64,0,0,1,221,128,0
1505,8,137,56,32,7,10,0,184,128,0
354,8,36,72,2,132,64,18,31,201,0
167,8,0,81,13,165,65,45,128,160,0
692,8,20,234,2,0,0,0,88,0,0
470,8,2,13,130,128,48,36,5,0,0
560,8,247,0,0,2,212,0,16,0,0
339,8,0,0,0,0,0,12,0,10,0
661,8,0,0,0,0,0,0,24,64,0
14,8,32,84,22,2,8,9,115,152,0
1634,8,76,64,0,0,64,0,0,0,0
412,8,20,156,32,9,194,0,40,48,0
208,8,82,78,4,100,57,2,183,0,0
51,8,18,39,1,37,30,129,39,208,0
628,8,88,242,42,242,80,124,173,249,0
1760,8,2,97,2,91,2,90,2,91,0
192,8,96,0,0,0,0,0,0,0,0
1694,8,4,64,4,125,31,192,21,66,0
293,8,144,0,64,223,64,191,197,96,0
961,8,123,85,31,187,117,239,105,46,0
852,8,32,14,64,0,0,1,221,128,0
1505,8,137,56,32,7,10,0,180,128,0
651,8,0,0,0,0,0,0,0,0,0
167,8,0,81,15,165,49,45,128,160,0
61,8,0,1,135,128,0,0,0,0,0
208,8,90,78,4,100,56,2,183,0,0
51,8,18,38,249,33,174,193,39,208,0
14,8,32,84,22,2,8,9,115,140,0
403,8,0,8,8,3,232,8,0,0,0
263,8,0,0,0,0,0,0,0,0,0
526,8,78,32,3,161,93,63,239,255,0
1314,8,223,127,208,0,123,72,0,28,0
870,8,128,157,200,2,1,71,206,56,0
1408,8,0,0,0,5,180,135,252,16,0
1076,8,2,138,128,162,195,224,213,224,0
1760,8,2,94,2,90,2,91,2,91,0
663,8,17,0,0,32,0,2,81,16,0
293,8,144,0,64,223,64,191,167,96,0
1455,8,32,192,0,0,0,32,0,0,0
1176,8,132,0,32,0,59,128,174,7,0
813,8,0,0,4,32,172,1,0,32,0
1277,8,17,75,10,84,101,14,74,8,0
560,8,246,0,0,2,212,0,18,0,0
737,8,0,0,0,0,0,0,0,4,0
852,8,32,14,64,0,0,1,214,0,0
1505,8,137,56,0,7,10,0,180,128,0
354,8,36,72,2,132,64,18,31,201,0
167,8,0,81,14,37,49,45,128,160,0
339,8,0,0,0,0,0,12,0,10,0
1634,8,76,64,0,0,64,0,0,0,0
14,8,32,84,22,2,8,9,115,140,0
412,8,24,152,32,9,194,0,40,48,0
208,8,98,78,4,102,55,2,183,0,0
51,8,18,38,241,35,111,1,39,208,0
628,8,88,242,44,240,80,124,173,249,0
1760,8,2,94,2,90,2,91,2,92,0
192,8,96,0,0,0,0,0,0,0,0
1694,8,4,64,4,125,31,192,21,66,0
293,8,144,0,64,223,64,191,137,96,0
1413,8,0,64,0,0,0,2,0,24,0
852,8,32,14,64,0,0,1,214,0,0
1505,8,137,56,0,7,10,0,176,128,0
651,8,0,0,0,0,0,0,0,0,0
167,8,0,81,18,37,49,45,128,160,0
458,8,63,249,255,128,0,0,12,56,0
961,8,123,85,31,187,53,175,233,46,0
661,8,0,0,0,0,0,0,24,64,0
208,8,106,78,4,102,54,2,183,0,0
14,8,32,84,22,2,8,9,115,146,0
51,8,18,38,233,35,111,65,39,208,0
1399,8,0,0,8,0,0,0,1,70,0
403,8,0,8,8,3,232,8,0,0,0
263,8,0,0,0,0,0,0,0,0,0
526,8,78,32,3,161,93,191,239,255,0
1314,8,223,127,208,0,122,208,0,28,0
870,8,128,157,200,2,1,71,206,56,0
1408,8,0,0,0,5,173,7,252,16,0
1076,8,2,170,32,162,228,17,6,0,0
1760,8,2,97,2,90,2,92,2,91,0
186,8,6,152,44,196,16,0,6,140,0
293,8,144,0,64,223,64,191,107,96,0
1176,8,132,0,32,0,57,128,174,72,0
560,8,245,0,0,2,212,0,20,0,0
737,8,0,0,0,0,0,0,0,4,0
852,8,32,14,64,0,0,1,199,0,0
1505,8,137,56,0,7,10,0,176,128,0
354,8,36,72,2,132,64,18,31,201,0
167,8,0,81,18,37,49,45,128,160,0
1459,8,4,0,0,0,0,0,4,0,0
675,8,16,0,2,132,124,128,60,8,0
705,8,1,244,111,199,201,30,111,128,0
339,8,0,0,0,0,0,12,0,10,0
1634,8,76,64,0,0,64,0,0,0,0
14,8,32,84,22,2,8,9,115,146,0
412,8,28,148,32,9,194,0,40,48,0
208,8,114,78,4,102,52,2,184,0,0
51,8,18,38,225,39,47,129,39,208,0
628,8,88,242,46,238,80,124,173,249,0
1760,8,2,96,2,92,2,92,2,92,0
192,8,96,0,0,0,0,0,0,0,0
1694,8,4,64,4,125,31,192,21,66,0
293,8,144,0,64,223,64,191,77,96,0
852,8,32,14,128,0,0,2,40,0,0
1505,8,137,56,0,7,10,0,176,128,0
651,8,0,0,0,0,0,0,0,0,0
1788,8,0,0,7,57,178,185,248,0,0
167,8,0,81,18,165,49,45,128,160,0
569,8,0,0,0,105,192,0,57,160,0
208,8,122,78,4,96,51,2,184,0,0
51,8,18,54,217,30,191,193,39,208,0
14,8,32,84,22,2,8,9,115,152,0
215,8,0,0,2,0,128,0,0,0,0
403,8,0,8,8,3,232,8,0,0,0
263,8,0,0,0,0,0,0,0,0,0
526,8,78,32,3,161,94,191,239,255,0
1314,8,223,127,208,0,122,88,0,28,0
870,8,128,157,200,2,1,71,206,56,0
1408,8,0,0,0,5,165,135,252,16,0
1076,8,2,202,160,163,20,33,54,48,0
1760,8,2,93,2,94,2,93,2,93,0
1176,8,132,0,32,0,55,128,174,137,0
293,8,144,0,64,223,64,191,47,96,0
560,8,244,0,0,2,212,0,22,0,0
961,8,123,85,31,187,244,48,169,46,0
737,8,0,0,0,0,0,0,0,4,0
852,8,32,14,128,0,0,2,40,0,0
1505,8,137,56,0,7,10,0,176,128,0
354,8,36,72,2,132,64,18,31,201,0
167,8,0,81,21,37,65,45,128,160,0
1175,8,0,0,0,0,0,0,0,0,0
339,8,0,0,0,0,0,12,0,10,0
14,8,32,84,22,2,8,9,115,134,0
661,8,0,0,0,0,0,0,24,64,0
1634,8,76,64,0,0,64,0,0,0,0
412,8,0,176,32,9,194,0,40,64,0
208,8,2,78,4,96,65,2,185,0,0
51,8,18,55,81,30,188,1,39,208,0
628,8,88,242,32,252,80,124,173,249,0
1760,8,2,94,2,92,2,95,2,95,0
192,8,96,0,0,0,0,0,0,0,0
738,8,24,8,13,64,64,0,1,24,0
837,8,5,2,2,194,60,119,64,129,0
1072,8,0,63,68,140,86,128,17,160,0
304,8,0,1,96,0,0,0,0,0,0
1227,8,128,0,0,0,0,0,0,0,0
813,8,0,0,4,32,172,1,0,32,0
1694,8,4,64,4,125,31,192,21,66,0
293,8,144,0,64,223,64,191,17,96,0
640,8,24,224,2,112,0,0,0,0,0
1277,8,17,71,10,83,97,13,202,8,0
622,8,1,6,64,130,137,18,10,4,0
852,8,32,14,128,0,0,2,32,128,0
1505,8,137,56,0,7,10,0,184,128,0
651,8,0,0,0,0,0,0,0,0,0
167,8,0,81,16,165,49,45,128,160,0
722,8,0,0,72,0,0,0,0,0,0
1372,8,16,27,0,0,65,130,48,0,0
1644,8,0,128,16,0,24,0,0,32,0
244,8,154,12,1,2,4,177,2,64,0
14,8,32,84,22,2,8,9,115,152,0
208,8,10,78,4,98,64,2,185,0,0
51,8,18,39,73,37,204,65,39,208,0
403,8,0,8,8,3,232,8,0,0,0
263,8,0,0,0,0,0,0,0,0,0
526,8,78,32,3,161,93,191,239,255,0
1314,8,223,127,208,0,121,224,0,28,0
870,8,128,93,200,2,1,71,206,56,0
1408,8,0,0,0,5,166,7,252,0,0
1076,8,2,234,160,163,52,81,86,96,0
1760,8,2,95,2,92,2,97,2,95,0
186,8,6,152,44,196,16,0,6,140,0
293,8,144,0,64,223,64,190,243,96,0
1176,8,132,0,32,0,51,128,175,74,0
560,8,243,0,0,2,212,0,24,0,0
737,8,0,0,0,0,0,0,0,4,0
852,8,32,14,128,0,0,2,32,128,0
1505,8,137,56,0,7,10,0,184,128,0
354,8,36,72,2,132,64,18,31,201,0
167,8,0,81,16,37,49,45,144,160,0
961,8,123,85,31,186,180,241,41,46,0
1255,8,0,0,0,20,3,108,0,0,0
339,8,0,0,0,0,0,12,0,10,0
14,8,32,84,22,2,8,9,115,128,0
1634,8,76,64,0,0,64,0,0,0,0
1668,8,76,212,127,25,65,94,208,30,0
1590,8,36,156,33,1,13,8,224,0,0
727,8,16,0,96,216,0,0,0,8,0
412,8,4,174,32,9,130,0,40,64,0
208,8,18,78,4,98,60,2,188,0,0
51,8,18,39,65,31,12,129,39,208,0
628,8,88,242,34,250,80,124,173,245,0
1760,8,2,95,2,94,2,96,2,97,0
192,8,96,0,0,0,0,0,0,0,0
996,8,0,212,0,0,132,0,0,0,0
1628,8,64,8,18,165,138,80,0,0,0
1399,8,0,0,8,0,0,0,1,70,0
1694,8,4,64,4,125,31,192,21,66,0
293,8,144,0,64,223,64,190,213,96,0
852,8,32,14,128,0,0,2,17,128,0
1505,8,137,56,0,7,10,0,188,128,0
651,8,0,0,0,0,0,0,0,0,0
167,8,0,81,13,165,65,45,144,160,0
1031,8,56,150,95,240,0,1,154,96,0
661,8,0,0,0,0,0,0,24,64,0
208,8,26,78,4,98,59,2,188,0,0
14,8,32,84,22,2,8,9,115,128,0
51,8,18,39,57,31,12,193,39,208,0
403,8,0,8,8,3,232,8,0,0,0
263,8,0,0,0,0,0,0,0,0,0
526,8,78,31,255,161,94,63,208,7,0
1314,8,223,127,208,0,121,104,0,28,0
870,8,128,93,200,2,1,71,206,56,0
1408,8,0,0,0,5,158,135,252,0,0
1076,8,3,10,128,163,100,129,118,128,0
1760,8,2,97,2,95,2,96,2,97,0
1176,8,132,0,32,0,49,128,175,139,0
1124,8,0,2,64,0,0,144,29,81,0
293,8,144,0,64,223,64,190,183,96,0
560,8,242,0,0,2,212,0,26,0,0
60,8,0,0,4,0,51,0,0,0,0
519,8,4,4,96,72,42,222,213,24,0
1225,8,1,249,21,130,13,3,246,75,0
470,8,2,139,192,128,52,116,5,144,0
737,8,0,0,0,0,0,0,0,4,0
852,8,32,14,128,0,0,2,10,0,0
1505,8,137,55,224,7,10,0,188,128,0
354,8,36,72,2,132,64,18,31,201,0
167,8,0,81,11,37,65,45,144,160,0
692,8,20,234,2,0,0,0,88,0,0
339,8,0,0,0,0,0,12,0,10,0
14,8,32,84,22,2,8,9,115,140,0
1634,8,76,64,0,0,64,0,0,0,0
412,8,8,170,32,9,130,0,40,64,0
208,8,34,78,4,100,57,2,189,0,0
51,8,18,31,49,35,189,1,39,208,0
628,8,88,242,36,248,80,124,173,245,0
1760,8,2,99,2,93,2,96,2,96,0
192,8,96,0,0,0,0,0,0,0,0
1694,8,4,64,4,125,31,192,21,66,0
293,8,144,0,64,223,64,190,153,96,0
961,8,123,85,31,186,180,49,233,46,0
852,8,32,14,128,0,0,2,10,0,0
1505,8,137,55,224,7,10,0,188,128,0
651,8,0,0,0,0,0,0,0,0,0
167,8,0,81,13,165,65,45,144,160,0
61,8,0,1,135,128,0,0,0,0,0
208,8,42,78,4,100,56,2,189,0,0
51,8,18,31,41,36,189,65,39,208,0
14,8,32,84,22,2,8,9,115,140,0
403,8,0,8,8,3,232,8,0,0,0
526,8,78,32,3,161,95,191,208,7,0
263,8,0,0,0,0,0,0,0,0,0
1314,8,223,127,208,0,120,240,0,28,0
870,8,128,157,200,2,1,71,206,56,0
1408,8,0,0,0,5,151,7,252,0,0
1076,8,3,42,0,163,132,161,166,176,0
1760,8,2,97,2,94,2,94,2,94,0
186,8,6,152,44,196,16,0,6,140,0
293,8,144,0,64,223,64,190,123,96,0
1307,8,40,12,65,1,40,0,1,33,0
1176,8,132,0,32,0,49,128,175,76,0
813,8,0,0,4,32,172,1,0,32,0
1277,8,17,68,10,84,91,13,74,8,0
560,8,241,0,0,2,212,0,28,0,0
737,8,0,0,0,0,0,0,0,4,0
852,8,32,14,64,0,0,2,3,0,0
1505,8,137,55,224,7,10,0,188,128,0
354,8,36,72,2,132,64,18,31,201,0
167,8,0,81,13,165,65,45,144,160,0
339,8,0,0,0,0,0,12,0,10,0
661,8,0,0,0,0,0,0,24,64,0
14,8,32,84,22,2,8,9,115,146,0
1634,8,76,64,0,0,64,0,0,0,0
412,8,12,166,32,9,130,0,40,64,0
208,8,50,78,4,100,56,2,188,0,0
51,8,18,31,33,36,189,129,39,208,0
628,8,88,242,38,246,80,124,173,245,0
1760,8,2,97,2,97,2,95,2,95,0
192,8,96,0,0,0,0,0,0,0,0
1694,8,4,64,4,125,31,192,21,66,0
293,8,144,0,64,223,64,190,93,96,0
1413,8,0,64,0,0,0,2,0,24,0
852,8,32,14,64,0,0,1,244,0,0
1505,8,137,55,224,7,10,0,180,128,0
651,8,0,0,0,0,0,0,0,0,0
167,8,0,81,18,37,49,45,144,160,0
458,8,63,249,255,128,0,0,12,56,0
961,8,123,85,31,187,51,50,105,46,0
208,8,58,78,4,102,55,2,188,0,0
14,8,32,84,22,2,8,9,115,146,0
51,8,18,39,25,32,173,193,39,208,0
1399,8,0,0,8,0,0,0,1,70,0
403,8,0,8,8,3,232,8,0,0,0
263,8,0,0,0,0,0,0,0,0,0
526,8,78,32,3,161,95,191,207,255,0
1314,8,223,127,208,0,120,120,0,28,0
870,8,128,93,200,2,1,71,206,56,0
1408,8,0,0,0,5,143,135,252,0,0
1076,8,3,74,160,163,180,193,198,208,0
1760,8,2,99,2,97,2,97,2,96,0
1176,8,132,0,32,0,48,128,175,77,0
293,8,144,0,64,223,64,190,63,96,0
560,8,240,0,0,2,212,0,30,0,0
737,8,0,0,0,0,0,0,0,4,0
852,8,32,14,64,0,0,1,244,0,0
1505,8,137,55,224,7,10,0,176,128,0
354,8,36,72,2,132,64,18,31,201,0
167,8,0,81,21,37,65,45,144,160,0
1459,8,4,0,0,0,0,0,4,0,0
675,8,16,0,2,132,124,128,60,8,0
339,8,0,0,0,0,0,12,0,10,0
1634,8,76,64,0,0,64,0,0,0,0
14,8,32,84,22,2,8,9,115,134,0
412,8,16,160,32,9,194,0,40,64,0
208,8,66,78,4,102,54,2,188,0,0
51,8,18,39,17,39,46,1,39,208,0
628,8,88,242,40,244,80,124,173,249,0
1760,8,2,97,2,94,2,97,2,96,0
192,8,96,0,0,0,0,0,0,0,0
1694,8,4,64,4,125,31,192,21,66,0
293,8,144,0,64,223,64,160,1,96,0
705,8,1,243,239,199,198,30,109,150,0
852,8,32,14,128,0,0,1,228,128,0
1505,8,137,55,224,7,10,0,176,128,0
651,8,0,0,0,0,0,0,0,0,0
1788,8,0,0,7,57,18,186,0,0,0
167,8,0,81,21,37,49,45,144,160,0
569,8,0,0,0,105,160,0,57,128,0
661,8,0,0,0,0,0,0,24,64,0
208,8,74,79,4,96,53,2,188,0,0
14,8,32,84,22,2,8,9,115,134,0
51,8,18,55,9,39,46,65,39,208,0
215,8,0,0,2,0,128,0,0,0,0
403,8,0,8,8,3,232,8,0,0,0
263,8,0,0,0,0,0,0,0,0,0
526,8,78,32,3,161,96,63,239,239,0
1314,8,223,127,208,0,127,128,0,28,0
870,8,128,93,200,2,1,71,206,56,0
1408,8,0,0,0,6,8,7,251,240,0
1076,8,3,106,160,163,212,241,246,240,0
1760,8,2,97,2,96,2,98,2,97,0
186,8,6,152,44,196,16,0,6,140,0
293,8,144,0,64,223,64,191,227,96,0
1176,8,132,0,32,0,45,128,175,206,0
560,8,255,0,0,2,212,0,0,0,0
961,8,123,85,31,187,114,51,41,46,0
737,8,0,0,0,0,0,0,0,4,0
852,8,32,14,128,0,0,1,228,128,0
1505,8,137,55,224,7,10,0,176,128,0
354,8,36,72,2,132,64,18,31,201,0
167,8,0,81,22,165,65,45,144,160,0
1175,8,0,0,0,0,0,0,0,0,0
339,8,0,0,0,0,0,12,0,10,0
1634,8,76,96,0,0,64,0,0,0,0
14,8,32,84,22,2,8,9,115,146,0
412,8,20,158,32,9,130,0,40,64,0
208,8,82,79,4,96,50,2,190,0,0
51,8,18,55,1,29,190,129,39,208,0
628,8,88,242,42,242,80,124,173,249,0
1760,8,2,96,2,96,2,99,2,97,0
192,8,96,0,0,0,0,0,0,0,0
738,8,24,8,13,64,64,0,1,24,0
837,8,5,2,2,194,60,119,64,129,0
1072,8,0,63,68,140,86,128,17,160,0
304,8,0,1,96,0,0,0,0,0,0
778,8,64,45,112,1,212,4,50,0,0
452,8,1,114,2,0,40,65,186,2,0
676,8,54,220,0,28,4,8,152,208,0
813,8,0,0,4,32,172,1,0,32,0
1694,8,4,64,4,125,31,192,21,66,0
293,8,144,0,64,223,64,191,197,96,0
1277,8,17,72,10,84,97,13,202,8,0
852,8,32,14,192,0,0,1,205,128,0
1505,8,137,55,224,7,10,0,184,128,0
651,8,0,0,0,0,0,0,0,0,0
167,8,0,81,18,165,49,45,144,160,0
722,8,0,0,80,0,0,0,0,0,0
622,8,1,6,64,130,137,18,10,4,0
1644,8,0,128,16,0,24,0,0,32,0
244,8,154,12,1,2,4,177,2,64,0
208,8,90,79,4,96,49,2,190,0,0
51,8,18,54,249,35,190,193,39,208,0
14,8,32,84,22,2,8,9,115,140,0
403,8,0,8,8,3,232,8,0,0,0
263,8,0,0,0,0,0,0,0,0,0
526,8,78,32,3,161,95,63,239,239,0
1314,8,223,127,208,0,127,8,0,28,0
870,8,128,93,200,2,1,71,206,56,0
1408,8,0,0,0,6,0,135,251,240,0
1076,8,3,128,0,164,5,18,23,32,0
1760,8,2,100,2,93,2,99,2,98,0
1176,8,132,0,32,0,42,128,176,79,0
426,8,144,190,189,68,161,99,230,64,0
293,8,144,0,64,223,64,191,167,96,0
560,8,254,0,0,2,212,0,2,0,0
737,8,0,0,0,0,0,0,0,4,0
852,8,32,14,192,0,0,1,198,0,0
1505,8,137,55,192,7,10,0,184,128,0
354,8,36,72,2,132,64,18,31,201,0
167,8,0,81,14,37,49,45,144,160,0
961,8,123,85,31,186,178,115,169,46,0
1255,8,0,0,0,20,3,108,0,0,0
339,8,0,0,0,0,0,12,0,10,0
14,8,32,84,22,2,8,9,115,140,0
661,8,0,0,0,0,0,0,24,64,0
1634,8,76,96,0,0,64,0,0,0,0
1668,8,76,212,126,89,65,94,208,30,0
1590,8,36,156,33,193,12,136,240,0,0
727,8,16,0,96,216,0,0,0,8,0
412,8,24,154,32,9,130,0,40,64,0
208,8,98,79,4,98,46,2,192,0,0
51,8,18,22,241,35,191,1,39,208,0
628,8,88,242,44,240,80,124,173,245,0
1760,8,2,100,2,96,2,101,2,97,0
192,8,96,0,0,0,0,0,0,0,0
996,8,0,212,0,0,132,0,0,0,0
1694,8,4,64,4,125,31,192,21,66,0
293,8,144,0,64,223,64,191,137,96,0
1628,8,64,8,18,165,138,64,0,0,0
1399,8,0,0,8,0,0,0,1,70,0
852,8,32,14,192,0,0,1,198,0,0
1505,8,137,55,192,7,10,0,188,128,0
651,8,0,0,0,0,0,0,0,0,0
167,8,0,81,11,37,49,45,144,160,0
1031,8,56,150,95,240,0,1,154,96,0
208,8,106,79,4,98,45,2,192,0,0
51,8,18,22,233,33,175,65,39,208,0
14,8,32,84,22,2,8,9,115,140,0
403,8,0,8,8,3,232,8,0,0,0
263,8,0,0,0,0,0,0,0,0,0
526,8,78,31,255,161,96,63,175,255,0
1314,8,223,127,208,0,126,144,0,28,0
870,8,128,93,200,2,1,71,206,56,0
1408,8,0,0,0,5,249,7,251,240,0
1076,8,3,162,160,164,37,66,71,80,0
1760,8,2,98,2,96,2,101,2,97,0
186,8,6,152,44,196,16,0,6,140,0
1176,8,132,0,32,0,57,128,176,64,0
1124,8,0,2,64,0,0,144,28,82,0
293,8,144,0,64,223,64,191,107,96,0
60,8,0,0,4,0,51,0,0,0,0
519,8,4,4,96,72,42,222,213,24,0
1225,8,1,249,21,130,13,2,246,75,0
470,8,2,15,130,128,48,36,5,128,0
737,8,0,0,0,0,0,0,0,4,0
852,8,32,14,128,0,0,1,191,0,0
1505,8,137,55,192,7,10,0,192,128,0
354,8,36,72,2,132,64,18,31,201,0
167,8,0,81,9,165,49,45,144,160,0
692,8,20,234,2,0,0,0,88,0,0
560,8,253,0,0,2,212,0,4,0,0
339,8,0,0,0,0,0,12,0,10,0
1634,8,76,96,0,0,64,0,0,0,0
14,8,32,84,22,2,8,9,115,172,0
412,8,28,150,32,9,130,0,40,64,0
208,8,114,79,4,100,44,2,192,0,0
51,8,18,46,225,35,15,129,39,208,0
628,8,88,242,46,238,80,124,173,243,0
1760,8,2,98,2,96,2,98,2,97,0
192,8,96,0,0,0,0,0,0,0,0
1694,8,4,64,4,125,31,192,21,66,0
293,8,144,0,64,223,64,191,77,96,0
961,8,123,85,31,186,241,116,105,46,0
852,8,32,14,128,0,0,2,40,0,0
1505,8,137,55,192,7,10,0,188,128,0
651,8,0,0,0,0,0,0,0,0,0
167,8,0,81,15,37,65,45,144,160,0
61,8,0,1,135,128,0,0,0,0,0
661,8,0,0,0,0,0,0,24,64,0
208,8,122,79,4,100,43,2,192,0,0
14,8,32,84,22,2,8,9,115,158,0
51,8,18,46,217,35,15,193,39,208,0
403,8,0,8,8,3,232,8,0,0,0
263,8,0,0,0,0,0,0,0,0,0
526,8,78,32,3,161,96,63,144,7,0
1314,8,223,127,208,0,126,24,0,28,0
870,8,128,93,200,2,1,71,206,56,0
1408,8,0,0,0,5,241,135,251,240,0
1076,8,3,202,160,164,69,98,103,112,0
1760,8,2,98,2,96,2,97,2,97,0
1176,8,132,0,32,0,58,128,175,193,0
293,8,144,0,64,223,64,191,47,96,0
813,8,128,0,4,32,172,1,0,32,0
1277,8,17,70,10,83,95,13,202,8,0
560,8,252,0,0,2,212,0,6,0,0
737,8,0,0,0,0,0,0,0,4,0
852,8,32,14,128,0,0,2,40,0,0
1505,8,137,55,192,7,10,0,188,128,0
354,8,36,72,2,132,64,18,31,201,0
167,8,0,81,18,37,65,45,144,160,0
1372,8,16,27,0,0,65,130,48,0,0
339,8,0,0,0,0,0,12,0,10,0
14,8,32,84,22,2,8,9,115,134,0
1634,8,76,96,0,0,64,0,0,0,0
412,8,0,178,32,9,130,0,40,64,0
208,8,2,79,4,100,60,2,190,0,0
51,8,18,47,81,36,12,1,39,208,0
628,8,88,242,32,252,80,124,173,243,0
1760,8,2,98,2,96,2,99,2,97,0
192,8,96,0,0,0,0,0,0,0,0
1694,8,4,64,4,125,31,192,21,66,0
293,8,144,0,64,223,64,191,17,96,0
1413,8,0,64,0,0,0,2,0,24,0
852,8,32,14,128,0,0,2,32,128,0
1505,8,137,55,192,7,10,0,180,128,0
651,8,0,0,0,0,0,0,0,0,0
167,8,0,81,19,165,65,45,144,160,0
458,8,63,249,255,128,0,0,12,56,0
961,8,123,85,31,186,240,244,233,46,0
208,8,10,79,4,102,59,2,190,0,0
51,8,18,23,73,29,188,65,39,208,0
14,8,32,84,22,2,8,9,115,134,0
1399,8,0,0,8,0,0,0,1,70,0
403,8,0,8,8,3,232,8,0,0,0
263,8,0,0,0,0,0,0,0,0,0
526,8,78,32,3,161,96,63,175,255,0
1314,8,223,127,208,0,125,160,0,28,0
870,8,128,93,200,2,1,71,206,56,0
1408,8,0,0,0,5,234,7,251,240,0
1076,8,3,226,32,164,117,146,151,144,0
1760,8,2,101,2,95,2,102,2,99,0
186,8,6,152,44,196,16,0,6,140,0
695,8,0,32,40,64,0,0,128,64,0
1176,8,132,0,32,0,54,128,176,130,0
293,8,144,0,64,223,64,190,243,96,0
560,8,251,0,0,2,212,0,8,0,0
1459,8,4,0,0,0,0,0,4,0,0
737,8,0,0,0,0,0,0,0,4,0
852,8,32,14,128,0,0,2,17,128,0
1505,8,137,55,192,7,10,0,180,128,0
354,8,36,72,2,132,64,18,31,201,0
167,8,0,81,20,37,49,45,144,160,0
675,8,16,0,2,132,122,128,60,8,0
339,8,0,0,0,0,0,12,0,10,0
661,8,0,0,0,0,0,0,24,64,0
14,8,32,84,22,2,8,9,115,152,0
1634,8,76,96,0,0,64,0,0,0,0
412,8,4,174,32,9,130,0,40,64,0
208,8,18,79,4,102,55,2,193,0,0
51,8,18,23,65,29,188,129,39,208,0
628,8,88,242,34,250,80,124,173,245,0
1760,8,2,97,2,94,2,102,2,99,0
192,8,96,0,0,0,0,0,0,0,0
1694,8,4,64,4,125,31,192,21,66,0
293,8,144,0,64,223,64,190,213,96,0
852,8,32,14,128,0,0,2,17,128,0
1505,8,137,55,192,7,10,0,180,128,0
651,8,0,0,0,0,0,0,0,0,0
1788,8,0,0,7,57,210,186,0,0,0
167,8,0,81,17,37,49,45,144,160,0
569,8,0,0,0,105,96,0,57,128,0
705,8,1,243,143,199,195,158,105,170,0
208,8,26,79,4,102,54,2,193,0,0
51,8,18,23,57,38,124,193,39,208,0
14,8,32,84,22,2,8,9,115,164,0
215,8,0,0,2,0,128,0,0,0,0
403,8,0,8,8,3,232,8,0,0,0
263,8,0,0,0,0,0,0,0,0,0
526,8,78,32,3,161,96,191,239,231,0
1314,8,223,127,208,0,125,40,0,28,0
870,8,128,93,200,2,1,71,206,56,0
1408,8,0,0,0,5,226,135,251,240,0
1076,8,4,10,32,164,165,178,199,192,0
1760,8,2,99,2,96,2,102,2,101,0
1176,8,132,0,32,0,51,128,177,3,0
293,8,144,0,64,223,64,190,183,96,0
560,8,250,0,0,2,212,0,10,0,0
961,8,123,85,31,187,239,53,169,46,0
737,8,0,0,0,0,0,0,0,4,0
852,8,32,14,192,0,0,2,2,0,0
1505,8,137,55,192,7,10,0,180,128,0
354,8,36,72,2,132,64,18,31,201,0
167,8,0,81,18,37,49,45,144,160,0
1175,8,0,0,0,0,0,0,0,0,0
1227,8,128,0,0,0,0,0,0,0,0
14,8,32,84,22,2,8,9,115,164,0
339,8,0,0,0,0,0,12,0,10,0
1634,8,76,96,0,0,64,0,0,0,0
412,8,8,170,32,9,130,0,40,80,0
208,8,34,79,4,96,51,2,195,0,0
51,8,18,47,49,30,13,1,39,208,0
628,8,88,242,36,248,80,124,173,245,0
1760,8,2,105,2,99,2,101,2,100,0
192,8,96,0,0,0,0,0,0,0,0
738,8,24,8,13,64,64,0,1,24,0
837,8,5,2,2,194,60,119,64,129,0
1072,8,0,63,68,140,86,128,17,160,0
304,8,0,1,96,0,0,0,0,0,0
640,8,24,224,2,112,0,0,0,0,0
813,8,128,0,4,32,172,1,0,32,0
1694,8,4,64,4,126,31,192,21,66,0
293,8,144,0,64,223,64,190,153,96,0
1277,8,17,65,10,84,87,12,202,8,0
852,8,32,14,192,0,0,2,2,0,0
1505,8,137,55,192,7,10,0,184,128,0
651,8,0,0,0,0,0,0,0,0,0
167,8,0,81,17,165,49,45,144,160,0
722,8,0,0,8,0,0,0,0,0,0
1644,8,0,128,16,0,32,0,0,32,0
622,8,1,6,64,130,137,18,10,4,0
244,8,154,12,1,2,4,177,2,64,0
661,8,0,0,0,0,0,0,24,64,0
208,8,42,79,4,96,50,2,195,0,0
14,8,32,84,22,2,8,9,115,146,0
51,8,18,47,41,30,13,65,39,208,0
403,8,0,8,8,3,232,8,0,0,0
263,8,0,0,0,0,0,0,0,0,0
526,8,78,32,7,161,97,191,207,231,0
1314,8,223,127,208,0,124,176,0,28,0
870,8,128,157,200,2,1,71,206,56,0
1408,8,0,0,0,5,227,7,251,224,0
1076,8,4,34,160,164,197,226,215,240,0
1760,8,2,100,2,99,2,101,2,100,0
186,8,6,152,44,196,16,0,6,140,0
1176,8,132,0,32,0,51,128,176,196,0
6,8,8,0,0,100,0,0,0,0,0
293,8,144,0,64,223,64,190,123,96,0
560,8,249,0,0,2,212,0,12,0,0
737,8,0,0,0,0,0,0,0,4,0
852,8,32,14,192,0,0,1,243,0,0
1505,8,137,55,192,7,10,0,184,128,0
354,8,36,72,2,132,64,18,31,201,0
167,8,0,81,15,37,65,45,160,160,0
961,8,123,85,31,188,173,246,41,46,0
1255,8,0,0,0,20,3,108,0,0,0
14,8,32,84,22,2,8,9,115,152,0
339,8,0,0,0,0,0,12,0,10,0
1634,8,76,96,0,0,64,0,0,0,0
1668,8,76,212,127,89,65,94,208,30,0
1590,8,36,156,34,129,12,9,0,0,0
727,8,16,0,96,216,0,0,0,8,0
412,8,12,166,32,9,130,0,40,80,0
208,8,50,79,4,98,50,2,194,0,0
51,8,18,31,33,36,109,129,39,208,0
628,8,88,242,38,246,80,124,173,245,0
1760,8,2,98,2,98,2,102,2,100,0
192,8,96,0,0,0,0,0,0,0,0
996,8,0,212,0,0,132,0,0,0,0
1628,8,64,8,18,165,138,16,0,0,0
1694,8,4,64,4,125,31,192,21,66,0
293,8,144,0,64,223,64,190,93,96,0
1399,8,0,0,8,0,0,0,1,70,0
852,8,32,14,192,0,0,1,228,0,0
1505,8,137,55,192,7,10,0,188,128,0
651,8,0,0,0,0,0,0,0,0,0
167,8,0,81,15,165,65,45,160,160,0
1031,8,56,150,95,240,0,1,154,96,0
117,8,15,50,0,15,174,30,224,0,0
208,8,58,79,4,98,49,2,194,0,0
14,8,32,84,22,2,8,9,115,152,0
51,8,18,31,25,33,93,193,39,208,0
263,8,0,0,0,0,0,0,0,0,0
403,8,0,8,8,3,232,8,0,0,0
526,8,78,32,7,161,96,191,207,255,0
1314,8,223,127,208,0,124,56,0,28,0
870,8,128,93,200,2,1,71,206,56,0
1408,8,0,0,0,5,219,135,251,224,0
1076,8,4,66,160,164,230,3,8,0,0
1760,8,2,98,2,96,2,104,2,101,0
1176,8,132,0,32,0,49,128,177,5,0
1124,8,0,2,64,0,0,144,27,83,0
293,8,144,0,64,223,64,190,63,96,0
560,8,248,0,0,2,212,0,14,0,0
60,8,0,0,4,0,52,0,0,0,0
519,8,4,4,96,72,42,222,213,24,0
1225,8,1,249,21,130,13,2,246,75,0
470,8,2,11,128,128,48,36,5,128,0
737,8,0,0,0,0,0,0,0,4,0
852,8,32,14,192,0,0,1,228,0,0
1505,8,137,55,160,7,10,0,188,128,0
354,8,36,72,2,132,64,18,31,201,0
167,8,0,81,13,165,49,45,160,160,0
692,8,20,234,2,0,0,0,88,0,0
58,8,0,0,0,0,0,29,8,0,0
339,8,0,0,0,0,0,12,0,10,0
661,8,0,0,0,0,0,0,24,64,0
14,8,32,84,22,2,8,9,115,152,0
1634,8,76,96,0,0,64,0,0,0,0
412,8,16,162,32,9,130,0,40,80,0
208,8,66,79,4,98,47,2,195,0,0
51,8,18,31,17,33,94,1,39,208,0
628,8,88,242,40,244,80,124,173,243,0
1760,8,2,99,2,98,2,104,2,102,0
192,8,96,0,0,0,0,0,0,0,0
1694,8,4,64,4,125,31,192,21,66,0
293,8,144,0,64,223,64,160,1,96,0
961,8,123,85,31,186,175,54,233,46,0
852,8,32,14,128,0,0,1,228,128,0
1505,8,137,55,160,7,10,0,184,128,0
651,8,0,0,0,0,0,0,0,0,0
167,8,0,81,14,37,49,45,160,160,0
61,8,0,1,135,0,0,0,0,0,0
1262,8,160,0,13,8,240,76,64,8,0
208,8,74,79,4,100,46,2,195,0,0
51,8,18,31,9,33,94,65,39,208,0
14,8,32,84,22,2,8,9,115,158,0
403,8,0,8,8,3,232,8,0,0,0
263,8,0,0,0,0,0,0,0,0,0
526,8,78,32,3,161,96,63,240,15,0
1314,8,223,127,208,0,123,192,0,28,0
870,8,128,29,200,2,1,71,206,56,0
1408,8,0,0,0,5,212,7,251,224,0
1076,8,4,104,0,165,22,51,56,48,0
1760,8,2,101,2,97,2,102,2,102,0
186,8,6,152,44,196,16,0,6,140,0
293,8,144,0,64,223,64,191,227,96,0
1307,8,8,2,135,77,138,208,0,1,0
1176,8,132,0,32,0,47,128,177,70,0
813,8,128,0,4,32,172,1,0,32,0
1277,8,17,69,10,83,93,13,74,8,0
560,8,247,0,0,2,212,0,16,0,0
737,8,0,0,0,0,0,0,0,4,0
852,8,32,14,128,0,0,1,213,128,0
1505,8,137,55,160,7,10,0,184,128,0
354,8,36,72,2,116,64,18,31,201,0
167,8,0,81,15,165,49,45,160,160,0
1693,8,128,141,207,176,79,193,252,177,0
339,8,0,0,0,0,0,12,0,10,0
1634,8,76,96,0,0,64,0,0,0,0
14,8,32,84,22,2,8,9,115,152,0
412,8,20,158,32,9,130,0,40,80,0
208,8,82,79,4,100,44,2,196,0,0
51,8,18,31,1,36,110,129,39,208,0
628,8,88,242,42,242,80,124,173,243,0
1760,8,2,104,2,99,2,102,2,101,0
192,8,96,0,0,0,0,0,0,0,0
1694,8,4,64,4,125,31,192,21,66,0
1413,8,0,64,0,0,0,2,0,24,0
293,8,144,0,64,223,64,191,197,96,0
852,8,32,14,128,0,0,1,213,128,0
1505,8,137,55,160,7,10,0,180,128,0
651,8,0,0,0,0,0,0,0,0,0
167,8,0,81,15,37,49,45,160,160,0
458,8,63,249,255,128,0,0,12,56,0
1512,8,0,0,2,4,0,57,176,0,0
961,8,123,85,31,187,173,183,105,46,0
661,8,0,0,0,0,0,0,24,64,0
208,8,90,79,4,102,43,2,196,0,0
14,8,32,84,22,2,8,9,115,158,0
51,8,18,22,249,36,110,193,39,208,0
1399,8,0,0,8,0,0,0,1,70,0
403,8,0,8,8,3,232,8,0,0,0
526,8,78,32,3,161,98,63,239,255,0
1314,8,223,127,208,0,123,72,0,28,0
263,8,0,0,0,0,0,0,0,0,0
870,8,128,157,200,2,1,71,206,56,0
1408,8,0,0,0,5,204,135,251,224,0
1076,8,0,0,0,165,70,83,104,96,0
1760,8,2,105,2,101,2,102,2,100,0
1176,8,132,0,32,0,47,128,177,7,0
293,8,144,0,64,223,64,191,167,96,0
560,8,246,0,0,2,212,0,18,0,0
737,8,0,0,0,0,0,0,0,4,0
852,8,32,14,128,0,0,1,206,0,0
1505,8,137,55,160,7,10,0,176,128,0
354,8,36,72,2,116,64,18,31,201,0
167,8,0,81,17,37,49,45,160,160,0
1459,8,4,0,0,0,0,0,4,0,0
675,8,16,0,2,132,122,128,60,8,0
339,8,0,0,0,0,0,12,0,10,0
1634,8,76,96,0,0,64,0,0,0,0
14,8,32,84,22,2,8,9,115,158,0
412,8,24,154,32,9,130,0,40,80,0
208,8,98,79,4,102,43,2,195,0,0
51,8,18,22,241,29,111,1,39,208,0
628,8,88,242,44,240,80,124,173,245,0
1760,8,2,103,2,101,2,104,2,102,0
192,8,96,0,0,0,0,0,0,0,0
1694,8,4,64,4,125,31,192,21,66,0
293,8,144,0,64,223,64,191,137,96,0
852,8,32,14,128,0,0,1,206,0,0
1505,8,137,55,160,7,10,0,176,128,0
651,8,0,0,0,0,0,0,0,0,0
1788,8,0,0,7,58,82,186,8,0,0
167,8,0,81,16,37,65,45,160,160,0
569,8,0,0,0,105,64,0,57,128,0
208,8,106,81,4,102,42,2,195,0,0
51,8,18,22,233,35,111,65,39,208,0
14,8,32,84,22,2,8,9,115,164,0
215,8,0,0,2,0,128,0,0,0,0
403,8,0,8,8,3,232,8,0,0,0
263,8,0,0,0,0,0,0,0,0,0
526,8,78,32,7,161,99,63,239,239,0
1314,8,223,127,208,0,122,208,0,28,0
870,8,128,157,200,2,1,71,206,56,0
1408,8,0,0,0,5,197,7,251,224,0
1076,8,0,32,0,165,86,131,120,144,0
1760,8,2,104,2,98,2,105,2,102,0
186,8,6,152,44,196,16,0,6,140,0
293,8,144,0,64,223,64,191,107,96,0
1176,8,132,0,32,0,44,128,177,136,0
560,8,245,0,0,2,212,0,20,0,0
961,8,123,85,31,188,171,248,41,46,0
705,8,1,244,15,199,200,30,57,192,0
737,8,0,0,0,0,0,0,0,4,0
852,8,32,14,192,0,0,1,183,0,0
1505,8,137,55,160,7,10,0,172,128,0
354,8,36,72,2,116,64,18,31,201,0
167,8,0,81,13,165,49,45,160,160,0
1175,8,0,0,0,0,0,0,0,0,0
339,8,0,0,0,0,0,12,0,10,0
661,8,0,0,0,0,0,0,24,64,0
14,8,32,84,22,2,8,9,115,172,0
1634,8,76,128,0,0,64,0,0,0,0
412,8,28,150,32,9,130,0,40,80,0
208,8,114,81,4,96,39,2,197,0,0
51,8,18,6,225,35,111,129,39,208,0
628,8,88,242,46,238,80,124,173,245,0
1760,8,2,106,2,100,2,106,2,103,0
192,8,96,0,0,0,0,0,0,0,0
738,8,24,8,13,64,64,0,1,24,0
837,8,5,2,2,194,60,119,64,129,0
1072,8,0,63,68,140,86,128,17,160,0
304,8,0,1,96,0,0,0,0,0,0
813,8,128,0,4,32,172,1,0,32,0
1277,8,17,73,10,83,97,14,74,8,0
1694,8,4,64,4,125,31,192,21,66,0
293,8,144,0,64,223,64,191,77,96,0
852,8,32,14,192,0,0,2,32,0,0
1505,8,137,55,160,7,10,0,172,128,0
651,8,0,0,0,0,0,0,0,0,0
167,8,0,81,12,165,49,45,160,160,0
722,8,0,0,16,0,0,0,0,0,0
622,8,1,6,64,130,137,18,10,4,0
1644,8,0,128,16,0,32,0,0,32,0
1372,8,16,27,0,0,65,130,48,0,0
1560,8,251,125,190,255,247,119,191,221,0
244,8,154,12,1,2,4,177,2,64,0
208,8,122,81,4,96,38,2,197,0,0
51,8,18,6,217,29,191,193,39,208,0
14,8,32,84,22,2,8,9,115,196,0
403,8,0,8,8,3,232,8,0,0,0
263,8,0,0,0,0,0,0,0,0,0
526,8,78,32,7,161,99,191,239,247,0
1314,8,223,127,208,0,122,88,0,28,0
870,8,128,157,200,2,1,71,206,56,0
1408,8,0,0,0,5,197,135,251,208,0
1076,8,0,86,128,165,134,179,168,160,0
1760,8,2,106,2,98,2,105,2,103,0
1176,8,132,0,32,0,42,128,177,201,0
1398,8,127,248,0,0,63,252,31,192,0
293,8,144,0,64,223,64,191,47,96,0
560,8,244,0,0,2,212,0,22,0,0
737,8,0,0,0,0,0,0,0,4,0
852,8,32,14,192,0,0,2,32,0,0
1505,8,137,55,160,7,10,0,168,128,0
354,8,36,72,2,116,64,18,31,201,0
167,8,0,81,10,37,49,45,160,160,0
961,8,123,85,31,187,236,56,169,46,0
1255,8,0,0,0,20,3,108,0,0,0
339,8,0,0,0,0,0,12,0,10,0
14,8,32,84,22,2,8,9,115,202,0
1634,8,76,128,0,0,64,0,0,0,0
1668,8,76,212,127,25,65,94,208,30,0
1590,8,36,156,35,1,12,9,16,0,0
727,8,16,0,96,216,0,0,0,8,0
412,8,0,178,32,9,130,0,40,80,0
208,8,2,81,4,96,52,2,198,0,0
51,8,18,7,81,33,172,1,39,208,0
628,8,88,242,32,252,80,124,173,243,0
1760,8,2,102,2,99,2,105,2,104,0
192,8,96,0,0,0,0,0,0,0,0
996,8,0,212,0,0,132,0,0,0,0
1628,8,64,8,18,165,137,192,0,0,0
1694,8,4,64,4,125,31,192,21,66,0
293,8,144,0,64,223,64,191,17,96,0
1399,8,0,0,8,0,0,0,1,70,0
1331,8,237,127,207,126,255,245,239,127,0
852,8,32,14,192,0,0,2,24,128,0
1505,8,137,55,160,7,10,0,168,128,0
651,8,0,0,0,0,0,0,0,0,0
167,8,0,81,11,37,49,45,160,160,0
1031,8,56,150,95,240,0,1,154,32,0
661,8,0,0,0,0,0,0,24,64,0
208,8,10,81,4,98,51,2,198,0,0
14,8,32,84,22,2,8,9,115,202,0
51,8,17,255,73,33,172,65,39,208,0
403,8,0,8,8,3,232,8,0,0,0
263,8,0,0,0,0,0,0,0,0,0
526,8,78,32,3,161,99,63,143,255,0
1314,8,223,127,208,0,121,224,0,28,0
870,8,128,93,200,2,1,71,206,56,0
1408,8,0,0,0,5,190,7,251,208,0
1076,8,0,119,128,165,182,195,216,208,0
1760,8,2,105,2,102,2,105,2,103,0
186,8,6,152,44,132,16,0,6,140,0
1176,8,132,0,32,0,41,128,177,202,0
1124,8,0,2,64,0,0,144,26,84,0
293,8,144,0,64,223,64,190,243,96,0
60,8,0,0,4,0,52,0,0,0,0
519,8,4,4,96,72,42,222,213,24,0
1225,8,1,249,21,130,13,2,246,75,0
470,8,6,15,130,128,48,36,5,128,0
737,8,0,0,0,0,0,0,0,4,0
852,8,32,14,192,0,0,2,9,128,0
1505,8,137,55,128,7,10,0,168,128,0
354,8,36,72,2,116,64,18,31,201,0
167,8,0,81,13,37,49,45,160,160,0
692,8,20,234,2,0,0,0,88,0,0
560,8,243,0,0,2,212,0,24,0,0
339,8,0,0,0,0,0,12,0,10,0
1634,8,76,128,0,0,64,0,0,0,0
14,8,32,84,22,2,8,9,115,208,0
412,8,4,174,32,9,130,0,40,96,0
208,8,18,81,4,98,50,2,198,0,0
51,8,17,255,65,32,172,129,39,208,0
628,8,88,242,34,250,80,124,173,243,0
1760,8,2,108,2,103,2,105,2,104,0
192,8,96,0,0,0,0,0,0,0,0
1694,8,4,64,4,125,31,192,21,66,0
293,8,144,0,64,223,64,190,213,96,0
961,8,123,85,31,186,172,185,105,46,0
852,8,32,14,192,0,0,2,9,128,0
1505,8,137,55,128,7,10,0,168,128,0
651,8,0,0,0,0,0,0,0,0,0
167,8,0,81,14,37,49,45,160,160,0
61,8,0,1,135,0,0,0,0,0,0
208,8,26,81,4,100,49,2,198,0,0
51,8,18,15,57,30,188,193,39,208,0
14,8,32,84,22,2,8,9,115,208,0
403,8,0,8,8,3,232,8,0,0,0
263,8,0,0,0,0,0,0,0,0,0
526,8,78,32,3,161,99,191,208,7,0
1314,8,223,127,208,0,121,104,0,28,0
870,8,128,93,200,2,1,71,206,56,0
1408,8,0,0,0,5,182,135,251,208,0
1076,8,0,136,224,165,230,243,233,0,0
1760,8,2,103,2,103,2,105,2,105,0
452,8,0,2,2,0,0,128,0,0,0
293,8,144,0,64,223,64,190,183,96,0
676,8,78,30,1,28,4,8,152,208,0
1176,8,132,0,32,0,39,128,178,11,0
813,8,128,0,4,32,172,1,0,32,0
1277,8,17,75,10,83,101,14,74,8,0
560,8,242,0,0,2,212,0,26,0,0
737,8,0,0,0,0,0,0,0,4,0
852,8,32,14,192,0,0,2,2,0,0
1505,8,137,55,128,7,10,0,168,128,0
354,8,36,72,2,116,64,18,31,201,0
167,8,0,81,18,37,49,45,160,160,0
339,8,0,0,0,0,0,12,0,10,0
14,8,32,84,22,2,8,9,115,208,0
661,8,0,0,0,0,0,0,24,64,0
1634,8,76,128,0,0,64,0,0,0,0
412,8,8,170,32,9,130,0,40,96,0
208,8,34,81,4,100,47,2,199,0,0
51,8,18,15,49,30,189,1,39,208,0
628,8,88,242,36,248,80,124,173,243,0
1760,8,2,104,2,101,2,106,2,105,0
192,8,96,0,0,0,0,0,0,0,0
1049,8,10,155,70,77,4,95,195,15,0
1694,8,4,64,4,125,31,192,21,66,0
1413,8,0,64,0,0,0,2,0,24,0
293,8,144,0,64,223,64,190,153,96,0
852,8,32,14,192,0,0,2,2,0,0
1505,8,137,55,128,7,10,0,168,128,0
651,8,0,0,0,0,0,0,0,0,0
167,8,0,81,17,37,49,45,160,160,0
458,8,63,249,255,128,0,0,12,56,0
961,8,123,85,31,186,108,121,233,46,0
208,8,42,81,4,100,46,2,199,0,0
51,8,18,15,41,34,93,65,39,208,0
14,8,32,84,22,2,8,9,115,202,0
1399,8,0,0,8,0,0,0,1,72,0
403,8,0,8,8,3,232,8,0,0,0
263,8,0,0,0,0,0,0,0,0,0
526,8,78,31,255,161,99,63,208,7,0
1314,8,223,127,208,0,120,240,0,28,0
870,8,128,29,200,2,1,71,206,56,0
1408,8,0,0,0,5,175,7,251,208,0
1076,8,0,168,224,165,247,36,25,48,0
1760,8,2,107,2,102,2,108,2,105,0
186,8,6,152,44,132,16,0,6,140,0
293,8,144,0,64,223,64,190,123,96,0
1176,8,132,0,32,0,36,128,178,140,0
560,8,241,0,0,2,212,0,28,0,0
1459,8,4,0,0,0,0,0,4,0,0
737,8,0,0,0,0,0,0,0,4,0
852,8,32,14,192,0,0,1,243,0,0
1505,8,137,55,128,7,10,0,172,128,0
354,8,36,72,2,116,64,18,31,201,0
167,8,0,81,14,165,49,45,160,160,0
675,8,16,0,2,132,120,128,60,8,0
339,8,0,0,0,0,0,12,0,10,0
1634,8,76,128,0,0,64,0,0,0,0
14,8,32,84,22,2,8,9,115,214,0
412,8,12,166,32,9,130,0,40,96,0
208,8,50,81,4,102,43,2,201,0,0
51,8,17,247,33,27,205,129,39,208,0
628,8,88,242,38,246,80,124,173,243,0
1760,8,2,107,2,104,2,108,2,106,0
192,8,96,0,0,0,0,0,0,0,0
1694,8,4,64,4,125,31,192,21,66,0
293,8,144,0,64,223,64,190,93,96,0
852,8,32,14,192,0,0,1,228,0,0
1505,8,137,55,128,7,10,0,172,128,0
651,8,0,0,0,0,0,0,0,0,0
1788,8,0,0,7,61,178,186,8,0,0
167,8,0,81,14,37,49,45,160,160,0
569,8,0,0,0,105,0,0,57,160,0
661,8,0,0,0,0,0,0,24,64,0
208,8,58,81,4,102,42,2,201,0,0
14,8,32,84,22,2,8,9,115,214,0
51,8,17,247,25,27,205,193,39,208,0
215,8,0,0,2,0,128,0,0,0,0
403,8,0,8,8,3,232,8,0,0,0
263,8,0,0,0,0,0,0,0,0,0
526,8,78,32,3,161,100,191,239,247,0
1314,8,223,127,208,0,120,120,0,28,0
870,8,128,93,200,2,1,71,206,56,0
1408,8,0,0,0,5,175,135,251,192,0
1076,8,0,199,32,166,39,84,73,64,0
1760,8,2,109,2,103,2,107,2,105,0
1176,8,132,0,32,0,35,128,178,141,0
293,8,144,0,64,223,64,190,63,96,0
560,8,240,0,0,2,212,0,30,0,0
961,8,123,85,31,188,41,250,169,46,0
737,8,0,0,0,0,0,0,0,4,0
852,8,32,14,192,0,0,1,228,0,0
1505,8,137,55,128,7,10,0,172,128,0
354,8,36,72,2,116,64,18,31,201,0
167,8,0,81,11,37,49,45,160,160,0
1175,8,0,0,0,0,0,0,0,0,0
705,8,1,244,47,199,198,30,43,212,0
1227,8,128,0,0,0,0,0,0,0,0
339,8,0,0,0,0,0,12,0,10,0
14,8,32,84,22,2,8,9,115,220,0
1634,8,76,128,0,0,64,0,0,0,0
412,8,16,162,32,9,130,0,40,96,0
208,8,66,81,4,96,41,2,201,0,0
51,8,18,7,17,35,14,1,39,208,0
628,8,88,242,40,244,80,124,173,243,0
1760,8,2,110,2,104,2,106,2,105,0
192,8,96,0,0,0,0,0,0,0,0
738,8,24,8,13,64,64,0,1,24,0
837,8,5,2,2,194,60,119,64,129,0
1072,8,0,63,68,140,86,128,17,160,0
304,8,0,1,96,0,0,0,0,0,0
640,8,24,224,2,112,0,0,0,0,0
813,8,128,0,4,32,172,1,0,32,0
1694,8,4,64,4,125,31,192,21,66,0
293,8,144,0,64,223,64,160,1,96,0
1277,8,17,71,10,83,95,13,202,8,0
852,8,32,14,192,0,0,1,220,128,0
1505,8,137,55,128,7,10,0,176,128,0
651,8,0,0,0,0,0,0,0,0,0
167,8,0,81,14,37,49,45,160,160,0
722,8,0,0,24,0,0,0,0,0,0
1644,8,0,128,16,0,32,0,0,32,0
622,8,1,6,64,130,137,18,10,4,0
244,8,154,12,1,2,4,177,2,64,0
208,8,74,81,4,96,40,2,201,0,0
51,8,18,7,9,30,14,65,39,208,0
14,8,32,84,22,2,8,9,115,220,0
403,8,0,8,8,3,232,8,0,0,0
263,8,0,0,0,0,0,0,0,0,0
526,8,78,32,7,161,102,63,239,239,0
1314,8,223,127,208,0,127,128,0,28,0
870,8,128,157,200,2,1,71,206,56,0
1408,8,0,0,0,6,32,7,251,192,0
1076,8,0,231,0,166,87,100,121,112,0
1760,8,2,107,2,103,2,106,2,105,0
186,8,6,152,44,132,16,0,6,140,0
293,8,144,0,64,223,64,191,227,96,0
241,8,62,16,28,192,3,89,204,0,0
1176,8,132,0,32,0,35,128,178,78,0
560,8,255,0,0,2,212,0,0,0,0
737,8,0,0,0,0,0,0,0,4,0
852,8,32,14,192,0,0,1,220,128,0
1505,8,137,55,96,7,10,0,176,128,0
354,8,36,72,2,116,64,18,31,201,0
167,8,0,81,14,165,49,45,160,160,0
961,8,123,85,31,187,233,187,41,46,0
1255,8,0,0,0,20,3,108,0,0,0
339,8,0,0,0,0,0,12,0,10,0
14,8,32,84,22,2,8,9,115,214,0
661,8,0,0,0,0,0,0,24,64,0
1634,8,76,128,0,0,64,0,0,0,0
1668,8,76,212,128,153,65,94,208,30,0
1590,8,36,156,35,193,12,9,32,0,0
727,8,16,0,96,216,0,0,0,8,0
412,8,20,158,32,9,130,0,40,96,0
208,8,82,81,4,96,40,2,200,0,0
51,8,18,7,1,30,14,129,39,208,0
628,8,88,242,42,242,80,124,173,243,0
1760,8,2,106,2,103,2,107,2,106,0
192,8,96,0,0,0,0,0,0,0,0
996,8,0,212,0,0,132,0,0,0,0
1694,8,4,64,4,125,31,192,21,66,0
293,8,144,0,64,223,64,191,197,96,0
1628,8,64,8,18,165,137,160,0,0,0
1399,8,0,0,8,0,0,0,1,72,0
852,8,32,14,192,0,0,1,205,128,0
1505,8,137,55,96,7,10,0,176,128,0
651,8,0,0,0,0,0,0,0,0,0
167,8,0,81,14,37,49,45,160,160,0
1031,8,56,150,95,240,0,1,154,32,0
208,8,90,81,4,98,39,2,200,0,0
51,8,17,254,249,32,94,193,39,208,0
14,8,32,83,214,2,8,9,115,214,0
403,8,0,8,8,3,232,8,0,0,0
263,8,0,0,0,0,0,0,0,0,0
526,8,78,32,3,161,101,63,240,7,0
1314,8,223,127,208,0,127,8,0,28,0
870,8,128,93,200,2,1,71,206,56,0
1408,8,0,0,0,6,24,135,251,192,0
1076,8,1,5,160,166,135,148,137,160,0
1760,8,2,109,2,103,2,108,2,106,0
1176,8,132,0,32,0,33,128,178,143,0
1124,8,0,2,64,0,0,144,25,85,0
293,8,144,0,64,223,64,191,167,96,0
560,8,254,0,0,2,212,0,2,0,0
60,8,0,0,4,0,52,0,0,0,0
519,8,4,4,96,72,42,222,213,24,0
1225,8,1,249,21,130,13,2,246,75,0
470,8,2,11,128,128,48,36,5,128,0
692,8,20,234,2,0,0,0,88,0,0
737,8,0,0,0,0,0,0,0,4,0
852,8,32,14,192,0,0,1,198,0,0
1505,8,137,55,96,7,10,0,172,128,0
354,8,36,72,2,116,64,18,31,201,0
167,8,0,81,16,37,49,45,160,160,0
339,8,0,0,0,0,0,12,0,10,0
1634,8,76,160,0,0,64,0,0,0,0
14,8,32,84,22,2,8,9,115,214,0
412,8,24,154,32,9,130,0,40,96,0
208,8,98,82,4,98,37,2,201,0,0
51,8,17,254,241,33,15,1,39,208,0
628,8,88,242,44,240,80,124,173,243,0
1760,8,2,111,2,105,2,109,2,106,0
192,8,96,0,0,0,0,0,0,0,0
1694,8,4,64,4,125,31,192,21,98,0
293,8,144,0,64,223,64,191,137,96,0
961,8,123,85,31,186,106,123,233,46,0
852,8,32,14,192,0,0,1,198,0,0
1505,8,137,55,96,7,10,0,172,128,0
651,8,0,0,0,0,0,0,0,0,0
167,8,0,81,13,165,49,45,160,160,0
61,8,0,1,135,0,0,0,0,0,0
661,8,0,0,0,0,0,0,24,64,0
208,8,106,82,4,98,36,2,201,0,0
14,8,32,84,22,2,8,9,115,208,0
51,8,17,254,233,33,15,65,39,208,0
403,8,0,8,8,3,232,8,0,0,0
263,8,0,0,0,0,0,0,0,0,0
526,8,78,31,255,161,102,63,176,7,0
1314,8,223,127,208,0,126,144,0,28,0
870,8,128,93,200,2,1,71,206,56,0
1408,8,0,0,0,6,17,7,251,192,0
1076,8,1,38,32,166,151,196,185,208,0
1760,8,2,108,2,105,2,109,2,106,0
186,8,6,152,44,132,16,0,6,140,0
293,8,144,0,64,223,64,191,107,96,0
663,8,17,0,0,32,0,2,81,16,0
1307,8,40,26,50,9,178,129,128,193,0
1176,8,132,0,32,0,47,128,178,192,0
813,8,128,0,4,32,172,1,0,32,0
1277,8,17,68,10,83,91,13,74,8,0
560,8,253,0,0,2,212,0,4,0,0
737,8,0,0,0,0,0,0,0,4,0
852,8,32,14,192,0,0,1,183,0,0
1505,8,137,55,96,7,10,0,168,128,0
354,8,36,72,2,116,64,18,31,201,0
167,8,0,81,14,37,49,45,160,160,0
1372,8,16,27,0,0,65,130,48,0,0
339,8,0,0,0,0,0,12,0,10,0
14,8,32,84,22,2,8,9,115,220,0
1634,8,76,160,0,0,64,0,0,0,0
412,8,28,150,32,9,130,0,40,96,0
208,8,114,82,4,100,34,2,202,0,0
51,8,17,254,225,29,31,129,39,208,0
628,8,88,242,46,238,80,124,173,243,0
1760,8,2,108,2,105,2,108,2,107,0
192,8,96,0,0,0,0,0,0,0,0
1694,8,4,64,4,125,31,192,21,98,0
1413,8,0,64,0,0,0,2,0,24,0
293,8,144,0,64,223,64,191,77,96,0
852,8,32,14,192,0,0,2,32,0,0
1505,8,137,55,96,7,10,0,168,128,0
651,8,0,0,0,0,0,0,0,0,0
167,8,0,81,13,165,49,45,160,160,0
458,8,63,249,255,128,0,0,12,56,0
961,8,123,85,31,186,169,188,105,46,0
208,8,122,82,4,100,33,2,202,0,0
51,8,17,254,217,37,31,193,39,208,0
14,8,32,84,22,2,8,9,115,220,0
1399,8,0,0,8,0,0,0,1,72,0
403,8,0,8,8,3,232,8,0,0,0
263,8,0,0,0,0,0,0,0,0,0
526,8,78,32,3,161,101,191,175,247,0
1314,8,223,127,208,0,126,24,0,28,0
870,8,128,93,200,2,1,71,206,56,0
1408,8,0,0,0,6,9,135,251,192,0
1076,8,1,70,128,166,199,244,233,224,0
1760,8,2,106,2,106,2,107,2,106,0
778,8,64,45,112,1,212,6,50,0,0
293,8,144,0,64,223,64,191,47,96,0
1176,8,132,0,32,0,46,128,178,193,0
560,8,252,0,0,2,212,0,6,0,0
737,8,0,0,0,0,0,0,0,4,0
852,8,32,14,192,0,0,2,32,0,0
1505,8,137,55,96,7,10,0,168,128,0
354,8,36,72,2,116,64,18,31,201,0
167,8,0,81,13,165,49,45,160,160,0
1459,8,4,0,0,0,0,0,4,0,0
675,8,16,0,2,132,116,128,60,8,0
339,8,0,0,0,0,0,12,0,10,0
661,8,0,0,0,0,0,0,24,64,0
14,8,32,84,22,2,8,9,115,220,0
1634,8,76,160,0,0,64,0,0,0,0
412,8,0,178,32,9,130,0,40,96,0
208,8,2,82,4,102,48,2,202,0,0
51,8,18,15,81,37,28,1,39,208,0
628,8,88,242,32,252,80,124,173,243,0
1760,8,2,110,2,105,2,107,2,106,0
192,8,96,0,0,0,0,0,0,0,0
1694,8,4,64,4,125,31,192,21,98,0
293,8,144,0,64,223,64,191,17,96,0
852,8,32,14,192,0,0,2,24,128,0
1505,8,137,55,96,7,10,0,164,128,0
651,8,0,0,0,0,0,0,0,0,0
1788,8,0,0,7,61,242,186,16,0,0
167,8,0,81,18,37,49,45,160,160,0
569,8,0,0,0,104,224,0,57,192,0
215,8,0,0,2,0,128,0,0,0,0
208,8,10,82,4,102,47,2,202,0,0
14,8,32,84,22,2,8,9,115,202,0
51,8,18,15,73,29,28,65,39,208,0
403,8,0,8,8,3,232,8,0,0,0
263,8,0,0,0,0,0,0,0,0,0
526,8,78,32,3,161,101,63,143,239,0
1314,8,223,127,208,0,125,160,0,28,0
870,8,128,93,200,2,1,71,206,56,0
1408,8,0,0,0,6,2,7,251,192,0
1076,8,1,104,96,166,248,5,26,16,0
1760,8,2,110,2,104,2,107,2,107,0
186,8,6,152,44,196,16,0,6,140,0
293,8,144,0,64,223,64,190,243,96,0
1176,8,132,0,32,0,46,128,178,130,0
961,8,123,85,31,186,105,61,41,46,0
560,8,251,0,0,2,212,0,8,0,0
737,8,0,0,0,0,0,0,0,4,0
852,8,32,14,192,0,0,2,9,128,0
1505,8,137,55,96,7,10,0,168,128,0
354,8,36,72,2,116,64,18,31,201,0
167,8,0,81,17,37,49,45,160,160,0
1175,8,0,0,0,0,0,0,0,0,0
339,8,0,0,0,0,0,12,0,10,0
1634,8,76,160,0,0,64,0,0,0,0
14,8,32,84,22,2,8,9,115,208,0
412,8,4,174,32,9,130,0,40,96,0
208,8,18,82,4,102,47,2,201,0,0
51,8,18,15,65,36,108,129,39,208,0
628,8,88,242,34,250,80,124,173,243,0
1760,8,2,108,2,104,2,108,2,109,0
192,8,96,0,0,0,0,0,0,0,0
738,8,24,8,13,64,64,0,1,24,0
837,8,5,2,2,194,60,119,64,129,0
1072,8,0,63,68,140,86,128,17,160,0
304,8,0,1,96,0,0,0,0,0,0
813,8,128,0,4,32,172,1,0,32,0
1277,8,17,74,10,83,99,14,74,8,0
1694,8,4,64,4,125,31,192,21,98,0
293,8,144,0,64,223,64,190,213,96,0
705,8,1,241,207,199,199,30,55,234,0
852,8,32,14,192,0,0,2,9,128,0
1505,8,137,55,96,7,10,0,168,128,0
651,8,0,0,0,0,0,0,0,0,0
167,8,0,81,18,37,49,45,160,160,0
722,8,0,0,32,0,0,0,0,0,0
692,8,20,234,3,0,0,0,88,0,0
1644,8,0,128,16,0,32,0,0,32,0
244,8,154,12,1,2,4,177,2,64,0
661,8,0,0,0,0,0,0,24,64,0
208,8,26,82,4,96,46,2,201,0,0
14,8,32,84,22,2,8,9,115,214,0
51,8,18,31,57,36,108,193,39,208,0
622,8,1,6,64,130,137,18,10,4,0
403,8,0,8,8,3,232,8,0,0,0
263,8,0,0,0,0,0,0,0,0,0
526,8,78,32,3,161,102,63,111,239,0
1314,8,223,127,208,0,125,40,0,28,0
870,8,128,93,200,2,1,71,206,56,0
1408,8,0,0,0,6,2,135,251,176,0
1076,8,1,134,192,167,40,53,42,64,0
1760,8,2,110,2,105,2,110,2,110,0
1176,8,132,0,32,0,41,128,179,131,0
248,8,126,223,244,253,73,251,167,184,0
293,8,144,0,64,223,64,190,183,96,0
560,8,250,0,0,2,212,0,10,0,0
37,8,0,0,2,136,64,64,14,1,0
737,8,0,0,0,0,0,0,0,4,0
852,8,32,15,0,0,0,1,250,0,0
1505,8,137,55,96,7,10,0,172,128,0
354,8,36,72,2,116,64,18,31,201,0
167,8,0,81,17,165,49,45,160,160,0
961,8,123,85,31,186,232,61,169,46,0
1255,8,0,0,0,21,3,108,0,0,0
339,8,0,0,0,0,0,12,0,10,0
14,8,32,84,22,2,8,9,115,202,0
1634,8,76,160,0,0,64,0,0,0,0
1668,8,76,212,128,89,65,94,208,30,0
1590,8,36,156,36,65,11,137,48,0,0
727,8,16,0,96,216,0,0,0,8,0
412,8,8,170,32,9,130,0,40,96,0
208,8,34,82,4,96,41,2,205,0,0
51,8,18,31,49,30,189,1,39,208,0
628,8,88,242,36,248,80,124,173,243,0
1760,8,2,107,2,105,2,111,2,110,0
192,8,96,0,0,0,0,0,0,0,0
996,8,0,212,0,0,132,0,0,0,0
1628,8,64,8,18,165,137,128,0,0,0
1399,8,0,0,8,0,0,0,1,72,0
1694,8,4,64,4,125,31,192,21,98,0
293,8,144,0,64,223,64,190,153,96,0
852,8,32,15,0,0,0,1,250,0,0
1505,8,137,55,96,7,10,0,176,128,0
651,8,0,0,0,0,0,0,0,0,0
167,8,0,81,13,37,49,45,160,160,0
1031,8,56,146,95,240,0,1,154,32,0
208,8,42,82,4,98,40,2,205,0,0
51,8,18,7,41,33,13,65,39,208,0
14,8,32,84,22,2,8,9,115,202,0
403,8,0,8,8,3,232,8,0,0,0
263,8,0,0,0,0,0,0,0,0,0
526,8,78,32,3,161,102,63,175,247,0
1314,8,223,127,208,0,124,176,0,28,0
870,8,128,93,200,2,1,71,206,56,0
1408,8,0,0,0,5,251,7,251,176,0
1076,8,1,166,0,167,56,101,90,112,0
1760,8,2,112,2,105,2,110,2,111,0
186,8,6,152,46,132,16,0,6,140,0
1176,8,132,0,32,0,39,128,179,196,0
1124,8,0,2,64,0,0,144,24,86,0
293,8,144,0,64,223,64,190,123,96,0
60,8,0,0,4,0,52,0,0,0,0
519,8,4,4,224,88,42,222,213,24,0
1225,8,1,249,21,130,13,2,246,75,0
470,8,2,15,130,128,48,36,5,128,0
692,8,20,234,3,0,0,0,88,0,0
737,8,0,0,0,0,0,0,0,4,0
852,8,32,14,192,0,0,1,243,0,0
1505,8,137,55,64,7,10,0,176,128,0
354,8,36,72,2,116,64,18,31,201,0
167,8,0,81,12,37,49,45,160,160,0
560,8,249,0,0,2,212,0,12,0,0
339,8,0,0,0,0,0,12,0,10,0
661,8,0,0,0,0,0,0,24,64,0
14,8,32,84,22,2,8,9,115,202,0
1634,8,76,160,0,0,64,0,0,0,0
412,8,12,168,32,9,66,0,40,96,0
208,8,50,82,4,98,38,2,206,0,0
51,8,18,7,33,33,13,129,39,208,0
628,8,88,242,38,246,80,124,173,239,0
1760,8,2,112,2,107,2,109,2,109,0
192,8,96,0,0,0,0,0,0,0,0
1694,8,4,64,4,125,31,192,21,66,0
293,8,144,0,64,223,64,190,93,96,0
961,8,123,85,31,187,166,190,105,46,0
852,8,32,14,192,0,0,1,228,0,0
1505,8,137,55,64,7,10,0,180,128,0
651,8,0,0,0,0,0,0,0,0,0
167,8,0,81,9,165,49,45,160,160,0
61,8,0,1,134,128,0,0,0,0,0
208,8,58,82,4,98,37,2,206,0,0
51,8,18,7,25,36,109,193,39,208,0
14,8,32,84,22,2,8,9,115,214,0
403,8,0,8,8,3,232,8,0,0,0
263,8,0,0,0,0,0,0,0,0,0
526,8,78,32,3,161,103,63,207,255,0
1314,8,223,127,208,0,124,56,0,28,0
870,8,128,157,200,2,1,71,206,56,0
1408,8,0,0,0,5,243,135,251,176,0
1076,8,1,198,64,167,104,149,138,128,0
1760,8,2,115,2,109,2,108,2,109,0
1176,8,132,0,32,0,40,128,179,69,0
293,8,144,0,64,223,64,190,63,96,0
813,8,128,0,4,32,172,1,0,32,0
1277,8,17,73,10,83,97,14,74,8,0
560,8,248,0,0,2,212,0,14,0,0
737,8,0,0,0,0,0,0,0,4,0
852,8,32,14,192,0,0,1,228,0,0
1505,8,137,55,64,7,10,0,180,128,0
354,8,36,72,2,116,64,18,31,201,0
167,8,0,81,11,165,49,45,160,160,0
339,8,0,0,0,0,0,12,0,10,0
1634,8,76,160,0,0,64,0,0,0,0
14,8,32,84,22,2,8,9,115,220,0
412,8,16,162,32,9,130,0,40,96,0
208,8,66,82,4,100,38,2,204,0,0
51,8,18,23,17,28,190,1,39,208,0
628,8,88,242,40,244,80,124,173,243,0
1760,8,2,107,2,106,2,108,2,108,0
192,8,96,0,0,0,0,0,0,0,0
1413,8,0,64,0,0,0,2,0,24,0
1694,8,4,64,4,125,31,192,21,98,0
293,8,144,0,64,223,64,160,1,96,0
852,8,32,14,192,0,0,1,220,128,0
1505,8,137,55,64,7,10,0,176,128,0
651,8,0,0,0,0,0,0,0,0,0
167,8,0,81,16,37,49,45,160,160,0
458,8,63,249,255,128,0,0,12,56,0
961,8,123,85,31,187,229,254,233,46,0
661,8,0,0,0,0,0,0,24,64,0
208,8,74,82,4,100,37,2,204,0,0
14,8,32,84,22,2,8,9,115,202,0
51,8,18,23,9,28,190,65,39,208,0
1399,8,0,0,8,0,0,0,1,72,0
403,8,0,8,8,3,232,8,0,0,0
263,8,0,0,0,0,0,0,0,0,0
526,8,78,32,3,161,104,63,240,7,0
1314,8,223,127,208,0,123,192,0,28,0
870,8,128,157,200,2,1,71,206,56,0
1408,8,0,0,0,5,236,7,251,176,0
1076,8,1,229,160,167,152,165,154,176,0
1760,8,2,108,2,106,2,107,2,109,0
186,8,6,168,46,68,16,0,6,140,0
293,8,144,0,64,223,64,191,227,96,0
1176,8,132,0,32,0,39,128,179,70,0
560,8,247,0,0,2,212,0,16,0,0
1459,8,4,0,0,0,0,0,4,0,0
737,8,0,0,0,0,0,0,0,4,0
852,8,32,14,192,0,0,1,205,128,0
1505,8,137,55,64,7,10,0,168,128,0
354,8,36,72,2,116,64,18,31,201,0
167,8,0,81,17,37,49,45,160,160,0
675,8,16,0,2,132,114,128,60,8,0
339,8,0,0,0,0,0,12,0,10,0
14,8,32,84,22,2,8,9,115,214,0
1634,8,76,160,0,0,64,0,0,0,0
412,8,20,158,32,9,130,0,40,96,0
208,8,82,82,4,100,36,2,204,0,0
51,8,18,23,1,36,110,129,39,208,0
628,8,88,242,42,242,80,124,173,243,0
1760,8,2,114,2,106,2,112,2,111,0
192,8,96,0,0,0,0,0,0,0,0
1694,8,4,64,4,125,31,192,21,66,0
293,8,144,0,64,223,64,191,197,96,0
852,8,32,14,192,0,0,1,205,128,0
1505,8,137,55,64,7,10,0,164,128,0
651,8,0,0,0,0,0,0,0,0,0
1788,8,0,0,7,61,114,186,16,0,0
167,8,0,81,19,165,49,45,160,160,0
569,8,0,0,0,104,160,0,57,224,0
208,8,90,82,4,102,35,2,204,0,0
51,8,18,22,249,30,14,193,39,208,0
14,8,32,84,22,2,8,9,115,208,0
215,8,0,0,2,0,128,0,0,0,0
403,8,0,8,8,3,232,8,0,0,0
263,8,0,0,0,0,0,0,0,0,0
526,8,78,32,3,161,103,63,239,255,0
1314,8,223,127,208,0,123,72,0,28,0
870,8,128,93,200,2,1,71,206,56,0
1408,8,0,0,0,5,236,135,251,160,0
1076,8,2,8,32,167,200,213,202,224,0
1760,8,2,113,2,106,2,113,2,113,0
1176,8,132,0,32,0,34,128,180,71,0
293,8,144,0,64,223,64,191,167,96,0
560,8,246,0,0,2,212,0,18,0,0
961,8,123,85,31,188,36,255,169,46,0
737,8,0,0,0,0,0,0,0,4,0
852,8,32,15,0,0,0,1,190,0,0
1505,8,137,55,64,7,10,0,168,128,0
354,8,36,72,2,116,64,18,31,201,0
167,8,0,81,17,165,49,45,160,160,0
1175,8,0,0,0,0,0,0,0,0,0
339,8,0,0,0,0,0,12,0,10,0
14,8,32,84,22,2,8,9,115,208,0
661,8,0,0,0,0,0,0,24,64,0
1634,8,76,160,0,0,64,0,0,0,0
412,8,24,154,32,9,130,0,40,96,0
208,8,98,82,4,102,30,2,208,0,0
51,8,18,22,241,30,15,1,39,208,0
628,8,88,242,44,240,80,124,173,243,0
1760,8,2,112,2,106,2,111,2,113,0
192,8,96,0,0,0,0,0,0,0,0
738,8,24,8,13,64,64,0,1,24,0
837,8,5,2,2,194,60,119,64,129,0
1072,8,0,63,68,140,86,128,17,160,0
304,8,0,1,96,0,0,0,0,0,0
1227,8,128,0,0,0,0,0,0,0,0
452,8,0,2,2,0,0,192,0,0,0
1694,8,4,64,4,125,31,192,21,98,0
293,8,144,0,64,223,64,191,137,96,0
640,8,24,224,2,112,0,0,0,0,0
676,8,46,140,2,28,4,8,152,208,0
813,8,128,0,4,32,172,1,0,32,0
1277,8,17,68,10,83,91,13,74,136,0
852,8,32,15,0,0,0,1,190,0,0
1505,8,137,55,64,7,10,0,168,128,0
651,8,0,0,0,0,0,0,0,0,0
167,8,0,81,15,165,49,45,160,160,0
722,8,0,0,40,0,0,0,0,0,0
1372,8,16,27,0,0,65,130,48,0,0
1644,8,0,128,16,0,24,0,0,32,0
622,8,1,6,64,130,137,18,10,4,0
705,8,1,244,15,199,197,158,5,254,0
244,8,154,12,1,2,4,177,2,64,0
208,8,106,82,4,96,29,2,208,0,0
14,8,32,84,22,2,8,9,115,214,0
51,8,18,38,233,36,15,65,39,208,0
403,8,0,8,8,3,232,8,0,0,0
263,8,0,0,0,0,0,0,0,0,0
526,8,78,32,7,161,104,63,239,239,0
1314,8,223,127,208,0,122,208,0,28,0
870,8,128,157,200,2,1,71,206,56,0
1408,8,0,0,0,5,229,7,251,160,0
1076,8,2,40,32,167,217,5,251,16,0
1760,8,2,111,2,113,2,112,2,113,0
186,8,6,168,45,196,16,0,6,140,0
293,8,144,0,64,223,64,191,107,96,0
1176,8,132,0,32,0,33,128,180,72,0
560,8,245,0,0,2,212,0,20,0,0
737,8,0,0,0,0,0,0,0,4,0
852,8,32,15,0,0,0,1,175,0,0
1505,8,137,55,32,7,10,0,172,128,0
354,8,36,72,2,116,64,18,31,201,0
167,8,0,81,15,165,49,45,160,160,0
961,8,123,85,31,187,228,128,41,46,0
1255,8,0,0,0,21,3,108,0,0,0
14,8,32,84,22,2,8,9,115,202,0
339,8,0,0,0,0,0,12,0,10,0
1634,8,76,160,0,0,64,0,0,0,0
1668,8,76,212,128,153,65,94,208,30,0
1590,8,36,156,36,193,11,137,64,0,0
727,8,16,0,96,216,0,0,0,8,0
412,8,28,152,32,9,66,0,40,96,0
208,8,114,82,4,96,28,2,208,0,0
51,8,18,38,225,34,191,129,39,208,0
628,8,88,242,46,238,80,124,173,239,0
1760,8,2,111,2,111,2,113,2,112,0
192,8,96,0,0,0,0,0,0,0,0
996,8,0,212,0,0,132,0,0,0,0
1628,8,64,8,18,165,137,96,0,0,0
1694,8,4,64,4,125,31,192,21,66,0
293,8,144,0,64,223,64,191,77,96,0
1399,8,0,0,8,0,0,0,1,72,0
852,8,32,15,0,0,0,2,24,0,0
1505,8,137,55,32,7,10,0,176,128,0
651,8,0,0,0,0,0,0,0,0,0
167,8,0,81,12,165,49,45,160,160,0
1031,8,56,144,95,240,0,1,153,224,0
661,8,0,0,0,0,0,0,24,64,0
208,8,122,82,4,96,27,2,208,0,0
14,8,32,84,22,2,8,9,115,208,0
51,8,18,38,217,34,191,193,39,208,0
403,8,0,8,8,3,232,8,0,0,0
263,8,0,0,0,0,0,0,0,0,0
526,8,78,32,3,161,103,191,239,247,0
1314,8,223,127,208,0,122,88,0,28,0
1621,8,84,3,252,0,16,0,0,0,0
870,8,128,93,200,2,1,71,206,56,0
1408,8,0,0,0,5,221,135,251,160,0
1076,8,2,64,0,168,9,54,43,32,0
1760,8,2,109,2,107,2,113,2,113,0
1176,8,132,0,32,0,31,128,180,137,0
293,8,144,0,64,223,64,191,47,96,0
1124,8,0,2,64,0,0,144,23,87,0
60,8,0,0,4,0,52,0,0,0,0
519,8,4,4,96,72,42,222,213,24,0
1225,8,1,249,21,130,13,2,246,75,0
470,8,2,11,128,128,48,36,5,128,0
737,8,0,0,0,0,0,0,0,4,0
852,8,32,15,0,0,0,2,24,0,0
1505,8,137,55,32,7,10,0,176,128,0
354,8,36,72,2,116,64,18,31,201,0
167,8,0,81,13,37,49,45,160,160,0
692,8,20,234,3,0,0,0,88,0,0
560,8,244,0,0,2,212,0,22,0,0
339,8,0,0,0,0,0,12,0,10,0
14,8,32,84,22,2,8,9,115,214,0
1634,8,76,128,0,0,64,0,0,0,0
412,8,0,180,32,9,66,0,40,96,0
208,8,2,81,4,98,41,2,209,0,0
51,8,18,31,81,32,12,1,39,208,0
628,8,88,242,32,252,80,124,173,239,0
1760,8,2,113,2,109,2,113,2,113,0
192,8,96,0,0,0,0,0,0,0,0
1694,8,4,64,4,125,31,192,21,66,0
293,8,144,0,64,223,64,191,17,96,0
961,8,123,85,31,186,228,192,233,46,0
852,8,32,14,192,0,0,2,24,128,0
1505,8,137,55,32,7,10,0,180,128,0
651,8,0,0,0,0,0,0,0,0,0
167,8,0,81,13,165,49,45,160,160,0
61,8,0,1,134,128,0,0,0,0,0
208,8,10,81,4,98,40,2,209,0,0
51,8,18,31,73,38,124,65,39,208,0
14,8,32,84,22,2,8,9,115,208,0
403,8,0,8,8,3,232,8,0,0,0
526,8,78,32,3,161,103,63,240,15,0
263,8,0,0,0,0,0,0,0,0,0
1314,8,223,127,208,0,121,224,0,28,0
870,8,128,93,200,2,1,71,206,56,0
1408,8,0,0,0,5,214,7,251,160,0
1076,8,2,96,0,168,57,70,59,80,0
1760,8,2,117,2,109,2,113,2,113,0
186,8,6,168,45,196,16,0,6,140,0
293,8,144,0,64,223,64,190,243,96,0
1307,8,40,66,169,202,58,145,137,65,0
1176,8,132,0,32,0,30,128,180,138,0
813,8,128,0,4,32,172,1,0,32,0
1277,8,17,72,10,83,97,13,202,8,0
560,8,243,0,0,2,212,0,24,0,0
737,8,0,0,0,0,0,0,0,4,0
852,8,32,14,192,0,0,2,9,128,0
1505,8,137,55,32,7,10,0,176,128,0
354,8,36,72,2,116,64,18,31,201,0
167,8,0,81,13,165,49,45,160,160,0
339,8,0,0,0,0,0,12,0,10,0
14,8,32,84,22,2,8,9,115,202,0
661,8,0,0,0,0,0,0,24,64,0
1634,8,76,128,0,0,64,0,0,0,0
412,8,4,176,32,9,66,0,40,96,0
208,8,18,81,4,100,39,2,209,0,0
51,8,18,47,65,38,124,129,39,208,0
628,8,88,242,34,250,80,124,173,239,0
1760,8,2,114,2,109,2,113,2,113,0
192,8,96,0,0,0,0,0,0,0,0
1413,8,0,64,0,0,0,2,0,24,0
1694,8,4,64,4,125,31,192,21,98,0
293,8,144,0,64,223,64,190,213,96,0
852,8,32,14,192,0,0,2,9,128,0
1505,8,137,55,32,7,10,0,176,128,0
651,8,0,0,0,0,0,0,0,0,0
167,8,0,81,17,37,49,45,160,160,0
458,8,63,249,255,128,0,0,12,56,0
961,8,123,85,31,187,163,129,105,46,0
208,8,26,81,4,100,38,2,209,0,0
51,8,18,47,57,29,108,193,39,208,0
14,8,32,84,22,2,8,9,115,202,0
1399,8,0,0,8,0,0,0,1,72,0
403,8,0,8,8,3,232,8,0,0,0
263,8,0,0,0,0,0,0,0,0,0
526,8,78,32,3,161,106,63,239,255,0
1314,8,223,127,208,0,121,104,0,28,0
870,8,128,221,200,2,1,71,206,56,0
1408,8,0,0,0,5,206,135,251,160,0
1076,8,2,138,128,168,105,118,107,128,0
1760,8,2,112,2,111,2,113,2,113,0
1176,8,132,0,32,0,29,128,180,139,0
293,8,144,0,64,223,64,190,183,96,0
560,8,242,0,0,2,212,0,26,0,0
1459,8,4,0,0,0,0,0,4,0,0
737,8,0,0,0,0,0,0,0,4,0
852,8,32,14,192,0,0,2,2,0,0
1505,8,137,55,32,7,10,0,172,128,0
354,8,36,72,2,116,64,18,31,201,0
167,8,0,81,16,165,49,45,160,160,0
675,8,16,0,2,132,112,128,60,8,0
339,8,0,0,0,0,0,12,0,10,0
1634,8,76,128,0,0,64,0,0,0,0
14,8,32,84,22,2,8,9,115,196,0
412,8,8,170,32,9,130,0,40,96,0
208,8,34,81,4,100,37,2,209,0,0
51,8,18,47,49,36,189,1,39,208,0
628,8,88,242,36,248,80,124,173,243,0
1760,8,2,113,2,112,2,113,2,113,0
192,8,96,0,0,0,0,0,0,0,0
1694,8,4,64,4,125,31,192,21,66,0
293,8,144,0,64,223,64,190,153,96,0
852,8,32,14,192,0,0,2,2,0,0
1505,8,137,55,32,7,10,0,168,128,0
651,8,0,0,0,0,0,0,0,0,0
1788,8,0,0,7,60,82,186,16,0,0
167,8,0,81,16,37,49,45,160,160,0
569,8,0,0,0,104,96,0,58,0,0
661,8,0,0,0,0,0,0,24,64,0
208,8,42,81,4,102,36,2,209,0,0
14,8,32,84,22,2,8,9,115,208,0
51,8,18,31,41,36,189,65,39,208,0
215,8,0,0,2,0,128,0,0,0,0
403,8,0,8,8,3,232,8,0,0,0
526,8,78,32,3,161,104,64,15,247,0
1314,8,223,127,208,0,120,240,0,28,0
263,8,0,0,0,0,0,0,0,0,0
870,8,128,93,200,2,1,71,206,56,0
1408,8,0,0,0,5,199,7,251,160,0
1076,8,2,170,32,168,121,166,155,176,0
1760,8,2,111,2,110,2,114,2,115,0
186,8,6,168,45,132,16,0,6,140,0
293,8,144,0,64,223,64,190,123,96,0
1176,8,132,0,32,0,27,128,180,204,0
961,8,123,85,31,186,227,130,41,46,0
560,8,241,0,0,2,212,0,28,0,0
737,8,0,0,0,0,0,0,0,4,0
852,8,32,15,0,0,0,1,235,0,0
1505,8,137,55,32,7,10,0,168,128,0
354,8,36,72,2,116,64,18,31,201,0
167,8,0,81,16,37,49,45,160,160,0
1175,8,0,0,0,0,0,0,0,0,0
339,8,0,0,0,0,0,12,0,10,0
1634,8,76,128,0,0,64,0,0,0,0
14,8,32,84,22,2,8,9,115,196,0
412,8,12,166,32,9,130,0,40,96,0
208,8,50,81,4,102,34,2,210,0,0
51,8,18,31,33,32,173,129,39,208,0
628,8,88,242,38,246,80,124,173,243,0
1760,8,2,111,2,110,2,115,2,115,0
192,8,96,0,0,0,0,0,0,0,0
738,8,24,8,13,64,64,0,1,24,0
837,8,5,2,2,194,60,119,64,129,0
1072,8,0,63,68,140,86,128,17,160,0
304,8,0,1,96,0,0,0,0,0,0
813,8,128,0,4,32,172,1,0,32,0
1277,8,17,70,10,83,95,13,202,8,0
1694,8,4,64,4,125,31,192,21,98,0
293,8,144,0,64,223,64,190,93,96,0
852,8,32,15,0,0,0,1,220,0,0
1505,8,137,55,32,7,10,0,168,128,0
651,8,0,0,0,0,0,0,0,0,0
167,8,0,81,13,165,49,45,160,160,0
722,8,0,0,48,0,0,0,0,0,0
1644,8,0,128,16,0,24,0,0,32,0
622,8,1,6,64,130,137,18,10,4,0
244,8,154,12,1,2,4,177,2,64,0
14,8,32,84,22,2,8,9,115,208,0
208,8,58,81,4,96,33,2,210,0,0
51,8,18,47,25,35,189,193,39,208,0
403,8,0,8,8,3,232,8,0,0,0
263,8,0,0,0,0,0,0,0,0,0
526,8,78,32,3,161,103,191,239,239,0
1314,8,223,127,208,0,120,120,0,28,0
870,8,128,93,200,2,1,71,206,56,0
1408,8,0,0,0,5,199,135,251,144,0
1076,8,2,202,160,168,169,214,203,192,0
1760,8,2,117,2,113,2,115,2,116,0
1176,8,132,0,32,0,24,128,181,77,0
293,8,144,0,64,223,64,190,63,96,0
560,8,240,0,0,2,212,0,30,0,0
705,8,1,244,143,199,199,31,226,18,0
737,8,0,0,0,0,0,0,0,4,0
852,8,32,15,0,0,0,1,220,0,0
1505,8,137,55,32,7,10,0,168,128,0
354,8,36,72,2,116,64,18,31,201,0
167,8,0,81,14,37,49,45,160,160,0
961,8,123,85,31,187,162,66,169,46,0
1255,8,0,0,0,21,3,108,0,0,0
339,8,0,0,0,0,0,12,0,10,0
14,8,32,84,22,2,8,9,115,202,0
661,8,0,0,0,0,0,0,24,64,0
1634,8,76,128,0,0,64,0,0,0,0
1668,8,76,212,128,153,65,94,208,30,0
1590,8,36,156,37,65,12,9,80,0,0
727,8,16,0,96,216,0,0,0,8,0
412,8,16,164,32,9,66,0,40,96,0
208,8,66,81,4,96,30,2,212,0,0
51,8,18,47,17,35,190,1,39,208,0
628,8,88,242,40,244,80,124,173,243,0
1760,8,2,117,2,113,2,115,2,114,0
192,8,96,0,0,0,0,0,0,0,0
996,8,0,212,0,0,132,0,0,0,0
1694,8,4,64,4,125,31,192,21,98,0
293,8,144,0,64,223,64,160,1,96,0
1628,8,64,8,18,165,137,96,0,0,0
1399,8,0,0,8,0,0,0,1,72,0
852,8,32,15,0,0,0,1,212,128,0
1505,8,137,55,32,7,10,0,168,128,0
651,8,0,0,0,0,0,0,0,0,0
167,8,0,81,14,37,49,45,160,160,0
1031,8,56,142,95,240,0,1,153,224,0
117,8,15,50,0,15,174,30,224,0,0
208,8,74,81,4,96,29,2,212,0,0
51,8,18,47,9,37,30,65,39,208,0
14,8,32,84,22,2,8,9,115,196,0
403,8,0,8,8,3,232,8,0,0,0
263,8,0,0,0,0,0,0,0,0,0
526,8,78,32,3,161,106,191,239,247,0
1314,8,223,127,208,0,127,128,0,28,0
870,8,128,221,200,2,1,71,206,56,0
1408,8,0,0,0,6,56,7,251,144,0
1076,8,2,234,160,168,217,230,219,240,0
1760,8,2,113,2,113,2,115,2,115,0
186,8,6,168,45,68,16,0,6,140,0
1176,8,132,0,32,0,24,128,181,14,0
1124,8,0,2,64,0,0,144,22,88,0
293,8,144,0,64,223,64,191,227,96,0
60,8,0,0,4,0,50,0,0,0,0
519,8,4,4,96,72,42,222,213,24,0
1225,8,1,249,21,130,13,2,246,75,0
470,8,2,15,130,128,48,36,5,128,0
692,8,20,234,3,0,0,0,88,0,0
737,8,0,0,0,0,0,0,0,4,0
852,8,32,15,0,0,0,1,197,128,0
1505,8,137,55,0,7,10,0,168,128,0
354,8,36,72,2,116,64,18,31,201,0
167,8,0,81,13,165,49,45,160,160,0
58,8,0,0,0,0,0,29,8,0,0
560,8,255,0,0,2,212,0,0,0,0
339,8,0,0,0,0,0,12,0,10,0
14,8,32,84,22,2,8,9,115,208,0
1634,8,76,128,0,0,64,0,0,0,0
412,8,20,160,32,9,66,0,40,96,0
208,8,82,81,4,98,29,2,211,0,0
51,8,18,47,1,31,14,129,39,208,0
628,8,88,242,42,242,80,124,173,239,0
1760,8,2,117,2,110,2,117,2,119,0
192,8,96,0,0,0,0,0,0,0,0
1694,8,4,64,4,125,31,192,21,98,0
293,8,144,0,64,223,64,191,197,96,0
961,8,123,85,31,187,161,131,105,46,0
852,8,32,15,0,0,0,1,197,128,0
1505,8,137,55,0,7,10,0,172,128,0
651,8,0,0,0,0,0,0,0,0,0
167,8,0,81,16,165,65,45,160,160,0
61,8,0,1,134,128,0,0,0,0,0
661,8,0,0,0,0,0,0,24,64,0
208,8,90,81,4,98,28,2,211,0,0
14,8,32,84,22,2,8,9,115,202,0
51,8,18,46,249,31,14,193,39,208,0
403,8,0,8,8,3,232,8,0,0,0
263,8,0,0,0,0,0,0,0,0,0
526,8,78,32,3,161,106,191,207,255,0
1314,8,223,127,208,0,127,8,0,28,0
870,8,128,221,200,2,1,71,206,56,0
1408,8,0,0,0,6,56,135,251,128,0
1076,8,3,10,128,169,10,23,12,32,0
1760,8,2,113,2,113,2,117,2,119,0
1176,8,132,0,32,0,19,128,182,15,0
293,8,144,0,64,223,64,191,167,96,0
813,8,128,0,4,32,172,1,0,32,0
1277,8,17,72,10,83,97,13,202,8,0
560,8,254,0,0,2,212,0,2,0,0
737,8,0,0,0,0,0,0,0,4,0
852,8,32,15,0,0,0,1,190,0,0
1505,8,137,55,0,7,10,0,172,128,0
354,8,36,72,2,100,64,18,31,201,0
167,8,0,81,15,165,49,45,160,160,0
1372,8,16,27,0,0,65,130,48,0,0
339,8,0,0,0,0,0,12,0,10,0
1634,8,76,128,0,0,64,0,0,0,0
14,8,32,84,22,2,8,9,115,190,0
412,8,24,156,32,9,66,0,40,96,0
208,8,98,81,4,98,23,2,215,0,0
51,8,18,46,241,38,207,1,39,208,0
628,8,88,242,44,240,80,124,173,239,0
1760,8,2,114,2,113,2,118,2,119,0
192,8,96,0,0,0,0,0,0,0,0
1413,8,0,64,0,0,0,2,0,24,0
1694,8,4,64,4,125,31,192,21,98,0
293,8,144,0,64,223,64,191,137,96,0
852,8,32,15,0,0,0,1,190,0,0
1505,8,137,55,0,7,10,0,176,128,0
651,8,0,0,0,0,0,0,0,0,0
167,8,0,81,17,165,49,45,160,160,0
458,8,63,249,255,128,0,0,12,56,0
961,8,123,85,31,187,224,195,233,46,0
208,8,106,81,4,100,22,2,215,0,0
14,8,32,84,22,2,8,9,115,202,0
51,8,18,62,233,31,15,65,39,208,0
1399,8,0,0,8,0,0,0,1,70,0
403,8,0,8,8,3,232,8,0,0,0
263,8,0,0,0,0,0,0,0,0,0
526,8,78,32,3,161,105,63,208,15,0
1314,8,223,127,208,0,126,144,0,28,0
870,8,128,93,200,2,1,71,206,56,0
1408,8,0,0,0,6,49,7,251,128,0
1076,8,3,42,0,169,26,71,60,80,0
1760,8,2,117,2,113,2,118,2,118,0
186,8,6,168,45,4,16,0,6,140,0
1176,8,132,0,32,0,34,128,182,0,0
1049,8,10,155,70,77,4,95,195,15,0
293,8,144,0,64,223,64,191,107,96,0
560,8,253,0,0,2,212,0,4,0,0
1459,8,4,0,0,0,0,0,4,0,0
737,8,0,0,0,0,0,0,0,4,0
852,8,32,15,0,0,0,1,175,0,0
1505,8,137,54,224,7,10,0,176,128,0
354,8,36,72,2,100,64,18,31,201,0
167,8,0,81,18,37,49,45,160,160,0
675,8,16,0,2,132,114,128,60,8,0
339,8,0,0,0,0,0,12,0,10,0
661,8,0,0,0,0,0,0,24,64,0
14,8,32,84,22,2,8,9,115,172,0
1634,8,76,128,0,0,64,0,0,0,0
412,8,28,152,32,9,66,0,40,96,0
208,8,114,81,4,100,21,2,215,0,0
51,8,18,62,225,31,15,129,39,208,0
628,8,88,242,46,238,80,124,173,239,0
1760,8,2,117,2,114,2,118,2,118,0
192,8,96,0,0,0,0,0,0,0,0
1694,8,4,64,4,125,31,192,21,98,0
293,8,144,0,64,223,64,191,77,96,0
852,8,32,15,0,0,0,2,24,0,0
1505,8,137,54,224,7,10,0,176,128,0
651,8,0,0,0,0,0,0,0,0,0
1788,8,0,0,7,59,82,186,24,0,0
167,8,0,81,15,165,49,45,160,160,0
569,8,0,0,0,104,64,0,58,32,0
208,8,122,80,4,102,20,2,215,0,0
51,8,18,54,217,37,31,193,39,208,0
14,8,32,84,22,2,8,9,115,164,0
215,8,0,0,2,0,128,0,0,0,0
403,8,0,8,8,3,232,8,0,0,0
263,8,0,0,0,0,0,0,0,0,0
526,8,78,32,3,161,107,63,207,255,0
1314,8,223,127,208,0,126,24,0,28,0
870,8,128,157,200,2,1,71,206,56,0
1408,8,0,0,0,6,41,135,251,128,0
1076,8,3,74,160,169,74,119,108,96,0
1760,8,2,118,2,112,2,119,2,119,0
1176,8,132,0,32,0,33,128,182,1,0
293,8,144,0,64,223,64,191,47,96,0
560,8,252,0,0,2,212,0,6,0,0
961,8,123,85,31,187,33,4,105,46,0
737,8,0,0,0,0,0,0,0,4,0
852,8,32,15,0,0,0,2,24,0,0
1505,8,137,54,224,7,10,0,176,128,0
354,8,36,72,2,100,64,18,31,201,0
167,8,0,81,17,37,49,45,160,160,0
1175,8,0,0,0,0,0,0,0,0,0
1227,8,128,0,0,0,0,0,0,0,0
339,8,0,0,0,0,0,12,0,10,0
14,8,32,84,22,2,8,9,115,164,0
1634,8,76,128,0,0,64,0,0,0,0
412,8,0,180,32,9,66,0,40,96,0
208,8,2,80,4,102,35,2,215,0,0
51,8,18,55,81,35,188,1,39,208,0
628,8,88,242,32,252,80,124,173,239,0
1760,8,2,119,2,113,2,120,2,119,0
192,8,96,0,0,0,0,0,0,0,0
738,8,24,8,13,64,64,0,1,24,0
837,8,5,2,2,194,60,119,64,129,0
1072,8,0,63,68,140,88,128,17,160,0
304,8,0,1,96,0,0,0,0,0,0
640,8,24,224,2,112,0,0,0,0,0
813,8,128,0,4,32,172,1,0,32,0
1694,8,4,64,4,125,31,192,21,66,0
293,8,144,0,64,223,64,191,17,96,0
1277,8,17,61,10,83,81,11,202,8,0
852,8,32,15,0,0,0,2,16,128,0
1505,8,137,54,224,7,10,0,180,128,0
651,8,0,0,0,0,0,0,0,0,0
167,8,0,81,14,165,49,45,160,160,0
722,8,0,0,56,0,0,0,0,0,0
1644,8,0,128,16,0,32,0,0,32,0
683,8,164,208,201,215,226,215,202,255,0
1751,8,65,3,143,0,160,7,34,60,0
661,8,0,0,0,0,0,0,24,64,0
244,8,154,12,1,2,4,177,2,64,0
14,8,32,84,22,2,8,9,115,158,0
208,8,10,80,4,102,34,2,215,0,0
51,8,18,55,73,35,188,65,39,208,0
403,8,0,8,8,3,232,8,0,0,0
263,8,0,0,0,0,0,0,0,0,0
526,8,78,32,3,161,107,191,207,239,0
1314,8,223,127,208,0,125,160,0,28,0
870,8,128,157,200,2,1,71,206,56,0
1408,8,0,0,0,6,34,7,251,128,0
1076,8,3,106,160,169,122,135,124,144,0
1760,8,2,114,2,113,2,120,2,120,0
186,8,6,168,45,4,16,0,6,140,0
293,8,144,0,64,223,64,190,243,96,0
622,8,1,6,64,130,137,18,10,4,0
1176,8,132,0,32,0,31,128,182,66,0
560,8,251,0,0,2,212,0,8,0,0
737,8,0,0,0,0,0,0,0,4,0
852,8,32,15,0,0,0,2,16,128,0
1505,8,137,54,224,7,10,0,180,128,0
354,8,36,72,2,100,64,18,31,201,0
167,8,0,81,14,37,49,45,160,160,0
961,8,123,85,31,187,159,197,41,46,0
705,8,1,242,239,199,201,31,222,40,0
300,8,121,6,224,0,0,1,253,208,0
1255,8,0,0,0,21,3,108,0,0,0
14,8,32,84,22,2,8,9,115,172,0
339,8,0,0,0,0,0,12,0,10,0
1634,8,76,128,0,0,64,0,0,0,0
1668,8,76,212,127,217,65,94,208,30,0
1590,8,36,156,38,1,12,9,96,0,0
727,8,16,0,96,216,0,0,0,8,0
412,8,4,176,32,9,66,0,40,96,0
208,8,18,80,4,96,32,2,216,0,0
51,8,18,55,65,33,172,129,39,208,0
628,8,88,242,34,250,80,124,173,239,0
1760,8,2,117,2,113,2,121,2,120,0
192,8,96,0,0,0,0,0,0,0,0
996,8,0,212,0,0,132,0,0,0,0
1694,8,4,64,4,125,31,192,21,66,0
293,8,144,0,64,223,64,190,213,96,0
1628,8,64,8,18,165,137,96,0,0,0
1399,8,0,0,8,0,0,0,1,70,0
1533,8,189,221,253,255,254,255,237,218,0
852,8,32,15,0,0,0,2,1,128,0
1505,8,137,54,224,7,10,0,180,128,0
651,8,0,0,0,0,0,0,0,0,0
167,8,0,81,14,165,49,45,160,160,0
1031,8,56,142,95,240,0,1,153,224,0
208,8,26,80,4,96,31,2,216,0,0
51,8,18,55,57,37,204,193,39,208,0
14,8,32,84,22,2,8,9,115,164,0
403,8,0,8,8,3,232,8,0,0,0
263,8,0,0,0,0,0,0,0,0,0
526,8,78,32,3,161,106,191,175,255,0
1314,8,223,127,208,0,125,40,0,28,0
870,8,128,93,200,2,1,71,206,56,0
1408,8,0,0,0,6,26,135,251,128,0
1076,8,3,128,0,169,170,183,172,192,0
1760,8,2,120,2,113,2,119,2,121,0
1176,8,132,0,32,0,29,128,182,131,0
1124,8,0,2,64,0,0,144,21,89,0
293,8,144,0,64,223,64,190,183,96,0
1331,8,237,127,207,126,255,245,239,127,0
253,8,0,0,1,0,128,16,0,0,0
60,8,0,0,4,0,50,0,0,0,0
519,8,4,4,96,72,42,222,213,24,0
1225,8,1,249,21,130,13,2,246,75,0
737,8,0,0,0,0,0,0,0,4,0
852,8,32,15,0,0,0,1,250,0,0
1505,8,137,54,224,7,10,0,180,128,0
354,8,36,72,2,100,64,18,31,201,0
167,8,0,81,12,37,49,45,160,160,0
692,8,20,234,3,0,0,0,88,0,0
470,8,2,11,128,128,48,36,5,128,0
420,8,0,0,0,2,236,204,0,0,0
560,8,250,0,0,2,212,0,10,0,0
339,8,0,0,0,0,0,12,0,10,0
14,8,32,84,22,2,8,9,115,158,0
661,8,0,0,0,0,0,0,24,64,0
1634,8,76,128,0,0,64,0,0,0,0
412,8,8,172,32,9,66,0,40,96,0
208,8,34,80,4,98,29,2,217,0,0
51,8,18,47,49,37,205,1,39,208,0
628,8,88,242,36,248,80,124,173,239,0
1760,8,2,121,2,116,2,119,2,120,0
192,8,96,0,0,0,0,0,0,0,0
1694,8,4,64,4,125,31,192,21,66,0
293,8,144,0,64,223,64,190,153,96,0
961,8,123,85,31,187,159,69,169,46,0
852,8,32,15,0,0,0,1,250,0,0
1505,8,137,54,224,7,10,0,176,128,0
651,8,0,0,0,0,0,0,0,0,0
167,8,0,81,15,165,49,45,160,160,0
61,8,0,1,134,0,0,0,0,0,0
208,8,42,80,4,98,28,2,217,0,0
51,8,18,47,41,30,93,65,39,208,0
14,8,32,84,22,2,8,9,115,158,0
403,8,0,8,8,3,232,8,0,0,0
263,8,0,0,0,0,0,0,0,0,0
526,8,78,32,3,161,108,63,111,255,0
1314,8,223,127,208,0,124,176,0,28,0
870,8,128,157,200,2,1,71,206,56,0
1408,8,0,0,0,6,19,7,251,128,0
1076,8,3,162,160,169,186,231,220,240,0
1760,8,2,119,2,115,2,119,2,120,0
186,8,6,168,45,4,16,0,6,140,0
293,8,144,0,64,223,64,190,123,96,0
627,8,0,0,0,8,0,0,0,0,0
452,8,0,2,2,0,1,0,0,0,0
676,8,32,32,3,28,4,8,152,208,0
881,8,1,6,0,0,0,0,8,128,0
1661,8,0,24,96,2,8,0,2,32,0
1307,8,40,177,129,177,137,199,248,193,0
737,8,0,0,0,0,0,0,0,4,0
852,8,32,15,0,0,0,1,235,0,0
1505,8,137,54,224,7,10,0,176,128,0
354,8,36,72,2,100,64,18,31,201,0
167,8,0,81,15,165,49,45,160,160,0
1176,8,132,0,32,0,29,128,182,68,0
813,8,128,0,4,32,172,1,0,32,0
204,8,67,65,24,50,56,175,162,22,0
1277,8,17,73,10,83,97,13,202,8,0
560,8,249,0,0,2,212,0,12,0,0
339,8,0,0,0,0,0,12,0,10,0
1634,8,76,128,0,0,64,0,0,0,0
14,8,32,84,22,2,8,9,115,152,0
412,8,12,168,32,9,66,0,40,96,0
208,8,50,80,4,98,28,2,216,0,0
51,8,18,47,33,38,205,129,39,208,0
628,8,88,242,38,246,80,124,173,239,0
1760,8,2,118,2,113,2,120,2,120,0
192,8,96,0,0,0,0,0,0,0,0
1413,8,0,64,0,0,0,2,0,24,0
1694,8,4,64,4,125,31,192,21,66,0
293,8,144,0,64,223,64,190,93,96,0
852,8,32,15,0,0,0,1,220,0,0
1505,8,137,54,224,7,10,0,172,128,0
651,8,0,0,0,0,0,0,0,0,0
167,8,0,81,17,37,49,45,160,160,0
458,8,63,249,255,128,0,0,12,56,0
961,8,123,85,31,186,159,134,105,46,0
661,8,0,0,0,0,0,0,24,64,0
208,8,58,80,4,100,27,2,216,0,0
14,8,32,84,22,2,8,9,115,172,0
51,8,18,55,25,38,205,193,39,208,0
1399,8,0,0,8,0,0,0,1,70,0
403,8,0,8,8,3,232,8,0,0,0
263,8,0,0,0,0,0,0,0,0,0
526,8,78,32,3,161,108,63,175,255,0
1314,8,223,127,208,0,124,56,0,28,0
870,8,128,157,200,2,1,71,206,56,0
1408,8,0,0,0,6,11,135,251,128,0
1076,8,3,202,160,169,235,24,13,0,0
1760,8,2,118,2,116,2,120,2,121,0
1176,8,132,0,32,0,27,128,182,133,0
293,8,144,0,64,223,64,190,63,96,0
560,8,248,0,0,2,212,0,14,0,0
1459,8,4,0,0,0,0,0,4,0,0
737,8,0,0,0,0,0,0,0,4,0
852,8,32,15,0,0,0,1,220,0,0
1505,8,137,54,224,7,10,0,168,128,0
354,8,36,72,2,100,64,18,31,201,0
167,8,0,81,19,37,65,45,160,160,0
675,8,16,0,2,132,114,128,60,8,0
339,8,0,0,0,0,0,12,0,10,0
1634,8,76,128,0,0,64,0,0,0,0
14,8,32,84,22,2,8,9,115,164,0
412,8,16,164,32,9,66,0,40,96,0
208,8,66,80,4,100,25,2,217,0,0
51,8,18,55,17,33,14,1,39,208,0
628,8,88,242,40,244,80,124,173,239,0
1760,8,2,118,2,115,2,121,2,121,0
192,8,96,0,0,0,0,0,0,0,0
1694,8,4,64,4,125,31,192,21,66,0
293,8,144,0,64,223,64,160,1,96,0
852,8,32,15,64,0,0,1,204,128,0
1505,8,137,54,224,7,10,0,172,128,0
651,8,0,0,0,0,0,0,0,0,0
1788,8,0,0,7,58,82,186,24,0,0
167,8,0,81,15,165,49,45,160,160,0
569,8,0,0,0,104,0,0,58,32,0
215,8,0,0,2,0,128,0,0,0,0
14,8,32,84,22,2,8,9,115,172,0
208,8,74,80,4,102,24,2,217,0,0
51,8,18,47,9,36,110,65,39,208,0
263,8,0,0,0,0,0,0,0,0,0
403,8,0,8,8,3,232,8,0,0,0
526,8,78,32,3,161,107,191,175,255,0
1314,8,223,127,208,0,123,192,0,28,0
870,8,128,93,200,2,1,71,206,56,0
1408,8,0,0,0,6,12,7,251,112,0
1076,8,3,226,32,170,27,72,61,48,0
1760,8,2,120,2,115,2,122,2,122,0
186,8,6,168,44,196,16,0,6,140,0
293,8,144,0,64,223,64,191,227,96,0
1176,8,132,0,32,0,24,128,183,6,0
961,8,123,85,31,187,158,6,233,46,0
560,8,247,0,0,2,212,0,16,0,0
737,8,0,0,0,0,0,0,0,4,0
852,8,32,15,64,0,0,1,189,128,0
1505,8,137,54,224,7,10,0,172,128,0
354,8,36,72,2,100,64,18,31,201,0
167,8,0,81,16,37,49,45,160,160,0
1175,8,0,0,0,0,0,0,0,0,0
339,8,0,0,0,0,0,12,0,10,0
14,8,32,84,22,2,8,9,115,184,0
661,8,0,0,0,0,0,0,24,64,0
1634,8,76,128,0,0,64,0,0,0,0
412,8,20,160,32,9,66,0,40,80,0
208,8,82,80,4,102,21,2,219,0,0
51,8,18,47,1,36,110,129,39,208,0
628,8,88,242,42,242,80,124,173,239,0
1760,8,2,121,2,115,2,122,2,121,0
192,8,96,0,0,0,0,0,0,0,0
738,8,24,8,13,64,64,0,1,24,0
837,8,5,2,2,194,60,119,64,129,0
1072,8,0,63,68,140,88,128,17,160,0
304,8,0,1,96,0,0,0,0,0,0
485,8,1,70,4,5,168,65,163,224,0
813,8,128,0,4,32,172,1,0,32,0
1694,8,4,64,4,125,31,192,21,66,0
293,8,144,0,64,223,64,191,197,96,0
1277,8,17,59,10,83,79,11,74,8,0
852,8,32,15,64,0,0,1,189,128,0
1505,8,137,54,224,7,10,0,176,128,0
651,8,0,0,0,0,0,0,0,0,0
167,8,0,81,13,165,49,45,160,160,0
722,8,0,0,64,0,0,0,0,0,0
1372,8,16,27,0,0,65,130,48,0,0
1644,8,0,128,16,0,24,0,0,32,0
622,8,1,6,64,130,137,18,10,4,0
208,8,90,80,4,102,20,2,219,0,0
244,8,154,12,1,2,4,177,2,64,0
14,8,32,84,22,2,8,9,115,164,0
51,8,18,46,249,37,30,193,39,208,0
403,8,0,8,8,3,232,8,0,0,0
263,8,0,0,0,0,0,0,0,0,0
526,8,78,32,7,161,108,191,207,231,0
1314,8,223,127,208,0,123,72,0,28,0
870,8,128,157,200,2,1,71,206,56,0
1408,8,0,0,0,6,4,135,251,112,0
1076,8,4,10,32,170,75,88,77,96,0
1760,8,2,122,2,116,2,121,2,122,0
241,8,62,16,28,192,3,89,204,0,0
293,8,144,0,64,223,64,191,167,96,0
1176,8,132,0,32,0,23,128,183,7,0
560,8,246,0,0,2,212,0,18,0,0
737,8,0,0,0,0,0,0,0,4,0
852,8,32,15,64,0,0,1,182,0,0
1505,8,137,54,192,7,10,0,180,128,0
354,8,36,72,2,100,64,18,31,201,0
167,8,0,81,13,37,49,45,160,160,0
961,8,123,85,31,188,92,135,169,46,0
1255,8,0,0,0,21,3,108,0,0,0
14,8,32,84,22,2,8,9,115,172,0
339,8,0,0,0,0,0,12,0,10,0
1634,8,76,128,0,0,64,0,0,0,0
1668,8,76,212,128,89,65,94,208,30,0
1590,8,36,156,38,129,12,9,112,0,0
727,8,16,0,96,216,0,0,0,8,0
412,8,24,158,32,9,2,0,40,80,0
208,8,98,80,4,96,19,2,219,0,0
51,8,18,54,241,32,15,1,39,208,0
628,8,88,242,44,240,80,124,173,237,0
1760,8,2,121,2,114,2,121,2,122,0
192,8,96,0,0,0,0,0,0,0,0
996,8,0,212,0,0,132,0,0,0,0
1628,8,64,8,18,165,137,128,0,0,0
1694,8,4,64,4,125,31,192,21,66,0
293,8,144,0,64,223,64,191,137,96,0
705,8,1,243,47,199,199,31,206,60,0
1399,8,0,0,8,0,0,0,1,70,0
852,8,32,15,64,0,0,1,182,0,0
1505,8,137,54,192,7,10,0,180,128,0
651,8,0,0,0,0,0,0,0,0,0
167,8,0,81,15,37,49,45,160,160,0
1031,8,56,142,95,240,0,1,153,160,0
661,8,0,0,0,0,0,0,24,64,0
208,8,106,80,4,96,18,2,219,0,0
14,8,32,84,22,2,8,9,115,164,0
51,8,18,54,233,32,15,65,39,208,0
953,8,32,4,114,1,36,143,28,66,0
403,8,0,8,8,3,232,8,0,0,0
263,8,0,0,0,0,0,0,0,0,0
526,8,78,32,7,161,109,63,207,247,0
1314,8,223,127,208,0,122,208,0,28,0
870,8,128,157,200,2,1,71,206,56,0
1408,8,0,0,0,5,253,7,251,112,0
1076,8,4,34,160,170,123,136,125,144,0
1760,8,2,117,2,118,2,121,2,122,0
186,8,6,168,43,4,16,0,6,140,0
65,8,128,34,0,32,1,0,0,0,0
293,8,144,0,64,223,64,191,107,96,0
541,8,0,0,0,0,0,1,0,0,0
1176,8,132,0,32,0,22,128,183,8,0
60,8,0,0,4,0,50,0,0,0,0
1124,8,0,2,64,0,0,144,20,90,0
519,8,4,0,32,64,42,222,193,24,0
737,8,0,0,0,0,0,0,0,4,0
852,8,32,15,0,0,0,1,175,0,0
1505,8,137,54,192,7,10,0,184,128,0
354,8,36,72,2,100,64,18,31,201,0
167,8,0,81,14,37,49,45,160,160,0
1225,8,1,249,21,130,13,2,246,11,0
470,8,2,13,130,128,48,36,5,0,0
692,8,20,234,3,0,0,0,88,0,0
560,8,245,0,0,2,212,0,20,0,0
339,8,0,0,0,0,0,12,0,10,0
1634,8,76,128,0,0,64,0,0,0,0
14,8,32,84,22,2,8,9,115,152,0
412,8,28,154,32,9,2,0,40,80,0
208,8,114,80,4,96,17,2,219,0,0
51,8,18,54,225,36,111,129,39,208,0
628,8,88,242,46,238,80,124,173,237,0
1760,8,2,120,2,120,2,121,2,122,0
192,8,96,0,0,0,0,0,0,0,0
1694,8,4,64,4,125,31,192,21,66,0
293,8,144,0,64,223,64,191,77,96,0
961,8,123,85,31,188,92,8,41,46,0
852,8,32,15,0,0,0,2,24,0,0
1505,8,137,54,192,7,10,0,180,128,0
651,8,0,0,0,0,0,0,0,0,0
167,8,0,81,15,37,49,45,160,160,0
61,8,0,1,134,0,0,0,0,0,0
208,8,122,80,4,98,16,2,219,0,0
51,8,18,30,217,29,111,193,39,208,0
14,8,32,84,22,2,8,9,115,164,0
403,8,0,8,8,3,232,8,0,0,0
263,8,0,0,0,0,0,0,0,0,0
526,8,78,32,7,161,108,63,208,7,0
1314,8,223,127,208,0,122,88,0,28,0
870,8,128,93,200,2,1,71,206,56,0
1408,8,0,0,0,5,253,135,251,96,0
1076,8,4,66,160,170,139,184,173,192,0
1760,8,2,124,2,121,2,122,2,122,0
663,8,17,0,0,32,0,2,81,16,0
293,8,144,0,64,223,64,191,47,96,0
1455,8,32,192,0,0,0,32,0,0,0
1176,8,132,0,32,0,21,128,183,9,0
813,8,128,0,4,32,172,1,0,32,0
1277,8,17,70,10,83,93,13,74,8,0
560,8,244,0,0,2,212,0,22,0,0
737,8,0,0,0,0,0,0,0,4,0
852,8,32,15,0,0,0,2,24,0,0
1505,8,137,54,192,7,10,0,180,128,0
354,8,36,72,2,100,64,18,31,201,0
167,8,0,81,14,37,49,45,160,160,0
339,8,0,0,0,0,0,12,0,10,0
661,8,0,0,0,0,0,0,24,64,0
14,8,32,84,22,2,8,9,115,164,0
1634,8,76,128,0,0,64,0,0,0,0
412,8,0,180,32,9,66,0,40,80,0
208,8,2,80,4,98,31,2,219,0,0
51,8,18,31,81,29,108,1,39,208,0
628,8,88,242,32,252,80,124,173,237,0
1760,8,2,124,2,120,2,122,2,122,0
192,8,96,0,0,0,0,0,0,0,0
1413,8,0,64,0,0,0,2,0,24,0
1694,8,4,64,4,125,31,192,21,66,0
293,8,144,0,64,223,64,191,17,96,0
852,8,32,15,0,0,0,2,16,128,0
1505,8,137,54,192,7,10,0,176,128,0
651,8,0,0,0,0,0,0,0,0,0
167,8,0,81,14,37,49,45,160,160,0
458,8,63,249,255,128,0,0,12,56,0
961,8,123,85,31,187,156,8,233,46,0
208,8,10,80,4,100,30,2,219,0,0
51,8,18,39,73,36,12,65,39,208,0
14,8,32,84,22,2,8,9,115,172,0
1399,8,0,0,8,0,0,0,1,70,0
403,8,0,8,8,3,232,8,0,0,0
263,8,0,0,0,0,0,0,0,0,0
526,8,78,32,3,161,110,63,240,7,0
1314,8,223,127,208,0,121,224,0,28,0
870,8,128,157,200,2,1,71,206,56,0
1408,8,0,0,0,5,246,7,251,96,0
1076,8,4,104,0,170,187,232,221,208,0
1760,8,2,122,2,118,2,122,2,123,0
186,8,6,152,43,68,16,0,6,140,0
293,8,144,0,64,223,64,190,243,96,0
1176,8,132,0,32,0,19,128,183,74,0
560,8,243,0,0,2,212,0,24,0,0
1459,8,4,0,0,0,0,0,4,0,0
737,8,0,0,0,0,0,0,0,4,0
852,8,32,15,0,0,0,2,1,128,0
1505,8,137,54,160,7,10,0,172,128,0
354,8,36,72,2,100,64,18,31,201,0
167,8,0,81,16,165,49,45,160,160,0
675,8,16,0,2,132,116,128,60,8,0
339,8,0,0,0,0,0,12,0,10,0
1634,8,76,128,0,0,64,0,0,0,0
14,8,32,84,22,2,8,9,115,190,0
412,8,4,176,32,9,66,0,40,80,0
208,8,18,80,4,100,28,2,220,0,0
51,8,18,39,65,34,12,129,39,208,0
628,8,88,242,34,250,80,124,173,239,0
1760,8,2,126,2,118,2,123,2,123,0
192,8,96,0,0,0,0,0,0,0,0
1694,8,4,64,4,125,31,192,21,66,0
293,8,144,0,64,223,64,190,213,96,0
852,8,32,15,0,0,0,2,1,128,0
1505,8,137,54,160,7,10,0,172,128,0
651,8,0,0,0,0,0,0,0,0,0
1788,8,0,0,7,58,210,186,32,0,0
167,8,0,81,16,37,49,45,160,160,0
569,8,0,0,0,103,160,0,58,0,0
661,8,0,0,0,0,0,0,24,64,0
208,8,26,79,4,100,27,2,220,0,0
14,8,32,84,22,2,8,9,115,184,0
51,8,18,39,57,34,12,193,39,208,0
215,8,0,0,2,0,128,0,0,0,0
403,8,0,8,8,3,232,8,0,0,0
263,8,0,0,0,0,0,0,0,0,0
526,8,78,32,3,161,110,191,239,255,0
1314,8,223,127,208,0,121,104,0,28,0
870,8,128,157,200,2,1,71,206,56,0
1408,8,0,0,0,5,238,135,251,96,0
1076,8,0,0,0,170,235,248,238,0,0
1760,8,2,125,2,118,2,123,2,124,0
1176,8,132,0,32,0,17,128,183,139,0
293,8,144,0,64,223,64,190,183,96,0
560,8,242,0,0,2,212,0,26,0,0
961,8,123,85,31,187,155,137,105,46,0
737,8,0,0,0,0,0,0,0,4,0
852,8,32,15,64,0,0,1,242,0,0
1505,8,137,54,160,7,10,0,168,128,0
354,8,36,72,2,100,64,18,31,201,0
167,8,0,81,15,165,49,45,160,160,0
1175,8,0,0,0,0,0,0,0,0,0
339,8,0,0,0,0,0,12,0,10,0
14,8,32,84,22,2,8,9,115,196,0
1634,8,76,96,0,0,64,0,0,0,0
412,8,8,172,32,9,66,0,40,80,0
208,8,34,79,4,102,25,2,221,0,0
51,8,18,23,49,34,13,1,39,208,0
628,8,88,242,36,248,80,124,173,239,0
1760,8,2,121,2,121,2,125,2,125,0
192,8,96,0,0,0,0,0,0,0,0
738,8,24,8,13,64,64,0,1,24,0
837,8,5,2,2,194,60,119,64,129,0
1072,8,0,63,68,140,88,128,17,160,0
304,8,0,1,96,0,0,0,0,0,0
1227,8,128,0,0,0,0,0,0,0,0
813,8,128,0,4,32,172,1,0,32,0
640,8,24,224,2,112,0,0,0,0,0
1694,8,4,64,4,125,31,192,21,66,0
293,8,144,0,64,223,64,190,153,96,0
1277,8,17,73,10,83,97,13,202,8,0
852,8,32,15,64,0,0,1,242,0,0
1505,8,137,54,160,7,10,0,168,128,0
651,8,0,0,0,0,0,0,0,0,0
167,8,0,81,15,37,49,45,160,160,0
722,8,0,0,72,0,0,0,0,0,0
1644,8,0,128,16,0,24,0,0,32,0
622,8,1,6,64,130,137,18,10,4,0
208,8,42,79,4,102,24,2,221,0,0
244,8,154,12,1,2,4,177,2,64,0
14,8,32,84,22,2,8,9,115,184,0
51,8,18,23,41,36,109,65,39,208,0
403,8,0,8,8,3,232,8,0,0,0
263,8,0,0,0,0,0,0,0,0,0
526,8,78,32,7,161,110,191,239,255,0
1314,8,223,127,208,0,120,240,0,28,0
870,8,128,157,200,2,1,71,206,56,0
1408,8,0,0,0,5,231,7,251,96,0
1076,8,0,32,0,171,28,41,30,48,0
1760,8,2,121,2,123,2,126,2,125,0
186,8,6,152,43,132,16,0,6,140,0
293,8,144,0,64,223,64,190,123,96,0
1176,8,132,0,32,0,14,128,184,12,0
560,8,241,0,0,2,212,0,28,0,0
737,8,0,0,0,0,0,0,0,4,0
852,8,32,15,64,0,0,1,227,0,0
1505,8,137,54,160,7,10,0,168,128,0
354,8,36,72,2,100,64,18,31,201,0
167,8,0,81,11,165,49,45,160,160,0
961,8,123,85,31,187,218,138,41,46,0
14,8,32,84,22,2,8,9,115,158,0
1255,8,0,0,0,20,3,108,0,0,0
339,8,0,0,0,0,0,12,0,10,0
661,8,0,0,0,0,0,0,24,64,0
1634,8,76,96,0,0,64,0,0,0,0
1668,8,76,212,127,217,65,95,16,30,0
1590,8,36,156,39,65,12,9,128,0,0
727,8,16,0,96,216,0,0,0,8,0
412,8,12,170,32,9,2,0,40,80,0
208,8,50,79,4,96,21,2,223,0,0
51,8,18,23,33,36,109,129,39,208,0
628,8,88,242,38,246,80,124,173,239,0
1760,8,2,122,2,122,2,126,2,126,0
192,8,96,0,0,0,0,0,0,0,0
1694,8,4,64,4,125,31,192,21,66,0
293,8,144,0,64,223,64,190,93,96,0
996,8,0,212,0,0,132,0,0,0,0
1628,8,64,8,18,165,137,160,0,0,0
1399,8,0,0,8,0,0,0,1,70,0
852,8,32,15,64,0,0,1,212,0,0
1505,8,137,54,160,7,10,0,168,128,0
651,8,0,0,0,0,0,0,0,0,0
167,8,0,81,12,37,49,45,160,160,0
1031,8,56,142,95,240,0,1,153,160,0
705,8,1,244,175,199,201,159,150,82,0
208,8,58,79,4,96,20,2,223,0,0
51,8,18,23,25,29,29,193,39,208,0
14,8,32,84,22,2,8,9,115,202,0
403,8,0,8,8,3,232,8,0,0,0
263,8,0,0,0,0,0,0,0,0,0
526,8,78,32,3,161,109,192,15,255,0
1314,8,223,127,208,0,120,120,0,28,0
870,8,128,93,200,2,1,71,206,56,0
1408,8,0,0,0,5,231,135,251,80,0
1076,8,0,86,128,171,44,89,78,96,0
1760,8,2,125,2,121,2,126,2,126,0
1176,8,132,0,32,0,12,128,184,77,0
1124,8,0,2,64,0,0,144,19,91,0
293,8,144,0,64,223,64,190,63,96,0
560,8,240,0,0,2,212,0,30,0,0
60,8,0,0,4,0,50,0,0,0,0
519,8,4,4,96,72,42,222,213,24,0
1225,8,1,249,21,130,13,3,246,75,0
470,8,2,139,192,128,52,116,5,144,0
692,8,20,234,3,0,0,0,88,0,0
737,8,0,0,0,0,0,0,0,4,0
852,8,32,15,64,0,0,1,212,0,0
1505,8,137,54,160,7,10,0,168,128,0
354,8,36,72,2,100,64,18,31,201,0
167,8,0,81,12,165,49,45,160,160,0
339,8,0,0,0,0,0,12,0,10,0
1634,8,76,96,0,0,64,0,0,0,0
14,8,32,84,22,2,8,9,115,208,0
412,8,16,166,32,9,2,0,40,80,0
208,8,66,79,4,96,18,2,224,0,0
51,8,18,23,17,36,110,1,39,208,0
628,8,88,242,40,244,80,124,173,237,0
1760,8,2,128,2,121,2,126,2,127,0
192,8,96,0,0,0,0,0,0,0,0
1694,8,4,64,4,125,31,192,21,66,0
293,8,144,0,64,223,64,160,1,96,0
961,8,123,85,31,187,26,202,169,46,0
852,8,32,15,64,0,0,1,204,128,0
1505,8,137,54,160,7,10,0,172,128,0
651,8,0,0,0,0,0,0,0,0,0
167,8,0,81,13,37,49,45,160,160,0
61,8,0,1,134,0,0,0,0,0,0
661,8,0,0,0,0,0,0,24,64,0
208,8,74,79,4,98,17,2,224,0,0
14,8,32,84,22,2,8,9,115,202,0
51,8,18,31,9,36,110,65,39,208,0
403,8,0,8,8,3,232,8,0,0,0
263,8,0,0,0,0,0,0,0,0,0
526,8,78,32,3,161,111,191,239,255,0
1314,8,223,127,208,0,127,128,0,28,0
870,8,128,157,200,2,1,71,206,56,0
1408,8,0,0,0,6,88,7,251,80,0
1076,8,0,119,128,171,92,137,126,112,0
1760,8,2,128,2,121,2,125,2,126,0
186,8,6,152,43,132,16,0,6,140,0
293,8,144,0,64,223,64,191,227,96,0
1307,8,41,9,24,63,1,6,8,1,0
1176,8,132,0,32,0,11,128,184,78,0
813,8,128,0,4,32,172,1,0,32,0
1277,8,17,71,10,83,95,13,202,8,0
560,8,255,0,0,2,212,0,0,0,0
737,8,0,0,0,0,0,0,0,4,0
852,8,32,15,64,0,0,1,189,128,0
1505,8,137,54,128,7,10,0,172,128,0
354,8,36,72,2,100,64,18,31,201,0
167,8,0,81,17,37,49,45,160,160,0
1372,8,16,27,0,0,65,130,48,0,0
339,8,0,0,0,0,0,12,0,10,0
14,8,32,84,22,2,8,9,115,196,0
1634,8,76,96,0,0,64,0,0,0,0
412,8,20,162,32,9,2,0,40,80,0
208,8,82,79,4,98,16,2,224,0,0
51,8,18,31,1,31,14,129,39,208,0
628,8,88,242,42,242,80,124,173,237,0
1760,8,2,127,2,122,2,127,2,125,0
192,8,96,0,0,0,0,0,0,0,0
1694,8,4,64,4,125,31,192,21,66,0
1413,8,0,64,0,0,0,2,0,24,0
293,8,144,0,64,223,64,191,197,96,0
852,8,32,15,64,0,0,1,189,128,0
1505,8,137,54,128,7,10,0,172,128,0
651,8,0,0,0,0,0,0,0,0,0
167,8,0,81,16,37,49,45,160,160,0
458,8,63,249,255,128,0,0,12,56,0
961,8,123,85,31,186,154,139,105,46,0
208,8,90,79,4,98,15,2,224,0,0
51,8,18,30,249,35,14,193,39,208,0
14,8,32,84,22,2,8,9,115,196,0
1399,8,0,0,8,0,0,0,1,70,0
403,8,0,8,8,3,232,8,0,0,0
263,8,0,0,0,0,0,0,0,0,0
526,8,78,32,3,161,112,191,239,255,0
1314,8,223,127,208,0,127,8,0,28,0
870,8,128,157,200,2,1,71,206,56,0
1408,8,0,0,0,6,80,135,251,80,0
1076,8,0,136,224,171,140,169,142,160,0
1760,8,2,125,2,122,2,129,2,126,0
1176,8,132,0,32,0,9,128,184,143,0
293,8,144,0,64,223,64,191,167,96,0
560,8,254,0,0,2,212,0,2,0,0
1459,8,4,0,0,0,0,0,4,0,0
737,8,0,0,0,0,0,0,0,4,0
852,8,32,15,64,0,0,1,182,0,0
1505,8,137,54,128,7,10,0,172,128,0
354,8,36,72,2,100,64,18,31,201,0
167,8,0,81,17,37,49,45,160,160,0
675,8,16,0,2,132,116,128,60,8,0
339,8,0,0,0,0,0,12,0,10,0
661,8,0,0,0,0,0,0,24,64,0
14,8,32,84,22,2,8,9,115,208,0
1634,8,76,96,0,0,64,0,0,0,0
412,8,24,158,32,9,2,0,40,80,0
208,8,98,79,4,100,13,2,225,0,0
51,8,18,22,241,35,15,1,39,208,0
628,8,88,242,44,240,80,124,173,237,0
1760,8,2,127,2,126,2,129,2,127,0
192,8,96,0,0,0,0,0,0,0,0
1694,8,4,64,4,125,31,192,21,66,0
293,8,144,0,64,223,64,191,137,96,0
852,8,32,15,64,0,0,1,182,0,0
1505,8,137,54,128,7,10,0,172,128,0
651,8,0,0,0,0,0,0,0,0,0
1788,8,0,0,7,60,146,186,32,0,0
167,8,0,81,16,165,49,45,160,160,0
569,8,0,0,0,103,128,0,58,0,0
208,8,106,79,4,100,12,2,225,0,0
51,8,18,22,233,34,191,65,39,208,0
14,8,32,84,22,2,8,9,115,196,0
215,8,0,0,2,0,128,0,0,0,0
403,8,0,8,8,3,232,8,0,0,0
263,8,0,0,0,0,0,0,0,0,0
526,8,78,31,255,161,112,63,239,255,0
1314,8,223,127,208,0,126,144,0,28,0
870,8,128,157,200,2,1,71,206,56,0
1408,8,0,0,0,6,73,7,251,80,0
1076,8,0,168,224,171,188,201,190,208,0
1760,8,2,126,2,122,2,129,2,128,0
186,8,6,152,43,196,16,0,6,140,0
293,8,144,0,64,223,64,191,107,96,0
1176,8,132,0,32,0,23,128,184,192,0
961,8,123,85,31,186,90,75,233,46,0
560,8,253,0,0,2,212,0,4,0,0
737,8,0,0,0,0,0,0,0,4,0
852,8,32,15,64,0,0,1,167,0,0
1505,8,137,54,128,7,10,0,176,128,0
354,8,36,72,2,100,64,18,31,201,0
167,8,0,81,13,37,49,45,160,160,0
1175,8,0,0,0,0,0,0,0,0,0
339,8,0,0,0,0,0,12,0,10,0
1634,8,76,96,0,0,64,0,0,0,0
14,8,32,84,22,2,8,9,115,202,0
412,8,28,154,32,9,2,0,40,64,0
208,8,114,79,4,102,10,2,226,0,0
51,8,18,14,225,31,95,129,39,208,0
628,8,88,242,46,238,80,124,173,237,0
1760,8,2,125,2,124,2,128,2,127,0
192,8,96,0,0,0,0,0,0,0,0
738,8,24,8,13,64,64,0,1,24,0
837,8,5,2,2,194,60,119,64,129,0
1072,8,0,63,68,140,88,128,17,160,0
304,8,0,1,96,0,0,0,0,0,0
778,8,64,45,112,1,212,6,50,0,0
452,8,0,2,2,0,1,64,0,0,0
676,8,54,220,0,28,4,8,152,208,0
1694,8,4,64,4,125,31,192,21,66,0
293,8,144,0,64,223,64,191,77,96,0
813,8,128,0,4,32,172,1,0,32,0
1277,8,17,66,10,83,89,12,202,8,0
852,8,32,15,64,0,0,2,16,0,0
1505,8,137,54,128,7,10,0,176,128,0
651,8,0,0,0,0,0,0,0,0,0
167,8,0,81,14,165,49,45,144,160,0
722,8,0,0,80,0,0,0,0,0,0
1644,8,0,128,16,0,24,0,0,32,0
661,8,0,0,0,0,0,0,24,64,0
14,8,32,84,22,2,8,9,115,208,0
244,8,154,12,1,2,4,177,2,64,0
208,8,122,79,4,102,9,2,226,0,0
403,8,0,8,8,3,232,8,0,0,0
526,8,78,32,3,161,112,63,239,247,0
1314,8,223,127,208,0,126,24,0,28,0
263,8,0,0,0,0,0,0,0,0,0
51,8,18,14,217,31,95,193,39,208,0
870,8,128,157,200,2,1,71,206,56,0
622,8,1,6,64,130,137,18,10,4,0
1408,8,0,0,0,6,65,135,251,80,0
1076,8,0,199,32,171,236,249,239,0,0
293,8,144,0,64,223,64,191,47,96,0
1760,8,2,131,2,124,2,128,2,126,0
1176,8,132,0,32,0,23,128,184,129,0
426,8,144,190,189,68,161,99,230,64,0
560,8,252,0,0,2,212,0,6,0,0
737,8,0,0,0,0,0,0,0,4,0
852,8,32,15,64,0,0,2,16,0,0
1505,8,137,54,128,7,10,0,176,128,0
354,8,36,72,2,100,64,18,31,201,0
167,8,0,81,12,165,49,45,144,160,0
961,8,123,85,31,187,24,204,169,46,0
1255,8,0,0,0,20,3,108,0,0,0
339,8,0,0,0,0,0,12,0,10,0
14,8,32,84,22,2,8,9,115,190,0
1634,8,76,96,0,0,64,0,0,0,0
1668,8,76,212,127,153,65,95,16,30,0
1590,8,36,156,39,193,12,9,144,0,0
727,8,16,0,96,216,0,0,0,8,0
412,8,0,182,32,9,2,0,40,64,0
208,8,2,79,4,102,25,2,225,0,0
51,8,18,15,81,36,188,1,39,208,0
628,8,88,242,32,252,80,124,173,237,0
1760,8,2,130,2,122,2,128,2,126,0
192,8,96,0,0,0,0,0,0,0,0
996,8,0,212,0,0,132,0,0,0,0
1628,8,64,8,18,165,137,176,0,0,0
1694,8,4,64,4,125,31,192,21,66,0
293,8,144,0,64,223,64,191,17,96,0
1399,8,0,0,8,0,0,0,1,70,0
852,8,32,15,64,0,0,2,8,128,0
1505,8,137,54,128,7,10,0,176,128,0
651,8,0,0,0,0,0,0,0,0,0
167,8,0,81,13,37,49,45,144,160,0
1031,8,56,142,95,240,0,1,153,160,0
208,8,10,79,4,96,24,2,225,0,0
51,8,18,23,73,28,188,65,39,208,0
14,8,32,84,22,2,8,9,115,196,0
263,8,0,0,0,0,0,0,0,0,0
403,8,0,8,8,3,232,8,0,0,0
526,8,78,32,3,161,114,63,239,247,0
1314,8,223,127,208,0,125,160,0,28,0
870,8,128,221,200,2,1,71,206,56,0
1408,8,0,0,0,6,58,7,251,80,0
1076,8,0,231,0,171,253,42,31,48,0
1760,8,2,127,2,126,2,129,2,126,0
186,8,6,152,44,4,16,0,6,140,0
1176,8,132,0,32,0,22,128,184,130,0
1124,8,0,2,64,0,0,144,18,92,0
293,8,144,0,64,223,64,190,243,96,0
705,8,1,243,143,199,200,31,154,102,0
60,8,0,0,4,0,50,0,0,0,0
519,8,4,4,96,72,42,222,213,24,0
1225,8,1,249,21,130,13,2,246,75,0
737,8,0,0,0,0,0,0,0,4,0
852,8,32,15,64,0,0,1,249,128,0
1505,8,137,54,128,7,10,0,172,128,0
354,8,36,72,2,100,64,18,31,201,0
167,8,0,81,15,37,49,45,144,160,0
692,8,20,234,3,0,0,0,88,0,0
470,8,2,15,130,128,48,36,5,128,0
560,8,251,0,0,2,212,0,8,0,0
339,8,0,0,0,0,0,12,0,10,0
14,8,32,84,22,2,8,9,115,208,0
661,8,0,0,0,0,0,0,24,64,0
1634,8,76,96,0,0,64,0,0,0,0
412,8,4,178,32,9,2,0,40,64,0
208,8,18,79,4,96,23,2,225,0,0
51,8,18,23,65,28,188,129,39,208,0
628,8,88,242,34,250,80,124,173,237,0
1760,8,2,126,2,126,2,128,2,126,0
192,8,96,0,0,0,0,0,0,0,0
1694,8,4,64,4,125,31,192,21,66,0
293,8,144,0,64,223,64,190,213,96,0
961,8,123,85,31,187,24,77,41,46,0
852,8,32,15,64,0,0,1,249,128,0
1505,8,137,54,128,7,10,0,176,128,0
651,8,0,0,0,0,0,0,0,0,0
167,8,0,81,13,37,49,45,144,160,0
61,8,0,1,133,128,0,0,0,0,0
208,8,26,79,4,98,22,2,225,0,0
51,8,18,7,57,34,188,193,39,208,0
14,8,32,84,22,2,8,9,115,202,0
403,8,0,8,8,3,232,8,0,0,0
263,8,0,0,0,0,0,0,0,0,0
526,8,78,32,3,161,112,191,207,247,0
1314,8,223,127,208,0,125,40,0,28,0
870,8,128,157,200,2,1,71,206,56,0
1408,8,0,0,0,6,50,135,251,80,0
1076,8,1,5,160,172,45,74,79,64,0
1760,8,2,126,2,125,2,128,2,128,0
1176,8,132,0,32,0,20,128,184,195,0
293,8,144,0,64,223,64,190,183,96,0
813,8,128,0,4,32,172,1,0,32,0
1277,8,17,63,10,83,85,12,74,8,0
560,8,250,0,0,2,212,0,10,0,0
737,8,0,0,0,0,0,0,0,4,0
852,8,32,15,64,0,0,1,242,0,0
1505,8,137,54,128,7,10,0,168,128,0
354,8,36,72,2,100,64,18,31,201,0
167,8,0,81,15,165,49,45,144,160,0
339,8,0,0,0,0,0,12,0,10,0
1634,8,76,96,0,0,64,0,0,0,0
14,8,32,84,22,2,8,9,115,202,0
412,8,8,174,32,9,2,0,40,64,0
208,8,34,79,4,98,20,2,226,0,0
51,8,18,7,49,31,93,1,39,208,0
628,8,88,242,36,248,80,124,173,237,0
1760,8,2,127,2,124,2,128,2,128,0
192,8,96,0,0,0,0,0,0,0,0
1413,8,0,64,0,0,0,2,0,24,0
1694,8,4,64,4,125,31,192,21,66,0
293,8,144,0,64,223,64,190,153,96,0
852,8,32,15,64,0,0,1,242,0,0
1505,8,137,54,128,7,10,0,168,128,0
651,8,0,0,0,0,0,0,0,0,0
167,8,0,81,13,37,49,45,144,160,0
458,8,63,249,255,128,0,0,12,56,0
695,8,0,32,40,64,0,0,128,64,0
961,8,123,85,31,187,23,141,233,46,0
661,8,0,0,0,0,0,0,24,64,0
208,8,42,79,4,98,19,2,226,0,0
14,8,32,84,22,2,8,9,115,208,0
51,8,18,7,41,31,93,65,39,208,0
1399,8,0,0,8,0,0,0,1,70,0
403,8,0,8,8,3,232,8,0,0,0
263,8,0,0,0,0,0,0,0,0,0
526,8,78,32,3,161,112,191,207,247,0
1314,8,223,127,208,0,124,176,0,28,0
870,8,128,157,200,2,1,71,206,56,0
1408,8,0,0,0,6,51,7,251,64,0
1076,8,1,38,32,172,93,122,95,112,0
1760,8,2,130,2,124,2,129,2,128,0
186,8,6,152,44,4,16,0,6,140,0
293,8,144,0,64,223,64,190,123,96,0
1176,8,132,0,32,0,18,128,185,4,0
560,8,249,0,0,2,212,0,12,0,0
1459,8,4,0,0,0,0,0,4,0,0
737,8,0,0,0,0,0,0,0,4,0
852,8,32,15,64,0,0,1,227,0,0
1505,8,137,54,128,7,10,0,164,128,0
354,8,36,72,2,84,64,18,31,201,0
167,8,0,81,14,37,49,45,144,160,0
675,8,16,0,2,132,114,128,60,8,0
339,8,0,0,0,0,0,12,0,10,0
1634,8,76,96,0,0,64,0,0,0,0
14,8,32,84,22,2,8,9,115,220,0
412,8,12,170,32,9,2,0,40,64,0
208,8,50,79,4,100,17,2,227,0,0
51,8,18,23,33,35,13,129,39,208,0
628,8,88,242,38,246,80,124,173,237,0
1760,8,2,128,2,124,2,129,2,126,0
192,8,96,0,0,0,0,0,0,0,0
1694,8,4,64,4,125,31,192,21,66,0
293,8,144,0,64,223,64,190,93,96,0
852,8,32,15,64,0,0,1,212,0,0
1505,8,137,54,128,7,10,0,164,128,0
651,8,0,0,0,0,0,0,0,0,0
1788,8,0,0,7,61,18,186,40,0,0
167,8,0,81,16,165,49,45,144,160,0
569,8,0,0,0,103,64,0,58,32,0
208,8,58,79,4,100,16,2,227,0,0
51,8,18,23,25,34,189,193,39,208,0
14,8,32,84,22,2,8,9,115,208,0
215,8,0,0,2,0,128,0,0,0,0
403,8,0,8,8,3,232,8,0,0,0
263,8,0,0,0,0,0,0,0,0,0
526,8,78,32,7,161,113,191,207,239,0
1314,8,223,127,208,0,124,56,0,28,0
870,8,128,157,200,2,1,71,206,56,0
1408,8,0,0,0,6,43,135,251,64,0
1076,8,1,70,128,172,141,154,143,160,0
1760,8,2,128,2,124,2,128,2,128,0
1176,8,132,0,32,0,18,128,184,197,0
293,8,144,0,64,223,64,190,63,96,0
560,8,248,0,0,2,212,0,14,0,0
961,8,123,85,31,188,85,206,105,46,0
737,8,0,0,0,0,0,0,0,4,0
852,8,32,15,64,0,0,1,212,0,0
1505,8,137,54,96,7,10,0,168,128,0
354,8,36,72,2,84,64,18,31,201,0
167,8,0,81,14,165,49,45,144,160,0
1175,8,0,0,0,0,0,0,0,0,0
339,8,0,0,0,0,0,12,0,10,0
14,8,32,84,22,2,8,9,115,208,0
661,8,0,0,0,0,0,0,24,64,0
1634,8,76,64,0,0,64,0,0,0,0
412,8,16,166,32,9,2,0,40,64,0
208,8,66,79,4,100,16,2,226,0,0
51,8,18,23,17,34,190,1,39,208,0
628,8,88,242,40,244,80,124,173,237,0
1760,8,2,135,2,126,2,129,2,129,0
192,8,96,0,0,0,0,0,0,0,0
738,8,24,8,13,64,64,0,1,24,0
837,8,5,2,2,194,60,119,64,129,0
1072,8,0,63,68,140,88,128,17,160,0
304,8,0,1,96,0,0,0,0,0,0
1227,8,128,0,0,0,0,0,0,0,0
1694,8,4,64,4,125,31,192,21,66,0
293,8,144,0,64,223,64,160,1,96,0
640,8,24,224,2,112,0,0,0,0,0
813,8,128,0,4,32,172,1,0,32,0
1277,8,17,56,10,83,75,10,202,8,0
852,8,32,15,64,0,0,1,204,128,0
1505,8,137,54,96,7,10,0,164,128,0
651,8,0,0,0,0,0,0,0,0,0
167,8,0,81,15,165,49,45,144,160,0
722,8,0,0,8,0,0,0,0,0,0
1644,8,0,128,16,0,24,0,0,32,0
1372,8,16,27,0,0,65,130,48,0,0
208,8,74,79,4,102,15,2,226,0,0
14,8,32,84,22,2,8,9,115,214,0
51,8,18,15,9,31,14,65,39,208,0
244,8,154,12,1,2,4,177,2,64,0
403,8,0,8,8,3,232,8,0,0,0
263,8,0,0,0,0,0,0,0,0,0
526,8,78,32,7,161,114,191,175,239,0
1314,8,223,127,208,0,123,192,0,28,0
186,8,6,152,44,4,16,0,6,140,0
622,8,1,6,64,130,137,18,10,4,0
870,8,128,157,200,2,1,71,206,56,0
1408,8,0,0,0,6,36,7,251,64,0
1076,8,1,104,96,172,173,202,191,208,0
293,8,144,0,64,223,64,191,227,96,0
1760,8,2,129,2,128,2,130,2,128,0
6,8,8,0,0,100,0,0,0,0,0
1176,8,132,0,32,0,15,128,185,70,0
560,8,247,0,0,2,212,0,16,0,0
737,8,0,0,0,0,0,0,0,4,0
852,8,32,15,128,0,0,1,181,128,0
1505,8,137,54,96,7,10,0,172,128,0
354,8,36,72,2,84,64,18,31,201,0
167,8,0,81,14,37,49,45,144,160,0
961,8,123,85,31,187,149,207,41,46,0
1255,8,0,0,0,20,3,108,0,0,0
339,8,0,0,0,0,0,12,0,10,0
14,8,32,84,22,2,8,9,115,214,0
1634,8,76,64,0,0,64,0,0,0,0
1668,8,76,212,127,89,65,95,16,30,0
1590,8,36,156,40,65,12,137,160,0,0
727,8,16,0,96,216,0,0,0,8,0
412,8,20,162,32,9,2,0,40,64,0
208,8,82,79,4,102,12,2,228,0,0
51,8,18,15,1,36,110,129,39,208,0
628,8,88,242,42,242,80,124,173,237,0
1760,8,2,128,2,127,2,130,2,128,0
192,8,96,0,0,0,0,0,0,0,0
996,8,0,212,0,0,132,0,0,0,0
1628,8,64,8,18,165,137,208,0,0,0
1694,8,4,64,4,125,31,192,21,66,0
293,8,144,0,64,223,64,191,197,96,0
1399,8,0,0,8,0,0,0,1,70,0
852,8,32,15,128,0,0,1,181,128,0
1505,8,137,54,96,7,10,0,172,128,0
651,8,0,0,0,0,0,0,0,0,0
167,8,0,81,12,165,49,45,144,160,0
1031,8,56,142,95,240,0,1,153,160,0
117,8,15,50,0,15,174,30,224,0,0
661,8,0,0,0,0,0,0,24,64,0
208,8,90,79,4,96,11,2,228,0,0
14,8,32,84,22,2,8,9,115,208,0
51,8,18,14,249,36,110,193,39,208,0
403,8,0,8,8,3,232,8,0,0,0
263,8,0,0,0,0,0,0,0,0,0
526,8,78,32,3,161,114,63,207,247,0
1314,8,223,127,208,0,123,72,0,28,0
870,8,128,93,200,2,1,71,206,56,0
1408,8,0,0,0,6,28,135,251,64,0
1076,8,1,134,192,172,205,234,239,240,0
1760,8,2,128,2,125,2,131,2,128,0
1176,8,132,0,32,0,14,128,185,71,0
293,8,144,0,64,223,64,191,167,96,0
1124,8,0,2,64,0,0,144,17,93,0
60,8,0,0,4,0,51,0,0,0,0
519,8,4,4,96,72,42,222,213,24,0
1225,8,1,248,213,130,13,2,246,75,0
470,8,2,11,128,128,48,36,5,128,0
560,8,246,0,0,2,212,0,18,0,0
737,8,0,0,0,0,0,0,0,4,0
852,8,32,15,64,0,0,1,182,0,0
1505,8,137,54,96,7,10,0,176,128,0
354,8,36,72,2,84,64,18,31,201,0
167,8,0,81,14,165,49,45,144,160,0
692,8,20,234,3,0,0,0,88,0,0
58,8,0,0,0,0,0,29,8,0,0
705,8,1,243,175,199,205,159,108,124,0
339,8,0,0,0,0,0,12,0,10,0
14,8,32,84,22,2,8,9,115,208,0
1634,8,76,64,0,0,64,0,0,0,0
412,8,24,160,32,8,194,0,40,64,0
208,8,98,79,4,96,10,2,228,0,0
51,8,18,14,241,28,191,1,39,208,0
628,8,88,242,44,240,80,124,173,235,0
1760,8,2,130,2,128,2,130,2,128,0
192,8,96,0,0,0,0,0,0,0,0
1694,8,4,64,4,125,31,192,21,66,0
293,8,144,0,64,223,64,191,137,96,0
961,8,123,85,31,186,214,15,169,46,0
852,8,32,15,64,0,0,1,182,0,0
1505,8,137,54,96,7,10,0,176,128,0
651,8,0,0,0,0,0,0,0,0,0
167,8,0,81,13,165,49,45,144,160,0
61,8,0,1,133,128,0,0,0,0,0
1262,8,160,0,13,8,240,76,64,8,0
208,8,106,79,4,96,9,2,228,0,0
51,8,18,14,233,35,191,65,39,208,0
14,8,32,84,22,2,8,9,115,208,0
403,8,0,8,8,3,232,8,0,0,0
263,8,0,0,0,0,0,0,0,0,0
526,8,78,32,3,161,113,191,240,7,0
1314,8,223,127,208,0,122,208,0,28,0
870,8,128,93,200,2,1,71,206,56,0
1408,8,0,0,0,6,21,7,251,64,0
1076,8,1,166,0,172,254,27,16,16,0
1760,8,2,130,2,127,2,129,2,128,0
186,8,6,152,44,4,16,0,6,140,0
293,8,144,0,64,223,64,191,107,96,0
1307,8,40,12,65,1,40,0,1,33,0
1176,8,132,0,32,0,14,128,185,8,0
813,8,128,0,4,32,172,1,0,32,0
1277,8,17,71,10,84,95,13,202,8,0
560,8,245,0,0,2,212,0,20,0,0
737,8,0,0,0,0,0,0,0,4,0
852,8,32,15,64,0,0,1,167,0,0
1505,8,137,54,96,7,10,0,176,128,0
354,8,36,72,2,84,64,18,31,201,0
167,8,0,81,15,37,49,45,144,160,0
1693,8,128,141,207,176,79,193,252,177,0
339,8,0,0,0,0,0,12,0,10,0
661,8,0,0,0,0,0,0,24,64,0
14,8,32,84,22,2,8,9,115,202,0
1634,8,76,64,0,0,64,0,0,0,0
412,8,28,154,32,9,2,0,40,64,0
208,8,114,79,4,98,9,2,227,0,0
51,8,18,22,225,35,191,129,39,208,0
628,8,88,242,46,238,80,124,173,235,0
1760,8,2,133,2,127,2,129,2,128,0
192,8,96,0,0,0,0,0,0,0,0
1413,8,0,64,0,0,0,2,0,24,0
1694,8,4,64,4,125,31,192,21,66,0
293,8,144,0,64,223,64,191,77,96,0
852,8,32,15,64,0,0,2,16,0,0
1505,8,137,54,96,7,10,0,176,128,0
651,8,0,0,0,0,0,0,0,0,0
167,8,0,81,16,165,49,45,144,160,0
458,8,63,249,255,128,0,0,12,56,0
1512,8,0,0,2,4,0,57,176,0,0
961,8,123,85,31,188,83,208,105,46,0
208,8,122,79,4,98,8,2,227,0,0
51,8,18,22,217,33,15,193,39,208,0
14,8,32,84,22,2,8,9,115,202,0
1399,8,0,0,8,0,0,0,1,70,0
403,8,0,8,8,3,232,8,0,0,0
263,8,0,0,0,0,0,0,0,0,0
526,8,78,32,7,161,115,63,207,255,0
1314,8,223,127,208,0,122,88,0,28,0
870,8,128,157,200,2,1,71,206,56,0
1408,8,0,0,0,6,13,135,251,64,0
1076,8,1,198,64,173,46,75,32,64,0
1760,8,2,134,2,128,2,130,2,128,0
1176,8,132,0,32,0,13,128,185,9,0
293,8,144,0,64,223,64,191,47,96,0
560,8,244,0,0,2,212,0,22,0,0
1459,8,4,0,0,0,0,0,4,0,0
737,8,0,0,0,0,0,0,0,4,0
852,8,32,15,64,0,0,2,16,0,0
1505,8,137,54,96,7,10,0,172,128,0
354,8,36,72,2,84,64,18,31,201,0
167,8,0,81,16,37,49,45,144,160,0
675,8,16,0,2,132,112,128,60,8,0
339,8,0,0,0,0,0,12,0,10,0
1634,8,76,64,0,0,64,0,0,0,0
14,8,32,84,22,2,8,9,115,202,0
412,8,0,182,32,9,2,0,40,64,0
208,8,2,79,4,100,23,2,227,0,0
51,8,18,23,81,33,92,1,39,208,0
628,8,88,242,32,252,80,124,173,237,0
1760,8,2,134,2,130,2,132,2,129,0
192,8,96,0,0,0,0,0,0,0,0
1694,8,4,64,4,125,31,192,21,66,0
293,8,144,0,64,223,64,191,17,96,0
852,8,32,15,64,0,0,2,8,128,0
1505,8,137,54,96,7,10,0,172,128,0
651,8,0,0,0,0,0,0,0,0,0
1788,8,0,0,7,60,82,186,40,0,0
167,8,0,81,17,37,49,45,144,160,0
569,8,0,0,0,103,0,0,58,32,0
661,8,0,0,0,0,0,0,24,64,0
208,8,10,79,4,100,22,2,227,0,0
14,8,32,84,22,2,8,9,115,202,0
51,8,18,23,73,33,92,65,39,208,0
215,8,0,0,2,0,128,0,0,0,0
403,8,0,8,8,3,232,8,0,0,0
263,8,0,0,0,0,0,0,0,0,0
526,8,78,32,7,161,116,191,207,255,0
1314,8,223,127,208,0,121,224,0,28,0
870,8,128,157,200,2,1,71,206,56,0
1408,8,0,0,0,6,6,7,251,64,0
1076,8,1,229,160,173,78,107,80,112,0
1760,8,2,134,2,128,2,132,2,130,0
186,8,6,152,44,4,16,0,6,140,0
293,8,144,0,64,223,64,190,243,96,0
1176,8,132,0,32,0,10,128,185,138,0
961,8,123,85,31,188,19,144,233,46,0
560,8,243,0,0,2,212,0,24,0,0
737,8,0,0,0,0,0,0,0,4,0
852,8,32,15,64,0,0,1,249,128,0
1505,8,137,54,96,7,10,0,172,128,0
354,8,36,72,2,84,64,18,31,201,0
167,8,0,81,15,165,49,45,144,160,0
1175,8,0,0,0,0,0,0,0,0,0
339,8,0,0,0,0,0,12,0,10,0
1634,8,76,64,0,0,64,0,0,0,0
14,8,32,84,22,2,8,9,115,202,0
412,8,4,178,32,9,2,0,40,64,0
208,8,18,79,4,100,19,2,229,0,0
51,8,18,23,65,36,12,129,39,208,0
628,8,88,242,34,250,80,124,173,237,0
192,8,96,0,0,0,0,0,0,0,0
738,8,24,8,13,64,64,0,1,24,0
837,8,5,2,2,194,60,119,64,129,0
1760,8,2,136,2,130,2,133,2,130,0
1072,8,0,63,68,140,88,128,17,160,0
304,8,0,1,96,0,0,0,0,0,0
813,8,128,0,4,32,172,1,0,32,0
1277,8,17,63,10,84,85,12,74,8,0
1694,8,4,64,4,125,31,192,21,66,0
293,8,144,0,64,223,64,190,213,96,0
852,8,32,15,64,0,0,1,249,128,0
1505,8,137,54,96,7,10,0,172,128,0
651,8,0,0,0,0,0,0,0,0,0
167,8,0,81,13,37,49,45,144,160,0
722,8,0,0,16,0,0,0,0,0,0
1644,8,0,128,16,0,32,0,0,32,0
631,8,30,1,128,0,0,0,1,8,0
1560,8,251,125,190,255,247,119,191,221,0
208,8,26,79,4,102,18,2,229,0,0
51,8,18,15,57,29,188,193,39,208,0
14,8,32,84,22,2,8,9,115,202,0
244,8,154,12,1,2,4,177,2,64,0
263,8,0,0,0,0,0,0,0,0,0
403,8,0,8,8,3,232,8,0,0,0
526,8,78,32,3,161,117,63,207,255,0
1314,8,223,127,208,0,121,104,0,28,0
622,8,1,6,64,130,137,18,10,4,0
870,8,128,157,200,2,1,71,206,56,0
1408,8,0,0,0,5,254,135,251,64,0
1076,8,2,8,32,173,126,155,128,144,0
1760,8,2,130,2,128,2,132,2,130,0
293,8,144,0,64,223,64,190,183,96,0
1176,8,132,0,32,0,8,128,185,203,0
1398,8,127,248,0,0,63,252,31,192,0
560,8,242,0,0,2,212,0,26,0,0
737,8,0,0,0,0,0,0,0,4,0
852,8,32,15,64,0,0,1,242,0,0
1505,8,137,54,96,7,10,0,172,128,0
354,8,36,72,2,84,64,18,31,201,0
167,8,0,81,14,165,49,45,144,160,0
930,8,0,0,0,0,8,1,224,0,0
961,8,123,85,31,187,211,17,169,46,0
1255,8,0,0,0,20,3,108,0,0,0
339,8,0,0,0,0,0,12,0,10,0
14,8,32,84,22,2,8,9,115,196,0
661,8,0,0,0,0,0,0,24,64,0
1634,8,76,64,0,0,64,0,0,0,0
1668,8,76,212,127,153,65,95,16,30,0
1590,8,36,156,40,193,13,9,176,0,0
727,8,16,0,96,216,0,0,0,8,0
412,8,8,174,32,9,2,0,40,64,0
208,8,34,79,4,102,16,2,230,0,0
51,8,18,15,49,29,189,1,39,208,0
628,8,88,242,36,248,80,124,173,237,0
1760,8,2,134,2,128,2,131,2,130,0
192,8,96,0,0,0,0,0,0,0,0
996,8,0,212,0,0,132,0,0,0,0
1694,8,4,64,4,125,31,192,21,66,0
293,8,144,0,64,223,64,190,153,96,0
1628,8,64,8,18,165,137,240,0,0,0
1399,8,0,0,8,0,0,0,1,70,0
852,8,32,15,64,0,0,1,242,0,0
1505,8,137,54,96,7,10,0,172,128,0
651,8,0,0,0,0,0,0,0,0,0
167,8,0,81,12,37,49,45,144,160,0
1031,8,56,140,95,240,0,1,153,96,0
208,8,42,79,4,102,15,2,230,0,0
51,8,18,15,41,36,109,65,39,208,0
14,8,32,84,22,2,8,9,115,196,0
403,8,0,8,8,3,232,8,0,0,0
263,8,0,0,0,0,0,0,0,0,0
526,8,78,32,3,161,115,191,207,255,0
1314,8,223,127,208,0,120,240,0,28,0
870,8,128,93,200,2,1,71,206,56,0
1408,8,0,0,0,5,255,7,251,48,0
1076,8,2,40,32,173,158,187,176,192,0
1760,8,2,137,2,131,2,132,2,130,0
186,8,6,152,44,4,16,0,6,140,0
1176,8,132,0,32,0,8,128,185,140,0
1124,8,0,2,64,0,0,144,16,94,0
293,8,144,0,64,223,64,190,123,96,0
60,8,0,0,4,0,51,0,0,0,0
519,8,4,4,96,72,42,222,213,24,0
1225,8,1,249,21,130,13,2,246,75,0
470,8,6,15,130,128,48,36,5,128,0
737,8,0,0,0,0,0,0,0,4,0
852,8,32,15,64,0,0,1,227,0,0
1505,8,137,54,96,7,10,0,172,128,0
354,8,36,72,2,84,64,18,31,201,0
167,8,0,81,13,165,49,45,144,160,0
692,8,20,234,3,0,0,0,88,0,0
560,8,241,0,0,2,212,0,28,0,0
339,8,0,0,0,0,0,12,0,10,0
14,8,32,84,22,2,8,9,115,202,0
1634,8,76,64,0,0,64,0,0,0,0
412,8,12,170,32,9,2,0,40,64,0
208,8,50,79,4,96,15,2,229,0,0
51,8,18,23,33,29,189,129,39,208,0
628,8,88,242,38,246,80,124,173,237,0
1760,8,2,132,2,131,2,132,2,130,0
192,8,96,0,0,0,0,0,0,0,0
1331,8,237,127,207,126,255,246,239,127,0
1694,8,4,64,4,125,31,192,21,66,0
293,8,144,0,64,223,64,190,93,96,0
961,8,123,85,31,187,146,210,41,46,0
705,8,1,243,15,199,202,31,112,144,0
852,8,32,15,64,0,0,1,212,0,0
1505,8,137,54,96,7,10,0,168,128,0
651,8,0,0,0,0,0,0,0,0,0
167,8,0,81,14,165,49,45,144,160,0
61,8,0,1,133,128,0,0,0,0,0
661,8,0,0,0,0,0,0,24,64,0
208,8,58,79,4,96,14,2,229,0,0
14,8,32,84,22,2,8,9,115,190,0
51,8,18,23,25,29,189,193,39,208,0
403,8,0,8,8,3,232,8,0,0,0
263,8,0,0,0,0,0,0,0,0,0
526,8,78,32,3,161,117,191,207,255,0
1314,8,223,127,208,0,120,120,0,28,0
452,8,0,2,2,0,1,128,0,0,0
870,8,128,157,200,2,1,71,206,56,0
1408,8,0,0,0,5,247,135,251,48,0
1076,8,2,64,0,173,206,235,224,224,0
1760,8,2,132,2,129,2,133,2,131,0
293,8,144,0,64,223,64,190,63,96,0
676,8,78,30,1,28,4,8,152,208,0
1176,8,132,0,32,0,6,128,185,205,0
813,8,128,0,4,32,172,1,0,32,0
1277,8,17,71,10,83,95,13,202,8,0
560,8,240,0,0,2,212,0,30,0,0
737,8,0,0,0,0,0,0,0,4,0
852,8,32,15,64,0,0,1,212,0,0
1505,8,137,54,64,7,10,0,172,128,0
354,8,36,72,2,84,64,18,31,201,0
167,8,0,81,14,37,49,45,144,160,0
1372,8,16,27,0,0,65,130,48,0,0
339,8,0,0,0,0,0,12,0,10,0
1634,8,76,64,0,0,64,0,0,0,0
14,8,32,84,22,2,8,9,115,202,0
412,8,16,166,32,9,2,0,40,64,0
208,8,66,79,4,98,12,2,230,0,0
51,8,18,31,17,36,14,1,39,208,0
628,8,88,242,40,244,80,124,173,237,0
192,8,96,0,0,0,0,0,0,0,0
1760,8,2,132,2,129,2,134,2,132,0
1413,8,0,64,0,0,0,2,0,24,0
1694,8,4,64,4,125,31,192,21,66,0
293,8,144,0,64,223,64,160,1,96,0
852,8,32,15,128,0,0,1,196,128,0
1505,8,137,54,64,7,10,0,168,128,0
651,8,0,0,0,0,0,0,0,0,0
167,8,0,81,18,37,49,45,144,160,0
458,8,63,249,255,128,0,0,12,56,0
961,8,123,85,31,187,82,82,233,46,0
208,8,74,79,4,98,11,2,230,0,0
14,8,32,84,22,2,8,9,115,196,0
51,8,18,31,9,33,174,65,39,208,0
1399,8,0,0,8,0,0,0,1,70,0
403,8,0,8,8,3,232,8,0,0,0
263,8,0,0,0,0,0,0,0,0,0
526,8,78,32,3,161,116,191,239,255,0
1314,8,223,127,208,0,127,128,0,28,0
870,8,128,93,200,2,1,71,206,56,0
1408,8,0,0,0,6,104,7,251,48,0
1076,8,2,96,0,173,239,27,241,16,0
1760,8,2,135,2,131,2,134,2,132,0
186,8,6,152,44,4,16,0,6,140,0
1176,8,132,0,32,0,3,128,186,78,0
1049,8,10,155,70,77,4,95,195,47,0
293,8,144,0,64,223,64,191,227,96,0
560,8,255,0,0,2,212,0,0,0,0
1459,8,4,0,0,0,0,0,4,0,0
737,8,0,0,0,0,0,0,0,4,0
852,8,32,15,128,0,0,1,181,128,0
1505,8,137,54,64,7,10,0,172,128,0
354,8,36,72,2,84,64,18,31,201,0
167,8,0,81,16,165,49,45,144,160,0
675,8,16,0,2,132,112,128,60,8,0
339,8,0,0,0,0,0,12,0,10,0
661,8,0,0,0,0,0,0,24,64,0
14,8,32,84,22,2,8,9,115,190,0
1634,8,76,64,0,0,64,0,0,0,0
412,8,20,162,32,9,2,0,40,64,0
208,8,82,79,4,98,8,2,232,0,0
51,8,18,31,1,33,174,129,39,208,0
628,8,88,242,42,242,80,124,173,237,0
1760,8,2,137,2,132,2,135,2,133,0
192,8,96,0,0,0,0,0,0,0,0
1694,8,4,64,4,125,31,192,21,66,0
293,8,144,0,64,223,64,191,197,96,0
852,8,32,15,128,0,0,1,181,128,0
1505,8,137,54,64,7,10,0,172,128,0
651,8,0,0,0,0,0,0,0,0,0
1788,8,0,0,7,60,82,186,40,0,0
167,8,0,81,17,37,49,45,144,160,0
569,8,0,0,0,102,192,0,58,32,0
208,8,90,79,4,100,7,2,232,0,0
51,8,18,30,249,32,174,193,39,208,0
14,8,32,84,22,2,8,9,115,196,0
215,8,0,0,2,0,128,0,0,0,0
263,8,0,0,0,0,0,0,0,0,0
403,8,0,8,8,3,232,8,0,0,0
526,8,78,32,7,161,117,191,239,247,0
1314,8,223,127,208,0,127,8,0,28,0
870,8,128,157,200,2,1,71,206,56,0
1408,8,0,0,0,6,96,135,251,48,0
1076,8,2,138,128,174,31,60,33,48,0
1760,8,2,140,2,131,2,135,2,132,0
1176,8,132,0,32,0,2,128,186,79,0
293,8,144,0,64,223,64,191,167,96,0
961,8,123,85,31,188,17,19,105,46,0
560,8,254,0,0,2,212,0,2,0,0
737,8,0,0,0,0,0,0,0,4,0
852,8,32,15,128,0,0,1,174,0,0
1505,8,137,54,64,7,10,0,176,128,0
354,8,36,72,2,84,64,18,31,201,0
167,8,0,81,17,37,49,45,144,160,0
1175,8,0,0,0,0,0,0,0,0,0
339,8,0,0,0,0,0,12,0,10,0
1634,8,76,64,0,0,64,0,0,0,0
14,8,32,84,22,2,8,9,115,184,0
412,8,24,160,32,8,194,0,40,64,0
208,8,98,79,4,100,6,2,232,0,0
51,8,18,30,241,38,31,1,39,208,0
628,8,88,242,44,240,80,124,173,235,0
192,8,96,0,0,0,0,0,0,0,0
738,8,24,8,13,64,64,0,1,24,0
837,8,5,2,2,194,60,119,64,129,0
1760,8,2,137,2,132,2,135,2,134,0
1072,8,0,63,68,140,88,128,17,160,0
304,8,0,1,96,0,0,0,0,0,0
1227,8,128,0,0,0,0,0,0,0,0
813,8,128,0,4,32,172,1,0,32,0
640,8,24,224,2,112,0,0,0,0,0
1694,8,4,64,4,125,31,192,21,66,0
293,8,144,0,64,223,64,191,137,96,0
1277,8,17,66,10,83,89,12,202,8,0
852,8,32,15,128,0,0,1,174,0,0
1505,8,137,54,64,7,10,0,180,128,0
651,8,0,0,0,0,0,0,0,0,0
167,8,0,81,14,165,49,45,144,160,0
722,8,0,0,24,0,0,0,0,0,0
1644,8,0,128,16,0,24,0,0,32,0
661,8,0,0,0,0,0,0,24,64,0
208,8,106,79,4,102,5,2,232,0,0
14,8,32,84,22,2,8,9,115,190,0
51,8,18,38,233,38,31,65,39,208,0
244,8,154,12,1,2,4,177,2,64,0
263,8,0,0,0,0,0,0,0,0,0
403,8,0,8,8,3,232,8,0,0,0
526,8,78,32,3,161,119,191,239,247,0
1314,8,223,127,208,0,126,144,0,28,0
186,8,6,152,44,4,16,0,6,140,0
622,8,1,6,64,130,137,18,10,4,0
870,8,128,157,200,2,1,71,206,56,0
293,8,144,0,64,223,64,191,107,96,0
1408,8,0,0,0,6,97,7,251,32,0
1076,8,2,170,32,174,79,92,81,96,0
1760,8,2,134,2,131,2,136,2,134,0
241,8,62,16,28,192,3,89,204,0,0
1176,8,132,0,32,0,16,128,186,128,0
560,8,253,0,0,2,212,0,4,0,0
737,8,0,0,0,0,0,0,0,4,0
852,8,32,15,128,0,0,1,159,0,0
1505,8,137,54,64,7,10,0,180,128,0
354,8,36,72,2,84,64,18,31,201,0
167,8,0,81,17,37,49,45,144,160,0
961,8,123,85,31,187,81,20,41,46,0
1255,8,0,0,0,20,3,108,0,0,0
339,8,0,0,0,0,0,12,0,10,0
14,8,32,84,22,2,8,9,115,172,0
1634,8,76,64,0,0,64,0,0,0,0
1668,8,76,212,128,89,65,95,16,30,0
1590,8,36,156,41,129,12,137,192,0,0
727,8,16,0,96,216,0,0,0,8,0
412,8,28,156,32,8,194,0,40,64,0
208,8,114,79,4,102,3,2,233,0,0
51,8,18,38,225,30,95,129,39,208,0
628,8,88,242,46,238,80,124,173,235,0
1760,8,2,135,2,130,2,136,2,134,0
192,8,96,0,0,0,0,0,0,0,0
996,8,0,212,0,0,132,0,0,0,0
1628,8,64,8,18,165,138,16,0,0,0
1399,8,0,0,8,0,0,0,1,70,0
1694,8,4,64,4,125,31,192,21,66,0
293,8,144,0,64,223,64,191,77,96,0
852,8,32,15,128,0,0,2,8,0,0
1505,8,137,54,64,7,10,0,184,128,0
651,8,0,0,0,0,0,0,0,0,0
167,8,0,81,16,37,49,45,144,160,0
1031,8,56,140,95,240,0,1,153,96,0
208,8,122,79,4,102,2,2,233,0,0
51,8,18,38,217,37,111,193,39,208,0
14,8,32,84,22,2,8,9,115,172,0
403,8,0,8,8,3,232,8,0,0,0
263,8,0,0,0,0,0,0,0,0,0
526,8,78,32,3,161,117,63,239,255,0
1314,8,223,127,208,0,126,24,0,28,0
870,8,128,29,200,2,1,71,206,56,0
1408,8,0,0,0,6,89,135,251,32,0
1076,8,2,202,160,174,111,140,129,144,0
1760,8,2,138,2,133,2,136,2,134,0
1176,8,132,0,32,0,14,128,186,193,0
293,8,144,0,64,223,64,191,47,96,0
1124,8,0,2,64,0,0,144,15,95,0
60,8,0,0,4,0,51,0,0,0,0
519,8,4,4,96,72,42,222,213,24,0
1225,8,1,248,213,130,13,2,246,75,0
470,8,2,11,128,128,48,36,5,128,0
560,8,252,0,0,2,212,0,6,0,0
737,8,0,0,0,0,0,0,0,4,0
852,8,32,15,128,0,0,2,8,0,0
1505,8,137,54,32,7,10,0,180,128,0
354,8,36,72,2,84,64,18,31,201,0
167,8,0,81,16,165,49,45,144,160,0
692,8,20,234,3,0,0,0,88,0,0
339,8,0,0,0,0,0,12,0,10,0
661,8,0,0,0,0,0,0,24,64,0
14,8,32,84,22,2,8,9,115,158,0
1634,8,76,64,0,0,64,0,0,0,0
412,8,0,184,32,8,194,0,40,64,0
208,8,2,79,4,96,16,2,234,0,0
51,8,18,47,81,37,108,1,39,208,0
628,8,88,242,32,252,80,124,173,235,0
1760,8,2,137,2,133,2,136,2,134,0
192,8,96,0,0,0,0,0,0,0,0
1694,8,4,64,4,125,31,192,21,66,0
293,8,144,0,64,223,64,191,17,96,0
961,8,123,85,31,187,208,20,169,46,0
852,8,32,15,128,0,0,2,0,128,0
1505,8,137,54,32,7,10,0,184,128,0
651,8,0,0,0,0,0,0,0,0,0
167,8,0,81,17,165,49,45,144,160,0
61,8,0,1,133,0,0,0,0,0,0
705,8,1,243,143,199,200,31,90,166,0
208,8,10,79,4,96,15,2,234,0,0
51,8,18,47,73,32,12,65,39,208,0
14,8,32,84,22,2,8,9,115,158,0
403,8,0,8,8,3,232,8,0,0,0
263,8,0,0,0,0,0,0,0,0,0
526,8,78,32,3,161,118,191,240,7,0
1314,8,223,127,208,0,125,160,0,28,0
870,8,128,93,200,2,1,71,206,56,0
1408,8,0,0,0,6,82,7,251,32,0
1076,8,2,234,160,174,159,188,161,192,0
1760,8,2,136,2,133,2,136,2,135,0
186,8,6,152,44,4,16,0,6,140,0
293,8,144,0,64,223,64,190,243,96,0
663,8,17,0,0,32,0,2,81,16,0
1307,8,8,2,135,77,139,48,0,1,0
1176,8,132,0,32,0,13,128,186,194,0
813,8,128,0,4,32,172,1,0,32,0
1277,8,17,69,10,84,93,13,74,8,0
560,8,251,0,0,2,212,0,8,0,0
737,8,0,0,0,0,0,0,0,4,0
852,8,32,15,128,0,0,1,241,128,0
1505,8,137,54,32,7,10,0,184,128,0
354,8,36,72,2,84,64,18,31,201,0
167,8,0,81,15,37,49,45,144,160,0
14,8,32,84,22,2,8,9,115,164,0
339,8,0,0,0,0,0,12,0,10,0
1634,8,76,64,0,0,64,0,0,0,0
412,8,4,180,32,8,194,0,40,64,0
208,8,18,79,4,98,14,2,234,0,0
51,8,18,31,65,35,188,129,39,208,0
628,8,88,242,34,250,80,124,173,235,0
192,8,96,0,0,0,0,0,0,0,0
1760,8,2,136,2,133,2,136,2,136,0
1413,8,0,64,0,0,0,2,0,24,0
1694,8,4,64,4,125,31,192,21,66,0
293,8,144,0,64,223,64,190,213,96,0
852,8,32,15,128,0,0,1,241,128,0
1505,8,137,54,32,7,10,0,180,128,0
651,8,0,0,0,0,0,0,0,0,0
167,8,0,81,15,165,49,45,144,160,0
458,8,63,249,255,128,0,0,12,56,0
961,8,123,85,31,187,16,21,105,46,0
661,8,0,0,0,0,0,0,24,64,0
208,8,26,79,4,98,13,2,234,0,0
14,8,32,84,22,2,8,9,115,184,0
51,8,18,31,57,35,188,193,39,208,0
1399,8,0,0,8,0,0,0,1,72,0
403,8,0,8,8,3,232,8,0,0,0
263,8,0,0,0,0,0,0,0,0,0
526,8,78,32,3,161,118,63,207,247,0
1314,8,223,127,208,0,125,40,0,28,0
778,8,64,45,112,1,212,8,50,0,0
870,8,128,93,200,2,1,71,206,56,0
1408,8,0,0,0,6,82,135,251,16,0
1076,8,3,10,128,174,191,236,193,208,0
1760,8,2,138,2,134,2,136,2,135,0
293,8,144,0,64,223,64,190,183,96,0
1176,8,132,0,32,0,11,128,187,3,0
560,8,250,0,0,2,212,0,10,0,0
737,8,0,0,0,0,0,0,0,4,0
852,8,32,15,128,0,0,1,234,0,0
1505,8,137,54,32,7,10,0,180,128,0
354,8,36,72,2,84,64,18,31,201,0
167,8,0,81,14,165,49,45,144,160,0
1459,8,4,0,0,0,0,0,4,0,0
675,8,16,0,2,132,114,128,60,8,0
339,8,0,0,0,0,0,12,0,10,0
1634,8,76,64,0,0,64,0,0,0,0
14,8,32,84,22,2,8,9,115,164,0
412,8,8,176,32,8,194,0,40,64,0
208,8,34,79,4,98,11,2,235,0,0
51,8,18,31,49,37,205,1,39,208,0
628,8,88,242,36,248,80,124,173,235,0
192,8,96,0,0,0,0,0,0,0,0
1760,8,2,137,2,134,2,136,2,136,0
1694,8,4,64,4,125,31,192,21,66,0
293,8,144,0,64,223,64,190,153,96,0
852,8,32,15,128,0,0,1,234,0,0
1505,8,137,54,32,7,10,0,176,128,0
651,8,0,0,0,0,0,0,0,0,0
1788,8,0,0,7,58,210,186,48,0,0
167,8,0,81,15,165,49,45,144,160,0
569,8,0,0,0,102,160,0,58,32,0
208,8,42,79,4,100,10,2,235,0,0
51,8,18,55,41,32,93,65,39,208,0
14,8,32,84,22,2,8,9,115,172,0
215,8,0,0,2,0,128,0,0,0,0
403,8,0,8,8,3,232,8,0,0,0
263,8,0,0,0,0,0,0,0,0,0
526,8,78,32,3,161,118,191,143,247,0
1314,8,223,127,208,0,124,176,0,28,0
870,8,128,93,200,2,1,71,206,56,0
1408,8,0,0,0,6,75,7,251,16,0
1076,8,3,42,0,174,224,28,242,0,0
1760,8,2,135,2,132,2,137,2,136,0
186,8,6,152,44,4,16,0,6,140,0
293,8,144,0,64,223,64,190,123,96,0
1176,8,132,0,32,0,9,128,187,68,0
961,8,123,85,31,187,79,85,233,46,0
560,8,249,0,0,2,212,0,12,0,0
737,8,0,0,0,0,0,0,0,4,0
852,8,32,15,128,0,0,1,219,0,0
1505,8,137,54,0,7,10,0,176,128,0
354,8,36,72,2,84,64,18,31,201,0
167,8,0,81,18,165,49,45,144,160,0
692,8,20,234,4,0,0,0,88,0,0
1175,8,0,0,0,0,0,0,0,0,0
339,8,0,0,0,0,0,12,0,10,0
14,8,32,84,22,2,8,9,115,172,0
661,8,0,0,0,0,0,0,24,64,0
1634,8,76,64,0,0,64,0,0,0,0
412,8,12,172,32,8,194,0,40,64,0
208,8,50,79,4,100,8,2,236,0,0
51,8,18,55,33,32,93,129,39,208,0
628,8,88,242,38,246,80,124,173,235,0
1760,8,2,138,2,133,2,137,2,136,0
192,8,96,0,0,0,0,0,0,0,0
738,8,24,8,13,64,64,0,1,24,0
837,8,5,2,2,194,60,119,64,129,0
1072,8,0,63,68,140,88,128,17,160,0
304,8,0,1,96,0,0,0,0,0,0
813,8,128,0,4,32,172,1,0,32,0
1694,8,4,64,4,125,31,192,21,66,0
293,8,144,0,64,223,64,190,93,96,0
1277,8,17,69,10,83,93,13,74,8,0
852,8,32,15,128,0,0,1,204,0,0
1505,8,137,54,0,7,10,0,176,128,0
651,8,0,0,0,0,0,0,0,0,0
167,8,0,81,17,165,49,45,144,160,0
722,8,0,0,32,0,0,0,0,0,0
1644,8,0,128,16,0,24,0,0,32,0
1372,8,16,27,0,0,65,130,48,0,0
208,8,58,79,4,100,7,2,236,0,0
51,8,18,55,25,37,205,193,39,208,0
14,8,32,84,22,2,8,9,115,158,0
263,8,0,0,0,0,0,0,0,0,0
244,8,154,12,1,2,4,177,2,64,0
403,8,0,8,8,3,232,8,0,0,0
526,8,78,32,3,161,118,63,143,247,0
1314,8,223,127,208,0,124,56,0,28,0
248,8,126,223,244,253,73,251,167,184,0
870,8,128,29,200,2,1,71,206,56,0
293,8,144,0,64,223,64,190,63,96,0
1408,8,0,0,0,6,67,135,251,16,0
1076,8,3,74,160,175,16,45,34,48,0
1760,8,2,136,2,133,2,138,2,138,0
1176,8,132,0,32,0,7,128,187,133,0
622,8,1,6,64,130,137,18,10,4,0
560,8,248,0,0,2,212,0,14,0,0
737,8,0,0,0,0,0,0,0,4,0
852,8,32,15,128,0,0,1,204,0,0
1505,8,137,54,0,7,10,0,176,128,0
354,8,36,72,2,84,64,18,31,201,0
167,8,0,81,17,37,49,45,144,160,0
961,8,123,85,31,187,142,86,169,46,0
1255,8,0,0,0,20,3,108,0,0,0
339,8,0,0,0,0,0,12,0,10,0
14,8,32,84,22,2,8,9,115,152,0
1634,8,76,64,0,0,64,0,0,0,0
1668,8,76,212,127,25,65,95,16,30,0
1590,8,36,156,42,65,12,137,208,0,0
727,8,16,0,96,216,0,0,0,8,0
412,8,16,168,32,8,194,0,40,64,0
208,8,66,79,4,102,5,2,237,0,0
51,8,18,39,17,29,190,1,39,208,0
628,8,88,242,40,244,80,124,173,235,0
1760,8,2,139,2,132,2,138,2,138,0
192,8,96,0,0,0,0,0,0,0,0
37,8,0,0,2,136,64,64,14,1,0
996,8,0,212,0,0,132,0,0,0,0
1628,8,64,8,18,165,138,32,0,0,0
1694,8,4,64,4,125,31,192,21,66,0
293,8,144,0,64,223,64,160,1,96,0
1399,8,0,0,8,0,0,0,1,72,0
852,8,32,15,128,0,0,1,196,128,0
1505,8,137,54,0,7,10,0,176,128,0
651,8,0,0,0,0,0,0,0,0,0
167,8,0,81,15,165,49,45,144,160,0
1031,8,56,140,95,240,0,1,153,96,0
661,8,0,0,0,0,0,0,24,64,0
208,8,74,79,4,102,4,2,237,0,0
14,8,32,84,22,2,8,9,115,172,0
51,8,18,39,9,29,190,65,39,208,0
403,8,0,8,8,3,232,8,0,0,0
526,8,78,32,3,161,118,191,143,239,0
1314,8,223,127,208,0,123,192,0,28,0
263,8,0,0,0,0,0,0,0,0,0
870,8,128,29,200,2,1,71,206,56,0
1408,8,0,0,0,6,68,7,251,0,0
1076,8,3,106,160,175,64,93,66,96,0
1760,8,2,142,2,134,2,139,2,139,0
186,8,6,152,44,4,16,0,6,140,0
293,8,144,0,64,223,64,191,227,96,0
1176,8,132,0,32,0,5,128,187,198,0
60,8,0,0,4,0,50,0,0,0,0
1124,8,0,2,64,0,0,144,30,80,0
519,8,4,4,224,88,42,222,213,24,0
1225,8,1,249,21,130,13,2,246,75,0
470,8,2,15,130,128,48,36,5,128,0
560,8,247,0,0,2,212,0,16,0,0
737,8,0,0,0,0,0,0,0,4,0
852,8,32,15,128,0,0,1,181,128,0
1505,8,137,54,0,7,10,0,176,128,0
354,8,36,72,2,84,64,18,31,201,0
167,8,0,81,12,37,49,45,144,160,0
692,8,20,234,4,0,0,0,88,0,0
339,8,0,0,0,0,0,12,0,10,0
1634,8,76,64,0,0,64,0,0,0,0
14,8,32,84,22,2,8,9,115,172,0
412,8,20,164,32,8,194,0,40,64,0
208,8,82,79,4,96,2,2,238,0,0
51,8,18,39,1,36,14,129,39,208,0
628,8,88,242,42,242,80,124,173,235,0
192,8,96,0,0,0,0,0,0,0,0
1760,8,2,132,2,135,2,139,2,139,0
1694,8,4,64,4,125,31,192,21,98,0
293,8,144,0,64,223,64,191,197,96,0
961,8,123,85,31,187,14,87,41,46,0
852,8,32,15,128,0,0,1,181,128,0
1505,8,137,54,0,7,10,0,180,128,0
651,8,0,0,0,0,0,0,0,0,0
167,8,0,81,13,165,49,45,144,160,0
61,8,0,1,133,0,0,0,0,0,0
208,8,90,79,4,96,1,2,238,0,0
51,8,18,38,249,34,190,193,39,208,0
14,8,32,84,22,2,8,9,115,172,0
403,8,0,8,8,3,232,8,0,0,0
263,8,0,0,0,0,0,0,0,0,0
526,8,78,32,3,161,119,63,175,247,0
1314,8,223,127,208,0,123,72,0,28,0
813,8,128,0,4,32,172,1,0,32,0
870,8,128,29,200,2,1,71,206,56,0
1408,8,0,0,0,6,52,135,251,16,0
1076,8,3,128,0,175,80,141,114,144,0
1760,8,2,133,2,132,2,137,2,138,0
293,8,144,0,64,223,64,191,167,96,0
1176,8,132,0,32,0,4,128,187,199,0
705,8,1,243,15,199,203,31,66,186,0
1277,8,17,69,10,83,93,13,74,8,0
560,8,246,0,0,2,212,0,18,0,0
737,8,0,0,0,0,0,0,0,4,0
852,8,32,15,128,0,0,1,174,0,0
1505,8,137,53,224,7,10,0,176,128,0
354,8,36,72,2,84,64,18,31,201,0
167,8,0,81,13,37,49,45,144,160,0
339,8,0,0,0,0,0,12,0,10,0
661,8,0,0,0,0,0,0,24,64,0
14,8,32,84,22,2,8,9,115,184,0
1634,8,76,64,0,0,64,0,0,0,0
412,8,24,160,32,8,194,0,40,64,0
208,8,98,79,4,96,0,2,238,0,0
51,8,18,38,241,34,191,1,39,208,0
628,8,88,242,44,240,80,124,173,235,0
1760,8,2,142,2,133,2,139,2,138,0
192,8,96,0,0,0,0,0,0,0,0
1413,8,0,64,0,0,0,2,0,24,0
1694,8,4,64,4,125,31,192,21,98,0
293,8,144,0,64,223,64,191,137,96,0
852,8,32,15,128,0,0,1,174,0,0
1505,8,137,54,0,7,10,0,176,128,0
651,8,0,0,0,0,0,0,0,0,0
167,8,0,81,14,165,49,45,144,160,0
458,8,63,249,255,128,0,0,12,56,0
961,8,123,85,31,187,77,87,233,46,0
208,8,106,79,4,98,255,2,238,0,0
51,8,18,46,233,35,111,65,39,208,0
1399,8,0,0,8,0,0,0,1,72,0
14,8,32,84,22,2,8,9,115,196,0
403,8,0,8,8,3,232,8,0,0,0
263,8,0,0,0,0,0,0,0,0,0
526,8,78,32,3,161,118,191,207,255,0
1314,8,223,127,208,0,122,208,0,28,0
186,8,6,152,44,4,16,0,6,140,0
870,8,128,29,200,2,1,71,206,56,0
1408,8,0,0,0,6,45,7,251,16,0
1076,8,3,162,160,175,128,189,146,192,0
1760,8,2,140,2,133,2,140,2,137,0
293,8,144,0,64,223,64,191,107,96,0
1176,8,132,0,32,0,3,128,187,200,0
560,8,245,0,0,2,212,0,20,0,0
1459,8,4,0,0,0,0,0,4,0,0
737,8,0,0,0,0,0,0,0,4,0
852,8,32,15,128,0,0,1,159,0,0
1505,8,137,54,0,7,10,0,176,128,0
354,8,36,72,2,68,64,18,31,201,0
167,8,0,81,19,165,49,45,144,160,0
675,8,16,0,2,132,116,128,60,8,0
339,8,0,0,0,0,0,12,0,10,0
1634,8,76,64,0,0,64,0,0,0,0
14,8,32,84,22,2,8,9,115,184,0
412,8,28,156,32,8,194,0,40,64,0
208,8,114,79,4,98,254,2,238,0,0
51,8,18,46,225,37,207,129,39,208,0
628,8,88,242,46,238,80,124,173,235,0
192,8,96,0,0,0,0,0,0,0,0
1760,8,2,140,2,133,2,136,2,138,0
1694,8,4,64,4,125,31,192,21,66,0
293,8,144,0,64,223,64,191,77,96,0
852,8,32,15,128,0,0,2,8,0,0
1505,8,137,54,0,7,10,0,176,128,0
651,8,0,0,0,0,0,0,0,0,0
1788,8,0,0,7,59,18,186,48,0,0
167,8,0,81,17,165,65,45,144,160,0
569,8,0,0,0,102,128,0,58,32,0
661,8,0,0,0,0,0,0,24,64,0
208,8,122,79,4,100,253,2,238,0,0
14,8,32,84,22,2,8,9,115,184,0
51,8,18,46,217,37,207,193,39,208,0
215,8,0,0,2,0,128,0,0,0,0
403,8,0,8,8,3,232,8,0,0,0
263,8,0,0,0,0,0,0,0,0,0
526,8,78,32,3,161,120,63,207,255,0
1314,8,223,127,208,0,122,88,0,28,0
870,8,128,157,200,2,1,71,206,56,0
1408,8,0,0,0,6,37,135,251,16,0
1076,8,3,202,160,175,176,237,194,208,0
1760,8,2,138,2,132,2,139,2,141,0
293,8,144,0,64,223,64,191,47,96,0
1176,8,132,0,32,0,2,128,187,201,0
961,8,123,85,31,187,76,216,105,46,0
560,8,244,0,0,2,212,0,22,0,0
737,8,0,0,0,0,0,0,0,4,0
852,8,32,15,128,0,0,2,8,0,0
1505,8,137,54,0,7,10,0,176,128,0
354,8,36,72,2,68,64,18,31,201,0
167,8,0,81,19,165,49,45,144,160,0
1175,8,0,0,0,0,0,0,0,0,0
339,8,0,0,0,0,0,12,0,10,0
1634,8,76,64,0,0,64,0,0,0,0
14,8,32,84,22,2,8,9,115,152,0
412,8,0,184,32,8,194,0,40,64,0
208,8,2,79,4,100,12,2,238,0,0
51,8,18,47,81,30,12,1,39,208,0
628,8,88,242,32,252,80,124,173,235,0
192,8,96,0,0,0,0,0,0,0,0
738,8,24,8,13,64,64,0,1,24,0
837,8,5,2,2,194,60,119,64,129,0
1072,8,0,63,68,140,88,128,17,160,0
1760,8,2,136,2,139,2,143,2,141,0
304,8,0,1,96,0,0,0,0,0,0
1227,8,128,0,0,0,0,0,0,0,0
452,8,0,2,2,0,1,192,0,0,0
640,8,24,224,2,112,0,0,0,0,0
1694,8,4,64,4,125,31,192,21,98,0
293,8,144,0,64,223,64,191,17,96,0
676,8,46,140,2,28,4,8,152,208,0
813,8,128,0,4,32,172,1,0,32,0
1277,8,17,67,10,83,91,13,74,8,0
852,8,32,15,192,0,0,1,248,128,0
1505,8,137,54,0,7,10,0,180,128,0
651,8,0,0,0,0,0,0,0,0,0
167,8,0,81,17,37,49,45,144,160,0
722,8,0,0,40,0,0,0,0,0,0
1644,8,0,128,16,0,24,0,0,32,0
208,8,10,79,4,100,11,2,238,0,0
51,8,18,47,73,38,28,65,39,208,0
14,8,32,84,22,2,8,9,115,184,0
403,8,0,8,8,3,232,8,0,0,0
263,8,0,0,0,0,0,0,0,0,0
244,8,154,12,1,2,4,177,2,64,0
526,8,78,32,3,161,118,191,207,247,0
1314,8,223,127,208,0,121,224,0,28,0
186,8,6,152,45,196,16,0,6,140,0
870,8,128,29,200,2,1,71,206,56,0
622,8,1,6,64,130,137,18,10,4,0
293,8,144,0,64,223,64,190,243,96,0
1408,8,0,0,0,6,38,7,251,0,0
1076,8,3,226,32,175,225,29,227,0,0
1760,8,2,135,2,137,2,143,2,141,0
1176,8,132,0,32,0,253,128,188,202,0
560,8,243,0,0,2,212,0,24,0,0
737,8,0,0,0,0,0,0,0,4,0
852,8,32,15,128,0,0,1,241,128,0
1505,8,137,54,0,7,10,0,180,128,0
354,8,36,72,2,68,64,18,31,201,0
167,8,0,81,14,165,49,45,144,160,0
961,8,123,85,31,188,11,89,41,46,0
1255,8,0,0,0,20,3,108,0,0,0
14,8,32,84,22,2,8,9,115,184,0
339,8,0,0,0,0,0,12,0,10,0
661,8,0,0,0,0,0,0,24,64,0
1634,8,76,64,0,0,64,0,0,0,0
1668,8,76,212,127,217,65,95,16,30,0
1590,8,36,156,43,1,12,137,224,0,0
727,8,16,0,96,216,0,0,0,8,0
412,8,4,180,32,8,194,0,40,64,0
208,8,18,79,4,102,6,2,242,0,0
51,8,18,39,65,38,28,129,39,208,0
628,8,88,242,34,250,80,124,173,235,0
1760,8,2,137,2,134,2,143,2,141,0
192,8,96,0,0,0,0,0,0,0,0
1694,8,4,64,4,125,31,192,21,98,0
293,8,144,0,64,223,64,190,213,96,0
996,8,0,212,0,0,132,0,0,0,0
1628,8,64,8,18,165,138,48,0,0,0
1399,8,0,0,8,0,0,0,1,72,0
852,8,32,15,128,0,0,1,241,128,0
1505,8,137,54,0,7,10,0,180,128,0
651,8,0,0,0,0,0,0,0,0,0
167,8,0,81,15,165,49,45,144,160,0
1031,8,56,142,95,240,0,1,153,32,0
208,8,26,79,4,102,5,2,242,0,0
51,8,18,39,57,32,172,193,39,208,0
14,8,32,84,22,2,8,9,115,172,0
403,8,0,8,8,3,232,8,0,0,0
263,8,0,0,0,0,0,0,0,0,0
526,8,78,32,7,161,118,63,239,255,0
1314,8,223,127,208,0,121,104,0,28,0
1621,8,88,3,252,0,16,0,0,0,0
870,8,128,29,200,2,1,71,206,56,0
1408,8,0,0,0,6,30,135,251,0,0
1076,8,4,10,32,160,17,46,19,48,0
1760,8,2,143,2,135,2,141,2,141,0
293,8,144,0,64,223,64,190,183,96,0
60,8,0,0,4,0,50,0,0,0,0
1176,8,132,0,32,0,253,128,188,139,0
519,8,4,4,96,72,42,222,213,24,0
1225,8,1,249,21,130,13,2,246,75,0
1124,8,0,2,64,0,0,144,29,81,0
470,8,2,11,128,128,48,36,5,128,0
737,8,0,0,0,0,0,0,0,4,0
852,8,32,15,128,0,0,1,234,0,0
1505,8,137,53,224,7,10,0,184,128,0
354,8,36,72,2,68,64,18,31,201,0
167,8,0,81,12,165,49,45,144,160,0
692,8,20,234,4,0,0,0,88,0,0
560,8,242,0,0,2,212,0,26,0,0
339,8,0,0,0,0,0,12,0,10,0
1634,8,76,64,0,0,64,0,0,0,0
14,8,32,84,22,2,8,9,115,164,0
412,8,8,176,32,8,194,0,40,64,0
208,8,34,79,4,102,5,2,241,0,0
51,8,18,39,49,36,189,1,39,208,0
628,8,88,242,36,248,80,124,173,235,0
192,8,96,0,0,0,0,0,0,0,0
1760,8,2,141,2,135,2,140,2,142,0
1694,8,4,64,4,125,31,192,21,66,0
293,8,144,0,64,223,64,190,153,96,0
961,8,123,85,31,188,138,89,169,46,0
852,8,32,15,128,0,0,1,234,0,0
1505,8,137,53,224,7,10,0,180,128,0
651,8,0,0,0,0,0,0,0,0,0
167,8,0,81,15,37,49,45,144,160,0
61,8,0,1,133,0,0,0,0,0,0
661,8,0,0,0,0,0,0,24,64,0
208,8,42,79,4,96,4,2,241,0,0
14,8,32,84,22,2,8,9,115,172,0
51,8,18,47,41,36,189,65,39,208,0
263,8,0,0,0,0,0,0,0,0,0
403,8,0,8,8,3,232,8,0,0,0
526,8,78,32,7,161,120,63,208,15,0
1314,8,223,127,208,0,120,240,0,28,0
186,8,6,152,45,196,16,0,6,140,0
870,8,128,93,200,2,1,71,206,56,0
1408,8,0,0,0,6,23,7,251,0,0
1076,8,4,34,160,160,65,94,67,96,0
293,8,144,0,64,223,64,190,123,96,0
1760,8,2,139,2,136,2,141,2,142,0
1307,8,40,26,50,9,178,129,128,193,0
1176,8,132,0,32,0,252,128,188,140,0
813,8,128,0,4,32,172,1,0,32,0
1277,8,17,73,10,84,99,14,74,8,0
560,8,241,0,0,2,212,0,28,0,0
737,8,0,0,0,0,0,0,0,4,0
852,8,32,15,128,0,0,1,219,0,0
1505,8,137,53,224,7,10,0,180,128,0
354,8,36,72,2,68,64,18,31,201,0
167,8,0,81,15,37,49,45,144,160,0
1372,8,16,27,0,0,65,130,48,0,0
705,8,1,243,79,199,203,31,40,208,0
339,8,0,0,0,0,0,12,0,10,0
1634,8,76,64,0,0,64,0,0,0,0
14,8,32,84,22,2,8,9,115,164,0
412,8,12,172,32,8,194,0,40,64,0
208,8,50,79,4,96,3,2,241,0,0
51,8,18,47,33,34,93,129,39,208,0
628,8,88,242,38,246,80,124,173,235,0
1760,8,2,140,2,138,2,141,2,142,0
192,8,96,0,0,0,0,0,0,0,0
1413,8,0,64,0,0,0,2,0,24,0
1694,8,4,64,4,125,31,192,21,98,0
293,8,144,0,64,223,64,190,93,96,0
852,8,32,15,128,0,0,1,204,0,0
1505,8,137,53,224,7,10,0,180,128,0
651,8,0,0,0,0,0,0,0,0,0
167,8,0,81,14,37,49,45,144,160,0
458,8,63,249,255,128,0,0,12,56,0
961,8,123,85,31,188,10,26,105,46,0
208,8,58,79,4,98,2,2,241,0,0
51,8,18,23,25,31,173,193,39,208,0
14,8,32,84,22,2,8,9,115,172,0
1399,8,0,0,8,0,0,0,1,72,0
403,8,0,8,8,3,232,8,0,0,0
263,8,0,0,0,0,0,0,0,0,0
526,8,78,32,7,161,120,63,208,7,0
1314,8,223,127,208,0,120,120,0,28,0
870,8,128,93,200,2,1,71,206,56,0
1408,8,0,0,0,6,15,135,251,0,0
1076,8,4,66,160,160,81,142,115,144,0
1760,8,2,136,2,138,2,142,2,144,0
1176,8,132,0,32,0,250,128,188,205,0
293,8,144,0,64,223,64,190,63,96,0
560,8,240,0,0,2,212,0,30,0,0
1459,8,4,0,0,0,0,0,4,0,0
737,8,0,0,0,0,0,0,0,4,0
852,8,32,15,128,0,0,1,204,0,0
1505,8,137,53,224,7,10,0,176,128,0
354,8,36,72,2,68,64,18,31,201,0
167,8,0,81,15,37,49,45,144,160,0
675,8,16,0,2,132,116,128,60,8,0
339,8,0,0,0,0,0,12,0,10,0
14,8,32,84,22,2,8,9,115,172,0
661,8,0,0,0,0,0,0,24,64,0
1634,8,76,64,0,0,64,0,0,0,0
412,8,16,168,32,8,194,0,40,64,0
208,8,66,79,4,98,0,2,242,0,0
51,8,18,23,17,31,174,1,39,208,0
628,8,88,242,40,244,80,124,173,235,0
1760,8,2,143,2,138,2,143,2,144,0
192,8,96,0,0,0,0,0,0,0,0
1694,8,4,64,4,125,31,192,21,98,0
293,8,144,0,64,223,64,160,1,96,0
852,8,32,15,128,0,0,1,196,128,0
1505,8,137,53,224,7,10,0,176,128,0
651,8,0,0,0,0,0,0,0,0,0
1788,8,0,0,7,59,18,186,48,0,0
167,8,0,81,12,165,49,45,144,160,0
569,8,0,0,0,102,96,0,58,0,0
208,8,74,79,4,98,255,2,242,0,0
51,8,18,23,9,36,110,65,39,208,0
14,8,32,84,22,2,8,9,115,190,0
215,8,0,0,2,0,128,0,0,0,0
403,8,0,8,8,3,232,8,0,0,0
263,8,0,0,0,0,0,0,0,0,0
526,8,78,32,3,161,119,191,239,255,0
1314,8,223,127,208,0,127,128,0,28,0
186,8,6,168,45,132,16,0,6,140,0
870,8,128,29,200,2,1,71,206,56,0
1408,8,0,0,0,6,136,7,250,240,0
1076,8,4,104,0,160,129,190,147,160,0
1760,8,2,143,2,137,2,143,2,144,0
293,8,144,0,64,223,64,191,227,96,0
961,8,123,85,31,187,10,154,233,46,0
1176,8,132,0,32,0,248,128,189,14,0
560,8,255,0,0,2,212,0,0,0,0
737,8,0,0,0,0,0,0,0,4,0
852,8,32,15,128,0,0,1,181,128,0
1505,8,137,53,224,7,10,0,172,128,0
354,8,36,72,2,68,64,18,31,201,0
167,8,0,81,12,165,49,45,144,160,0
1175,8,0,0,0,0,0,0,0,0,0
339,8,0,0,0,0,0,12,0,10,0
1634,8,76,64,0,0,64,0,0,0,0
14,8,32,84,22,2,8,9,115,196,0
412,8,20,164,32,8,194,0,40,64,0
208,8,82,79,4,100,253,2,243,0,0
51,8,18,23,1,28,30,129,39,208,0
628,8,88,242,42,242,80,124,173,235,0
1760,8,2,144,2,139,2,143,2,143,0
192,8,96,0,0,0,0,0,0,0,0
738,8,24,8,13,64,64,0,1,24,0
837,8,5,2,2,194,60,119,64,129,0
1072,8,0,63,68,140,90,128,17,160,0
304,8,0,1,96,0,0,0,0,0,0
813,8,128,0,4,32,172,1,0,32,0
1277,8,17,75,10,83,101,14,74,8,0
1694,8,4,64,4,125,31,192,21,98,0
293,8,144,0,64,223,64,191,197,96,0
852,8,32,15,128,0,0,1,181,128,0
1505,8,137,53,224,7,10,0,172,128,0
651,8,0,0,0,0,0,0,0,0,0
167,8,0,81,13,165,49,45,144,160,0
722,8,0,0,48,0,0,0,0,0,0
1644,8,0,128,16,0,24,0,0,32,0
661,8,0,0,0,0,0,0,24,64,0
208,8,90,79,4,100,252,2,243,0,0
14,8,32,84,22,2,8,9,115,202,0
51,8,18,22,249,28,30,193,39,208,0
403,8,0,8,8,3,232,8,0,0,0
263,8,0,0,0,0,0,0,0,0,0
244,8,154,12,1,2,4,177,2,64,0
526,8,78,32,3,161,121,191,239,255,0
1314,8,223,127,208,0,127,8,0,28,0
870,8,128,157,200,2,1,71,206,56,0
1408,8,0,0,0,6,128,135,250,240,0
293,8,144,0,64,223,64,191,167,96,0
1076,8,0,0,0,160,177,222,179,208,0
1760,8,2,142,2,139,2,143,2,142,0
1176,8,132,0,32,0,248,128,188,207,0
560,8,254,0,0,2,212,0,2,0,0
737,8,0,0,0,0,0,0,0,4,0
852,8,32,15,128,0,0,1,174,0,0
1505,8,137,53,192,7,10,0,164,128,0
354,8,36,72,2,68,64,18,31,201,0
167,8,0,81,14,37,49,45,144,160,0
622,8,1,6,64,130,137,18,10,4,0
961,8,123,85,31,187,201,27,169,46,0
1255,8,0,0,0,20,3,108,0,0,0
339,8,0,0,0,0,0,12,0,10,0
14,8,32,84,22,2,8,9,115,196,0
1634,8,76,64,0,0,64,0,0,0,0
1668,8,76,212,129,25,65,95,16,30,0
1590,8,36,156,43,129,12,137,240,0,0
727,8,16,0,96,216,0,0,0,8,0
412,8,24,160,32,8,194,0,40,64,0
208,8,98,79,4,102,252,2,242,0,0
51,8,18,38,241,38,31,1,39,208,0
628,8,88,242,44,240,80,124,173,235,0
1760,8,2,145,2,136,2,144,2,145,0
192,8,96,0,0,0,0,0,0,0,0
996,8,0,212,0,0,132,0,0,0,0
1628,8,64,8,18,165,138,48,0,0,0
1694,8,4,64,4,125,31,192,21,98,0
293,8,144,0,64,223,64,191,137,96,0
1399,8,0,0,8,0,0,0,1,72,0
852,8,32,15,128,0,0,1,174,0,0
1505,8,137,53,192,7,10,0,168,128,0
651,8,0,0,0,0,0,0,0,0,0
167,8,0,81,18,37,49,45,144,160,0
1031,8,56,142,95,240,0,1,153,32,0
117,8,15,50,0,15,174,30,224,0,0
208,8,106,79,4,102,251,2,242,0,0
51,8,18,38,233,34,15,65,39,208,0
14,8,32,84,22,2,8,9,115,196,0
403,8,0,8,8,3,232,8,0,0,0
263,8,0,0,0,0,0,0,0,0,0
526,8,78,32,3,161,122,63,239,255,0
1314,8,223,127,208,0,126,144,0,28,0
186,8,6,168,45,68,16,0,6,140,0
870,8,128,157,200,2,1,71,206,56,0
1408,8,0,0,0,6,121,7,250,240,0
1076,8,0,32,0,160,226,14,228,0,0
1760,8,2,139,2,140,2,145,2,145,0
293,8,144,0,64,223,64,191,107,96,0
1176,8,132,0,32,0,4,128,189,128,0
60,8,0,0,4,0,50,0,0,0,0
1124,8,0,2,64,0,0,144,28,82,0
519,8,4,4,96,72,42,222,213,24,0
1225,8,1,249,21,130,13,2,246,75,0
692,8,20,234,4,0,0,0,88,0,0
470,8,2,15,130,128,48,36,5,128,0
737,8,0,0,0,0,0,0,0,4,0
852,8,32,15,192,0,0,1,151,0,0
1505,8,137,53,192,7,10,0,168,128,0
354,8,36,72,2,68,64,18,31,201,0
167,8,0,81,19,165,49,45,144,160,0
58,8,0,0,0,0,0,29,8,0,0
560,8,253,0,0,2,212,0,4,0,0
339,8,0,0,0,0,0,12,0,10,0
661,8,0,0,0,0,0,0,24,64,0
14,8,32,84,22,2,8,9,115,202,0
1634,8,76,64,0,0,64,0,0,0,0
412,8,28,156,32,8,194,0,40,64,0
208,8,114,79,4,102,247,2,245,0,0
51,8,18,38,225,34,15,129,39,208,0
628,8,88,242,46,238,80,124,173,235,0
1760,8,2,139,2,140,2,145,2,146,0
192,8,96,0,0,0,0,0,0,0,0
1694,8,4,64,4,125,31,192,21,66,0
293,8,144,0,64,223,64,191,77,96,0
961,8,123,85,31,187,9,92,41,46,0
852,8,32,15,192,0,0,2,0,0,0
1505,8,137,53,192,7,10,0,168,128,0
651,8,0,0,0,0,0,0,0,0,0
167,8,0,81,20,37,49,45,144,160,0
61,8,0,1,132,128,0,0,0,0,0
208,8,122,79,4,96,246,2,245,0,0
51,8,18,54,217,36,191,193,39,208,0
14,8,32,84,22,2,8,9,115,190,0
403,8,0,8,8,3,232,8,0,0,0
263,8,0,0,0,0,0,0,0,0,0
526,8,78,32,3,161,120,63,239,255,0
1314,8,223,127,208,0,126,24,0,28,0
813,8,128,0,4,32,172,1,0,32,0
870,8,128,29,200,2,1,71,206,56,0
1408,8,0,0,0,6,113,135,250,240,0
1076,8,0,86,128,161,18,47,20,48,0
1760,8,2,143,2,140,2,147,2,147,0
293,8,144,0,64,223,64,191,47,96,0
1176,8,132,0,32,0,1,128,190,1,0
1277,8,17,77,10,83,103,14,202,8,0
560,8,252,0,0,2,212,0,6,0,0
737,8,0,0,0,0,0,0,0,4,0
852,8,32,15,192,0,0,2,0,0,0
1505,8,137,53,192,7,10,0,176,128,0
354,8,36,72,2,68,64,18,31,201,0
167,8,0,81,21,37,49,45,144,160,0
339,8,0,0,0,0,0,12,0,10,0
1634,8,76,64,0,0,64,0,0,0,0
14,8,32,84,22,2,8,9,115,172,0
412,8,0,186,32,8,130,0,40,64,0
208,8,2,79,4,96,3,2,247,0,0
51,8,18,55,81,38,204,1,39,208,0
628,8,88,242,32,252,80,124,173,231,0
1760,8,2,145,2,141,2,147,2,147,0
192,8,96,0,0,0,0,0,0,0,0
1413,8,0,64,0,0,0,2,0,24,0
1694,8,4,64,4,125,31,192,21,98,0
293,8,144,0,64,223,64,191,17,96,0
705,8,1,244,47,199,202,159,8,228,0
852,8,32,16,0,0,0,1,240,128,0
1505,8,137,53,192,7,10,0,180,128,0
651,8,0,0,0,0,0,0,0,0,0
167,8,0,81,16,165,49,45,144,160,0
458,8,63,249,255,128,0,0,12,56,0
961,8,123,85,31,186,200,220,233,46,0
14,8,32,84,22,2,8,9,115,172,0
661,8,0,0,0,0,0,0,24,64,0
208,8,10,79,4,98,2,2,247,0,0
51,8,18,55,73,38,204,65,39,208,0
1399,8,0,0,8,0,0,0,1,72,0
403,8,0,8,8,3,232,8,0,0,0
263,8,0,0,0,0,0,0,0,0,0
526,8,78,32,3,161,121,191,239,255,0
1314,8,223,127,208,0,125,160,0,28,0
186,8,6,168,44,196,16,0,6,140,0
870,8,128,93,200,2,1,71,206,56,0
1408,8,0,0,0,6,114,7,250,224,0
1076,8,0,119,128,161,50,95,68,96,0
293,8,144,0,64,223,64,190,243,96,0
1760,8,2,149,2,139,2,148,2,147,0
1459,8,4,0,0,0,0,0,4,0,0
1176,8,132,0,32,0,254,128,190,130,0
560,8,251,0,0,2,212,0,8,0,0
737,8,0,0,0,0,0,0,0,4,0
852,8,32,15,192,0,0,1,233,128,0
1505,8,137,53,192,7,10,0,188,128,0
354,8,36,72,2,68,64,18,31,201,0
167,8,0,81,16,165,49,45,144,160,0
675,8,16,0,2,132,116,128,60,8,0
339,8,0,0,0,0,0,12,0,10,0
1634,8,76,64,0,0,64,0,0,0,0
14,8,32,84,22,2,8,9,115,172,0
412,8,4,184,32,8,66,0,40,64,0
208,8,18,79,4,98,255,2,249,0,0
51,8,18,55,65,32,92,129,39,208,0
628,8,88,242,34,250,80,124,173,231,0
1760,8,2,144,2,143,2,147,2,146,0
192,8,96,0,0,0,0,0,0,0,0
1049,8,10,155,70,77,4,95,195,47,0
1694,8,4,64,4,125,31,192,21,98,0
293,8,144,0,64,223,64,190,213,96,0
852,8,32,15,192,0,0,1,233,128,0
1505,8,137,53,192,7,10,0,192,128,0
651,8,0,0,0,0,0,0,0,0,0
1788,8,0,0,7,58,82,186,56,0,0
167,8,0,81,16,37,65,45,144,160,0
569,8,0,0,0,102,64,0,58,0,0
208,8,26,79,4,98,254,2,249,0,0
51,8,18,55,57,40,60,193,39,208,0
14,8,32,84,22,2,8,9,115,158,0
215,8,0,0,2,0,128,0,0,0,0
403,8,0,8,8,3,232,8,0,0,0
263,8,0,0,0,0,0,0,0,0,0
526,8,78,32,3,161,123,191,239,255,0
1314,8,223,127,208,0,125,40,0,28,0
870,8,128,157,200,2,1,71,206,56,0
1408,8,0,0,0,6,106,135,250,224,0
1076,8,0,136,224,161,82,143,84,128,0
1760,8,2,144,2,143,2,146,2,146,0
1176,8,132,0,32,0,255,128,190,3,0
293,8,144,0,64,223,64,190,183,96,0
560,8,250,0,0,2,212,0,10,0,0
961,8,123,85,31,187,71,221,105,46,0
737,8,0,0,0,0,0,0,0,4,0
852,8,32,15,192,0,0,1,226,0,0
1505,8,137,53,160,7,10,0,196,128,0
354,8,36,72,2,68,64,18,31,201,0
167,8,0,81,15,37,49,45,144,160,0
1175,8,0,0,0,0,0,0,0,0,0
339,8,0,0,0,0,0,12,0,10,0
14,8,32,84,22,2,8,9,115,164,0
661,8,0,0,0,0,0,0,24,64,0
1634,8,76,64,0,0,64,0,0,0,0
412,8,8,178,32,8,130,0,40,64,0
208,8,34,79,4,100,255,2,247,0,0
51,8,18,71,49,40,61,1,39,208,0
628,8,88,242,36,248,80,124,173,229,0
1760,8,2,146,2,143,2,146,2,146,0
192,8,96,0,0,0,0,0,0,0,0
738,8,24,8,13,64,64,0,1,24,0
837,8,5,2,2,194,60,119,64,129,0
1072,8,0,63,68,140,90,128,17,160,0
304,8,0,1,96,0,0,0,0,0,0
1227,8,128,0,0,0,0,0,0,0,0
1694,8,4,64,4,125,31,192,21,66,0
293,8,144,0,64,223,64,190,153,96,0
640,8,24,224,2,112,0,0,0,0,0
813,8,128,0,4,32,172,1,0,32,0
1277,8,17,78,10,84,105,14,202,8,0
852,8,32,15,192,0,0,1,226,0,0
1505,8,137,53,160,7,10,0,192,128,0
651,8,0,0,0,0,0,0,0,0,0
167,8,0,81,18,165,49,45,144,160,0
722,8,0,0,56,0,0,0,0,0,0
1644,8,0,128,16,0,24,0,0,32,0
1372,8,16,27,0,0,65,130,48,0,0
208,8,42,79,4,100,254,2,247,0,0
51,8,18,71,41,31,93,65,39,208,0
14,8,32,84,22,2,8,9,115,146,0
403,8,0,8,8,3,232,8,0,0,0
526,8,78,32,3,161,123,63,208,7,0
263,8,0,0,0,0,0,0,0,0,0
244,8,154,12,1,2,4,177,2,64,0
1314,8,223,127,208,0,124,176,0,28,0
186,8,6,168,44,132,16,0,6,140,0
870,8,128,93,200,2,1,71,206,56,0
293,8,144,0,64,223,64,190,123,96,0
1408,8,0,0,0,6,99,7,250,224,0
1076,8,0,168,224,161,130,175,132,176,0
1760,8,2,147,2,142,2,146,2,147,0
622,8,1,6,64,130,137,18,10,4,0
1176,8,132,0,32,0,254,128,190,4,0
737,8,0,0,0,0,0,0,0,4,0
852,8,32,15,128,0,0,1,219,0,0
1505,8,137,53,160,7,10,0,188,128,0
354,8,36,72,2,68,64,18,31,201,0
167,8,0,81,16,165,49,45,144,160,0
560,8,249,0,0,2,212,0,12,0,0
961,8,123,85,31,188,6,94,41,46,0
1255,8,0,0,0,20,3,108,0,0,0
14,8,32,84,22,2,8,9,115,140,0
339,8,0,0,0,0,0,12,0,10,0
1634,8,76,64,0,0,64,0,0,0,0
1668,8,76,212,128,217,65,95,16,30,0
1590,8,36,156,44,65,12,138,0,0,0
727,8,16,0,96,216,0,0,0,8,0
412,8,12,174,32,8,130,0,40,64,0
208,8,50,79,4,100,253,2,247,0,0
51,8,18,71,33,37,205,129,39,208,0
628,8,88,242,38,246,80,124,173,231,0
1760,8,2,147,2,144,2,147,2,148,0
192,8,96,0,0,0,0,0,0,0,0
996,8,0,212,0,0,132,0,0,0,0
1694,8,4,64,4,125,31,192,21,98,0
293,8,144,0,64,223,64,190,93,96,0
1628,8,64,8,18,165,138,32,0,0,0
1399,8,0,0,8,0,0,0,1,72,0
1533,8,189,221,253,255,254,255,237,218,0
852,8,32,15,128,0,0,1,204,0,0
1505,8,137,53,160,7,10,0,184,128,0
651,8,0,0,0,0,0,0,0,0,0
167,8,0,81,17,37,49,45,144,160,0
1031,8,56,144,95,240,0,1,153,32,0
661,8,0,0,0,0,0,0,24,64,0
14,8,32,84,22,2,8,9,115,152,0
208,8,58,79,4,102,252,2,247,0,0
51,8,18,55,25,37,205,193,39,208,0
403,8,0,8,8,3,232,8,0,0,0
263,8,0,0,0,0,0,0,0,0,0
526,8,78,32,7,161,123,191,176,7,0
1314,8,223,127,208,0,124,56,0,28,0
870,8,128,93,200,2,1,71,206,56,0
1408,8,0,0,0,6,91,135,250,224,0
1076,8,0,199,32,161,178,223,180,208,0
1760,8,2,147,2,143,2,147,2,148,0
293,8,144,0,64,223,64,190,63,96,0
1176,8,132,0,32,0,251,128,190,133,0
253,8,0,0,1,0,128,16,0,0,0
60,8,0,0,4,0,50,0,0,0,0
1124,8,0,2,64,0,0,144,27,83,0
519,8,4,4,96,72,42,222,213,24,0
692,8,20,234,4,0,0,0,88,0,0
737,8,0,0,0,0,0,0,0,4,0
852,8,32,15,128,0,0,1,204,0,0
1505,8,137,53,160,7,10,0,180,128,0
354,8,36,72,2,68,64,18,31,201,0
167,8,0,81,16,165,49,45,144,160,0
1225,8,1,249,21,130,13,2,246,75,0
470,8,2,11,128,128,48,36,5,128,0
420,8,0,0,0,2,236,204,0,0,0
560,8,248,0,0,2,212,0,14,0,0
339,8,0,0,0,0,0,12,0,10,0
1634,8,76,64,0,0,64,0,0,0,0
14,8,32,84,22,2,8,9,115,152,0
412,8,16,168,32,8,194,0,40,64,0
208,8,66,79,4,102,249,2,249,0,0
51,8,18,55,17,34,94,1,39,208,0
628,8,88,242,40,244,80,124,173,235,0
1760,8,2,147,2,142,2,148,2,149,0
192,8,96,0,0,0,0,0,0,0,0
1694,8,4,64,4,125,31,192,21,98,0
293,8,144,0,64,223,64,160,1,96,0
961,8,123,85,31,187,198,30,169,46,0
852,8,32,15,192,0,0,1,188,128,0
1505,8,137,53,160,7,10,0,180,128,0
651,8,0,0,0,0,0,0,0,0,0
167,8,0,81,13,37,65,45,144,160,0
61,8,0,1,132,128,0,0,0,0,0
208,8,74,79,4,96,248,2,249,0,0
51,8,18,47,9,33,94,65,39,208,0
14,8,32,84,22,2,8,9,115,152,0
403,8,0,8,8,3,232,8,0,0,0
263,8,0,0,0,0,0,0,0,0,0
526,8,78,32,3,161,123,191,143,255,0
1314,8,223,127,208,0,123,192,0,28,0
870,8,128,93,200,2,1,71,206,56,0
1408,8,0,0,0,6,84,7,250,224,0
1076,8,0,231,0,161,211,15,229,0,0
1760,8,2,146,2,144,2,148,2,149,0
186,8,6,168,44,132,16,0,6,140,0
293,8,144,0,64,223,64,191,227,96,0
627,8,0,0,0,8,0,0,0,0,0
452,8,0,2,2,0,2,0,0,0,0
676,8,32,32,3,28,4,8,152,208,0
881,8,1,6,0,0,0,0,8,128,0
1661,8,0,24,96,2,8,0,2,32,0
1307,8,40,66,169,202,58,145,137,65,0
737,8,0,0,0,0,0,0,0,4,0
852,8,32,15,192,0,0,1,173,128,0
1505,8,137,53,160,7,10,0,172,128,0
354,8,36,72,2,68,64,18,31,201,0
167,8,0,81,14,165,49,45,144,160,0
1176,8,132,0,32,0,249,128,190,198,0
813,8,128,0,4,32,172,1,0,32,0
204,8,67,65,24,178,56,175,162,22,0
1277,8,17,73,10,84,97,14,74,8,0
1331,8,237,127,207,126,255,246,239,127,0
560,8,247,0,0,2,212,0,16,0,0
339,8,0,0,0,0,0,12,0,10,0
14,8,32,84,22,2,8,9,115,158,0
661,8,0,0,0,0,0,0,24,64,0
1634,8,76,64,0,0,64,0,0,0,0
412,8,20,164,32,8,194,0,40,64,0
208,8,82,79,4,96,246,2,250,0,0
51,8,18,47,1,33,94,129,39,208,0
628,8,88,242,42,242,80,124,173,235,0
1760,8,2,146,2,144,2,148,2,148,0
192,8,96,0,0,0,0,0,0,0,0
1413,8,0,64,0,0,0,2,0,24,0
1694,8,4,64,4,125,31,192,21,66,0
293,8,144,0,64,223,64,191,197,96,0
852,8,32,15,192,0,0,1,173,128,0
1505,8,137,53,160,7,10,0,172,128,0
651,8,0,0,0,0,0,0,0,0,0
167,8,0,81,13,37,49,45,144,160,0
458,8,63,249,255,128,0,0,12,48,0
961,8,123,85,31,187,69,223,105,46,0
705,8,1,242,15,199,199,159,32,250,0
208,8,90,79,4,96,245,2,250,0,0
51,8,18,46,249,38,126,193,39,208,0
14,8,32,84,22,2,8,9,115,164,0
1399,8,0,0,8,0,0,0,1,70,0
403,8,0,8,8,3,232,8,0,0,0
263,8,0,0,0,0,0,0,0,0,0
526,8,78,32,3,161,123,191,143,247,0
1314,8,223,127,208,0,123,72,0,28,0
870,8,128,93,200,2,1,71,206,56,0
1408,8,0,0,0,6,84,135,250,208,0
1076,8,1,5,160,162,3,32,21,32,0
1760,8,2,148,2,144,2,148,2,149,0
1176,8,132,0,32,0,248,128,190,199,0
293,8,144,0,64,223,64,191,167,96,0
1459,8,4,0,0,0,0,0,4,0,0
560,8,246,0,0,2,212,0,18,0,0
737,8,0,0,0,0,0,0,0,4,0
852,8,32,15,192,0,0,1,166,0,0
1505,8,137,53,160,7,10,0,168,128,0
354,8,36,72,2,68,64,18,31,201,0
167,8,0,81,15,37,49,45,144,160,0
675,8,16,0,2,132,118,128,60,8,0
339,8,0,0,0,0,0,12,0,10,0
1634,8,76,64,0,0,64,0,0,0,0
14,8,32,84,22,2,8,9,115,184,0
412,8,24,162,32,8,130,0,40,64,0
208,8,98,79,4,98,244,2,250,0,0
51,8,18,54,241,30,191,1,39,208,0
628,8,88,242,44,240,80,124,173,231,0
1760,8,2,152,2,144,2,148,2,149,0
192,8,96,0,0,0,0,0,0,0,0
1694,8,4,64,4,125,31,192,21,98,0
293,8,144,0,64,223,64,191,137,96,0
852,8,32,15,192,0,0,1,166,0,0
1505,8,137,53,160,7,10,0,172,128,0
651,8,0,0,0,0,0,0,0,0,0
1788,8,0,0,7,58,242,186,56,0,0
167,8,0,81,17,37,49,45,144,160,0
569,8,0,0,0,102,64,0,58,0,0
661,8,0,0,0,0,0,0,24,64,0
208,8,106,80,4,98,243,2,250,0,0
14,8,32,84,22,2,8,9,115,164,0
51,8,18,54,233,30,191,65,39,208,0
215,8,0,0,2,0,128,0,0,0,0
403,8,0,8,8,3,232,8,0,0,0
263,8,0,0,0,0,0,0,0,0,0
526,8,78,32,3,161,125,63,143,247,0
1314,8,223,127,208,0,122,208,0,28,0
186,8,6,168,44,132,16,0,6,140,0
870,8,128,157,200,2,1,71,206,56,0
1408,8,0,0,0,6,77,7,250,208,0
1076,8,1,38,32,162,51,64,69,80,0
1760,8,2,151,2,142,2,149,2,151,0
293,8,144,0,64,223,64,191,107,96,0
1176,8,132,0,32,0,246,128,191,8,0
961,8,123,85,31,186,197,223,233,46,0
560,8,245,0,0,2,212,0,20,0,0
737,8,0,0,0,0,0,0,0,4,0
852,8,32,16,0,0,0,1,143,0,0
1505,8,137,53,128,7,10,0,172,128,0
354,8,36,72,2,68,64,18,31,201,0
167,8,0,81,16,165,49,45,144,160,0
1175,8,0,0,0,0,0,0,0,0,0
339,8,0,0,0,0,0,12,0,10,0
1634,8,76,96,0,0,64,0,0,0,0
14,8,32,84,22,2,8,9,115,164,0
412,8,28,158,32,8,130,0,40,64,0
208,8,114,80,4,100,241,2,251,0,0
51,8,18,62,225,38,207,129,39,208,0
628,8,88,242,46,238,80,124,173,231,0
1760,8,2,145,2,145,2,151,2,152,0
192,8,96,0,0,0,0,0,0,0,0
738,8,24,8,13,64,64,0,1,24,0
837,8,5,2,2,194,60,119,64,129,0
1072,8,0,63,68,140,90,128,17,160,0
304,8,0,1,96,0,0,0,0,0,0
485,8,1,70,4,5,168,65,163,224,0
813,8,128,0,4,32,172,1,0,32,0
1277,8,17,67,10,83,91,13,74,8,0
1694,8,4,64,4,125,31,192,21,66,0
293,8,144,0,64,223,64,191,77,96,0
852,8,32,16,0,0,0,1,248,0,0
1505,8,137,53,128,7,10,0,176,128,0
651,8,0,0,0,0,0,0,0,0,0
167,8,0,81,18,165,49,45,144,160,0
722,8,0,0,64,0,0,0,0,0,0
1644,8,0,128,16,0,24,0,0,32,0
208,8,122,80,4,100,240,2,251,0,0
51,8,18,62,217,34,191,193,39,208,0
14,8,32,84,22,2,8,9,115,158,0
403,8,0,8,8,3,232,8,0,0,0
263,8,0,0,0,0,0,0,0,0,0
526,8,78,32,3,161,125,63,143,239,0
244,8,154,12,1,2,4,177,2,64,0
1314,8,223,127,208,0,122,88,0,28,0
241,8,62,16,28,192,3,89,204,0,0
870,8,128,93,200,2,1,71,206,56,0
1408,8,0,0,0,6,69,135,250,208,0
293,8,144,0,64,223,64,191,47,96,0
1076,8,1,70,128,162,99,112,117,128,0
1760,8,2,146,2,147,2,152,2,152,0
622,8,1,6,64,130,137,18,10,4,0
1176,8,132,0,32,0,242,128,191,201,0
560,8,244,0,0,2,212,0,22,0,0
737,8,0,0,0,0,0,0,0,4,0
852,8,32,16,0,0,0,1,248,0,0
1505,8,137,53,128,7,10,0,180,128,0
354,8,36,72,2,68,64,18,31,201,0
167,8,0,81,18,37,49,45,144,160,0
961,8,123,85,31,186,197,32,169,46,0
1255,8,0,0,0,20,3,108,0,0,0
14,8,32,84,22,2,8,9,115,152,0
339,8,0,0,0,0,0,12,0,10,0
661,8,0,0,0,0,0,0,24,64,0
1634,8,76,96,0,0,64,0,0,0,0
1668,8,76,212,128,89,65,95,16,30,0
1590,8,36,156,45,1,12,138,16,0,0
727,8,16,0,96,216,0,0,0,8,0
412,8,0,188,32,8,66,0,40,64,0
208,8,2,80,4,100,252,2,254,0,0
51,8,18,63,81,34,188,1,39,208,0
628,8,88,242,32,252,80,124,173,231,0
1760,8,2,150,2,147,2,152,2,152,0
192,8,96,0,0,0,0,0,0,0,0
996,8,0,212,0,0,132,0,0,0,0
1628,8,64,8,18,165,138,16,0,0,0
1399,8,0,0,8,0,0,0,1,70,0
683,8,164,208,201,215,226,215,202,255,0
1751,8,65,3,143,0,176,7,34,60,0
1694,8,4,64,4,125,31,192,21,66,0
293,8,144,0,64,223,64,191,17,96,0
300,8,121,6,224,0,0,1,253,208,0
852,8,32,16,0,0,0,1,240,128,0
1505,8,137,53,128,7,10,0,184,128,0
651,8,0,0,0,0,0,0,0,0,0
167,8,0,81,17,37,65,45,144,160,0
1031,8,56,144,95,240,0,1,152,224,0
953,8,32,4,114,1,36,188,28,66,0
208,8,10,80,4,102,251,2,254,0,0
51,8,18,63,73,35,188,65,39,208,0
14,8,32,84,22,2,8,9,115,146,0
403,8,0,8,8,3,232,8,0,0,0
263,8,0,0,0,0,0,0,0,0,0
526,8,78,32,3,161,124,191,175,255,0
1314,8,223,127,208,0,121,224,0,28,0
870,8,128,29,200,2,1,71,206,56,0
186,8,6,168,44,68,16,0,6,140,0
1408,8,0,0,0,6,70,7,250,192,0
1076,8,1,104,96,162,131,160,133,176,0
1760,8,2,149,2,147,2,152,2,152,0
293,8,144,0,64,223,64,190,243,96,0
65,8,128,34,0,32,1,0,0,0,0
541,8,0,0,0,0,0,1,0,0,0
60,8,0,0,4,0,50,0,0,0,0
519,8,4,0,32,64,42,222,193,24,0
1225,8,1,249,21,130,13,2,246,11,0
1176,8,132,0,32,0,241,128,191,202,0
692,8,20,234,4,0,0,0,88,0,0
737,8,0,0,0,0,0,0,0,4,0
852,8,32,16,0,0,0,1,225,128,0
1505,8,137,53,128,7,10,0,192,128,0
354,8,36,72,2,68,64,18,31,201,0
167,8,0,81,18,37,49,45,144,160,0
1124,8,0,2,64,0,0,144,26,84,0
470,8,2,13,130,128,48,36,5,0,0
560,8,243,0,0,2,212,0,24,0,0
339,8,0,0,0,0,0,12,0,10,0
14,8,32,84,22,2,8,9,115,152,0
1634,8,76,96,0,0,64,0,0,0,0
412,8,4,184,32,8,66,0,40,64,0
208,8,18,80,4,102,250,2,254,0,0
51,8,18,63,65,37,108,129,39,208,0
628,8,88,242,34,250,80,124,173,229,0
1760,8,2,154,2,147,2,151,2,151,0
192,8,96,0,0,0,0,0,0,0,0
1694,8,4,64,4,125,31,192,21,66,0
293,8,144,0,64,223,64,190,213,96,0
961,8,123,85,31,187,131,225,41,46,0
852,8,32,16,0,0,0,1,225,128,0
1505,8,137,53,128,7,10,0,192,128,0
651,8,0,0,0,0,0,0,0,0,0
167,8,0,81,16,37,65,45,144,160,0
61,8,0,1,132,0,0,0,0,0,0
14,8,32,84,22,2,8,9,115,152,0
661,8,0,0,0,0,0,0,24,64,0
208,8,26,80,4,96,249,2,254,0,0
51,8,18,55,57,37,108,193,39,208,0
403,8,0,8,8,3,232,8,0,0,0
526,8,78,32,3,161,126,63,207,255,0
1314,8,223,127,208,0,121,104,0,28,0
263,8,0,0,0,0,0,0,0,0,0
663,8,17,0,0,32,0,2,81,16,0
1455,8,32,192,0,0,0,32,0,0,0
870,8,128,93,200,2,1,71,206,56,0
1408,8,0,0,0,6,62,135,250,192,0
1076,8,1,134,192,162,163,208,181,192,0
293,8,144,0,64,223,64,190,183,96,0
1760,8,2,154,2,145,2,152,2,152,0
813,8,128,0,4,32,172,1,0,32,0
1277,8,17,65,10,83,87,12,202,8,0
1176,8,132,0,32,0,241,128,191,139,0
560,8,242,0,0,2,212,0,26,0,0
737,8,0,0,0,0,0,0,0,4,0
852,8,32,15,192,0,0,1,226,0,0
1505,8,137,53,96,7,10,0,192,128,0
354,8,36,72,2,52,64,18,31,201,0
167,8,0,81,15,165,49,45,144,160,0
1372,8,16,27,0,0,65,130,48,0,0
339,8,0,0,0,0,0,12,0,10,0
14,8,32,84,22,2,8,9,115,152,0
1634,8,76,96,0,0,64,0,0,0,0
412,8,8,180,32,8,66,0,40,64,0
208,8,34,80,4,96,249,2,253,0,0
51,8,18,55,49,32,13,1,39,208,0
628,8,88,242,36,248,80,124,173,229,0
1760,8,2,155,2,146,2,152,2,152,0
192,8,96,0,0,0,0,0,0,0,0
1413,8,0,64,0,0,0,2,0,24,0
1694,8,4,64,4,125,31,192,21,66,0
293,8,144,0,64,223,64,190,153,96,0
852,8,32,15,192,0,0,1,226,0,0
1505,8,137,53,96,7,10,0,188,128,0
651,8,0,0,0,0,0,0,0,0,0
167,8,0,81,15,37,49,45,144,160,0
458,8,63,249,255,128,0,0,12,48,0
961,8,123,85,31,188,66,97,233,46,0
208,8,42,80,4,96,248,2,253,0,0
51,8,18,55,41,37,29,65,39,208,0
14,8,32,84,22,2,8,9,115,152,0
1399,8,0,0,8,0,0,0,1,70,0
403,8,0,8,8,3,232,8,0,0,0
263,8,0,0,0,0,0,0,0,0,0
526,8,78,32,7,161,128,191,207,255,0
1314,8,223,127,208,0,120,240,0,28,0
870,8,128,157,200,2,1,71,206,56,0
1408,8,0,0,0,6,55,7,250,192,0
1076,8,1,166,0,162,212,0,229,240,0
1760,8,2,150,2,148,2,153,2,153,0
186,8,6,168,44,68,16,0,6,140,0
293,8,144,0,64,223,64,190,123,96,0
1459,8,4,0,0,0,0,0,4,0,0
1176,8,132,0,32,0,237,128,192,12,0
705,8,1,242,239,199,206,30,229,14,0
560,8,241,0,0,2,212,0,28,0,0
737,8,0,0,0,0,0,0,0,4,0
852,8,32,15,192,0,0,1,211,0,0
1505,8,137,53,96,7,10,0,188,128,0
354,8,36,72,2,52,64,18,31,201,0
167,8,0,81,13,37,49,45,144,160,0
675,8,16,0,2,132,120,128,60,8,0
339,8,0,0,0,0,0,12,0,10,0
661,8,0,0,0,0,0,0,24,64,0
14,8,32,84,22,2,8,9,115,172,0
1634,8,76,96,0,0,64,0,0,0,0
412,8,12,174,32,8,130,0,40,64,0
208,8,50,80,4,98,245,2,255,0,0
51,8,18,39,33,37,29,129,39,208,0
628,8,88,242,38,246,80,124,173,229,0
1760,8,2,149,2,152,2,153,2,153,0
192,8,96,0,0,0,0,0,0,0,0
1694,8,4,64,4,125,31,192,21,66,0
293,8,144,0,64,223,64,190,93,96,0
852,8,32,15,192,0,0,1,196,0,0
1505,8,137,53,96,7,10,0,184,128,0
651,8,0,0,0,0,0,0,0,0,0
1788,8,0,0,7,57,146,186,64,0,0
167,8,0,81,15,165,49,45,144,160,0
569,8,0,0,0,102,0,0,57,224,0
208,8,58,80,4,98,244,2,255,0,0
51,8,18,39,25,30,13,193,39,208,0
14,8,32,84,22,2,8,9,115,184,0
215,8,0,0,2,0,128,0,0,0,0
403,8,0,8,8,3,232,8,0,0,0
263,8,0,0,0,0,0,0,0,0,0
526,8,78,32,7,161,126,63,208,7,0
1314,8,223,127,208,0,120,120,0,28,0
870,8,128,29,200,2,1,71,206,56,0
1408,8,0,0,0,6,47,135,250,192,0
1076,8,1,198,64,163,4,49,22,32,0
1760,8,2,149,2,152,2,152,2,153,0
1176,8,132,0,32,0,236,128,192,13,0
293,8,144,0,64,223,64,190,63,96,0
961,8,123,85,31,188,65,226,105,46,0
560,8,240,0,0,2,212,0,30,0,0
737,8,0,0,0,0,0,0,0,4,0
852,8,32,15,192,0,0,1,196,0,0
1505,8,137,53,96,7,10,0,176,128,0
354,8,36,72,2,52,64,18,31,201,0
167,8,0,81,14,37,49,45,144,160,0
1175,8,0,0,0,0,0,0,0,0,0
339,8,0,0,0,0,0,12,0,10,0
1634,8,76,96,0,0,64,0,0,0,0
14,8,32,84,22,2,8,9,115,158,0
412,8,16,170,32,8,130,0,40,80,0
208,8,66,80,4,98,243,2,255,0,0
51,8,18,39,17,36,190,1,39,208,0
628,8,88,242,40,244,80,124,173,231,0
1760,8,2,152,2,152,2,153,2,155,0
192,8,96,0,0,0,0,0,0,0,0
738,8,24,8,13,64,64,0,1,24,0
837,8,5,2,2,194,60,119,64,129,0
1072,8,0,63,68,140,90,128,17,160,0
304,8,0,1,96,0,0,0,0,0,0
813,8,128,0,4,32,172,1,0,32,0
1227,8,128,0,0,0,0,0,0,0,0
1277,8,17,60,10,84,81,11,202,8,0
1694,8,4,64,4,125,31,192,21,66,0
293,8,144,0,64,223,64,160,1,96,0
640,8,24,224,2,112,0,0,0,0,0
852,8,32,15,192,0,0,1,188,128,0
1505,8,137,53,96,7,10,0,172,128,0
651,8,0,0,0,0,0,0,0,0,0
167,8,0,81,15,165,65,45,144,160,0
1644,8,0,128,16,0,32,0,0,32,0
722,8,0,0,72,0,0,0,0,0,0
661,8,0,0,0,0,0,0,24,64,0
208,8,74,80,4,100,242,2,255,0,0
14,8,32,84,22,2,8,9,115,172,0
51,8,18,39,9,36,190,65,39,208,0
403,8,0,8,8,3,232,8,0,0,0
263,8,0,0,0,0,0,0,0,0,0
526,8,78,32,7,161,126,191,240,7,0
1314,8,223,127,208,0,127,128,0,28,0
244,8,154,12,1,2,4,177,2,64,0
870,8,128,29,200,2,1,71,206,56,0
1408,8,0,0,0,6,168,7,250,176,0
293,8,144,0,64,223,64,191,227,96,0
1076,8,1,229,160,163,52,97,54,80,0
1760,8,2,157,2,150,2,153,2,154,0
186,8,6,168,42,68,16,0,6,140,0
622,8,1,6,64,130,137,18,10,4,0
1176,8,132,0,32,0,234,128,192,78,0
560,8,255,0,0,2,212,0,0,0,0
737,8,0,0,0,0,0,0,0,4,0
852,8,32,16,0,0,0,1,165,128,0
1505,8,137,53,96,7,10,0,168,128,0
354,8,36,72,2,52,64,18,31,201,0
167,8,0,81,17,37,49,45,160,160,0
961,8,123,85,31,187,193,163,41,46,0
1255,8,0,0,0,20,3,108,0,0,0
339,8,0,0,0,0,0,12,0,10,0
14,8,32,84,22,2,8,9,115,152,0
1634,8,76,96,0,0,64,0,0,0,0
1668,8,76,212,128,25,65,95,16,30,0
1590,8,36,156,45,193,12,138,32,0,0
727,8,16,0,96,216,0,0,0,8,0
412,8,20,166,32,8,130,0,40,80,0
208,8,82,80,4,100,239,3,0,0,0
51,8,18,39,1,35,14,129,39,208,0
628,8,88,242,42,242,80,124,173,231,0
1760,8,2,156,2,147,2,153,2,154,0
192,8,96,0,0,0,0,0,0,0,0
996,8,0,212,0,0,132,0,0,0,0
1628,8,64,8,18,165,138,0,0,0,0
1399,8,0,0,8,0,0,0,1,70,0
1694,8,4,64,4,125,31,192,21,66,0
293,8,144,0,64,223,64,191,197,96,0
852,8,32,16,0,0,0,1,165,128,0
1505,8,137,53,96,7,10,0,168,128,0
651,8,0,0,0,0,0,0,0,0,0
167,8,0,81,14,165,49,45,160,160,0
1031,8,56,146,95,240,0,1,152,224,0
208,8,90,80,4,102,238,3,0,0,0
51,8,18,38,249,33,174,193,39,208,0
14,8,32,84,22,2,8,9,115,190,0
403,8,0,8,8,3,232,8,0,0,0
263,8,0,0,0,0,0,0,0,0,0
526,8,78,32,3,161,129,63,239,247,0
1314,8,223,127,208,0,127,8,0,28,0
870,8,128,157,200,2,1,71,206,56,0
1408,8,0,0,0,6,160,135,250,176,0
1076,8,2,8,32,163,100,113,102,128,0
1760,8,2,153,2,150,2,156,2,155,0
1176,8,132,0,32,0,232,128,192,143,0
293,8,144,0,64,223,64,191,167,96,0
1124,8,0,2,64,0,0,144,25,85,0
60,8,0,0,4,0,51,0,0,0,0
519,8,4,4,96,72,42,222,213,24,0
1225,8,1,249,21,130,13,3,246,75,0
470,8,2,139,192,128,52,116,5,144,0
560,8,254,0,0,2,212,0,2,0,0
692,8,20,234,4,0,0,0,88,0,0
737,8,0,0,0,0,0,0,0,4,0
852,8,32,16,0,0,0,1,158,0,0
1505,8,137,53,64,7,10,0,164,128,0
354,8,36,72,2,52,64,18,31,201,0
167,8,0,81,16,165,49,45,160,160,0
339,8,0,0,0,0,0,12,0,10,0
661,8,0,0,0,0,0,0,24,64,0
14,8,32,84,22,2,8,9,115,184,0
1634,8,76,96,0,0,64,0,0,0,0
412,8,24,164,32,8,66,0,40,80,0
208,8,98,80,4,102,236,3,1,0,0
51,8,18,38,241,33,175,1,39,208,0
628,8,88,242,44,240,80,124,173,229,0
1760,8,2,153,2,154,2,158,2,155,0
192,8,96,0,0,0,0,0,0,0,0
1694,8,4,64,4,125,31,192,21,66,0
293,8,144,0,64,223,64,191,137,96,0
961,8,123,85,31,187,65,163,169,46,0
852,8,32,16,0,0,0,1,158,0,0
1505,8,137,53,64,7,10,0,172,128,0
651,8,0,0,0,0,0,0,0,0,0
167,8,0,81,14,165,49,45,160,160,0
61,8,0,1,132,0,0,0,0,0,0
208,8,106,80,4,102,235,3,1,0,0
51,8,18,38,233,38,207,65,39,208,0
14,8,32,84,22,2,8,9,115,184,0
403,8,0,8,8,3,232,8,0,0,0
263,8,0,0,0,0,0,0,0,0,0
526,8,78,32,3,161,128,63,239,247,0
1314,8,223,127,208,0,126,144,0,28,0
870,8,128,93,200,2,1,71,206,56,0
1408,8,0,0,0,6,153,7,250,176,0
1076,8,2,40,32,163,148,161,150,176,0
1760,8,2,152,2,151,2,158,2,156,0
186,8,6,168,42,68,16,0,6,140,0
293,8,144,0,64,223,64,191,107,96,0
1307,8,40,177,129,177,137,199,248,193,0
1176,8,132,0,32,0,245,128,193,0,0
813,8,128,0,4,32,172,1,0,32,0
1277,8,17,61,10,83,83,11,202,8,0
560,8,253,0,0,2,212,0,4,0,0
737,8,0,0,0,0,0,0,0,4,0
852,8,32,16,0,0,0,1,143,0,0
1505,8,137,53,64,7,10,0,172,128,0
354,8,36,72,2,52,64,18,31,201,0
167,8,0,81,15,165,49,45,160,160,0
339,8,0,0,0,0,0,12,0,10,0
1634,8,76,96,0,0,64,0,0,0,0
14,8,32,84,22,2,8,9,115,164,0
412,8,28,160,32,8,66,0,40,80,0
208,8,114,80,4,96,232,3,3,0,0
51,8,18,54,225,30,95,129,39,208,0
628,8,88,242,46,238,80,124,173,229,0
1760,8,2,153,2,151,2,158,2,155,0
192,8,96,0,0,0,0,0,0,0,0
1413,8,0,64,0,0,0,2,0,24,0
1694,8,4,64,4,125,31,192,21,66,0
293,8,144,0,64,223,64,191,77,96,0
852,8,32,16,0,0,0,1,248,0,0
1505,8,137,53,64,7,10,0,180,128,0
651,8,0,0,0,0,0,0,0,0,0
167,8,0,81,17,37,49,45,160,160,0
458,8,63,249,255,128,0,0,12,48,0
961,8,123,85,31,185,194,100,105,46,0
661,8,0,0,0,0,0,0,24,64,0
208,8,122,80,4,96,231,3,3,0,0
14,8,32,84,22,2,8,9,115,172,0
51,8,18,54,217,30,95,193,39,208,0
1399,8,0,0,8,0,0,0,1,70,0
403,8,0,8,8,3,232,8,0,0,0
263,8,0,0,0,0,0,0,0,0,0
526,8,78,32,3,161,128,64,15,247,0
1314,8,223,127,208,0,126,24,0,28,0
870,8,128,93,200,2,1,71,206,56,0
1408,8,0,0,0,6,153,135,250,160,0
1076,8,2,64,0,163,196,209,182,224,0
1760,8,2,160,2,152,2,157,2,156,0
1176,8,132,0,32,0,244,128,193,1,0
293,8,144,0,64,223,64,191,47,96,0
1459,8,4,0,0,0,0,0,4,0,0
560,8,252,0,0,2,212,0,6,0,0
737,8,0,0,0,0,0,0,0,4,0
852,8,32,16,0,0,0,1,248,0,0
1505,8,137,53,64,7,10,0,184,128,0
354,8,36,72,2,52,64,18,31,201,0
167,8,0,81,15,165,49,45,160,160,0
675,8,16,0,2,132,120,128,60,8,0
705,8,1,244,111,199,202,30,199,36,0
339,8,0,0,0,0,0,12,0,10,0
14,8,32,84,22,2,8,9,115,172,0
1634,8,76,96,0,0,64,0,0,0,0
412,8,0,188,32,8,66,0,40,80,0
208,8,2,80,4,98,246,3,3,0,0
51,8,18,23,81,35,188,1,39,208,0
628,8,88,242,32,252,80,124,173,229,0
1760,8,2,160,2,152,2,158,2,156,0
192,8,96,0,0,0,0,0,0,0,0
1694,8,4,64,4,125,31,192,21,66,0
293,8,144,0,64,223,64,191,17,96,0
852,8,32,16,0,0,0,1,240,128,0
1505,8,137,53,64,7,10,0,188,128,0
651,8,0,0,0,0,0,0,0,0,0
1788,8,0,0,7,58,82,186,72,0,0
167,8,0,81,16,37,65,45,160,160,0
569,8,0,0,0,101,192,0,57,224,0
208,8,10,81,4,98,245,3,3,0,0
51,8,18,23,73,30,12,65,39,208,0
14,8,32,84,22,2,8,9,115,164,0
215,8,0,0,2,0,128,0,0,0,0
403,8,0,8,8,3,232,8,0,0,0
263,8,0,0,0,0,0,0,0,0,0
526,8,78,31,251,161,131,191,239,255,0
1314,8,223,127,208,0,125,160,0,28,0
870,8,128,221,200,2,1,71,206,56,0
1408,8,0,0,0,6,146,7,250,160,0
1076,8,2,96,0,163,213,1,215,16,0
1760,8,2,156,2,150,2,158,2,155,0
186,8,6,152,42,4,16,0,6,140,0
293,8,144,0,64,223,64,190,243,96,0
1176,8,132,0,32,0,243,128,193,2,0
961,8,123,85,31,185,130,36,233,46,0
560,8,251,0,0,2,212,0,8,0,0
737,8,0,0,0,0,0,0,0,4,0
852,8,32,16,0,0,0,1,225,128,0
1505,8,137,53,32,7,10,0,192,128,0
354,8,36,72,2,52,64,18,31,201,0
167,8,0,81,14,37,49,45,160,160,0
1175,8,0,0,0,0,0,0,0,0,0
339,8,0,0,0,0,0,12,0,10,0
661,8,0,0,0,0,0,0,24,64,0
14,8,32,84,22,2,8,9,115,172,0
1634,8,76,128,0,0,64,0,0,0,0
412,8,4,184,32,8,66,0,40,80,0
208,8,18,81,4,98,244,3,3,0,0
51,8,18,23,65,30,12,129,39,208,0
628,8,88,242,34,250,80,124,173,229,0
1760,8,2,153,2,154,2,158,2,155,0
192,8,96,0,0,0,0,0,0,0,0
738,8,24,8,13,64,64,0,1,24,0
837,8,5,2,2,194,60,119,64,129,0
1072,8,0,63,68,140,90,128,17,160,0
304,8,0,1,96,0,0,0,0,0,0
778,8,64,45,112,1,212,8,50,0,0
452,8,0,2,2,0,2,64,0,0,0
1694,8,4,64,4,125,31,192,21,66,0
293,8,144,0,64,223,64,190,213,96,0
676,8,54,220,0,28,4,8,152,208,0
813,8,128,0,4,32,172,1,0,32,0
1277,8,17,68,10,83,91,13,74,8,0
852,8,32,16,0,0,0,1,225,128,0
1505,8,137,53,32,7,10,0,188,128,0
651,8,0,0,0,0,0,0,0,0,0
167,8,0,81,12,37,49,45,160,160,0
1644,8,0,128,16,0,32,0,0,32,0
722,8,0,0,80,0,0,0,0,0,0
1372,8,16,27,0,0,65,130,48,0,0
208,8,26,81,4,100,243,3,3,0,0
51,8,18,15,57,34,188,193,39,208,0
14,8,32,84,22,2,8,9,115,172,0
403,8,0,8,8,3,232,8,0,0,0
263,8,0,0,0,0,0,0,0,0,0
526,8,78,31,255,161,129,191,239,255,0
1314,8,223,127,208,0,125,40,0,28,0
870,8,128,93,200,2,1,71,206,56,0
1408,8,0,0,0,6,138,135,250,160,0
244,8,154,12,1,2,4,177,2,64,0
1076,8,2,138,128,164,5,34,7,32,0
293,8,144,0,64,223,64,190,183,96,0
1760,8,2,153,2,155,2,157,2,156,0
426,8,144,190,189,68,161,99,230,64,0
1176,8,132,0,32,0,242,128,193,3,0
560,8,250,0,0,2,212,0,10,0,0
737,8,0,0,0,0,0,0,0,4,0
852,8,32,15,192,0,0,1,226,0,0
1505,8,137,53,32,7,10,0,184,128,0
354,8,36,72,2,52,64,18,31,201,0
167,8,0,81,13,165,49,45,160,160,0
622,8,1,6,64,130,137,18,10,4,0
961,8,123,85,31,187,127,165,169,46,0
1255,8,0,0,0,20,3,108,0,0,0
339,8,0,0,0,0,0,12,0,10,0
14,8,32,84,22,2,8,9,115,196,0
1634,8,76,128,0,0,64,0,0,0,0
1668,8,76,212,127,89,65,95,16,30,0
1590,8,36,156,46,65,12,138,48,0,0
727,8,16,0,96,216,0,0,0,8,0
412,8,8,180,32,8,66,0,40,80,0
208,8,34,81,4,100,242,3,3,0,0
51,8,18,15,49,35,13,1,39,208,0
628,8,88,242,36,248,80,124,173,229,0
1760,8,2,154,2,156,2,157,2,156,0
192,8,96,0,0,0,0,0,0,0,0
996,8,0,212,0,0,132,0,0,0,0
1628,8,64,8,18,165,137,240,0,0,0
1694,8,4,64,4,125,31,192,21,66,0
293,8,144,0,64,223,64,190,153,96,0
1399,8,0,0,8,0,0,0,1,70,0
852,8,32,15,192,0,0,1,226,0,0
1505,8,137,53,32,7,10,0,180,128,0
651,8,0,0,0,0,0,0,0,0,0
167,8,0,81,13,37,49,45,160,160,0
1031,8,56,148,95,240,0,1,152,224,0
661,8,0,0,0,0,0,0,24,64,0
208,8,42,81,4,100,241,3,3,0,0
14,8,32,84,22,2,8,9,115,184,0
51,8,18,15,41,35,13,65,39,208,0
263,8,0,0,0,0,0,0,0,0,0
403,8,0,8,8,3,232,8,0,0,0
526,8,78,32,3,161,129,63,239,255,0
1314,8,223,127,208,0,124,176,0,28,0
870,8,128,93,200,2,1,71,206,56,0
1408,8,0,0,0,6,131,7,250,160,0
1076,8,2,170,32,164,53,82,55,80,0
1760,8,2,159,2,153,2,158,2,155,0
186,8,6,152,43,4,16,0,6,140,0
293,8,144,0,64,223,64,190,123,96,0
1176,8,132,0,32,0,241,128,193,4,0
60,8,0,0,4,0,51,0,0,0,0
1124,8,0,2,64,0,0,144,24,86,0
519,8,4,4,96,72,42,222,213,24,0
692,8,20,234,4,0,0,0,88,0,0
1225,8,1,249,21,130,13,2,246,75,0
737,8,0,0,0,0,0,0,0,4,0
852,8,32,15,192,0,0,1,211,0,0
1505,8,137,53,32,7,10,0,172,128,0
354,8,36,72,2,52,64,18,31,201,0
167,8,0,81,15,165,49,45,160,160,0
470,8,2,15,130,128,48,36,5,128,0
560,8,249,0,0,2,212,0,12,0,0
339,8,0,0,0,0,0,12,0,10,0
14,8,32,84,22,2,8,9,115,196,0
1634,8,76,128,0,0,64,0,0,0,0
412,8,12,174,32,8,130,0,40,96,0
208,8,50,81,4,102,240,3,3,0,0
51,8,18,23,33,31,173,129,39,208,0
628,8,88,242,38,246,80,124,173,231,0
1760,8,2,158,2,152,2,158,2,154,0
192,8,96,0,0,0,0,0,0,0,0
1694,8,4,64,4,125,31,192,21,66,0
293,8,144,0,64,223,64,190,93,96,0
961,8,123,85,31,187,254,166,41,46,0
852,8,32,16,0,0,0,1,188,0,0
1505,8,137,53,32,7,10,0,168,128,0
651,8,0,0,0,0,0,0,0,0,0
167,8,0,81,18,37,49,45,160,160,0
61,8,0,1,132,0,0,0,0,0,0
208,8,58,81,4,102,239,3,3,0,0
51,8,18,23,25,36,13,193,39,208,0
14,8,32,84,22,2,8,9,115,190,0
403,8,0,8,8,3,232,8,0,0,0
263,8,0,0,0,0,0,0,0,0,0
526,8,78,32,3,161,130,191,239,247,0
1314,8,223,127,208,0,124,56,0,28,0
870,8,128,93,200,2,1,71,206,56,0
1408,8,0,0,0,6,123,135,250,160,0
1076,8,2,202,160,164,101,130,103,128,0
1760,8,2,159,2,152,2,159,2,157,0
1176,8,132,0,32,0,239,128,193,69,0
293,8,144,0,64,223,64,190,63,96,0
813,8,128,0,4,32,172,1,0,32,0
1277,8,17,64,10,83,87,12,74,8,0
560,8,248,0,0,2,212,0,14,0,0
737,8,0,0,0,0,0,0,0,4,0
852,8,32,16,0,0,0,1,188,0,0
1505,8,137,53,32,7,10,0,168,128,0
354,8,36,72,2,52,64,18,31,201,0
167,8,0,81,16,37,49,45,160,160,0
339,8,0,0,0,0,0,12,0,10,0
661,8,0,0,0,0,0,0,24,64,0
14,8,32,84,22,2,8,9,115,196,0
1634,8,76,128,0,0,64,0,0,0,0
412,8,16,170,32,8,130,0,40,96,0
208,8,66,81,4,96,237,3,4,0,0
51,8,18,15,17,36,14,1,39,208,0
628,8,88,242,40,244,80,124,173,231,0
1760,8,2,165,2,155,2,160,2,159,0
192,8,96,0,0,0,0,0,0,0,0
1413,8,0,64,0,0,0,2,0,24,0
1694,8,4,64,4,125,31,192,21,66,0
695,8,0,32,40,64,0,0,128,64,0
293,8,144,0,64,223,64,160,1,96,0
852,8,32,16,0,0,0,1,180,128,0
1505,8,137,53,32,7,10,0,164,128,0
651,8,0,0,0,0,0,0,0,0,0
167,8,0,81,16,165,49,45,160,160,0
458,8,63,249,255,128,0,0,12,48,0
961,8,123,85,31,187,253,230,233,46,0
208,8,74,81,4,96,236,3,4,0,0
14,8,32,84,22,2,8,9,115,202,0
51,8,18,15,9,28,110,65,39,208,0
1399,8,0,0,8,0,0,0,1,70,0
403,8,0,8,8,3,232,8,0,0,0
263,8,0,0,0,0,0,0,0,0,0
526,8,78,32,3,161,132,63,207,239,0
1314,8,223,127,208,0,123,192,0,28,0
870,8,128,157,200,2,1,71,206,56,0
1408,8,0,0,0,6,124,7,250,144,0
1076,8,2,234,160,164,133,178,151,176,0
1760,8,2,158,2,159,2,160,2,158,0
186,8,6,152,43,68,16,0,6,140,0
293,8,144,0,64,223,64,191,227,96,0
1459,8,4,0,0,0,0,0,4,0,0
1176,8,132,0,32,0,236,128,193,198,0
560,8,247,0,0,2,212,0,16,0,0
737,8,0,0,0,0,0,0,0,4,0
852,8,32,16,64,0,0,1,157,128,0
1505,8,137,53,32,7,10,0,168,128,0
354,8,36,72,2,52,64,18,31,201,0
167,8,0,81,13,165,49,45,160,160,0
675,8,16,0,2,132,118,128,60,8,0
339,8,0,0,0,0,0,12,0,10,0
1634,8,76,128,0,0,64,0,0,0,0
14,8,32,84,22,2,8,9,115,202,0
412,8,20,168,32,8,66,0,40,96,0
208,8,82,81,4,96,233,3,6,0,0
51,8,18,15,1,36,14,129,39,208,0
628,8,88,242,42,242,80,124,173,229,0
1760,8,2,156,2,158,2,160,2,158,0
192,8,96,0,0,0,0,0,0,0,0
1694,8,4,64,4,125,31,192,21,66,0
293,8,144,0,64,223,64,191,197,96,0
705,8,1,243,15,199,200,30,209,56,0
852,8,32,16,64,0,0,1,157,128,0
1505,8,137,53,32,7,10,0,172,128,0
651,8,0,0,0,0,0,0,0,0,0
1788,8,0,0,7,60,210,186,72,0,0
167,8,0,81,13,165,49,45,160,160,0
569,8,0,0,0,101,128,0,58,0,0
661,8,0,0,0,0,0,0,24,64,0
208,8,90,81,4,98,232,3,6,0,0
14,8,32,84,22,2,8,9,115,208,0
51,8,18,22,249,36,14,193,39,208,0
215,8,0,0,2,0,128,0,0,0,0
403,8,0,8,8,3,232,8,0,0,0
263,8,0,0,0,0,0,0,0,0,0
526,8,78,32,7,161,131,63,207,239,0
1314,8,223,127,208,0,123,72,0,28,0
870,8,128,93,200,2,1,71,206,56,0
1408,8,0,0,0,6,116,135,250,144,0
1076,8,3,10,128,164,181,194,199,208,0
1760,8,2,158,2,155,2,160,2,157,0
1176,8,132,0,32,0,235,128,193,199,0
293,8,144,0,64,223,64,191,167,96,0
961,8,123,85,31,187,253,103,105,46,0
560,8,246,0,0,2,212,0,18,0,0
737,8,0,0,0,0,0,0,0,4,0
852,8,32,16,64,0,0,1,150,0,0
1505,8,137,53,0,7,10,0,172,128,0
354,8,36,72,2,52,64,18,31,201,0
167,8,0,81,15,165,49,45,160,160,0
1175,8,0,0,0,0,0,0,0,0,0
339,8,0,0,0,0,0,12,0,10,0
1634,8,76,128,0,0,64,0,0,0,0
14,8,32,84,22,2,8,9,115,196,0
412,8,24,166,32,8,2,0,40,96,0
208,8,98,81,4,98,231,3,6,0,0
51,8,18,22,241,31,175,1,39,208,0
628,8,88,242,44,240,80,124,173,229,0
1760,8,2,159,2,156,2,160,2,158,0
192,8,96,0,0,0,0,0,0,0,0
738,8,24,8,13,64,64,0,1,24,0
837,8,5,2,2,194,60,119,64,129,0
1072,8,0,63,68,140,90,128,17,160,0
304,8,0,1,96,0,0,0,0,0,0
813,8,128,0,4,32,172,1,0,32,0
1227,8,128,0,0,0,0,0,0,0,0
1277,8,17,73,10,83,99,14,74,8,0
1694,8,4,64,4,125,31,192,21,66,0
293,8,144,0,64,223,64,191,137,96,0
640,8,24,224,2,112,0,0,0,0,0
852,8,32,16,64,0,0,1,150,0,0
1505,8,137,53,0,7,10,0,180,128,0
651,8,0,0,0,0,0,0,0,0,0
167,8,0,81,14,165,49,45,160,160,0
1644,8,0,128,16,0,32,0,0,32,0
722,8,0,0,8,0,0,0,0,0,0
208,8,106,81,4,100,230,3,6,0,0
51,8,18,22,233,33,95,65,39,208,0
14,8,32,84,22,2,8,9,115,190,0
403,8,0,8,8,3,232,8,0,0,0
263,8,0,0,0,0,0,0,0,0,0
526,8,78,32,3,161,131,63,207,255,0
1314,8,223,127,208,0,122,208,0,28,0
870,8,128,29,200,2,1,71,206,56,0
1408,8,0,0,0,6,109,7,250,144,0
244,8,154,12,1,2,4,177,2,64,0
1076,8,3,42,0,164,229,242,216,0,0
293,8,144,0,64,223,64,191,107,96,0
1760,8,2,163,2,156,2,159,2,158,0
186,8,6,152,43,68,16,0,6,140,0
6,8,8,0,0,100,0,0,0,0,0
1176,8,132,0,32,0,234,128,193,200,0
560,8,245,0,0,2,212,0,20,0,0
737,8,0,0,0,0,0,0,0,4,0
852,8,32,16,0,0,0,1,143,0,0
1505,8,137,53,0,7,10,0,180,128,0
354,8,36,72,2,52,64,18,31,201,0
167,8,0,81,16,165,49,45,160,160,0
622,8,1,6,64,130,137,18,10,4,0
961,8,123,85,31,187,125,40,41,46,0
1255,8,0,0,0,20,3,108,0,0,0
339,8,0,0,0,0,0,12,0,10,0
14,8,32,84,22,2,8,9,115,164,0
661,8,0,0,0,0,0,0,24,64,0
1634,8,76,128,0,0,64,0,0,0,0
1668,8,76,212,127,217,65,95,16,30,0
1590,8,36,156,46,193,12,10,64,0,0
727,8,16,0,96,216,0,0,0,8,0
412,8,28,162,32,8,2,0,40,96,0
208,8,114,81,4,100,229,3,6,0,0
51,8,18,22,225,33,95,129,39,208,0
628,8,88,242,46,238,80,124,173,225,0
1760,8,2,164,2,154,2,160,2,158,0
192,8,96,0,0,0,0,0,0,0,0
996,8,0,212,0,0,132,0,0,0,0
1694,8,4,64,4,125,31,192,21,66,0
293,8,144,0,64,223,64,191,77,96,0
1628,8,64,8,18,165,137,208,0,0,0
1399,8,0,0,8,0,0,0,1,70,0
852,8,32,16,0,0,0,1,248,0,0
1505,8,137,53,0,7,10,0,184,128,0
651,8,0,0,0,0,0,0,0,0,0
167,8,0,81,15,165,49,45,160,160,0
1031,8,56,146,95,240,0,1,152,160,0
117,8,15,50,0,15,174,30,224,0,0
208,8,122,81,4,100,228,3,6,0,0
51,8,18,22,217,35,191,193,39,208,0
14,8,32,84,22,2,8,9,115,196,0
403,8,0,8,8,3,232,8,0,0,0
263,8,0,0,0,0,0,0,0,0,0
526,8,78,32,3,161,132,191,208,7,0
1314,8,223,127,208,0,122,88,0,28,0
870,8,128,157,200,2,1,71,206,56,0
1408,8,0,0,0,6,101,135,250,144,0
1076,8,3,74,160,165,22,35,8,48,0
1760,8,2,163,2,158,2,160,2,159,0
1176,8,132,0,32,0,232,128,194,9,0
293,8,144,0,64,223,64,191,47,96,0
60,8,0,0,4,0,51,0,0,0,0
519,8,4,4,96,72,42,222,213,24,0
1124,8,0,2,64,0,0,144,23,87,0
1225,8,1,249,21,130,13,2,246,75,0
470,8,2,11,128,128,48,36,5,128,0
560,8,244,0,0,2,212,0,22,0,0
692,8,20,234,4,0,0,0,88,0,0
737,8,0,0,0,0,0,0,0,4,0
852,8,32,16,0,0,0,1,248,0,0
1505,8,137,53,0,7,10,0,184,128,0
354,8,36,72,2,52,64,18,31,201,0
167,8,0,81,14,165,49,45,160,160,0
58,8,0,0,0,0,0,29,8,0,0
339,8,0,0,0,0,0,12,0,10,0
1634,8,76,128,0,0,64,0,0,0,0
14,8,32,84,22,2,8,9,115,196,0
412,8,0,188,32,8,66,0,40,96,0
208,8,2,81,4,102,242,3,7,0,0
51,8,18,15,81,29,108,1,39,208,0
628,8,88,242,32,252,80,124,173,229,0
1760,8,2,163,2,160,2,162,2,159,0
192,8,96,0,0,0,0,0,0,0,0
1694,8,4,64,4,125,31,192,21,66,0
293,8,144,0,64,223,64,191,17,96,0
961,8,123,85,31,187,124,168,169,46,0
852,8,32,16,0,0,0,1,240,128,0
1505,8,137,53,0,7,10,0,184,128,0
651,8,0,0,0,0,0,0,0,0,0
167,8,0,81,16,165,49,45,160,160,0
61,8,0,1,131,128,0,0,0,0,0
1262,8,160,0,13,8,240,76,64,8,0
661,8,0,0,0,0,0,0,24,64,0
208,8,10,81,4,102,241,3,7,0,0
14,8,32,84,22,2,8,9,115,196,0
51,8,18,15,73,29,108,65,39,208,0
403,8,0,8,8,3,232,8,0,0,0
263,8,0,0,0,0,0,0,0,0,0
526,8,78,32,3,161,133,63,207,247,0
1314,8,223,127,208,0,121,224,0,28,0
870,8,128,157,200,2,1,71,206,56,0
1408,8,0,0,0,6,94,7,250,144,0
1076,8,3,106,160,165,38,83,56,96,0
1760,8,2,164,2,159,2,161,2,159,0
186,8,6,152,43,68,16,0,6,140,0
293,8,144,0,64,223,64,190,243,96,0
1307,8,41,9,24,63,1,6,8,1,0
1176,8,132,0,32,0,230,128,194,74,0
813,8,128,0,4,32,172,1,0,32,0
1277,8,17,69,10,83,93,13,74,8,0
560,8,243,0,0,2,212,0,24,0,0
737,8,0,0,0,0,0,0,0,4,0
852,8,32,16,0,0,0,1,225,128,0
1505,8,137,53,0,7,10,0,180,128,0
354,8,36,72,2,52,64,18,31,201,0
167,8,0,81,15,37,49,45,160,160,0
1372,8,16,27,0,0,65,130,48,0,0
1693,8,128,141,207,176,79,193,252,177,0
339,8,0,0,0,0,0,12,0,10,0
1634,8,76,128,0,0,64,0,0,0,0
14,8,32,84,22,2,8,9,115,196,0
412,8,4,184,32,8,66,0,40,96,0
208,8,18,81,4,102,239,3,8,0,0
51,8,18,15,65,36,12,129,39,208,0
628,8,88,242,34,250,80,124,173,229,0
1760,8,2,159,2,159,2,160,2,158,0
192,8,96,0,0,0,0,0,0,0,0
1413,8,0,64,0,0,0,2,0,24,0
1694,8,4,64,4,125,31,192,21,66,0
293,8,144,0,64,223,64,190,213,96,0
852,8,32,16,0,0,0,1,225,128,0
1505,8,137,53,0,7,10,0,176,128,0
651,8,0,0,0,0,0,0,0,0,0
167,8,0,81,15,165,49,45,160,160,0
458,8,63,249,255,128,0,0,12,48,0
1512,8,0,0,2,4,0,57,176,0,0
961,8,123,85,31,187,123,233,105,46,0
208,8,26,81,4,96,238,3,8,0,0
14,8,32,84,22,2,8,9,115,202,0
51,8,18,15,57,29,188,193,39,208,0
1399,8,0,0,8,0,0,0,1,70,0
403,8,0,8,8,3,232,8,0,0,0
263,8,0,0,0,0,0,0,0,0,0
526,8,78,32,3,161,132,191,239,247,0
1314,8,223,127,208,0,121,104,0,28,0
870,8,128,93,200,2,1,71,206,56,0
1408,8,0,0,0,6,86,135,250,144,0
1076,8,3,128,0,165,86,131,104,144,0
1760,8,2,163,2,157,2,160,2,159,0
1459,8,4,0,0,0,0,0,4,0,0
293,8,144,0,64,223,64,190,183,96,0
1176,8,132,0,32,0,231,128,193,203,0
560,8,242,0,0,2,212,0,26,0,0
737,8,0,0,0,0,0,0,0,4,0
852,8,32,16,0,0,0,1,218,0,0
1505,8,137,53,0,7,10,0,176,128,0
354,8,36,72,2,36,64,18,31,201,0
167,8,0,81,15,165,49,45,160,160,0
675,8,16,0,2,132,116,128,60,8,0
339,8,0,0,0,0,0,12,0,10,0
661,8,0,0,0,0,0,0,24,64,0
14,8,32,84,22,2,8,9,115,196,0
1634,8,76,128,0,0,64,0,0,0,0
412,8,8,180,32,8,66,0,40,96,0
208,8,34,81,4,96,239,3,6,0,0
51,8,18,15,49,29,189,1,39,208,0
628,8,88,242,36,248,80,124,173,229,0
1760,8,2,163,2,156,2,161,2,159,0
192,8,96,0,0,0,0,0,0,0,0
1694,8,4,64,4,125,31,192,21,66,0
293,8,144,0,64,223,64,190,153,96,0
852,8,32,16,0,0,0,1,218,0,0
1505,8,137,53,0,7,10,0,168,128,0
651,8,0,0,0,0,0,0,0,0,0
1788,8,0,0,7,60,242,186,72,0,0
167,8,0,81,14,165,49,45,160,160,0
569,8,0,0,0,101,96,0,58,0,0
705,8,1,242,47,199,202,158,191,78,0
208,8,42,81,4,98,238,3,6,0,0
51,8,18,31,41,35,189,65,39,208,0
215,8,0,0,2,0,128,0,0,0,0
14,8,32,84,22,2,8,9,115,202,0
403,8,0,8,8,3,232,8,0,0,0
263,8,0,0,0,0,0,0,0,0,0
526,8,78,32,3,161,132,191,175,255,0
1314,8,223,127,208,0,120,240,0,28,0
870,8,128,93,200,2,1,71,206,56,0
1408,8,0,0,0,6,79,7,250,144,0
1076,8,3,162,160,165,134,179,152,160,0
1760,8,2,167,2,160,2,162,2,160,0
186,8,6,152,43,132,16,0,6,140,0
293,8,144,0,64,223,64,190,123,96,0
1176,8,132,0,32,0,228,128,194,76,0
961,8,123,85,31,188,58,169,233,46,0
560,8,241,0,0,2,212,0,28,0,0
737,8,0,0,0,0,0,0,0,4,0
852,8,32,16,0,0,0,1,203,0,0
1505,8,137,53,0,7,10,0,168,128,0
354,8,36,72,2,36,64,18,31,201,0
167,8,0,81,17,37,49,45,160,160,0
1175,8,0,0,0,0,0,0,0,0,0
339,8,0,0,0,0,0,12,0,10,0
14,8,32,84,22,2,8,9,115,208,0
1634,8,76,128,0,0,64,0,0,0,0
412,8,12,176,32,8,66,0,40,96,0
208,8,50,81,4,98,235,3,8,0,0
51,8,18,31,33,33,173,129,39,208,0
628,8,88,242,38,246,80,124,173,229,0
1760,8,2,162,2,161,2,163,2,161,0
192,8,96,0,0,0,0,0,0,0,0
738,8,24,8,13,64,64,0,1,24,0
837,8,5,2,2,194,60,119,64,129,0
1072,8,0,63,68,140,90,128,17,160,0
304,8,0,1,96,0,0,0,0,0,0
813,8,128,0,4,32,172,1,0,32,0
1277,8,17,75,10,84,101,14,74,8,0
1694,8,4,64,4,125,31,192,21,66,0
293,8,144,0,64,223,64,190,93,96,0
852,8,32,16,64,0,0,1,180,0,0
1505,8,137,53,0,7,10,0,168,128,0
651,8,0,0,0,0,0,0,0,0,0
167,8,0,81,16,37,49,45,160,160,0
722,8,0,0,16,0,0,0,0,0,0
1644,8,0,128,16,0,24,0,0,32,0
1560,8,251,125,190,255,247,119,191,221,0
661,8,0,0,0,0,0,0,24,64,0
208,8,58,81,4,98,234,3,8,0,0
14,8,32,84,22,2,8,9,115,202,0
51,8,18,31,25,33,173,193,39,208,0
403,8,0,8,8,3,232,8,0,0,0
263,8,0,0,0,0,0,0,0,0,0
526,8,78,32,7,161,134,63,143,255,0
1314,8,223,127,208,0,120,120,0,28,0
870,8,128,157,200,2,1,71,206,56,0
1408,8,0,0,0,6,71,135,250,144,0
1076,8,3,202,160,165,182,227,200,208,0
244,8,154,12,1,2,4,177,2,64,0
293,8,144,0,64,223,64,190,63,96,0
1760,8,2,161,2,159,2,164,2,162,0
1398,8,127,248,0,0,63,252,31,192,0
1176,8,132,0,32,0,225,128,194,205,0
560,8,240,0,0,2,212,0,30,0,0
737,8,0,0,0,0,0,0,0,4,0
852,8,32,16,64,0,0,1,180,0,0
1505,8,137,53,0,7,10,0,172,128,0
354,8,36,72,2,36,64,18,31,201,0
167,8,0,81,15,165,49,45,160,160,0
622,8,1,6,64,130,137,18,10,4,0
961,8,123,85,31,187,250,42,169,46,0
1255,8,0,0,0,20,3,108,0,0,0
14,8,32,84,22,2,8,9,115,214,0
339,8,0,0,0,0,0,12,0,10,0
1634,8,76,128,0,0,64,0,0,0,0
1668,8,76,212,128,89,65,95,16,30,0
1590,8,36,156,47,129,12,10,96,0,0
727,8,16,0,96,216,0,0,0,8,0
412,8,16,174,32,8,2,0,40,96,0
208,8,66,81,4,100,231,3,10,0,0
51,8,18,31,17,33,14,1,39,208,0
628,8,88,242,40,244,80,124,173,229,0
1760,8,2,163,2,159,2,164,2,162,0
192,8,96,0,0,0,0,0,0,0,0
996,8,0,212,0,0,132,0,0,0,0
1628,8,64,8,18,165,137,176,0,0,0
1694,8,4,64,4,125,31,192,21,66,0
293,8,144,0,64,223,64,160,1,96,0
1399,8,0,0,8,0,0,0,1,70,0
852,8,32,16,64,0,0,1,172,128,0
1505,8,137,53,0,7,10,0,172,128,0
651,8,0,0,0,0,0,0,0,0,0
167,8,0,81,16,37,49,45,160,160,0
1031,8,56,146,95,240,0,1,152,160,0
208,8,74,81,4,100,230,3,10,0,0
51,8,18,31,9,37,206,65,39,208,0
14,8,32,84,22,2,8,9,115,208,0
403,8,0,8,8,3,232,8,0,0,0
263,8,0,0,0,0,0,0,0,0,0
526,8,78,32,3,161,132,191,207,255,0
1314,8,223,127,208,0,127,128,0,28,0
870,8,128,29,200,2,1,71,206,56,0
1408,8,0,0,0,6,192,7,250,128,0
1076,8,3,226,32,165,231,19,233,0,0
1760,8,2,166,2,159,2,164,2,163,0
186,8,6,152,43,132,16,0,6,140,0
293,8,144,0,64,223,64,191,227,96,0
1176,8,132,0,32,0,223,128,195,14,0
60,8,0,0,4,0,51,0,0,0,0
1124,8,0,2,64,0,0,144,22,88,0
519,8,4,4,96,72,42,222,213,24,0
1225,8,1,249,21,130,13,2,246,75,0
470,8,6,15,130,128,48,36,5,128,0
560,8,255,0,0,2,212,0,0,0,0
737,8,0,0,0,0,0,0,0,4,0
852,8,32,16,64,0,0,1,157,128,0
1505,8,137,53,0,7,10,0,176,128,0
354,8,36,72,2,36,64,18,31,201,0
167,8,0,81,13,165,49,45,160,160,0
692,8,20,234,4,0,0,0,88,0,0
339,8,0,0,0,0,0,12,0,10,0
661,8,0,0,0,0,0,0,24,64,0
14,8,32,84,22,2,8,9,115,196,0
1634,8,76,128,0,0,64,0,0,0,0
412,8,20,170,32,8,2,0,40,96,0
208,8,82,81,4,102,228,3,11,0,0
51,8,18,39,1,37,206,129,39,208,0
628,8,88,242,42,242,80,124,173,225,0
1760,8,2,169,2,159,2,163,2,162,0
192,8,96,0,0,0,0,0,0,0,0
1694,8,4,64,4,125,31,192,21,66,0
293,8,144,0,64,223,64,191,197,96,0
961,8,123,85,31,187,249,171,41,46,0
852,8,32,16,64,0,0,1,157,128,0
1505,8,137,53,0,7,10,0,176,128,0
651,8,0,0,0,0,0,0,0,0,0
167,8,0,81,16,37,49,45,160,160,0
61,8,0,1,131,128,0,0,0,0,0
208,8,90,81,4,102,227,3,11,0,0
51,8,18,38,249,30,190,193,39,208,0
14,8,32,84,22,2,8,9,115,208,0
403,8,0,8,8,3,232,8,0,0,0
263,8,0,0,0,0,0,0,0,0,0
526,8,78,32,3,161,135,63,239,255,0
1314,8,223,127,208,0,127,8,0,28,0
870,8,128,157,200,2,1,71,206,56,0
1408,8,0,0,0,6,184,135,250,128,0
1076,8,4,10,32,166,23,52,25,48,0
1760,8,2,168,2,161,2,163,2,162,0
452,8,0,2,2,0,2,128,0,0,0
293,8,144,0,64,223,64,191,167,96,0
676,8,78,30,1,28,4,8,152,208,0
1176,8,132,0,32,0,223,128,194,207,0
813,8,128,0,4,32,172,1,0,32,0
1277,8,17,69,10,83,93,13,74,8,0
560,8,254,0,0,2,212,0,2,0,0
737,8,0,0,0,0,0,0,0,4,0
852,8,32,16,64,0,0,1,150,0,0
1505,8,137,52,224,7,10,0,180,128,0
354,8,36,72,2,36,64,18,31,201,0
167,8,0,81,15,165,49,45,160,160,0
339,8,0,0,0,0,0,12,0,10,0
14,8,32,84,22,2,8,9,115,190,0
1634,8,76,128,0,0,64,0,0,0,0
412,8,24,166,32,8,2,0,40,96,0
208,8,98,81,4,102,227,3,10,0,0
51,8,18,38,241,38,31,1,39,208,0
628,8,88,242,44,240,80,124,173,225,0
1760,8,2,163,2,160,2,164,2,163,0
192,8,96,0,0,0,0,0,0,0,0
1331,8,237,127,207,126,255,247,239,127,0
1413,8,0,64,0,0,0,2,0,24,0
1694,8,4,64,4,125,31,192,21,66,0
293,8,144,0,64,223,64,191,137,96,0
852,8,32,16,64,0,0,1,150,0,0
1505,8,137,52,224,7,10,0,180,128,0
651,8,0,0,0,0,0,0,0,0,0
167,8,0,81,16,165,49,45,160,160,0
458,8,63,249,255,128,0,0,12,48,0
961,8,123,85,31,188,184,43,233,46,0
661,8,0,0,0,0,0,0,24,64,0
208,8,106,81,4,96,226,3,10,0,0
14,8,32,84,22,2,8,9,115,196,0
51,8,18,46,233,38,31,65,39,208,0
1399,8,0,0,8,0,0,0,1,70,0
403,8,0,8,8,3,232,8,0,0,0
526,8,78,32,7,161,135,63,239,247,0
1314,8,223,127,208,0,126,144,0,28,0
1049,8,10,155,70,77,4,95,195,79,0
263,8,0,0,0,0,0,0,0,0,0
870,8,128,157,200,2,1,71,206,56,0
1408,8,0,0,0,6,177,7,250,128,0
1076,8,4,34,160,166,71,84,73,96,0
1760,8,2,163,2,159,2,164,2,163,0
186,8,6,152,43,132,16,0,6,140,0
293,8,144,0,64,223,64,191,107,96,0
1459,8,4,0,0,0,0,0,4,0,0
1176,8,132,0,32,0,237,128,195,0,0
560,8,253,0,0,2,212,0,4,0,0
737,8,0,0,0,0,0,0,0,4,0
852,8,32,16,64,0,0,1,135,0,0
1505,8,137,52,224,7,10,0,180,128,0
354,8,36,72,2,36,64,18,31,201,0
167,8,0,81,18,37,49,45,160,160,0
675,8,16,0,2,132,116,128,60,8,0
339,8,0,0,0,0,0,12,0,10,0
1634,8,76,128,0,0,64,0,0,0,0
14,8,32,84,22,2,8,9,115,190,0
412,8,28,162,32,8,2,0,40,96,0
208,8,114,81,4,96,224,3,11,0,0
51,8,18,46,225,32,95,129,39,208,0
628,8,88,242,46,238,80,124,173,225,0
1760,8,2,165,2,159,2,166,2,164,0
192,8,96,0,0,0,0,0,0,0,0
1694,8,4,64,4,125,31,192,21,66,0
293,8,144,0,64,223,64,191,77,96,0
852,8,32,16,64,0,0,1,240,0,0
1505,8,137,52,224,7,10,0,184,128,0
651,8,0,0,0,0,0,0,0,0,0
1788,8,0,0,7,59,242,186,80,0,0
167,8,0,81,15,165,49,45,160,160,0
569,8,0,0,0,101,64,0,58,0,0
215,8,0,0,2,0,128,0,0,0,0
14,8,32,84,22,2,8,9,115,184,0
208,8,122,81,4,98,223,3,11,0,0
51,8,18,30,217,35,191,193,39,208,0
403,8,0,8,8,3,232,8,0,0,0
263,8,0,0,0,0,0,0,0,0,0
526,8,78,32,3,161,133,192,15,255,0
1314,8,223,127,208,0,126,24,0,28,0
870,8,128,29,200,2,1,71,206,56,0
1408,8,0,0,0,6,177,135,250,112,0
1076,8,4,66,160,166,119,132,105,144,0
1760,8,2,165,2,159,2,167,2,164,0
293,8,144,0,64,223,64,191,47,96,0
961,8,123,85,31,186,249,108,105,46,0
705,8,1,244,175,199,204,30,125,98,0
1176,8,132,0,32,0,234,128,195,129,0
560,8,252,0,0,2,212,0,6,0,0
737,8,0,0,0,0,0,0,0,4,0
852,8,32,16,64,0,0,1,240,0,0
1505,8,137,52,224,7,10,0,180,128,0
354,8,36,72,2,36,64,18,31,201,0
167,8,0,81,16,37,49,45,160,160,0
1175,8,0,0,0,0,0,0,0,0,0
339,8,0,0,0,0,0,12,0,10,0
661,8,0,0,0,0,0,0,24,64,0
14,8,32,84,22,2,8,9,115,190,0
1634,8,76,128,0,0,64,0,0,0,0
412,8,0,190,32,8,2,0,40,96,0
208,8,2,81,4,98,236,3,13,0,0
51,8,18,31,81,35,188,1,39,208,0
628,8,88,242,32,252,80,124,173,225,0
1760,8,2,166,2,160,2,166,2,164,0
192,8,96,0,0,0,0,0,0,0,0
738,8,24,8,13,64,64,0,1,24,0
837,8,5,2,2,194,60,119,64,129,0
1072,8,0,63,68,140,90,128,17,160,0
304,8,0,1,96,0,0,0,0,0,0
813,8,128,0,4,32,172,1,0,32,0
1694,8,4,64,4,125,31,192,21,66,0
293,8,144,0,64,223,64,191,17,96,0
1227,8,128,0,0,0,0,0,0,0,0
1277,8,17,62,10,84,83,12,74,8,0
640,8,24,224,2,112,0,0,0,0,0
852,8,32,16,0,0,0,1,240,128,0
1505,8,137,52,224,7,10,0,180,128,0
651,8,0,0,0,0,0,0,0,0,0
167,8,0,81,14,165,49,45,160,160,0
1644,8,0,128,16,0,24,0,0,32,0
722,8,0,0,24,0,0,0,0,0,0
1372,8,16,27,0,0,65,130,48,0,0
208,8,10,81,4,98,235,3,13,0,0
51,8,18,31,73,36,188,65,39,208,0
14,8,32,84,22,2,8,9,115,172,0
403,8,0,8,8,3,232,8,0,0,0
263,8,0,0,0,0,0,0,0,0,0
526,8,78,31,255,161,134,63,239,255,0
1314,8,223,127,208,0,125,160,0,28,0
870,8,128,29,200,2,1,71,206,56,0
1408,8,0,0,0,6,170,7,250,112,0
1076,8,4,104,0,166,151,180,137,176,0
1760,8,2,169,2,161,2,164,2,164,0
244,8,154,12,1,2,4,177,2,64,0
293,8,144,0,64,223,64,190,243,96,0
186,8,6,152,43,132,16,0,6,140,0
241,8,62,16,28,192,3,89,204,0,0
1176,8,132,0,32,0,234,128,195,66,0
560,8,251,0,0,2,212,0,8,0,0
737,8,0,0,0,0,0,0,0,4,0
852,8,32,16,0,0,0,1,225,128,0
1505,8,137,52,192,7,10,0,176,128,0
354,8,36,72,2,36,64,18,31,201,0
167,8,0,81,13,165,49,45,160,160,0
622,8,1,6,64,130,137,18,10,4,0
961,8,123,85,31,187,56,109,41,46,0
1255,8,0,0,0,20,3,108,0,0,0
339,8,0,0,0,0,0,12,0,10,0
14,8,32,84,22,2,8,9,115,196,0
1634,8,76,128,0,0,64,0,0,0,0
1668,8,76,212,128,89,65,95,16,30,0
1590,8,36,156,48,1,12,10,112,0,0
727,8,16,0,96,216,0,0,0,8,0
412,8,4,184,32,8,66,0,40,96,0
208,8,18,81,4,100,235,3,12,0,0
51,8,18,47,65,31,172,129,39,208,0
628,8,88,242,34,250,80,124,173,225,0
1760,8,2,167,2,164,2,164,2,164,0
192,8,96,0,0,0,0,0,0,0,0
996,8,0,212,0,0,132,0,0,0,0
1628,8,64,8,18,165,137,160,0,0,0
1399,8,0,0,8,0,0,0,1,70,0
1694,8,4,64,4,125,31,192,21,66,0
293,8,144,0,64,223,64,190,213,96,0
852,8,32,16,0,0,0,1,225,128,0
1505,8,137,52,192,7,10,0,176,128,0
651,8,0,0,0,0,0,0,0,0,0
167,8,0,81,15,165,49,45,160,160,0
1031,8,56,146,95,240,0,1,152,160,0
661,8,0,0,0,0,0,0,24,64,0
208,8,26,81,4,100,234,3,12,0,0
14,8,32,84,22,2,8,9,115,190,0
51,8,18,47,57,31,172,193,39,208,0
403,8,0,8,8,3,232,8,0,0,0
263,8,0,0,0,0,0,0,0,0,0
526,8,78,32,3,161,136,63,207,255,0
1314,8,223,127,208,0,125,40,0,28,0
870,8,128,157,200,2,1,71,206,56,0
1408,8,0,0,0,6,162,135,250,112,0
1076,8,0,0,0,166,183,212,185,224,0
1760,8,2,162,2,163,2,165,2,164,0
1176,8,132,0,32,0,233,128,195,67,0
293,8,144,0,64,223,64,190,183,96,0
60,8,0,0,4,0,51,0,0,0,0
1124,8,0,2,64,0,0,144,21,89,0
519,8,4,4,96,72,42,222,213,24,0
1225,8,1,249,21,130,13,2,246,75,0
470,8,2,11,128,128,48,36,5,128,0
560,8,250,0,0,2,212,0,10,0,0
692,8,20,234,4,0,0,0,88,0,0
737,8,0,0,0,0,0,0,0,4,0
852,8,32,16,64,0,0,1,210,0,0
1505,8,137,52,192,7,10,0,172,128,0
354,8,36,72,2,36,64,18,31,201,0
167,8,0,81,15,37,49,45,160,160,0
339,8,0,0,0,0,0,12,0,10,0
1634,8,76,128,0,0,64,0,0,0,0
14,8,32,84,22,2,8,9,115,184,0
412,8,8,180,32,8,66,0,40,96,0
208,8,34,81,4,100,233,3,12,0,0
51,8,18,47,49,38,29,1,39,208,0
628,8,88,242,36,248,80,124,173,229,0
1760,8,2,165,2,160,2,167,2,166,0
192,8,96,0,0,0,0,0,0,0,0
1694,8,4,64,4,125,31,192,21,66,0
293,8,144,0,64,223,64,190,153,96,0
961,8,123,85,31,187,119,173,169,46,0
852,8,32,16,64,0,0,1,210,0,0
1505,8,137,52,192,7,10,0,172,128,0
651,8,0,0,0,0,0,0,0,0,0
167,8,0,81,16,165,49,45,160,160,0
61,8,0,1,131,128,0,0,0,0,0
208,8,42,81,4,102,232,3,12,0,0
51,8,18,47,41,30,189,65,39,208,0
14,8,32,84,22,2,8,9,115,196,0
403,8,0,8,8,3,232,8,0,0,0
263,8,0,0,0,0,0,0,0,0,0
526,8,78,32,3,161,133,191,175,255,0
1314,8,223,127,208,0,124,176,0,28,0
870,8,128,29,200,2,1,71,206,56,0
1408,8,0,0,0,6,155,7,250,112,0
1076,8,0,32,0,166,232,4,234,16,0
1760,8,2,164,2,161,2,167,2,166,0
186,8,6,152,43,132,16,0,6,140,0
293,8,144,0,64,223,64,190,123,96,0
663,8,17,0,0,32,0,2,81,16,0
1307,8,40,12,65,1,40,0,1,33,0
1176,8,132,0,32,0,229,128,196,4,0
813,8,128,0,4,32,172,1,0,32,0
1277,8,17,71,10,83,95,13,202,8,0
560,8,249,0,0,2,212,0,12,0,0
737,8,0,0,0,0,0,0,0,4,0
852,8,32,16,64,0,0,1,195,0,0
1505,8,137,52,192,7,10,0,172,128,0
354,8,36,72,2,36,64,18,31,201,0
167,8,0,81,17,165,49,45,160,160,0
339,8,0,0,0,0,0,12,0,10,0
661,8,0,0,0,0,0,0,24,64,0
14,8,32,84,22,2,8,9,115,190,0
1634,8,76,128,0,0,64,0,0,0,0
412,8,12,178,32,8,2,0,40,96,0
208,8,50,81,4,102,228,3,15,0,0
51,8,18,47,33,30,189,129,39,208,0
628,8,88,242,38,246,80,124,173,229,0
1760,8,2,169,2,161,2,167,2,167,0
192,8,96,0,0,0,0,0,0,0,0
1413,8,0,64,0,0,0,2,0,24,0
1694,8,4,64,4,125,31,192,21,66,0
293,8,144,0,64,223,64,190,93,96,0
852,8,32,16,64,0,0,1,180,0,0
1505,8,137,52,192,7,10,0,168,128,0
651,8,0,0,0,0,0,0,0,0,0
167,8,0,81,16,37,49,45,160,160,0
458,8,63,249,255,128,0,0,12,48,0
961,8,123,85,31,187,118,238,105,46,0
208,8,58,81,4,96,227,3,15,0,0
51,8,18,55,25,37,109,193,39,208,0
14,8,32,84,22,2,8,9,115,196,0
1399,8,0,0,8,0,0,0,1,70,0
403,8,0,8,8,3,232,8,0,0,0
526,8,78,32,3,161,134,191,207,247,0
263,8,0,0,0,0,0,0,0,0,0
1314,8,223,127,208,0,124,56,0,28,0
870,8,128,29,200,2,1,71,206,56,0
1408,8,0,0,0,6,155,135,250,96,0
1076,8,0,86,128,167,24,53,26,64,0
1760,8,2,172,2,161,2,167,2,167,0
778,8,64,45,112,1,212,10,50,0,0
1459,8,4,0,0,0,0,0,4,0,0
1176,8,132,0,32,0,228,128,196,5,0
293,8,144,0,64,223,64,190,63,96,0
560,8,248,0,0,2,212,0,14,0,0
737,8,0,0,0,0,0,0,0,4,0
852,8,32,16,64,0,0,1,180,0,0
1505,8,137,52,192,7,10,0,172,128,0
354,8,36,72,2,36,64,18,31,201,0
167,8,0,81,17,37,49,45,160,160,0
675,8,16,0,2,132,116,128,60,8,0
339,8,0,0,0,0,0,12,0,10,0
1634,8,76,128,0,0,64,0,0,0,0
14,8,32,84,22,2,8,9,115,190,0
412,8,16,174,32,8,2,0,40,96,0
208,8,66,81,4,96,226,3,15,0,0
51,8,18,55,17,34,94,1,39,208,0
628,8,88,242,40,244,80,124,173,225,0
1760,8,2,167,2,163,2,168,2,167,0
192,8,96,0,0,0,0,0,0,0,0
1694,8,4,64,4,125,31,192,21,66,0
293,8,144,0,64,223,64,160,1,96,0
852,8,32,16,128,0,0,1,164,128,0
1505,8,137,52,192,7,10,0,172,128,0
651,8,0,0,0,0,0,0,0,0,0
1788,8,0,0,7,59,82,186,80,0,0
167,8,0,81,14,165,49,45,160,160,0
569,8,0,0,0,101,0,0,58,32,0
661,8,0,0,0,0,0,0,24,64,0
208,8,74,81,4,96,225,3,15,0,0
14,8,32,84,22,2,8,9,115,190,0
51,8,18,55,9,34,94,65,39,208,0
215,8,0,0,2,0,128,0,0,0,0
403,8,0,8,8,3,232,8,0,0,0
263,8,0,0,0,0,0,0,0,0,0
526,8,78,32,3,161,137,63,207,247,0
1314,8,223,127,208,0,123,192,0,28,0
870,8,128,157,200,2,1,71,206,56,0
1408,8,0,0,0,6,148,7,250,96,0
1076,8,0,119,128,167,56,101,74,96,0
1760,8,2,161,2,165,2,168,2,168,0
186,8,6,152,43,132,16,0,6,140,0
293,8,144,0,64,223,64,191,227,96,0
961,8,123,85,31,187,54,174,233,46,0
1176,8,132,0,32,0,226,128,196,70,0
560,8,247,0,0,2,212,0,16,0,0
737,8,0,0,0,0,0,0,0,4,0
852,8,32,16,64,0,0,1,157,128,0
1505,8,137,52,160,7,10,0,180,128,0
354,8,36,72,2,36,64,18,31,201,0
167,8,0,81,13,165,49,45,160,160,0
1175,8,0,0,0,0,0,0,0,0,0
705,8,1,243,47,199,203,158,129,120,0
339,8,0,0,0,0,0,12,0,10,0
1634,8,76,128,0,0,64,0,0,0,0
14,8,32,84,22,2,8,9,115,196,0
412,8,20,170,32,8,2,0,40,80,0
208,8,82,81,4,98,223,3,16,0,0
51,8,18,47,1,35,190,129,39,208,0
628,8,88,242,42,242,80,124,173,225,0
1760,8,2,160,2,161,2,170,2,168,0
192,8,96,0,0,0,0,0,0,0,0
738,8,24,8,13,64,64,0,1,24,0
837,8,5,2,2,194,60,119,64,129,0
1072,8,0,63,68,140,90,128,17,160,0
304,8,0,1,96,0,0,0,0,0,0
813,8,128,0,4,32,172,1,0,32,0
1277,8,17,71,10,83,95,13,202,8,0
1694,8,4,64,4,125,31,192,21,66,0
293,8,144,0,64,223,64,191,197,96,0
692,8,20,234,5,0,0,0,88,0,0
852,8,32,16,64,0,0,1,157,128,0
1505,8,137,52,160,7,10,0,180,128,0
651,8,0,0,0,0,0,0,0,0,0
167,8,0,81,15,165,49,45,160,160,0
722,8,0,0,32,0,0,0,0,0,0
1644,8,0,128,16,0,24,0,0,32,0
208,8,90,81,4,98,222,3,16,0,0
51,8,18,46,249,38,126,193,39,208,0
14,8,32,84,22,2,8,9,115,172,0
403,8,0,8,8,3,232,8,0,0,0
263,8,0,0,0,0,0,0,0,0,0
526,8,78,32,3,161,133,63,207,255,0
1314,8,223,127,208,0,123,72,0,28,0
870,8,127,221,200,2,1,71,206,56,0
1408,8,0,0,0,6,140,135,250,96,0
1076,8,0,136,224,167,104,149,122,128,0
1760,8,2,169,2,162,2,170,2,168,0
1176,8,132,0,32,0,223,128,196,199,0
244,8,154,12,1,2,4,177,2,64,0
248,8,126,223,244,253,73,251,167,184,0
293,8,144,0,64,223,64,191,167,96,0
560,8,246,0,0,2,212,0,18,0,0
737,8,0,0,0,0,0,0,0,4,0
852,8,32,16,64,0,0,1,150,0,0
1505,8,137,52,160,7,10,0,184,128,0
354,8,36,72,2,36,64,18,31,201,0
167,8,0,81,14,37,49,45,160,160,0
961,8,123,85,31,187,54,47,105,46,0
1255,8,0,0,0,20,3,108,0,0,0
14,8,32,84,22,2,8,9,115,184,0
339,8,0,0,0,0,0,12,0,10,0
661,8,0,0,0,0,0,0,24,64,0
1634,8,76,128,0,0,64,0,0,0,0
1668,8,76,212,128,25,65,95,16,30,0
1590,8,36,156,48,193,12,10,128,0,0
727,8,16,0,96,216,0,0,0,8,0
412,8,24,166,32,8,2,0,40,80,0
208,8,98,81,4,100,219,3,18,0,0
51,8,18,54,241,38,127,1,39,208,0
628,8,88,242,44,240,80,124,173,223,0
1760,8,2,169,2,162,2,165,2,168,0
192,8,96,0,0,0,0,0,0,0,0
622,8,1,6,64,130,137,18,10,4,0
1694,8,4,64,4,125,31,192,21,66,0
293,8,144,0,64,223,64,191,137,96,0
37,8,0,0,2,136,64,64,14,1,0
996,8,0,212,0,0,132,0,0,0,0
1628,8,64,8,18,165,137,160,0,0,0
1399,8,0,0,8,0,0,0,1,70,0
852,8,32,16,64,0,0,1,150,0,0
1505,8,137,52,160,7,10,0,184,128,0
651,8,0,0,0,0,0,0,0,0,0
167,8,0,81,17,165,49,45,160,160,0
1031,8,56,144,95,240,0,1,152,96,0
208,8,106,81,4,100,218,3,18,0,0
51,8,18,54,233,29,191,65,39,208,0
14,8,32,84,22,2,8,9,115,184,0
403,8,0,8,8,3,232,8,0,0,0
263,8,0,0,0,0,0,0,0,0,0
526,8,78,32,3,161,136,63,240,7,0
1314,8,223,127,208,0,122,208,0,28,0
870,8,128,29,200,2,1,71,206,56,0
1408,8,0,0,0,6,133,7,250,96,0
1076,8,0,168,224,167,152,197,170,176,0
1760,8,2,170,2,162,2,166,2,167,0
186,8,6,152,43,132,16,0,6,140,0
293,8,144,0,64,223,64,191,107,96,0
1176,8,132,0,32,0,225,128,196,8,0
60,8,0,0,4,0,50,0,0,0,0
1124,8,0,2,64,0,0,144,20,90,0
519,8,4,4,224,88,42,222,213,24,0
1225,8,1,249,21,130,13,2,246,75,0
470,8,2,15,130,128,48,36,5,128,0
692,8,20,234,5,0,0,0,88,0,0
737,8,0,0,0,0,0,0,0,4,0
852,8,32,16,64,0,0,1,135,0,0
1505,8,137,52,160,7,10,0,184,128,0
354,8,36,72,2,36,64,18,31,201,0
167,8,0,81,16,165,49,45,160,160,0
560,8,245,0,0,2,212,0,20,0,0
339,8,0,0,0,0,0,12,0,10,0
1634,8,76,128,0,0,64,0,0,0,0
14,8,32,84,22,2,8,9,115,184,0
412,8,28,162,32,8,2,0,40,80,0
208,8,114,81,4,100,220,3,15,0,0
51,8,18,54,225,38,127,129,39,208,0
628,8,88,242,46,238,80,124,173,225,0
1760,8,2,169,2,168,2,170,2,168,0
192,8,96,0,0,0,0,0,0,0,0
1694,8,4,64,4,125,31,192,21,66,0
293,8,144,0,64,223,64,191,77,96,0
961,8,123,85,31,187,117,48,41,46,0
852,8,32,16,64,0,0,1,240,0,0
1505,8,137,52,160,7,10,0,184,128,0
651,8,0,0,0,0,0,0,0,0,0
167,8,0,81,17,37,49,45,160,160,0
61,8,0,1,131,0,0,0,0,0,0
661,8,0,0,0,0,0,0,24,64,0
208,8,122,81,4,102,219,3,15,0,0
14,8,32,84,22,2,8,9,115,190,0
51,8,18,54,217,38,127,193,39,208,0
403,8,0,8,8,3,232,8,0,0,0
263,8,0,0,0,0,0,0,0,0,0
526,8,78,32,3,161,137,63,207,255,0
1314,8,223,127,208,0,122,88,0,28,0
870,8,128,93,200,2,1,71,206,56,0
1408,8,0,0,0,6,125,135,250,96,0
1076,8,0,199,32,167,200,245,202,224,0
1760,8,2,165,2,167,2,170,2,168,0
1176,8,132,0,32,0,221,128,196,201,0
293,8,144,0,64,223,64,191,47,96,0
813,8,128,0,4,32,172,1,0,32,0
1277,8,17,67,10,83,89,12,202,8,0
560,8,244,0,0,2,212,0,22,0,0
737,8,0,0,0,0,0,0,0,4,0
852,8,32,16,64,0,0,1,240,0,0
1505,8,137,52,160,7,10,0,180,128,0
354,8,36,72,2,36,64,18,31,201,0
167,8,0,81,18,165,49,45,160,160,0
1372,8,16,27,0,0,65,130,48,0,0
339,8,0,0,0,0,0,12,0,10,0
1634,8,76,128,0,0,64,0,0,0,0
14,8,32,84,22,2,8,9,115,158,0
412,8,0,190,32,8,2,0,40,80,0
208,8,2,81,4,102,231,3,18,0,0
51,8,18,55,81,33,172,1,39,208,0
628,8,88,242,32,252,80,124,173,225,0
1760,8,2,165,2,163,2,169,2,168,0
192,8,96,0,0,0,0,0,0,0,0
1413,8,0,64,0,0,0,2,0,24,0
1694,8,4,64,4,125,31,192,21,66,0
293,8,144,0,64,223,64,191,17,96,0
852,8,32,16,64,0,0,1,232,128,0
1505,8,137,52,160,7,10,0,180,128,0
651,8,0,0,0,0,0,0,0,0,0
167,8,0,81,17,37,49,45,160,160,0
458,8,63,249,255,128,0,0,12,48,0
961,8,123,85,31,187,116,112,233,46,0
208,8,10,81,4,102,230,3,18,0,0
51,8,18,55,73,37,28,65,39,208,0
14,8,32,84,22,2,8,9,115,164,0
1399,8,0,0,8,0,0,0,1,70,0
403,8,0,8,8,3,232,8,0,0,0
263,8,0,0,0,0,0,0,0,0,0
526,8,78,32,3,161,134,191,207,247,0
1314,8,223,127,208,0,121,224,0,28,0
870,8,127,221,200,2,1,71,206,56,0
1408,8,0,0,0,6,118,7,250,96,0
1076,8,0,231,0,167,249,21,235,16,0
1760,8,2,169,2,163,2,169,2,169,0
186,8,6,152,43,132,16,0,6,140,0
1459,8,4,0,0,0,0,0,4,0,0
1176,8,132,0,32,0,221,128,196,138,0
293,8,144,0,64,223,64,190,243,96,0
560,8,243,0,0,2,212,0,24,0,0
737,8,0,0,0,0,0,0,0,4,0
852,8,32,16,64,0,0,1,217,128,0
1505,8,137,52,160,7,10,0,176,128,0
354,8,36,72,2,36,64,18,31,201,0
167,8,0,81,17,165,49,45,160,160,0
675,8,16,0,2,132,116,128,60,8,0
339,8,0,0,0,0,0,12,0,10,0
661,8,0,0,0,0,0,0,24,64,0
14,8,32,84,22,2,8,9,115,184,0
1634,8,76,128,0,0,64,0,0,0,0
412,8,4,186,32,8,2,0,40,80,0
208,8,18,81,4,96,230,3,17,0,0
51,8,18,63,65,37,28,129,39,208,0
628,8,88,242,34,250,80,124,173,225,0
1760,8,2,170,2,164,2,169,2,169,0
192,8,96,0,0,0,0,0,0,0,0
1694,8,4,64,4,125,31,192,21,66,0
293,8,144,0,64,223,64,190,213,96,0
852,8,32,16,64,0,0,1,217,128,0
1505,8,137,52,160,7,10,0,180,128,0
651,8,0,0,0,0,0,0,0,0,0
1788,8,0,0,7,58,146,186,80,0,0
167,8,0,81,16,165,49,45,160,160,0
569,8,0,0,0,100,224,0,58,32,0
208,8,26,80,4,96,229,3,17,0,0
51,8,18,63,57,37,108,193,39,208,0
215,8,0,0,2,0,128,0,0,0,0
14,8,32,84,22,2,8,9,115,172,0
403,8,0,8,8,3,232,8,0,0,0
263,8,0,0,0,0,0,0,0,0,0
526,8,78,32,3,161,136,191,207,255,0
1314,8,223,127,208,0,121,104,0,28,0
870,8,128,29,200,2,1,71,206,56,0
1408,8,0,0,0,6,110,135,250,96,0
1076,8,1,5,160,168,41,54,27,64,0
1760,8,2,170,2,164,2,169,2,170,0
1176,8,132,0,32,0,219,128,196,203,0
293,8,144,0,64,223,64,190,183,96,0
961,8,123,85,31,188,114,241,105,46,0
560,8,242,0,0,2,212,0,26,0,0
737,8,0,0,0,0,0,0,0,4,0
852,8,32,16,64,0,0,1,210,0,0
1505,8,137,52,160,7,10,0,176,128,0
354,8,36,72,2,36,64,18,31,201,0
167,8,0,81,14,165,49,45,160,160,0
1175,8,0,0,0,0,0,0,0,0,0
339,8,0,0,0,0,0,12,0,10,0
1634,8,76,96,0,0,64,0,0,0,0
14,8,32,84,22,2,8,9,115,158,0
412,8,8,182,32,8,2,0,40,80,0
208,8,34,80,4,98,227,3,18,0,0
51,8,18,55,49,33,13,1,39,208,0
628,8,88,242,36,248,80,124,173,225,0
1760,8,2,172,2,166,2,169,2,171,0
192,8,96,0,0,0,0,0,0,0,0
738,8,24,8,13,64,64,0,1,24,0
837,8,5,2,2,194,60,119,64,129,0
1072,8,0,63,68,140,92,128,17,160,0
304,8,0,1,96,0,0,0,0,0,0
452,8,0,2,2,0,2,192,0,0,0
1227,8,128,0,0,0,0,0,0,0,0
676,8,46,140,2,28,4,8,152,208,0
1694,8,4,64,4,125,31,192,21,66,0
293,8,144,0,64,223,64,190,153,96,0
705,8,1,243,15,199,200,158,123,140,0
640,8,24,224,2,112,0,0,0,0,0
813,8,128,0,4,32,172,1,0,32,0
1277,8,17,69,10,84,93,13,74,8,0
852,8,32,16,64,0,0,1,210,0,0
1505,8,137,52,160,7,10,0,180,128,0
651,8,0,0,0,0,0,0,0,0,0
167,8,0,81,15,37,49,45,160,160,0
1644,8,0,128,16,0,24,0,0,32,0
722,8,0,0,40,0,0,0,0,0,0
661,8,0,0,0,0,0,0,24,64,0
208,8,42,80,4,98,226,3,18,0,0
14,8,32,84,22,2,8,9,115,164,0
51,8,18,55,41,33,13,65,39,208,0
403,8,0,8,8,3,232,8,0,0,0
263,8,0,0,0,0,0,0,0,0,0
526,8,78,32,3,161,138,63,207,247,0
1314,8,223,127,208,0,120,240,0,28,0
870,8,128,93,200,2,1,71,206,56,0
1408,8,0,0,0,6,103,7,250,96,0
1076,8,1,38,32,168,89,102,75,112,0
1760,8,2,167,2,168,2,169,2,171,0
186,8,6,152,43,132,16,0,6,140,0
1176,8,132,0,32,0,217,128,197,12,0
244,8,154,12,1,2,4,177,2,64,0
293,8,144,0,64,223,64,190,123,96,0
560,8,241,0,0,2,212,0,28,0,0
737,8,0,0,0,0,0,0,0,4,0
852,8,32,16,64,0,0,1,195,0,0
1505,8,137,52,160,7,10,0,180,128,0
354,8,36,72,2,20,64,18,31,201,0
167,8,0,81,14,37,49,45,160,160,0
622,8,1,6,64,130,137,18,10,4,0
961,8,123,85,31,187,115,113,233,46,0
1255,8,0,0,0,20,3,108,0,0,0
339,8,0,0,0,0,0,12,0,10,0
14,8,32,84,22,2,8,9,115,152,0
1634,8,76,96,0,0,64,0,0,0,0
1668,8,76,212,127,153,65,95,16,30,0
1590,8,36,156,49,65,12,10,144,0,0
727,8,16,0,96,216,0,0,0,8,0
412,8,12,178,32,8,2,0,40,80,0
208,8,50,80,4,98,224,3,19,0,0
51,8,18,55,33,39,141,129,39,208,0
628,8,88,242,38,246,80,124,173,225,0
1760,8,2,171,2,168,2,170,2,171,0
192,8,96,0,0,0,0,0,0,0,0
996,8,0,212,0,0,132,0,0,0,0
1628,8,64,8,18,165,153,144,0,0,0
1694,8,4,64,4,125,31,192,21,66,0
293,8,144,0,64,223,64,190,93,96,0
1399,8,0,0,8,0,0,0,1,70,0
852,8,32,16,64,0,0,1,180,0,0
1505,8,137,52,160,7,10,0,180,128,0
651,8,0,0,0,0,0,0,0,0,0
167,8,0,81,15,37,49,45,160,160,0
1031,8,56,146,95,240,0,1,152,96,0
208,8,58,80,4,100,223,3,19,0,0
51,8,18,63,25,30,13,193,39,208,0
14,8,32,84,22,2,8,9,115,172,0
403,8,0,8,8,3,232,8,0,0,0
263,8,0,0,0,0,0,0,0,0,0
526,8,78,32,3,161,137,63,207,255,0
1314,8,223,127,208,0,120,120,0,28,0
1621,8,92,3,252,0,16,0,0,0,0
870,8,128,29,200,2,1,71,206,56,0
1408,8,0,0,0,6,103,135,250,80,0
1076,8,1,70,128,168,121,150,123,160,0
1760,8,2,172,2,168,2,171,2,170,0
1176,8,132,0,32,0,216,128,197,13,0
293,8,144,0,64,223,64,190,63,96,0
60,8,0,0,4,0,50,0,0,0,0
1124,8,0,2,64,0,0,144,19,91,0
519,8,4,4,96,72,42,222,213,24,0
1225,8,1,248,213,130,13,2,246,75,0
470,8,2,11,128,128,48,36,5,128,0
692,8,20,234,5,0,0,0,88,0,0
737,8,0,0,0,0,0,0,0,4,0
852,8,32,16,64,0,0,1,180,0,0
1505,8,137,52,160,7,10,0,180,128,0
354,8,36,72,2,20,64,18,31,201,0
167,8,0,81,17,165,49,45,160,160,0
560,8,240,0,0,2,212,0,30,0,0
339,8,0,0,0,0,0,12,0,10,0
14,8,32,84,22,2,8,9,115,172,0
661,8,0,0,0,0,0,0,24,64,0
1634,8,76,96,0,0,64,0,0,0,0
412,8,16,174,32,8,2,0,40,80,0
208,8,66,80,4,100,222,3,19,0,0
51,8,18,63,17,30,14,1,39,208,0
628,8,88,242,40,244,80,124,173,225,0
1760,8,2,171,2,169,2,170,2,170,0
192,8,96,0,0,0,0,0,0,0,0
1694,8,4,64,4,125,31,192,21,66,0
961,8,123,85,31,187,50,242,169,46,0
293,8,144,0,64,223,64,160,1,96,0
852,8,32,16,64,0,0,1,172,128,0
1505,8,137,52,160,7,10,0,180,128,0
651,8,0,0,0,0,0,0,0,0,0
167,8,0,81,15,165,49,45,160,160,0
61,8,0,1,131,0,0,0,0,0,0
208,8,74,80,4,102,221,3,19,0,0
51,8,18,55,9,37,206,65,39,208,0
14,8,32,84,22,2,8,9,115,164,0
403,8,0,8,8,3,232,8,0,0,0
263,8,0,0,0,0,0,0,0,0,0
526,8,78,32,3,161,138,63,207,255,0
1314,8,223,127,208,0,127,128,0,28,0
870,8,128,29,200,2,1,71,206,56,0
1408,8,0,0,0,6,216,7,250,80,0
1076,8,1,104,96,168,153,182,155,192,0
1760,8,2,178,2,169,2,170,2,170,0
186,8,6,152,43,132,16,0,6,140,0
1307,8,8,2,135,77,139,144,0,1,0
293,8,144,0,64,223,64,191,227,96,0
1176,8,132,0,32,0,215,128,197,14,0
813,8,128,0,4,32,172,1,0,32,0
1277,8,17,66,10,83,89,12,202,8,0
560,8,255,0,0,2,212,0,0,0,0
737,8,0,0,0,0,0,0,0,4,0
852,8,32,16,64,0,0,1,157,128,0
1505,8,137,52,128,7,10,0,180,128,0
354,8,36,72,2,20,64,18,31,201,0
167,8,0,81,17,165,49,45,160,160,0
339,8,0,0,0,0,0,12,0,10,0
14,8,32,84,22,2,8,9,115,172,0
1634,8,76,96,0,0,64,0,0,0,0
412,8,20,170,32,8,2,0,40,80,0
208,8,82,80,4,102,220,3,19,0,0
51,8,18,55,1,34,190,129,39,208,0
628,8,88,242,42,242,80,124,173,225,0
1760,8,2,172,2,167,2,170,2,173,0
192,8,96,0,0,0,0,0,0,0,0
1413,8,0,64,0,0,0,2,0,24,0
1694,8,4,64,4,125,31,192,21,66,0
293,8,144,0,64,223,64,191,197,96,0
852,8,32,16,64,0,0,1,157,128,0
1505,8,137,52,128,7,10,0,180,128,0
651,8,0,0,0,0,0,0,0,0,0
167,8,0,81,15,165,49,45,160,160,0
458,8,63,249,255,128,0,0,12,48,0
961,8,123,85,31,187,177,179,105,46,0
661,8,0,0,0,0,0,0,24,64,0
208,8,90,80,4,102,219,3,19,0,0
14,8,32,84,22,2,8,9,115,164,0
51,8,18,54,249,34,190,193,39,208,0
1399,8,0,0,8,0,0,0,1,72,0
403,8,0,8,8,3,232,8,0,0,0
263,8,0,0,0,0,0,0,0,0,0
526,8,78,32,3,161,140,63,239,255,0
1314,8,223,127,208,0,127,8,0,28,0
870,8,128,93,200,2,1,71,206,56,0
1408,8,0,0,0,6,208,135,250,80,0
1076,8,1,134,192,168,201,230,203,240,0
1760,8,2,169,2,170,2,172,2,174,0
1459,8,4,0,0,0,0,0,4,0,0
1176,8,132,0,32,0,212,128,197,143,0
293,8,144,0,64,223,64,191,167,96,0
560,8,254,0,0,2,212,0,2,0,0
737,8,0,0,0,0,0,0,0,4,0
852,8,32,16,64,0,0,1,150,0,0
1505,8,137,52,128,7,10,0,180,128,0
354,8,36,72,2,20,64,18,31,201,0
167,8,0,81,14,165,49,45,160,160,0
675,8,16,0,2,132,118,128,60,8,0
339,8,0,0,0,0,0,12,0,10,0
1634,8,76,96,0,0,64,0,0,0,0
14,8,32,84,22,2,8,9,115,164,0
412,8,24,166,32,8,2,0,40,80,0
208,8,98,80,4,96,216,3,21,0,0
51,8,18,46,241,34,191,1,39,208,0
628,8,88,242,44,240,80,124,173,225,0
1760,8,2,170,2,171,2,172,2,173,0
192,8,96,0,0,0,0,0,0,0,0
1694,8,4,64,4,125,31,192,21,66,0
293,8,144,0,64,223,64,191,137,96,0
852,8,32,16,64,0,0,1,150,0,0
1505,8,137,52,128,7,10,0,180,128,0
651,8,0,0,0,0,0,0,0,0,0
1788,8,0,0,7,58,210,186,88,0,0
167,8,0,81,15,37,49,45,160,160,0
569,8,0,0,0,100,192,0,58,0,0
208,8,106,80,4,96,215,3,21,0,0
51,8,18,46,233,37,111,65,39,208,0
215,8,0,0,2,0,128,0,0,0,0
14,8,32,84,22,2,8,9,115,184,0
403,8,0,8,8,3,232,8,0,0,0
263,8,0,0,0,0,0,0,0,0,0
526,8,78,32,3,161,137,191,239,255,0
1314,8,223,127,208,0,126,144,0,28,0
870,8,127,221,200,2,1,71,206,56,0
1408,8,0,0,0,6,201,7,250,80,0
1076,8,1,166,0,168,250,22,252,32,0
1760,8,2,174,2,170,2,172,2,173,0
186,8,6,152,43,132,16,0,6,140,0
293,8,144,0,64,223,64,191,107,96,0
1176,8,132,0,32,0,227,128,197,128,0
961,8,123,85,31,187,240,243,233,46,0
560,8,253,0,0,2,212,0,4,0,0
737,8,0,0,0,0,0,0,0,4,0
852,8,32,16,64,0,0,1,135,0,0
1505,8,137,52,128,7,10,0,180,128,0
354,8,36,72,2,20,64,18,31,201,0
167,8,0,81,13,37,49,45,160,160,0
1175,8,0,0,0,0,0,0,0,0,0
14,8,32,84,22,2,8,9,115,184,0
339,8,0,0,0,0,0,12,0,10,0
661,8,0,0,0,0,0,0,24,64,0
1634,8,76,96,0,0,64,0,0,0,0
412,8,28,162,32,8,2,0,40,80,0
208,8,114,80,4,98,214,3,21,0,0
51,8,18,38,225,37,111,129,39,208,0
628,8,88,242,46,238,80,124,173,225,0
1760,8,2,180,2,171,2,172,2,173,0
192,8,96,0,0,0,0,0,0,0,0
738,8,24,8,13,64,64,0,1,24,0
837,8,5,2,2,194,60,119,64,129,0
1072,8,0,63,68,140,92,128,17,160,0
304,8,0,1,96,0,0,0,0,0,0
1694,8,4,64,4,125,31,192,21,66,0
293,8,144,0,64,223,64,191,77,96,0
813,8,128,0,4,32,172,1,0,32,0
1277,8,17,65,10,84,87,12,202,8,0
852,8,32,16,64,0,0,1,240,0,0
1505,8,137,52,128,7,10,0,176,128,0
651,8,0,0,0,0,0,0,0,0,0
167,8,0,81,15,165,49,45,160,160,0
1644,8,0,128,16,0,32,0,0,32,0
722,8,0,0,48,0,0,0,0,0,0
1372,8,16,27,0,0,65,130,48,0,0
705,8,1,244,15,199,205,30,67,162,0
208,8,122,80,4,98,213,3,21,0,0
51,8,18,38,217,30,15,193,39,208,0
14,8,32,84,22,2,8,9,115,184,0
403,8,0,8,8,3,232,8,0,0,0
263,8,0,0,0,0,0,0,0,0,0
526,8,78,32,3,161,140,191,240,7,0
1314,8,223,127,208,0,126,24,0,28,0
870,8,128,93,200,2,1,71,206,56,0
1408,8,0,0,0,6,193,135,250,80,0
1076,8,1,198,64,169,26,71,44,80,0
1760,8,2,175,2,168,2,172,2,172,0
1176,8,132,0,32,0,226,128,197,129,0
293,8,144,0,64,223,64,191,47,96,0
244,8,154,12,1,2,4,177,2,64,0
560,8,252,0,0,2,212,0,6,0,0
737,8,0,0,0,0,0,0,0,4,0
852,8,32,16,64,0,0,1,240,0,0
1505,8,137,52,128,7,10,0,180,128,0
354,8,36,72,2,20,64,18,31,201,0
167,8,0,81,15,37,49,45,160,160,0
961,8,123,85,31,187,112,244,105,46,0
1255,8,0,0,0,20,3,108,0,0,0
339,8,0,0,0,0,0,12,0,10,0
14,8,32,84,22,2,8,9,115,184,0
1634,8,76,96,0,0,64,0,0,0,0
1668,8,76,212,127,217,65,95,16,30,0
1590,8,36,156,49,193,12,138,160,0,0
727,8,16,0,96,216,0,0,0,8,0
412,8,0,190,32,8,2,0,40,80,0
208,8,2,80,4,98,228,3,21,0,0
51,8,18,39,81,37,204,1,39,208,0
628,8,88,242,32,252,80,124,173,225,0
1760,8,2,175,2,172,2,173,2,173,0
192,8,96,0,0,0,0,0,0,0,0
622,8,1,6,64,130,137,18,10,4,0
996,8,0,212,0,0,132,0,0,0,0
1694,8,4,64,4,125,31,192,21,66,0
293,8,144,0,64,223,64,191,17,96,0
1628,8,64,8,18,165,153,176,0,0,0
1399,8,0,0,8,0,0,0,1,72,0
852,8,32,16,64,0,0,1,232,128,0
1505,8,137,52,128,7,10,0,176,128,0
651,8,0,0,0,0,0,0,0,0,0
167,8,0,81,15,165,49,45,160,160,0
1031,8,56,146,95,240,0,1,152,96,0
117,8,15,50,0,15,174,30,224,0,0
661,8,0,0,0,0,0,0,24,64,0
208,8,10,80,4,100,227,3,21,0,0
14,8,32,84,22,2,8,9,115,172,0
51,8,18,47,73,37,204,65,39,208,0
403,8,0,8,8,3,232,8,0,0,0
263,8,0,0,0,0,0,0,0,0,0
526,8,78,32,3,161,140,191,240,7,0
1314,8,223,127,208,0,125,160,0,28,0
870,8,128,93,200,2,1,71,206,56,0
1408,8,0,0,0,6,194,7,250,64,0
1076,8,1,229,160,169,74,119,92,96,0
1760,8,2,175,2,171,2,173,2,173,0
186,8,6,152,43,132,16,0,6,140,0
1176,8,132,0,32,0,224,128,197,194,0
1124,8,0,2,64,0,0,144,18,92,0
293,8,144,0,64,223,64,190,243,96,0
60,8,0,0,4,0,51,0,0,0,0
519,8,4,4,96,72,42,222,213,24,0
1225,8,1,249,21,130,13,2,246,75,0
470,8,2,15,130,128,48,36,5,128,0
692,8,20,234,5,0,0,0,88,0,0
737,8,0,0,0,0,0,0,0,4,0
852,8,32,16,64,0,0,1,217,128,0
1505,8,137,52,128,7,10,0,176,128,0
354,8,36,72,2,20,64,18,31,201,0
167,8,0,81,17,37,49,45,160,160,0
58,8,0,0,0,0,0,29,8,0,0
560,8,251,0,0,2,212,0,8,0,0
339,8,0,0,0,0,0,12,0,10,0
14,8,32,84,22,2,8,9,115,184,0
1634,8,76,96,0,0,64,0,0,0,0
412,8,4,186,32,8,2,0,40,80,0
208,8,18,80,4,100,225,3,22,0,0
51,8,18,47,65,29,188,129,39,208,0
628,8,88,242,34,250,80,124,173,225,0
1760,8,2,175,2,170,2,174,2,175,0
192,8,96,0,0,0,0,0,0,0,0
1694,8,4,64,4,125,31,192,21,66,0
293,8,144,0,64,223,64,190,213,96,0
961,8,123,85,31,187,239,181,41,46,0
852,8,32,16,64,0,0,1,217,128,0
1505,8,137,52,128,7,10,0,176,128,0
651,8,0,0,0,0,0,0,0,0,0
167,8,0,81,14,165,49,45,160,160,0
61,8,0,1,131,0,0,0,0,0,0
208,8,26,80,4,100,224,3,22,0,0
51,8,18,47,57,36,12,193,39,208,0
14,8,32,84,22,2,8,9,115,190,0
403,8,0,8,8,3,232,8,0,0,0
263,8,0,0,0,0,0,0,0,0,0
526,8,78,32,3,161,140,191,240,7,0
1314,8,223,127,208,0,125,40,0,28,0
870,8,128,93,200,2,1,71,206,56,0
1408,8,0,0,0,6,186,135,250,64,0
1076,8,2,8,32,169,122,167,140,144,0
1760,8,2,174,2,173,2,174,2,175,0
1176,8,132,0,32,0,222,128,198,3,0
293,8,144,0,64,223,64,190,183,96,0
813,8,128,0,4,32,172,1,0,32,0
1277,8,17,76,10,83,101,14,202,8,0
560,8,250,0,0,2,212,0,10,0,0
737,8,0,0,0,0,0,0,0,4,0
852,8,32,16,128,0,0,1,202,0,0
1505,8,137,52,96,7,10,0,176,128,0
354,8,36,72,2,20,64,18,31,201,0
167,8,0,81,14,165,49,45,160,160,0
339,8,0,0,0,0,0,12,0,10,0
14,8,32,84,22,2,8,9,115,190,0
661,8,0,0,0,0,0,0,24,64,0
1634,8,76,96,0,0,64,0,0,0,0
412,8,8,182,32,8,2,0,40,80,0
208,8,34,80,4,102,222,3,23,0,0
51,8,18,31,49,36,13,1,39,208,0
628,8,88,242,36,248,80,124,173,225,0
1760,8,2,175,2,172,2,173,2,174,0
1413,8,0,64,0,0,0,2,0,24,0
192,8,96,0,0,0,0,0,0,0,0
1694,8,4,64,4,125,31,192,21,98,0
293,8,144,0,64,223,64,190,153,96,0
852,8,32,16,128,0,0,1,202,0,0
1505,8,137,52,96,7,10,0,176,128,0
651,8,0,0,0,0,0,0,0,0,0
167,8,0,81,14,165,49,45,160,160,0
458,8,63,249,255,128,0,0,12,48,0
961,8,123,85,31,187,111,117,233,46,0
208,8,42,80,4,102,221,3,23,0,0
51,8,18,31,41,34,93,65,39,208,0
14,8,32,84,22,2,8,9,115,196,0
1399,8,0,0,8,0,0,0,1,72,0
403,8,0,8,8,3,232,8,0,0,0
263,8,0,0,0,0,0,0,0,0,0
526,8,78,32,3,161,140,63,239,255,0
1314,8,223,127,208,0,124,176,0,28,0
870,8,128,93,200,2,1,71,206,56,0
1408,8,0,0,0,6,179,7,250,64,0
1076,8,2,40,32,169,170,215,188,192,0
1760,8,2,177,2,171,2,174,2,175,0
186,8,6,152,43,132,16,0,6,140,0
1459,8,4,0,0,0,0,0,4,0,0
1176,8,132,0,32,0,221,128,198,4,0
293,8,144,0,64,223,64,190,123,96,0
560,8,249,0,0,2,212,0,12,0,0
737,8,0,0,0,0,0,0,0,4,0
852,8,32,16,128,0,0,1,187,0,0
1505,8,137,52,96,7,10,0,176,128,0
354,8,36,72,2,20,64,18,31,201,0
167,8,0,81,13,165,49,45,160,160,0
675,8,16,0,2,132,118,128,60,8,0
339,8,0,0,0,0,0,12,0,10,0
1634,8,76,96,0,0,64,0,0,0,0
14,8,32,84,22,2,8,9,115,184,0
412,8,12,178,32,8,2,0,40,80,0
208,8,50,80,4,96,220,3,23,0,0
51,8,18,39,33,32,13,129,39,208,0
628,8,88,242,38,246,80,124,173,223,0
1760,8,2,177,2,173,2,174,2,175,0
192,8,96,0,0,0,0,0,0,0,0
1049,8,10,155,70,77,4,95,195,79,0
1694,8,4,64,4,125,31,192,21,98,0
293,8,144,0,64,223,64,190,93,96,0
852,8,32,16,128,0,0,1,172,0,0
1505,8,137,52,96,7,10,0,176,128,0
651,8,0,0,0,0,0,0,0,0,0
1788,8,0,0,7,59,210,186,88,0,0
167,8,0,81,15,165,49,45,160,160,0
569,8,0,0,0,100,160,0,58,0,0
215,8,0,0,2,0,128,0,0,0,0
661,8,0,0,0,0,0,0,24,64,0
14,8,32,84,22,2,8,9,115,184,0
208,8,58,79,4,96,219,3,23,0,0
51,8,18,39,25,32,13,193,39,208,0
403,8,0,8,8,3,232,8,0,0,0
526,8,78,32,3,161,141,63,207,247,0
1314,8,223,127,208,0,124,56,0,28,0
263,8,0,0,0,0,0,0,0,0,0
870,8,128,93,200,2,1,71,206,56,0
1408,8,0,0,0,6,171,135,250,64,0
1076,8,2,64,0,169,219,7,220,240,0
1760,8,2,176,2,172,2,175,2,175,0
293,8,144,0,64,223,64,190,63,96,0
961,8,123,85,31,187,174,182,105,46,0
1176,8,132,0,32,0,220,128,198,5,0
560,8,248,0,0,2,212,0,14,0,0
737,8,0,0,0,0,0,0,0,4,0
852,8,32,16,128,0,0,1,172,0,0
1505,8,137,52,96,7,10,0,176,128,0
354,8,36,72,2,20,64,18,31,201,0
167,8,0,81,15,37,49,45,160,160,0
1175,8,0,0,0,0,0,0,0,0,0
683,8,164,208,201,215,226,215,202,255,0
1751,8,65,3,143,0,192,7,34,60,0
339,8,0,0,0,0,0,12,0,10,0
1634,8,76,96,0,0,64,0,0,0,0
14,8,32,84,22,2,8,9,115,172,0
412,8,16,174,32,8,2,0,40,80,0
208,8,66,79,4,96,218,3,23,0,0
51,8,18,39,17,35,190,1,39,208,0
628,8,88,242,40,244,80,124,173,223,0
1760,8,2,176,2,172,2,175,2,175,0
192,8,96,0,0,0,0,0,0,0,0
738,8,24,8,13,64,64,0,1,24,0
837,8,5,2,2,194,60,119,64,129,0
1072,8,0,63,68,140,92,128,17,160,0
304,8,0,1,96,0,0,0,0,0,0
1227,8,128,0,0,0,0,0,0,0,0
813,8,128,0,4,32,172,1,0,32,0
640,8,24,224,2,112,0,0,0,0,0
1694,8,4,64,4,125,31,192,21,98,0
293,8,144,0,64,223,64,160,1,96,0
1277,8,17,67,10,83,89,12,202,8,0
300,8,121,6,224,0,0,1,253,208,0
852,8,32,16,128,0,0,1,164,128,0
1505,8,137,52,96,7,10,0,180,128,0
651,8,0,0,0,0,0,0,0,0,0
167,8,0,81,14,165,49,45,160,160,0
1644,8,0,128,16,0,32,0,0,32,0
722,8,0,0,56,0,0,0,0,0,0
631,8,30,1,128,0,0,0,1,0,0
208,8,74,79,4,98,217,3,23,0,0
51,8,18,15,9,28,110,65,39,208,0
14,8,32,84,22,2,8,9,115,184,0
403,8,0,8,8,3,232,8,0,0,0
263,8,0,0,0,0,0,0,0,0,0
526,8,78,32,3,161,141,63,175,255,0
1314,8,223,127,208,0,123,192,0,28,0
870,8,128,93,200,2,1,71,206,56,0
1408,8,0,0,0,6,164,7,250,64,0
1076,8,2,96,0,170,11,39,253,32,0
1760,8,2,178,2,173,2,175,2,175,0
186,8,6,152,45,68,16,0,6,140,0
293,8,144,0,64,223,64,191,227,96,0
1176,8,132,0,32,0,218,128,198,70,0
244,8,154,12,1,2,4,177,2,64,0
705,8,1,242,143,199,202,30,83,182,0
560,8,247,0,0,2,212,0,16,0,0
737,8,0,0,0,0,0,0,0,4,0
852,8,32,16,128,0,0,1,149,128,0
1505,8,137,52,96,7,10,0,176,128,0
354,8,36,72,2,20,64,18,31,201,0
167,8,0,81,15,37,49,45,160,160,0
930,8,0,0,0,0,8,1,224,0,0
622,8,1,6,64,130,137,18,10,4,0
961,8,123,85,31,187,174,54,233,46,0
1255,8,0,0,0,20,3,108,0,0,0
339,8,0,0,0,0,0,12,0,10,0
14,8,32,84,22,2,8,9,115,184,0
661,8,0,0,0,0,0,0,24,64,0
1634,8,76,96,0,0,64,0,0,0,0
1668,8,76,212,126,217,65,95,80,30,0
1590,8,36,156,50,129,12,10,176,0,0
727,8,16,0,96,216,0,0,0,8,0
412,8,20,170,32,8,2,0,40,80,0
208,8,82,79,4,98,215,3,24,0,0
51,8,18,15,1,28,110,129,39,208,0
628,8,88,242,42,242,80,124,173,223,0
1760,8,2,179,2,174,2,175,2,175,0
192,8,96,0,0,0,0,0,0,0,0
996,8,0,212,0,0,132,0,0,0,0
1694,8,4,64,4,125,31,192,21,98,0
293,8,144,0,64,223,64,191,197,96,0
1628,8,64,8,18,165,153,192,0,0,0
1399,8,0,0,8,0,0,0,1,72,0
1533,8,189,221,253,255,254,255,237,218,0
852,8,32,16,128,0,0,1,149,128,0
1505,8,137,52,96,7,10,0,180,128,0
651,8,0,0,0,0,0,0,0,0,0
167,8,0,81,12,165,49,45,160,160,0
1031,8,56,146,95,240,0,1,152,32,0
208,8,90,79,4,100,214,3,24,0,0
51,8,18,14,249,35,190,193,39,208,0
14,8,32,84,22,2,8,9,115,202,0
403,8,0,8,8,3,232,8,0,0,0
263,8,0,0,0,0,0,0,0,0,0
526,8,78,32,3,161,142,191,175,255,0
1314,8,223,127,208,0,123,72,0,28,0
870,8,128,93,200,2,1,71,206,56,0
1408,8,0,0,0,6,156,135,250,64,0
1076,8,2,138,128,170,59,72,45,80,0
1760,8,2,175,2,172,2,175,2,175,0
1176,8,132,0,32,0,217,128,198,71,0
1124,8,0,2,64,0,0,144,17,93,0
293,8,144,0,64,223,64,191,167,96,0
253,8,0,0,1,0,128,16,0,0,0
60,8,0,0,4,0,51,0,0,0,0
519,8,4,4,96,72,42,222,213,24,0
1225,8,1,249,21,130,13,2,246,75,0
470,8,2,11,128,128,48,36,5,128,0
737,8,0,0,0,0,0,0,0,4,0
852,8,32,16,128,0,0,1,142,0,0
1505,8,137,52,96,7,10,0,176,128,0
354,8,36,72,2,20,64,18,31,201,0
167,8,0,81,15,37,49,45,160,160,0
692,8,20,234,5,0,0,0,88,0,0
420,8,0,0,0,2,236,204,0,0,0
560,8,246,0,0,2,212,0,18,0,0
339,8,0,0,0,0,0,12,0,10,0
1634,8,76,96,0,0,64,0,0,0,0
14,8,32,84,22,2,8,9,115,202,0
412,8,24,166,32,8,2,0,40,64,0
208,8,98,79,4,100,213,3,24,0,0
51,8,18,14,241,30,15,1,39,208,0
628,8,88,242,44,240,80,124,173,223,0
1760,8,2,177,2,175,2,175,2,175,0
192,8,96,0,0,0,0,0,0,0,0
1694,8,4,64,4,125,31,192,21,98,0
293,8,144,0,64,223,64,191,137,96,0
961,8,123,85,31,186,174,119,169,46,0
852,8,32,16,128,0,0,1,142,0,0
1505,8,137,52,96,7,10,0,176,128,0
651,8,0,0,0,0,0,0,0,0,0
167,8,0,81,14,165,49,45,160,160,0
61,8,0,1,130,128,0,0,0,0,0
661,8,0,0,0,0,0,0,24,64,0
208,8,106,79,4,100,212,3,24,0,0
14,8,32,84,22,2,8,9,115,196,0
51,8,18,14,233,30,15,65,39,208,0
403,8,0,8,8,3,232,8,0,0,0
263,8,0,0,0,0,0,0,0,0,0
526,8,78,32,3,161,141,63,175,255,0
1314,8,223,127,208,0,122,208,0,28,0
870,8,128,29,200,2,1,71,206,56,0
1408,8,0,0,0,6,149,7,250,64,0
1076,8,2,170,32,170,107,120,93,128,0
1760,8,2,180,2,175,2,175,2,176,0
186,8,6,152,45,68,16,0,6,140,0
293,8,144,0,64,223,64,191,107,96,0
627,8,0,0,0,8,0,0,0,0,0
452,8,1,114,2,0,40,7,190,2,0
676,8,32,32,3,28,4,8,152,208,0
881,8,1,6,0,0,0,0,8,128,0
1661,8,0,24,96,2,8,0,2,32,0
1307,8,40,26,50,9,178,129,128,193,0
737,8,0,0,0,0,0,0,0,4,0
852,8,32,16,128,0,0,1,127,0,0
1505,8,137,52,96,7,10,0,172,128,0
354,8,36,72,2,20,64,18,31,201,0
167,8,0,81,14,165,49,45,144,160,0
1372,8,16,27,0,0,65,130,48,0,0
1176,8,132,0,32,0,215,128,198,136,0
813,8,128,0,4,32,172,1,0,32,0
204,8,67,65,24,178,56,175,162,22,0
1277,8,17,62,10,83,83,12,74,136,0
560,8,245,0,0,2,212,0,20,0,0
339,8,0,0,0,0,0,12,0,10,0
1634,8,76,96,0,0,64,0,0,0,0
14,8,32,84,22,2,8,9,115,196,0
412,8,28,162,32,8,2,0,40,64,0
208,8,114,79,4,102,210,3,25,0,0
51,8,18,6,225,32,175,129,39,208,0
628,8,88,242,46,238,80,124,173,223,0
1760,8,2,176,2,175,2,176,2,175,0
192,8,96,0,0,0,0,0,0,0,0
1413,8,0,64,0,0,0,2,0,24,0
1694,8,4,64,4,125,31,192,21,98,0
293,8,144,0,64,223,64,191,77,96,0
852,8,32,16,128,0,0,1,232,0,0
1505,8,137,52,96,7,10,0,172,128,0
651,8,0,0,0,0,0,0,0,0,0
167,8,0,81,16,37,49,45,144,160,0
458,8,63,249,255,128,0,0,12,48,0
961,8,123,85,31,186,173,184,105,46,0
208,8,122,79,4,102,209,3,25,0,0
51,8,18,6,217,32,175,193,39,208,0
14,8,32,84,22,2,8,9,115,208,0
1399,8,0,0,8,0,0,0,1,72,0
403,8,0,8,8,3,232,8,0,0,0
263,8,0,0,0,0,0,0,0,0,0
526,8,78,31,255,161,142,63,175,255,0
1314,8,223,127,208,0,122,88,0,28,0
870,8,128,93,200,2,1,71,206,56,0
1408,8,0,0,0,6,149,135,250,48,0
1076,8,2,202,160,170,139,168,125,160,0
1760,8,2,181,2,176,2,176,2,176,0
1459,8,4,0,0,0,0,0,4,0,0
1176,8,132,0,32,0,214,128,198,137,0
293,8,144,0,64,223,64,191,47,96,0
1331,8,237,127,207,126,255,248,239,127,0
560,8,244,0,0,2,212,0,22,0,0
737,8,0,0,0,0,0,0,0,4,0
852,8,32,16,128,0,0,1,232,0,0
1505,8,137,52,96,7,10,0,172,128,0
354,8,36,72,2,20,64,18,31,201,0
167,8,0,81,13,165,49,45,144,160,0
675,8,16,0,2,132,116,128,60,8,0
339,8,0,0,0,0,0,12,0,10,0
14,8,32,84,22,2,8,9,115,220,0
661,8,0,0,0,0,0,0,24,64,0
1634,8,76,96,0,0,64,0,0,0,0
412,8,0,190,32,8,2,0,40,64,0
208,8,2,79,4,102,224,3,25,0,0
51,8,18,7,81,32,172,1,39,208,0
628,8,88,242,32,252,80,124,173,223,0
1760,8,2,182,2,175,2,177,2,177,0
192,8,96,0,0,0,0,0,0,0,0
1694,8,4,64,4,125,31,192,21,98,0
293,8,144,0,64,223,64,191,17,96,0
852,8,32,16,128,0,0,1,224,128,0
1505,8,137,52,96,7,10,0,168,128,0
651,8,0,0,0,0,0,0,0,0,0
1788,8,0,0,7,61,114,186,88,0,0
167,8,0,81,13,165,49,45,144,160,0
569,8,0,0,0,100,96,0,58,32,0
215,8,0,0,2,0,128,0,0,0,0
208,8,10,79,4,96,223,3,25,0,0
14,8,32,84,22,2,8,9,115,214,0
51,8,17,255,73,29,28,65,39,208,0
263,8,0,0,0,0,0,0,0,0,0
403,8,0,8,8,3,232,8,0,0,0
526,8,78,32,3,161,144,63,175,247,0
1314,8,223,127,208,0,121,224,0,28,0
870,8,128,157,200,2,1,71,206,56,0
1408,8,0,0,0,6,142,7,250,48,0
1076,8,2,234,160,170,187,200,173,208,0
1760,8,2,179,2,175,2,177,2,177,0
186,8,6,168,45,4,16,0,6,140,0
293,8,144,0,64,223,64,190,243,96,0
1176,8,132,0,32,0,211,128,199,10,0
961,8,123,85,31,187,108,120,233,46,0
560,8,243,0,0,2,212,0,24,0,0
737,8,0,0,0,0,0,0,0,4,0
852,8,32,16,128,0,0,1,209,128,0
1505,8,137,52,64,7,10,0,172,128,0
354,8,36,72,2,20,64,18,31,201,0
167,8,0,81,12,165,49,45,144,160,0
1175,8,0,0,0,0,0,0,0,0,0
339,8,0,0,0,0,0,12,0,10,0
14,8,32,84,22,2,8,9,115,208,0
1634,8,76,96,0,0,64,0,0,0,0
412,8,4,186,32,8,2,0,40,64,0
208,8,18,79,4,96,220,3,27,0,0
51,8,17,255,65,35,188,129,39,208,0
628,8,88,242,34,250,80,124,173,223,0
1760,8,2,178,2,176,2,177,2,178,0
192,8,96,0,0,0,0,0,0,0,0
738,8,24,8,13,64,64,0,1,24,0
837,8,5,2,2,194,60,119,64,129,0
1072,8,0,63,68,140,92,128,17,160,0
304,8,0,1,96,0,0,0,0,0,0
485,8,1,70,4,5,168,65,163,224,0
813,8,128,0,4,32,172,1,0,32,0
1694,8,4,64,4,125,31,192,21,98,0
293,8,144,0,64,223,64,190,213,96,0
1277,8,17,61,10,83,83,11,202,8,0
852,8,32,16,128,0,0,1,209,128,0
1505,8,137,52,64,7,10,0,168,128,0
651,8,0,0,0,0,0,0,0,0,0
167,8,0,81,12,37,49,45,144,160,0
1644,8,0,128,16,0,24,0,0,32,0
722,8,0,0,64,0,0,0,0,0,0
661,8,0,0,0,0,0,0,24,64,0
208,8,26,79,4,98,219,3,27,0,0
14,8,32,84,22,2,8,9,115,226,0
51,8,18,7,57,35,188,193,39,208,0
403,8,0,8,8,3,232,8,0,0,0
263,8,0,0,0,0,0,0,0,0,0
526,8,78,32,3,161,143,63,207,255,0
1314,8,223,127,208,0,121,104,0,28,0
870,8,128,93,200,2,1,71,206,56,0
1408,8,0,0,0,6,134,135,250,48,0
1076,8,3,10,128,170,235,248,222,0,0
1760,8,2,177,2,178,2,178,2,178,0
241,8,62,16,28,192,3,89,204,0,0
293,8,144,0,64,223,64,190,183,96,0
1176,8,132,0,32,0,210,128,199,11,0
560,8,242,0,0,2,212,0,26,0,0
244,8,154,12,1,2,4,177,2,64,0
737,8,0,0,0,0,0,0,0,4,0
852,8,32,16,128,0,0,1,202,0,0
1505,8,137,52,64,7,10,0,168,128,0
354,8,36,72,2,20,64,18,31,201,0
167,8,0,81,16,37,49,45,144,160,0
961,8,123,85,31,187,171,185,105,46,0
705,8,1,243,111,199,203,158,43,202,0
622,8,1,6,64,130,137,18,10,4,0
1255,8,0,0,0,20,3,108,0,0,0
14,8,32,84,22,2,8,9,115,220,0
339,8,0,0,0,0,0,12,0,10,0
1634,8,76,96,0,0,64,0,0,0,0
1668,8,76,212,128,89,65,95,80,30,0
1590,8,36,156,51,1,12,138,192,0,0
727,8,16,0,96,216,0,0,0,8,0
412,8,8,182,32,8,2,0,40,64,0
208,8,34,79,4,98,218,3,27,0,0
51,8,18,7,49,27,205,1,39,208,0
628,8,88,242,36,248,80,124,173,223,0
1760,8,2,179,2,179,2,178,2,178,0
192,8,96,0,0,0,0,0,0,0,0
996,8,0,212,0,0,132,0,0,0,0
1694,8,4,64,4,125,31,192,21,98,0
293,8,144,0,64,223,64,190,153,96,0
1628,8,64,8,18,165,153,208,0,0,0
1399,8,0,0,8,0,0,0,1,72,0
852,8,32,16,128,0,0,1,202,0,0
1505,8,137,52,64,7,10,0,168,128,0
651,8,0,0,0,0,0,0,0,0,0
167,8,0,81,16,165,49,45,144,160,0
1031,8,56,146,95,240,0,1,152,32,0
953,8,32,4,114,1,36,143,28,66,0
208,8,42,79,4,98,217,3,27,0,0
51,8,18,7,41,36,13,65,39,208,0
14,8,32,84,22,2,8,9,115,226,0
403,8,0,8,8,3,232,8,0,0,0
526,8,78,32,3,161,142,191,239,255,0
263,8,0,0,0,0,0,0,0,0,0
1314,8,223,127,208,0,120,240,0,28,0
870,8,128,29,200,2,1,71,206,56,0
1408,8,0,0,0,6,135,7,250,32,0
1076,8,3,42,0,171,12,41,14,48,0
1760,8,2,184,2,180,2,179,2,180,0
186,8,6,168,44,132,16,0,6,140,0
65,8,128,34,0,32,1,0,0,0,0
541,8,0,0,0,0,0,1,0,0,0
1176,8,132,0,32,0,208,128,199,76,0
293,8,144,0,64,223,64,190,123,96,0
60,8,0,0,4,0,51,0,0,0,0
692,8,20,234,5,0,0,0,88,0,0
1124,8,0,2,64,0,0,144,16,94,0
519,8,4,0,32,64,42,222,193,24,0
737,8,0,0,0,0,0,0,0,4,0
852,8,32,16,128,0,0,1,187,0,0
1505,8,137,52,64,7,10,0,168,128,0
354,8,36,72,2,20,64,18,31,201,0
167,8,0,81,18,37,49,45,144,160,0
1225,8,1,249,21,130,13,2,246,11,0
470,8,2,13,130,128,48,36,5,0,0
560,8,241,0,0,2,212,0,28,0,0
339,8,0,0,0,0,0,12,0,10,0
661,8,0,0,0,0,0,0,24,64,0
14,8,32,84,22,2,8,9,115,220,0
1634,8,76,96,0,0,64,0,0,0,0
412,8,12,178,32,8,2,0,40,64,0
208,8,50,79,4,100,215,3,28,0,0
51,8,18,23,33,36,13,129,39,208,0
628,8,88,242,38,246,80,124,173,223,0
1760,8,2,184,2,178,2,179,2,180,0
192,8,96,0,0,0,0,0,0,0,0
1694,8,4,64,4,125,31,192,21,98,0
961,8,123,85,31,187,107,58,41,46,0
293,8,144,0,64,223,64,190,93,96,0
852,8,32,16,128,0,0,1,172,0,0
1505,8,137,52,64,7,10,0,172,128,0
651,8,0,0,0,0,0,0,0,0,0
167,8,0,81,19,37,49,45,144,160,0
61,8,0,1,130,128,0,0,0,0,0
208,8,58,79,4,100,214,3,28,0,0
51,8,18,23,25,31,173,193,39,208,0
14,8,32,84,22,2,8,9,115,214,0
403,8,0,8,8,3,232,8,0,0,0
263,8,0,0,0,0,0,0,0,0,0
526,8,78,32,3,161,144,191,239,255,0
1314,8,223,127,208,0,120,120,0,28,0
870,8,128,157,200,2,1,71,206,56,0
1408,8,0,0,0,6,127,135,250,32,0
1076,8,3,74,160,171,44,89,62,96,0
1760,8,2,182,2,175,2,180,2,179,0
663,8,17,0,0,32,0,2,81,16,0
293,8,144,0,64,223,64,190,63,96,0
1455,8,32,192,0,0,0,32,0,0,0
1176,8,132,0,32,0,206,128,199,141,0
813,8,128,0,4,32,172,1,0,32,0
1277,8,17,64,10,83,87,12,202,8,0
560,8,240,0,0,2,212,0,30,0,0
737,8,0,0,0,0,0,0,0,4,0
852,8,32,16,128,0,0,1,172,0,0
1505,8,137,52,32,7,10,0,176,128,0
354,8,36,72,2,20,64,18,31,201,0
167,8,0,81,15,37,49,45,144,160,0
339,8,0,0,0,0,0,12,0,10,0
1634,8,76,96,0,0,64,0,0,0,0
14,8,32,84,22,2,8,9,115,220,0
412,8,16,174,32,8,2,0,40,64,0
208,8,66,79,4,102,212,3,29,0,0
51,8,18,15,17,34,14,1,39,208,0
628,8,88,242,40,244,80,124,173,223,0
1760,8,2,182,2,177,2,182,2,180,0
192,8,96,0,0,0,0,0,0,0,0
1413,8,0,64,0,0,0,2,0,24,0
1694,8,4,64,4,125,31,192,21,98,0
293,8,144,0,64,223,64,160,1,96,0
852,8,32,16,192,0,0,1,156,128,0
1505,8,137,52,32,7,10,0,176,128,0
651,8,0,0,0,0,0,0,0,0,0
167,8,0,81,16,37,49,45,144,160,0
458,8,63,249,255,128,0,0,12,48,0
961,8,123,85,31,187,233,250,233,46,0
661,8,0,0,0,0,0,0,24,64,0
208,8,74,79,4,102,211,3,29,0,0
14,8,32,84,22,2,8,9,115,214,0
51,8,18,15,9,34,14,65,39,208,0
1399,8,0,0,8,0,0,0,1,72,0
403,8,0,8,8,3,232,8,0,0,0
263,8,0,0,0,0,0,0,0,0,0
526,8,78,32,3,161,145,63,239,247,0
1314,8,223,127,208,0,127,128,0,28,0
870,8,128,157,200,2,1,71,206,56,0
1408,8,0,0,0,6,240,7,250,32,0
1076,8,3,106,160,171,92,137,110,144,0
1760,8,2,180,2,182,2,182,2,180,0
186,8,6,168,44,68,16,0,6,140,0
293,8,144,0,64,223,64,191,227,96,0
1459,8,4,0,0,0,0,0,4,0,0
1176,8,132,0,32,0,203,128,200,14,0
560,8,255,0,0,2,212,0,0,0,0
737,8,0,0,0,0,0,0,0,4,0
852,8,32,16,128,0,0,1,149,128,0
1505,8,137,52,32,7,10,0,180,128,0
354,8,36,72,2,20,64,18,31,201,0
167,8,0,81,14,37,49,45,144,160,0
675,8,16,0,2,132,116,128,60,8,0
339,8,0,0,0,0,0,12,0,10,0
1634,8,76,96,0,0,64,0,0,0,0
14,8,32,84,22,2,8,9,115,208,0
412,8,20,172,32,7,194,0,40,64,0
208,8,82,79,4,102,208,3,31,0,0
51,8,18,15,1,37,110,129,39,208,0
628,8,88,242,42,242,80,124,173,223,0
1760,8,2,179,2,179,2,181,2,180,0
192,8,96,0,0,0,0,0,0,0,0
1694,8,4,64,4,125,31,192,21,98,0
293,8,144,0,64,223,64,191,197,96,0
852,8,32,16,128,0,0,1,149,128,0
1505,8,137,52,32,7,10,0,180,128,0
651,8,0,0,0,0,0,0,0,0,0
1788,8,0,0,7,60,178,186,96,0,0
167,8,0,81,14,37,49,45,144,160,0
569,8,0,0,0,100,64,0,58,32,0
208,8,90,79,4,96,207,3,31,0,0
51,8,18,38,249,30,14,193,39,208,0
14,8,32,84,22,2,8,9,115,214,0
215,8,0,0,2,0,128,0,0,0,0
403,8,0,8,8,3,232,8,0,0,0
263,8,0,0,0,0,0,0,0,0,0
526,8,78,32,3,161,143,191,239,255,0
1314,8,223,127,208,0,127,8,0,28,0
870,8,128,29,200,2,1,71,206,56,0
1408,8,0,0,0,6,232,135,250,32,0
1076,8,3,128,0,171,140,185,158,192,0
1760,8,2,187,2,181,2,180,2,179,0
1176,8,132,0,32,0,203,128,199,207,0
293,8,144,0,64,223,64,191,167,96,0
961,8,123,85,31,187,105,251,105,46,0
560,8,254,0,0,2,212,0,2,0,0
737,8,0,0,0,0,0,0,0,4,0
852,8,32,16,128,0,0,1,142,0,0
1505,8,137,52,32,7,10,0,180,128,0
354,8,36,72,2,20,64,18,31,201,0
167,8,0,81,17,165,49,45,144,160,0
1175,8,0,0,0,0,0,0,0,0,0
339,8,0,0,0,0,0,12,0,10,0
661,8,0,0,0,0,0,0,24,64,0
14,8,32,84,22,2,8,9,115,184,0
1634,8,76,64,0,0,64,0,0,0,0
412,8,24,166,32,8,2,0,40,64,0
208,8,98,79,4,96,207,3,30,0,0
51,8,18,38,241,30,15,1,39,208,0
628,8,88,242,44,240,80,124,173,223,0
1760,8,2,187,2,179,2,181,2,179,0
192,8,96,0,0,0,0,0,0,0,0
738,8,24,8,13,64,64,0,1,24,0
837,8,5,2,2,194,60,119,64,129,0
1072,8,0,63,68,140,92,128,17,160,0
304,8,0,1,96,0,0,0,0,0,0
813,8,128,0,4,32,172,1,0,32,0
1694,8,4,64,4,125,31,192,21,98,0
293,8,144,0,64,223,64,191,137,96,0
1227,8,128,0,0,0,0,0,0,0,0
1277,8,17,73,10,83,99,14,74,8,0
640,8,24,224,2,112,0,0,0,0,0
852,8,32,16,128,0,0,1,142,0,0
1505,8,137,52,32,7,10,0,180,128,0
651,8,0,0,0,0,0,0,0,0,0
167,8,0,81,16,165,49,45,144,160,0
1644,8,0,128,16,0,32,0,0,32,0
722,8,0,0,72,0,0,0,0,0,0
1372,8,16,27,0,0,65,130,48,0,0
208,8,106,79,4,96,206,3,30,0,0
51,8,18,38,233,37,111,65,39,208,0
14,8,32,84,22,2,8,9,115,184,0
403,8,0,8,8,3,232,8,0,0,0
526,8,78,32,3,161,146,191,239,255,0
263,8,0,0,0,0,0,0,0,0,0
1314,8,223,127,208,0,126,144,0,28,0
870,8,128,157,200,2,1,71,206,56,0
1408,8,0,0,0,6,225,7,250,32,0
1076,8,3,162,160,171,188,233,190,240,0
1760,8,2,183,2,175,2,183,2,180,0
186,8,6,168,44,4,16,0,6,140,0
293,8,144,0,64,223,64,191,107,96,0
1176,8,132,0,32,0,217,128,200,0,0
560,8,253,0,0,2,212,0,4,0,0
244,8,154,12,1,2,4,177,2,64,0
737,8,0,0,0,0,0,0,0,4,0
852,8,32,16,128,0,0,1,127,0,0
1505,8,137,52,32,7,10,0,176,128,0
354,8,36,72,2,20,64,18,31,201,0
167,8,0,81,18,165,49,45,144,160,0
961,8,123,85,31,187,169,59,233,46,0
622,8,1,6,64,130,137,18,10,4,0
1255,8,0,0,0,20,3,108,0,0,0
339,8,0,0,0,0,0,12,0,10,0
14,8,32,84,22,2,8,9,115,190,0
1634,8,76,64,0,0,64,0,0,0,0
1668,8,76,212,128,25,65,95,80,30,0
1590,8,36,156,51,193,12,138,208,0,0
727,8,16,0,96,216,0,0,0,8,0
412,8,28,162,32,8,2,0,40,64,0
208,8,114,79,4,98,204,3,31,0,0
51,8,18,38,225,29,191,129,39,208,0
628,8,88,242,46,238,80,124,173,223,0
1760,8,2,180,2,179,2,183,2,181,0
192,8,96,0,0,0,0,0,0,0,0
996,8,0,212,0,0,132,0,0,0,0
1694,8,4,64,4,125,31,192,21,98,0
293,8,144,0,64,223,64,191,77,96,0
705,8,1,244,15,199,203,158,11,224,0
1628,8,64,8,18,165,153,224,0,0,0
1399,8,0,0,8,0,0,0,1,72,0
852,8,32,16,128,0,0,1,232,0,0
1505,8,137,52,32,7,10,0,180,128,0
651,8,0,0,0,0,0,0,0,0,0
167,8,0,81,18,37,49,45,144,160,0
1031,8,56,144,95,240,0,1,152,32,0
661,8,0,0,0,0,0,0,24,64,0
208,8,122,79,4,98,203,3,31,0,0
14,8,32,84,22,2,8,9,115,172,0
51,8,18,38,217,29,191,193,39,208,0
403,8,0,8,8,3,232,8,0,0,0
263,8,0,0,0,0,0,0,0,0,0
526,8,78,32,3,161,144,191,239,255,0
1314,8,223,127,208,0,126,24,0,28,0
870,8,128,29,200,2,1,71,206,56,0
1408,8,0,0,0,6,225,135,250,16,0
1076,8,3,202,160,171,237,9,239,16,0
1760,8,2,179,2,181,2,183,2,182,0
1176,8,132,0,32,0,214,128,200,129,0
1124,8,0,2,64,0,0,144,15,95,0
293,8,144,0,64,223,64,191,47,96,0
60,8,0,0,4,0,51,0,0,0,0
519,8,4,4,96,72,42,222,213,24,0
1225,8,1,249,21,130,13,3,246,75,0
470,8,2,139,192,128,52,116,5,144,0
560,8,252,0,0,2,212,0,6,0,0
692,8,20,234,5,0,0,0,88,0,0
737,8,0,0,0,0,0,0,0,4,0
852,8,32,16,128,0,0,1,232,0,0
1505,8,137,52,32,7,10,0,180,128,0
354,8,36,72,2,20,64,18,31,201,0
167,8,0,81,15,165,49,45,144,160,0
339,8,0,0,0,0,0,12,0,10,0
1634,8,76,64,0,0,64,0,0,0,0
14,8,32,84,22,2,8,9,115,184,0
412,8,0,190,32,8,2,0,40,64,0
208,8,2,79,4,100,216,3,33,0,0
51,8,18,39,81,36,12,1,39,208,0
628,8,88,242,32,252,80,124,173,223,0
1760,8,2,183,2,182,2,184,2,183,0
192,8,96,0,0,0,0,0,0,0,0
1694,8,4,64,4,125,31,192,21,98,0
961,8,123,85,31,186,233,60,169,46,0
293,8,144,0,64,223,64,191,17,96,0
852,8,32,16,128,0,0,1,224,128,0
1505,8,137,52,32,7,10,0,180,128,0
651,8,0,0,0,0,0,0,0,0,0
167,8,0,81,16,37,49,45,144,160,0
61,8,0,1,130,128,0,0,0,0,0
208,8,10,79,4,100,215,3,33,0,0
51,8,18,39,73,35,108,65,39,208,0
14,8,32,84,22,2,8,9,115,184,0
403,8,0,8,8,3,232,8,0,0,0
526,8,78,32,3,161,144,63,239,255,0
263,8,0,0,0,0,0,0,0,0,0
1314,8,223,127,208,0,125,160,0,28,0
870,8,128,29,200,2,1,71,206,56,0
1408,8,0,0,0,6,218,7,250,16,0
1076,8,3,226,32,172,29,58,31,48,0
1760,8,2,183,2,180,2,183,2,181,0
186,8,6,168,44,4,16,0,6,140,0
293,8,144,0,64,223,64,190,243,96,0
1307,8,40,66,169,202,58,145,137,65,0
1176,8,132,0,32,0,213,128,200,130,0
813,8,128,0,4,32,172,1,0,32,0
1277,8,17,60,10,83,81,11,202,8,0
560,8,251,0,0,2,212,0,8,0,0
737,8,0,0,0,0,0,0,0,4,0
852,8,32,16,192,0,0,1,201,128,0
1505,8,137,52,0,7,10,0,176,128,0
354,8,36,72,2,20,64,18,31,201,0
167,8,0,81,13,165,49,45,144,160,0
339,8,0,0,0,0,0,12,0,10,0
661,8,0,0,0,0,0,0,24,64,0
14,8,32,84,22,2,8,9,115,184,0
1634,8,76,64,0,0,64,0,0,0,0
412,8,4,186,32,8,2,0,40,64,0
208,8,18,79,4,100,214,3,33,0,0
51,8,18,39,65,35,108,129,39,208,0
628,8,88,242,34,250,80,124,173,223,0
1760,8,2,182,2,178,2,183,2,181,0
192,8,96,0,0,0,0,0,0,0,0
1413,8,0,64,0,0,0,2,0,24,0
1694,8,4,64,4,125,31,192,21,98,0
293,8,144,0,64,223,64,190,213,96,0
852,8,32,16,192,0,0,1,201,128,0
1505,8,137,52,0,7,10,0,176,128,0
651,8,0,0,0,0,0,0,0,0,0
167,8,0,81,13,165,49,45,144,160,0
458,8,63,249,255,128,0,0,12,48,0
961,8,123,85,31,186,168,253,41,46,0
208,8,26,79,4,102,213,3,33,0,0
51,8,18,31,57,32,92,193,39,208,0
1399,8,0,0,8,0,0,0,1,70,0
14,8,32,84,22,2,8,9,115,190,0
403,8,0,8,8,3,232,8,0,0,0
526,8,78,32,3,161,144,191,239,255,0
263,8,0,0,0,0,0,0,0,0,0
1314,8,223,127,208,0,125,40,0,28,0
870,8,128,29,200,2,1,71,206,56,0
1408,8,0,0,0,6,210,135,250,16,0
1076,8,4,10,32,172,77,106,79,96,0
1760,8,2,184,2,177,2,183,2,182,0
1459,8,4,0,0,0,0,0,4,0,0
1176,8,132,0,32,0,213,128,200,67,0
293,8,144,0,64,223,64,190,183,96,0
560,8,250,0,0,2,212,0,10,0,0
737,8,0,0,0,0,0,0,0,4,0
852,8,32,16,192,0,0,1,194,0,0
1505,8,137,52,0,7,10,0,176,128,0
354,8,36,72,2,20,64,18,31,201,0
167,8,0,81,15,165,49,45,144,160,0
675,8,16,0,2,132,114,128,60,8,0
339,8,0,0,0,0,0,12,0,10,0
1634,8,76,64,0,0,64,0,0,0,0
412,8,8,184,32,7,194,0,40,64,0
14,8,32,84,22,2,8,9,115,172,0
208,8,34,79,4,102,213,3,32,0,0
51,8,18,31,49,37,29,1,39,208,0
628,8,88,242,36,248,80,124,173,219,0
1760,8,2,190,2,179,2,184,2,183,0
192,8,96,0,0,0,0,0,0,0,0
1694,8,4,64,4,125,31,192,21,98,0
293,8,144,0,64,223,64,190,153,96,0
852,8,32,16,192,0,0,1,194,0,0
1505,8,137,52,0,7,10,0,176,128,0
651,8,0,0,0,0,0,0,0,0,0
1788,8,0,0,7,59,146,186,96,0,0
167,8,0,81,13,165,49,45,144,160,0
569,8,0,0,0,100,32,0,58,32,0
661,8,0,0,0,0,0,0,24,64,0
208,8,42,79,4,96,212,3,32,0,0
14,8,32,84,22,2,8,9,115,190,0
51,8,18,31,41,37,29,65,39,208,0
215,8,0,0,2,0,128,0,0,0,0
403,8,0,8,8,3,232,8,0,0,0
263,8,0,0,0,0,0,0,0,0,0
526,8,78,32,3,161,146,191,239,247,0
1314,8,223,127,208,0,124,176,0,28,0
870,8,128,157,200,2,1,71,206,56,0
1408,8,0,0,0,6,203,7,250,16,0
1076,8,4,34,160,172,109,154,127,144,0
1760,8,2,183,2,183,2,184,2,183,0
186,8,6,168,44,4,16,0,6,140,0
293,8,144,0,64,223,64,190,123,96,0
1176,8,132,0,32,0,210,128,200,196,0
961,8,123,85,31,187,167,61,233,46,0
560,8,249,0,0,2,212,0,12,0,0
737,8,0,0,0,0,0,0,0,4,0
852,8,32,16,192,0,0,1,179,0,0
1505,8,137,52,0,7,10,0,176,128,0
354,8,36,72,2,20,64,18,31,201,0
167,8,0,81,16,165,49,45,144,160,0
1175,8,0,0,0,0,0,0,0,0,0
339,8,0,0,0,0,0,12,0,10,0
1634,8,76,64,0,0,64,0,0,0,0
14,8,32,84,22,2,8,9,115,190,0
412,8,12,180,32,7,194,0,40,64,0
208,8,50,79,4,96,209,3,34,0,0
51,8,18,31,33,29,29,129,39,208,0
628,8,88,242,38,246,80,124,173,219,0
1760,8,2,181,2,184,2,185,2,182,0
192,8,96,0,0,0,0,0,0,0,0
738,8,24,8,13,64,64,0,1,24,0
837,8,5,2,2,194,60,119,64,129,0
1072,8,0,63,68,140,92,128,17,160,0
304,8,0,1,96,0,0,0,0,0,0
778,8,64,45,112,1,212,10,50,0,0
452,8,1,114,2,0,40,65,186,2,0
1694,8,4,64,4,125,31,192,21,66,0
293,8,144,0,64,223,64,190,93,96,0
676,8,54,220,0,28,4,8,152,208,0
813,8,128,0,4,32,172,1,0,32,0
1277,8,17,62,10,84,83,12,74,8,0
852,8,32,16,192,0,0,1,164,0,0
1505,8,137,52,0,7,10,0,176,128,0
651,8,0,0,0,0,0,0,0,0,0
167,8,0,81,15,37,49,45,144,160,0
1644,8,0,128,16,0,32,0,0,32,0
722,8,0,0,80,0,0,0,0,0,0
208,8,58,79,4,96,208,3,34,0,0
51,8,18,31,25,36,109,193,39,208,0
14,8,32,84,22,2,8,9,115,184,0
403,8,0,8,8,3,232,8,0,0,0
263,8,0,0,0,0,0,0,0,0,0
526,8,78,32,3,161,145,63,239,255,0
1314,8,223,127,208,0,124,56,0,28,0
870,8,128,29,200,2,1,71,206,56,0
1408,8,0,0,0,6,195,135,250,16,0
1076,8,4,66,160,172,157,202,175,176,0
1760,8,2,180,2,181,2,186,2,183,0
1176,8,132,0,32,0,208,128,201,5,0
426,8,144,190,189,68,161,99,230,64,0
293,8,144,0,64,223,64,190,63,96,0
560,8,248,0,0,2,212,0,14,0,0
244,8,154,12,1,2,4,177,2,64,0
737,8,0,0,0,0,0,0,0,4,0
852,8,32,16,192,0,0,1,164,0,0
1505,8,137,52,0,7,10,0,176,128,0
354,8,36,72,2,20,64,18,31,201,0
167,8,0,81,15,165,49,45,144,160,0
961,8,123,85,31,187,102,254,105,46,0
1255,8,0,0,0,20,3,109,0,0,0
339,8,0,0,0,0,0,12,0,10,0
14,8,32,84,22,2,8,9,115,190,0
661,8,0,0,0,0,0,0,24,64,0
1634,8,76,64,0,0,64,0,0,0,0
1668,8,76,212,127,153,65,95,80,30,0
1590,8,36,156,52,65,12,138,224,0,0
727,8,16,0,96,216,0,0,0,8,0
412,8,16,176,32,7,194,0,40,64,0
208,8,66,79,4,98,206,3,35,0,0
51,8,18,23,17,36,110,1,39,208,0
628,8,88,242,40,244,80,124,173,219,0
1760,8,2,182,2,181,2,186,2,183,0
192,8,96,0,0,0,0,0,0,0,0
622,8,1,6,64,130,137,18,10,4,0
1694,8,4,64,4,125,31,192,21,66,0
293,8,144,0,64,223,64,160,1,96,0
996,8,0,212,0,0,132,0,0,0,0
1628,8,64,8,18,165,154,0,0,0,0
1399,8,0,0,8,0,0,0,1,70,0
852,8,32,16,192,0,0,1,156,128,0
1505,8,137,52,0,7,10,0,176,128,0
651,8,0,0,0,0,0,0,0,0,0
167,8,0,81,16,165,49,45,144,160,0
1031,8,56,144,95,240,0,1,151,224,0
705,8,1,244,15,199,203,159,245,246,0
208,8,74,79,4,98,205,3,35,0,0
51,8,18,23,9,31,94,65,39,208,0
14,8,32,84,22,2,8,9,115,190,0
403,8,0,8,8,3,232,8,0,0,0
263,8,0,0,0,0,0,0,0,0,0
526,8,78,32,3,161,144,191,239,255,0
1314,8,223,127,208,0,123,192,0,28,0
870,8,127,221,200,2,1,71,206,56,0
1408,8,0,0,0,6,188,7,250,16,0
1076,8,4,104,0,172,205,250,191,224,0
1760,8,2,186,2,181,2,186,2,183,0
186,8,6,168,43,196,16,0,6,140,0
293,8,144,0,64,223,64,191,227,96,0
1176,8,132,0,32,0,207,128,201,6,0
60,8,0,0,4,0,51,0,0,0,0
1124,8,0,2,64,0,0,144,30,80,0
519,8,4,4,96,72,42,222,213,24,0
1225,8,1,249,21,130,13,2,246,75,0
470,8,2,15,130,128,48,36,5,128,0
737,8,0,0,0,0,0,0,0,4,0
852,8,32,16,192,0,0,1,141,128,0
1505,8,137,52,0,7,10,0,176,128,0
354,8,36,72,2,4,64,18,31,201,0
167,8,0,81,14,165,49,45,144,160,0
692,8,20,234,5,0,0,0,88,0,0
560,8,247,0,0,2,212,0,16,0,0
14,8,32,84,22,2,8,9,115,196,0
339,8,0,0,0,0,0,12,0,10,0
1634,8,76,64,0,0,64,0,0,0,0
412,8,20,172,32,7,194,0,40,64,0
208,8,82,79,4,100,204,3,35,0,0
51,8,18,31,1,35,110,129,39,208,0
628,8,88,242,42,242,80,124,173,219,0
1760,8,2,190,2,177,2,187,2,184,0
192,8,96,0,0,0,0,0,0,0,0
1694,8,4,64,4,125,31,192,21,66,0
961,8,123,85,31,187,165,255,41,46,0
293,8,144,0,64,223,64,191,197,96,0
852,8,32,16,192,0,0,1,141,128,0
1505,8,137,52,0,7,10,0,176,128,0
651,8,0,0,0,0,0,0,0,0,0
167,8,0,81,16,37,49,45,144,160,0
61,8,0,1,130,0,0,0,0,0,0
661,8,0,0,0,0,0,0,24,64,0
208,8,90,79,4,100,203,3,35,0,0
14,8,32,84,22,2,8,9,115,184,0
51,8,18,30,249,35,110,193,39,208,0
403,8,0,8,8,3,232,8,0,0,0
263,8,0,0,0,0,0,0,0,0,0
526,8,78,32,3,161,146,191,239,255,0
1314,8,223,127,208,0,123,72,0,28,0
870,8,128,93,200,2,1,71,206,56,0
1408,8,0,0,0,6,188,135,250,0,0
1076,8,0,0,0,172,254,42,224,16,0
1760,8,2,190,2,181,2,188,2,185,0
1176,8,132,0,32,0,203,128,201,199,0
293,8,144,0,64,223,64,191,167,96,0
813,8,128,0,4,32,172,1,0,32,0
1277,8,17,61,10,83,83,11,202,8,0
560,8,246,0,0,2,212,0,18,0,0
737,8,0,0,0,0,0,0,0,4,0
852,8,32,16,192,0,0,1,134,0,0
1505,8,137,52,0,7,10,0,176,128,0
354,8,36,72,2,4,64,18,31,201,0
167,8,0,81,16,37,49,45,144,160,0
1372,8,16,27,0,0,65,130,48,0,0
695,8,0,32,40,64,0,0,128,64,0
339,8,0,0,0,0,0,12,0,10,0
1634,8,76,64,0,0,64,0,0,0,0
14,8,32,84,22,2,8,9,115,190,0
412,8,24,168,32,7,194,0,40,64,0
208,8,98,79,4,100,199,3,38,0,0
51,8,18,30,241,37,111,1,39,208,0
628,8,88,242,44,240,80,124,173,219,0
1760,8,2,188,2,184,2,189,2,186,0
192,8,96,0,0,0,0,0,0,0,0
1413,8,0,64,0,0,0,2,0,24,0
1694,8,4,64,4,125,31,192,21,66,0
293,8,144,0,64,223,64,191,137,96,0
852,8,32,16,192,0,0,1,134,0,0
1505,8,137,52,0,7,10,0,176,128,0
651,8,0,0,0,0,0,0,0,0,0
167,8,0,81,16,165,49,45,144,160,0
458,8,63,249,255,128,0,0,12,48,0
961,8,123,85,31,188,36,255,169,46,0
208,8,106,79,4,102,198,3,38,0,0
51,8,18,46,233,32,175,65,39,208,0
1399,8,0,0,8,0,0,0,1,70,0
14,8,32,84,22,2,8,9,115,196,0
403,8,0,8,8,3,232,8,0,0,0
263,8,0,0,0,0,0,0,0,0,0
526,8,78,32,7,161,147,191,207,255,0
1314,8,223,127,208,0,122,208,0,28,0
870,8,128,157,200,2,1,71,206,56,0
1408,8,0,0,0,6,181,7,250,0,0
1076,8,0,32,0,173,46,91,16,64,0
1760,8,2,189,2,184,2,189,2,184,0
186,8,6,168,43,196,16,0,6,140,0
1459,8,4,0,0,0,0,0,4,0,0
1176,8,132,0,32,0,201,128,202,8,0
293,8,144,0,64,223,64,191,107,96,0
560,8,245,0,0,2,212,0,20,0,0
737,8,0,0,0,0,0,0,0,4,0
852,8,32,16,192,0,0,1,119,0,0
1505,8,137,51,224,7,10,0,176,128,0
354,8,36,72,2,4,64,18,31,201,0
167,8,0,81,19,165,49,45,144,160,0
675,8,16,0,2,132,116,128,60,8,0
339,8,0,0,0,0,0,12,0,10,0
661,8,0,0,0,0,0,0,24,64,0
14,8,32,84,22,2,8,9,115,184,0
1634,8,76,64,0,0,64,0,0,0,0
412,8,28,164,32,7,194,0,40,64,0
208,8,114,79,4,102,196,3,39,0,0
51,8,18,46,225,32,175,129,39,208,0
628,8,88,242,46,238,80,124,173,219,0
1760,8,2,182,2,186,2,189,2,186,0
192,8,96,0,0,0,0,0,0,0,0
1694,8,4,64,4,125,31,192,21,66,0
293,8,144,0,64,223,64,191,77,96,0
852,8,32,16,192,0,0,1,224,0,0
1505,8,137,51,224,7,10,0,180,128,0
651,8,0,0,0,0,0,0,0,0,0
1788,8,0,0,7,59,18,186,104,0,0
167,8,0,81,18,37,49,45,144,160,0
569,8,0,0,0,99,160,0,58,32,0
208,8,122,79,4,102,195,3,39,0,0
51,8,18,46,217,38,127,193,39,208,0
14,8,32,84,22,2,8,9,115,164,0
215,8,0,0,2,0,128,0,0,0,0
403,8,0,8,8,3,232,8,0,0,0
263,8,0,0,0,0,0,0,0,0,0
526,8,78,32,3,161,146,191,207,255,0
1314,8,223,127,208,0,122,88,0,28,0
870,8,128,93,200,2,1,71,206,56,0
1408,8,0,0,0,6,181,135,249,240,0
1076,8,0,86,128,173,94,123,64,112,0
1760,8,2,187,2,181,2,190,2,188,0
1176,8,132,0,32,0,199,128,202,73,0
293,8,144,0,64,223,64,191,47,96,0
961,8,123,85,31,186,165,128,105,46,0
560,8,244,0,0,2,212,0,22,0,0
737,8,0,0,0,0,0,0,0,4,0
852,8,32,16,192,0,0,1,224,0,0
1505,8,137,51,224,7,10,0,180,128,0
354,8,36,72,2,4,64,18,31,201,0
167,8,0,81,18,37,49,45,144,160,0
1175,8,0,0,0,0,0,0,0,0,0
1227,8,128,0,0,0,0,0,0,0,0
339,8,0,0,0,0,0,12,0,10,0
14,8,32,84,22,2,8,9,115,172,0
1634,8,76,64,0,0,64,0,0,0,0
412,8,0,192,32,7,194,0,40,64,0
208,8,2,79,4,96,209,3,40,0,0
51,8,18,55,81,30,92,1,39,208,0
628,8,88,242,32,252,80,124,173,219,0
1760,8,2,193,2,179,2,190,2,188,0
192,8,96,0,0,0,0,0,0,0,0
738,8,24,8,13,64,64,0,1,24,0
837,8,5,2,2,194,60,119,64,129,0
1072,8,0,63,68,140,92,128,17,160,0
304,8,0,1,96,0,0,0,0,0,0
640,8,24,224,2,112,0,0,0,0,0
813,8,128,0,4,32,172,1,0,32,0
1694,8,4,64,4,125,31,192,21,66,0
293,8,144,0,64,223,64,191,17,96,0
1277,8,17,65,10,83,89,12,202,8,0
852,8,32,16,192,0,0,1,216,128,0
1505,8,137,51,224,7,10,0,184,128,0
651,8,0,0,0,0,0,0,0,0,0
167,8,0,81,17,165,49,45,144,160,0
1644,8,0,128,16,0,24,0,0,32,0
722,8,0,0,8,0,0,0,0,0,0
661,8,0,0,0,0,0,0,24,64,0
208,8,10,79,4,96,208,3,40,0,0
14,8,32,84,22,2,8,9,115,172,0
51,8,18,55,73,30,92,65,39,208,0
403,8,0,8,8,3,232,8,0,0,0
526,8,78,32,3,161,148,63,144,7,0
1314,8,223,127,208,0,121,224,0,28,0
870,8,128,157,200,2,1,71,206,56,0
263,8,0,0,0,0,0,0,0,0,0
1408,8,0,0,0,6,174,7,249,240,0
1076,8,0,119,128,173,142,171,112,160,0
1760,8,2,189,2,183,2,190,2,189,0
186,8,6,168,41,196,16,0,6,140,0
293,8,144,0,64,223,64,190,243,96,0
1176,8,132,0,32,0,197,128,202,138,0
6,8,8,0,0,100,0,0,0,0,0
560,8,243,0,0,2,212,0,24,0,0
244,8,154,12,1,2,4,177,2,64,0
737,8,0,0,0,0,0,0,0,4,0
852,8,32,16,192,0,0,1,201,128,0
1505,8,137,51,192,7,10,0,184,128,0
354,8,36,72,2,4,64,18,31,201,0
167,8,0,81,14,165,49,45,144,160,0
961,8,123,85,31,186,228,192,233,46,0
1255,8,0,0,0,20,3,109,0,0,0
339,8,0,0,0,0,0,12,0,10,0
14,8,32,84,22,2,8,9,115,172,0
1634,8,76,64,0,0,64,0,0,0,0
1668,8,76,212,127,217,65,95,80,30,0
1590,8,36,156,53,1,12,138,240,0,0
727,8,16,0,96,216,0,0,0,8,0
412,8,4,188,32,7,194,0,40,64,0
208,8,18,79,4,98,206,3,41,0,0
51,8,18,47,65,37,28,129,39,208,0
628,8,88,242,34,250,80,124,173,219,0
1760,8,2,188,2,187,2,190,2,188,0
192,8,96,0,0,0,0,0,0,0,0
622,8,1,6,64,130,137,18,10,4,0
996,8,0,212,0,0,132,0,0,0,0
1694,8,4,64,4,125,31,192,21,66,0
293,8,144,0,64,223,64,190,213,96,0
1628,8,64,8,18,165,154,16,0,0,0
1399,8,0,0,8,0,0,0,1,70,0
852,8,32,16,192,0,0,1,201,128,0
1505,8,137,51,192,7,10,0,184,128,0
651,8,0,0,0,0,0,0,0,0,0
167,8,0,81,16,37,49,45,144,160,0
1031,8,56,144,95,240,0,1,151,224,0
117,8,15,50,0,15,174,30,224,0,0
208,8,26,79,4,98,205,3,41,0,0
14,8,32,84,22,2,8,9,115,164,0
51,8,18,47,57,34,188,193,39,208,0
403,8,0,8,8,3,232,8,0,0,0
263,8,0,0,0,0,0,0,0,0,0
526,8,78,32,3,161,148,63,143,255,0
1314,8,223,127,208,0,121,104,0,28,0
870,8,128,93,200,2,1,71,206,56,0
1408,8,0,0,0,6,166,135,249,240,0
1076,8,0,136,224,173,174,219,160,208,0
1760,8,2,188,2,186,2,190,2,187,0
1176,8,132,0,32,0,197,128,202,75,0
1124,8,0,2,64,0,0,144,29,81,0
293,8,144,0,64,223,64,190,183,96,0
705,8,1,242,207,199,201,159,252,10,0
60,8,0,0,4,0,51,0,0,0,0
519,8,4,4,96,72,42,222,213,24,0
1225,8,1,249,21,130,13,2,246,75,0
470,8,2,11,128,128,48,36,5,128,0
692,8,20,234,5,0,0,0,88,0,0
737,8,0,0,0,0,0,0,0,4,0
852,8,32,16,192,0,0,1,194,0,0
1505,8,137,51,192,7,10,0,184,128,0
354,8,36,72,2,4,64,18,31,201,0
167,8,0,81,14,37,49,45,144,160,0
58,8,0,0,0,0,0,29,8,0,0
560,8,242,0,0,2,212,0,26,0,0
339,8,0,0,0,0,0,12,0,10,0
661,8,0,0,0,0,0,0,24,64,0
14,8,32,84,22,2,8,9,115,164,0
1634,8,76,64,0,0,64,0,0,0,0
412,8,8,184,32,7,194,0,40,48,0
208,8,34,79,4,98,205,3,40,0,0
51,8,18,47,49,34,189,1,39,208,0
628,8,88,242,36,248,80,124,173,219,0
1760,8,2,190,2,186,2,190,2,188,0
192,8,96,0,0,0,0,0,0,0,0
1694,8,4,64,4,125,31,192,21,66,0
961,8,123,85,31,188,34,193,169,46,0
293,8,144,0,64,223,64,190,153,96,0
852,8,32,16,192,0,0,1,194,0,0
1505,8,137,51,192,7,10,0,180,128,0
651,8,0,0,0,0,0,0,0,0,0
167,8,0,81,14,165,49,45,144,160,0
61,8,0,1,130,0,0,0,0,0,0
1262,8,160,0,13,8,240,76,64,8,0
208,8,42,79,4,100,204,3,40,0,0
51,8,18,47,41,33,173,65,39,208,0
14,8,32,84,22,2,8,9,115,172,0
403,8,0,8,8,3,232,8,0,0,0
263,8,0,0,0,0,0,0,0,0,0
526,8,78,32,7,161,147,191,207,255,0
1314,8,223,127,208,0,120,240,0,28,0
870,8,128,93,200,2,1,71,206,56,0
1408,8,0,0,0,6,159,7,249,240,0
1076,8,0,168,224,173,222,251,192,240,0
1760,8,2,194,2,185,2,190,2,188,0
186,8,6,168,41,196,16,0,6,140,0
293,8,144,0,64,223,64,190,123,96,0
1307,8,40,177,129,177,137,199,248,193,0
1176,8,132,0,32,0,195,128,202,140,0
813,8,128,0,4,32,172,1,0,32,0
1277,8,17,73,10,84,97,14,74,8,0
560,8,241,0,0,2,212,0,28,0,0
737,8,0,0,0,0,0,0,0,4,0
852,8,32,16,192,0,0,1,179,0,0
1505,8,137,51,192,7,10,0,180,128,0
354,8,36,72,2,4,64,18,31,201,0
167,8,0,81,15,165,49,45,128,160,0
1693,8,128,141,207,176,79,193,252,177,0
339,8,0,0,0,0,0,12,0,10,0
14,8,32,84,22,2,8,9,115,164,0
1634,8,76,64,0,0,64,0,0,0,0
412,8,12,180,32,7,194,0,40,48,0
208,8,50,79,4,100,202,3,41,0,0
51,8,18,47,33,38,29,129,39,208,0
628,8,88,242,38,246,80,124,173,219,0
1760,8,2,195,2,182,2,190,2,189,0
1413,8,0,64,0,0,0,2,0,24,0
192,8,96,0,0,0,0,0,0,0,0
1694,8,4,64,4,125,31,192,21,66,0
293,8,144,0,64,223,64,190,93,96,0
852,8,32,16,192,0,0,1,164,0,0
1505,8,137,51,192,7,10,0,176,128,0
651,8,0,0,0,0,0,0,0,0,0
167,8,0,81,14,165,49,45,128,160,0
458,8,63,249,255,128,0,0,12,48,0
1512,8,0,0,2,4,0,57,176,0,0
961,8,123,85,31,187,226,130,41,46,0
661,8,0,0,0,0,0,0,24,64,0
208,8,58,79,4,102,201,3,41,0,0
14,8,32,84,22,2,8,9,115,172,0
51,8,18,39,25,38,29,193,39,208,0
1399,8,0,0,8,0,0,0,1,70,0
403,8,0,8,8,3,232,8,0,0,0
263,8,0,0,0,0,0,0,0,0,0
526,8,78,32,3,161,151,63,207,247,0
1314,8,223,127,208,0,120,120,0,28,0
870,8,128,221,200,2,1,71,206,56,0
1408,8,0,0,0,6,151,135,249,240,0
1076,8,0,199,32,174,15,27,241,32,0
1760,8,2,191,2,185,2,190,2,189,0
1459,8,4,0,0,0,0,0,4,0,0
293,8,144,0,64,223,64,190,63,96,0
1176,8,132,0,32,0,194,128,202,141,0
560,8,240,0,0,2,212,0,30,0,0
737,8,0,0,0,0,0,0,0,4,0
852,8,32,16,192,0,0,1,164,0,0
1505,8,137,51,192,7,10,0,176,128,0
354,8,36,72,2,4,64,18,31,201,0
167,8,0,81,17,37,49,45,128,160,0
675,8,16,0,2,132,116,128,60,8,0
339,8,0,0,0,0,0,12,0,10,0
1634,8,76,64,0,0,64,0,0,0,0
14,8,32,84,22,2,8,9,115,172,0
412,8,16,176,32,7,194,0,40,48,0
208,8,66,79,4,102,200,3,41,0,0
51,8,18,39,17,30,94,1,39,208,0
628,8,88,242,40,244,80,124,173,219,0
1760,8,2,190,2,187,2,190,2,188,0
192,8,96,0,0,0,0,0,0,0,0
1694,8,4,64,4,125,31,192,21,66,0
293,8,144,0,64,223,64,160,1,96,0
852,8,32,16,192,0,0,1,156,128,0
1505,8,137,51,192,7,10,0,176,128,0
651,8,0,0,0,0,0,0,0,0,0
1788,8,0,0,7,58,242,186,104,0,0
167,8,0,81,17,37,49,45,128,160,0
569,8,0,0,0,99,0,0,58,32,0
208,8,74,79,4,102,199,3,41,0,0
51,8,18,39,9,38,30,65,39,208,0
215,8,0,0,2,0,128,0,0,0,0
14,8,32,84,22,2,8,9,115,164,0
403,8,0,8,8,3,232,8,0,0,0
263,8,0,0,0,0,0,0,0,0,0
526,8,78,32,3,161,149,191,207,247,0
1314,8,223,127,208,0,127,128,0,28,0
870,8,128,157,200,2,1,71,206,56,0
1408,8,0,0,0,7,16,7,249,224,0
1076,8,0,231,0,174,63,76,33,80,0
1760,8,2,190,2,185,2,190,2,190,0
186,8,6,168,42,4,16,0,6,140,0
293,8,144,0,64,223,64,191,227,96,0
1176,8,132,0,32,0,193,128,202,142,0
961,8,123,85,31,187,98,66,233,46,0
560,8,255,0,0,2,212,0,0,0,0
737,8,0,0,0,0,0,0,0,4,0
852,8,32,16,192,0,0,1,141,128,0
1505,8,137,51,192,7,10,0,172,128,0
354,8,36,72,2,4,64,18,31,201,0
167,8,0,81,16,165,49,45,128,160,0
1175,8,0,0,0,0,0,0,0,0,0
339,8,0,0,0,0,0,12,0,10,0
661,8,0,0,0,0,0,0,24,64,0
14,8,32,84,22,2,8,9,115,172,0
1634,8,76,64,0,0,64,0,0,0,0
412,8,20,172,32,7,194,0,40,48,0
208,8,82,79,4,96,198,3,41,0,0
51,8,18,47,1,38,30,129,39,208,0
628,8,88,242,42,242,80,124,173,219,0
1760,8,2,188,2,186,2,191,2,190,0
192,8,96,0,0,0,0,0,0,0,0
738,8,24,8,13,64,64,0,1,24,0
837,8,5,2,2,194,60,119,64,129,0
1072,8,0,63,68,140,92,128,17,160,0
304,8,0,1,96,0,0,0,0,0,0
813,8,128,0,4,32,172,1,0,32,0
1694,8,4,64,4,125,31,192,21,66,0
293,8,144,0,64,223,64,191,197,96,0
1277,8,17,69,10,84,93,13,74,8,0
852,8,32,16,192,0,0,1,141,128,0
1505,8,137,51,192,7,10,0,176,128,0
651,8,0,0,0,0,0,0,0,0,0
167,8,0,81,17,165,49,45,128,160,0
1644,8,0,128,16,0,32,0,0,32,0
722,8,0,0,16,0,0,0,0,0,0
1372,8,16,27,0,0,65,130,48,0,0
1560,8,251,125,190,255,247,119,191,221,0
208,8,90,79,4,96,197,3,41,0,0
51,8,18,46,249,30,190,193,39,208,0
14,8,32,84,22,2,8,9,115,190,0
403,8,0,8,8,3,232,8,0,0,0
263,8,0,0,0,0,0,0,0,0,0
526,8,78,32,3,161,148,63,239,247,0
1314,8,223,127,208,0,127,8,0,28,0
870,8,128,29,200,2,1,71,206,56,0
1408,8,0,0,0,7,8,135,249,224,0
1076,8,1,5,160,174,111,124,81,128,0
1760,8,2,189,2,185,2,191,2,190,0
1176,8,132,0,32,0,190,128,203,15,0
1398,8,127,248,0,0,63,252,31,192,0
293,8,144,0,64,223,64,191,167,96,0
560,8,254,0,0,2,212,0,2,0,0
244,8,154,12,1,2,4,177,2,64,0
737,8,0,0,0,0,0,0,0,4,0
852,8,32,17,0,0,0,1,126,0,0
1505,8,137,51,160,7,10,0,176,128,0
354,8,36,72,2,4,64,18,31,201,0
167,8,0,81,14,165,49,45,128,160,0
961,8,123,85,31,187,97,195,105,46,0
1255,8,0,0,0,20,3,109,0,0,0
339,8,0,0,0,0,0,12,0,10,0
14,8,32,84,22,2,8,9,115,172,0
1634,8,76,64,0,0,64,0,0,0,0
1668,8,76,212,128,25,65,95,80,30,0
1590,8,36,156,53,193,12,139,16,0,0
727,8,16,0,96,216,0,0,0,8,0
412,8,24,168,32,7,194,0,40,48,0
208,8,98,79,4,96,194,3,43,0,0
51,8,18,46,241,36,15,1,39,208,0
628,8,88,242,44,240,80,124,173,219,0
1760,8,2,195,2,184,2,190,2,190,0
192,8,96,0,0,0,0,0,0,0,0
622,8,1,6,64,130,137,18,10,4,0
1694,8,4,64,4,125,31,192,21,66,0
293,8,144,0,64,223,64,191,137,96,0
996,8,0,212,0,0,132,0,0,0,0
1628,8,64,8,18,165,154,32,0,0,0
1399,8,0,0,8,0,0,0,1,70,0
852,8,32,17,0,0,0,1,126,0,0
1505,8,137,51,160,7,10,0,180,128,0
651,8,0,0,0,0,0,0,0,0,0
167,8,0,81,15,165,49,45,128,160,0
1031,8,56,144,95,240,0,1,151,224,0
661,8,0,0,0,0,0,0,24,64,0
208,8,106,79,4,98,193,3,43,0,0
14,8,32,84,22,2,8,9,115,190,0
51,8,18,38,233,36,15,65,39,208,0
403,8,0,8,8,3,232,8,0,0,0
263,8,0,0,0,0,0,0,0,0,0
526,8,78,32,3,161,149,191,239,247,0
1314,8,223,127,208,0,126,144,0,28,0
870,8,128,93,200,2,1,71,206,56,0
1408,8,0,0,0,7,1,7,249,224,0
1076,8,1,38,32,174,159,172,129,176,0
1760,8,2,195,2,189,2,190,2,190,0
186,8,6,152,42,68,16,0,6,140,0
1176,8,132,0,32,0,206,128,202,192,0
1124,8,0,2,64,0,0,144,28,82,0
293,8,144,0,64,223,64,191,107,96,0
60,8,0,0,4,0,51,0,0,0,0
519,8,4,4,96,72,42,222,213,24,0
1225,8,1,249,21,130,13,2,246,75,0
470,8,6,15,130,128,48,36,5,128,0
692,8,20,234,5,0,0,0,88,0,0
737,8,0,0,0,0,0,0,0,4,0
852,8,32,17,0,0,0,1,111,0,0
1505,8,137,51,160,7,10,0,180,128,0
354,8,36,72,2,4,64,18,31,201,0
167,8,0,81,15,165,49,45,128,160,0
560,8,253,0,0,2,212,0,4,0,0
705,8,1,242,239,199,202,159,224,32,0
339,8,0,0,0,0,0,12,0,10,0
14,8,32,84,22,2,8,9,115,184,0
1634,8,76,64,0,0,64,0,0,0,0
412,8,28,166,32,7,130,0,40,48,0
208,8,114,79,4,98,193,3,42,0,0
51,8,18,38,225,34,191,129,39,208,0
628,8,88,242,46,238,80,124,173,219,0
1760,8,2,190,2,190,2,190,2,191,0
192,8,96,0,0,0,0,0,0,0,0
1694,8,4,64,4,125,31,192,21,66,0
961,8,123,85,31,187,160,196,41,46,0
293,8,144,0,64,223,64,191,77,96,0
852,8,32,16,192,0,0,1,224,0,0
1505,8,137,51,160,7,10,0,184,128,0
651,8,0,0,0,0,0,0,0,0,0
167,8,0,81,14,165,49,45,128,160,0
61,8,0,1,130,0,0,0,0,0,0
208,8,122,79,4,100,192,3,42,0,0
51,8,18,46,217,31,175,193,39,208,0
14,8,32,84,22,2,8,9,115,196,0
403,8,0,8,8,3,232,8,0,0,0
263,8,0,0,0,0,0,0,0,0,0
526,8,78,32,3,161,150,191,175,255,0
1314,8,223,127,208,0,126,24,0,28,0
870,8,128,157,200,2,1,71,206,56,0
1408,8,0,0,0,6,249,135,249,224,0
1076,8,1,70,128,174,207,220,177,224,0
1760,8,2,190,2,188,2,191,2,190,0
452,8,0,2,2,0,0,128,0,0,0
293,8,144,0,64,223,64,191,47,96,0
676,8,78,30,1,28,4,8,152,208,0
1176,8,132,0,32,0,204,128,203,1,0
813,8,128,0,4,32,172,1,0,32,0
1277,8,17,74,10,83,99,14,74,8,0
560,8,252,0,0,2,212,0,6,0,0
737,8,0,0,0,0,0,0,0,4,0
852,8,32,16,192,0,0,1,224,0,0
1505,8,137,51,160,7,10,0,184,128,0
354,8,36,72,2,4,64,18,31,201,0
167,8,0,81,17,165,49,45,128,160,0
339,8,0,0,0,0,0,12,0,10,0
14,8,32,84,22,2,8,9,115,164,0
661,8,0,0,0,0,0,0,24,64,0
1634,8,76,64,0,0,64,0,0,0,0
412,8,0,194,32,7,130,0,40,48,0
208,8,2,79,4,100,206,3,43,0,0
51,8,18,47,81,31,172,1,39,208,0
1413,8,0,64,0,0,0,2,0,24,0
628,8,88,242,32,252,80,124,173,219,0
1760,8,2,188,2,188,2,192,2,190,0
192,8,96,0,0,0,0,0,0,0,0
1694,8,4,64,4,125,31,192,21,66,0
293,8,144,0,64,223,64,191,17,96,0
852,8,32,16,192,0,0,1,216,128,0
1505,8,137,51,160,7,10,0,184,128,0
651,8,0,0,0,0,0,0,0,0,0
167,8,0,81,15,165,49,45,128,160,0
458,8,63,249,255,128,0,0,12,48,0
961,8,123,85,31,187,32,196,169,46,0
208,8,10,79,4,100,205,3,43,0,0
51,8,18,47,73,37,108,65,39,208,0
14,8,32,84,22,2,8,9,115,164,0
1399,8,0,0,8,0,0,0,1,70,0
403,8,0,8,8,3,232,8,0,0,0
263,8,0,0,0,0,0,0,0,0,0
526,8,78,32,3,161,148,63,208,7,0
1314,8,223,127,208,0,125,160,0,28,0
870,8,128,29,200,2,1,71,206,56,0
1408,8,0,0,0,6,242,7,249,224,0
1076,8,1,104,96,174,208,12,226,16,0
1760,8,2,195,2,188,2,191,2,191,0
186,8,6,152,42,132,16,0,6,140,0
1459,8,4,0,0,0,0,0,4,0,0
1176,8,132,0,32,0,202,128,203,66,0
293,8,144,0,64,223,64,190,243,96,0
1049,8,10,155,70,77,4,95,194,47,0
560,8,251,0,0,2,212,0,8,0,0
737,8,0,0,0,0,0,0,0,4,0
852,8,32,16,192,0,0,1,201,128,0
1505,8,137,51,160,7,10,0,180,128,0
354,8,36,72,2,4,64,18,31,201,0
167,8,0,81,16,165,49,45,128,160,0
675,8,16,0,2,132,118,128,60,8,0
339,8,0,0,0,0,0,12,0,10,0
1634,8,76,64,0,0,64,0,0,0,0
14,8,32,84,22,2,8,9,115,164,0
412,8,4,188,32,7,194,0,40,48,0
208,8,18,79,4,102,203,3,44,0,0
51,8,18,39,65,30,12,129,39,208,0
628,8,88,242,34,250,80,124,173,219,0
1760,8,2,201,2,188,2,191,2,191,0
192,8,96,0,0,0,0,0,0,0,0
1694,8,4,64,4,125,31,192,21,66,0
293,8,144,0,64,223,64,190,213,96,0
852,8,32,16,192,0,0,1,201,128,0
1505,8,137,51,160,7,10,0,180,128,0
651,8,0,0,0,0,0,0,0,0,0
1788,8,0,0,7,58,242,186,104,0,0
167,8,0,81,17,37,49,45,128,160,0
569,8,0,0,0,98,192,0,58,32,0
661,8,0,0,0,0,0,0,24,64,0
208,8,26,79,4,102,202,3,44,0,0
14,8,32,84,22,2,8,9,115,172,0
51,8,18,39,57,30,12,193,39,208,0
215,8,0,0,2,0,128,0,0,0,0
403,8,0,8,8,3,232,8,0,0,0
263,8,0,0,0,0,0,0,0,0,0
526,8,78,32,3,161,152,191,240,7,0
1314,8,223,127,208,0,125,40,0,28,0
870,8,128,221,200,2,1,71,206,56,0
1408,8,0,0,0,6,234,135,249,224,0
1076,8,1,134,192,175,0,61,2,64,0
1760,8,2,191,2,190,2,190,2,190,0
1176,8,132,0,32,0,202,128,203,3,0
293,8,144,0,64,223,64,190,183,96,0
961,8,123,85,31,187,159,133,105,46,0
560,8,250,0,0,2,212,0,10,0,0
737,8,0,0,0,0,0,0,0,4,0
852,8,32,16,192,0,0,1,194,0,0
1505,8,137,51,160,7,10,0,176,128,0
354,8,36,72,2,4,64,18,31,201,0
167,8,0,81,16,37,49,45,128,160,0
1175,8,0,0,0,0,0,0,0,0,0
339,8,0,0,0,0,0,12,0,10,0
14,8,32,84,22,2,8,9,115,190,0
1634,8,76,64,0,0,64,0,0,0,0
412,8,8,184,32,7,194,0,40,48,0
208,8,34,79,4,96,202,3,43,0,0
51,8,18,47,49,38,29,1,39,208,0
628,8,88,242,36,248,80,124,173,219,0
1760,8,2,189,2,193,2,190,2,191,0
192,8,96,0,0,0,0,0,0,0,0
738,8,24,8,13,64,64,0,1,24,0
837,8,5,2,2,194,60,119,64,129,0
1072,8,0,63,68,140,92,128,17,160,0
304,8,0,1,96,0,0,0,0,0,0
1227,8,128,0,0,0,0,0,0,0,0
813,8,128,0,4,32,172,1,0,32,0
1694,8,4,64,4,125,31,192,21,66,0
293,8,144,0,64,223,64,190,153,96,0
640,8,24,224,2,112,0,0,0,0,0
1277,8,17,68,10,84,91,13,74,8,0
852,8,32,16,192,0,0,1,194,0,0
1505,8,137,51,160,7,10,0,176,128,0
651,8,0,0,0,0,0,0,0,0,0
167,8,0,81,18,165,65,45,128,160,0
1644,8,0,128,16,0,32,0,0,32,0
722,8,0,0,24,0,0,0,0,0,0
208,8,42,79,4,96,201,3,43,0,0
51,8,18,47,41,32,93,65,39,208,0
14,8,32,84,22,2,8,9,115,164,0
403,8,0,8,8,3,232,8,0,0,0
263,8,0,0,0,0,0,0,0,0,0
526,8,78,32,3,161,149,191,239,247,0
1314,8,223,127,208,0,124,176,0,28,0
870,8,128,29,200,2,1,71,206,56,0
1408,8,0,0,0,6,227,7,249,224,0
1076,8,1,166,0,175,48,93,50,96,0
1760,8,2,195,2,189,2,193,2,191,0
186,8,6,152,42,196,16,0,6,140,0
293,8,144,0,64,223,64,190,123,96,0
241,8,62,16,28,192,3,89,204,0,0
1176,8,132,0,32,0,200,128,203,68,0
560,8,249,0,0,2,212,0,12,0,0
244,8,154,12,1,2,4,177,2,64,0
737,8,0,0,0,0,0,0,0,4,0
852,8,32,16,192,0,0,1,179,0,0
1505,8,137,51,160,7,10,0,176,128,0
354,8,36,72,2,4,64,18,31,201,0
167,8,0,81,17,37,49,45,128,160,0
961,8,123,85,31,187,159,5,233,46,0
1255,8,0,0,0,20,3,109,0,0,0
339,8,0,0,0,0,0,12,0,10,0
14,8,32,84,22,2,8,9,115,172,0
661,8,0,0,0,0,0,0,24,64,0
1634,8,76,64,0,0,64,0,0,0,0
1668,8,76,212,128,153,65,95,80,30,0
1590,8,36,156,54,129,12,139,32,0,0
727,8,16,0,96,216,0,0,0,8,0
412,8,12,180,32,7,194,0,40,48,0
208,8,50,79,4,96,199,3,44,0,0
51,8,18,47,33,32,93,129,39,208,0
628,8,88,242,38,246,80,124,173,219,0
1760,8,2,193,2,190,2,195,2,192,0
192,8,96,0,0,0,0,0,0,0,0
1694,8,4,64,4,125,31,192,21,66,0
293,8,144,0,64,223,64,190,93,96,0
622,8,1,6,64,130,137,18,10,4,0
996,8,0,212,0,0,132,0,0,0,0
1628,8,64,8,18,165,154,48,0,0,0
1399,8,0,0,8,0,0,0,1,70,0
852,8,32,16,192,0,0,1,164,0,0
1505,8,137,51,160,7,10,0,176,128,0
651,8,0,0,0,0,0,0,0,0,0
167,8,0,81,16,37,49,45,128,160,0
1031,8,56,146,95,240,0,1,151,224,0
208,8,58,79,4,98,198,3,44,0,0
51,8,18,39,25,35,13,193,39,208,0
14,8,32,84,22,2,8,9,115,184,0
403,8,0,8,8,3,232,8,0,0,0
263,8,0,0,0,0,0,0,0,0,0
526,8,78,32,3,161,151,63,239,255,0
1314,8,223,127,208,0,124,56,0,28,0
870,8,128,93,200,2,1,71,206,56,0
1408,8,0,0,0,6,219,135,249,224,0
1076,8,1,198,64,175,96,141,98,144,0
1760,8,2,196,2,189,2,190,2,192,0
1176,8,132,0,32,0,198,128,203,133,0
1124,8,0,2,64,0,0,144,27,83,0
293,8,144,0,64,223,64,190,63,96,0
60,8,0,0,4,0,51,0,0,0,0
519,8,4,4,96,72,42,222,213,24,0
1225,8,1,249,21,130,13,2,246,75,0
470,8,2,11,128,128,48,36,5,128,0
560,8,248,0,0,2,212,0,14,0,0
692,8,20,234,5,0,0,0,88,0,0
737,8,0,0,0,0,0,0,0,4,0
852,8,32,16,192,0,0,1,164,0,0
1505,8,137,51,160,7,10,0,176,128,0
354,8,36,72,2,4,64,18,31,201,0
167,8,0,81,16,37,49,45,128,160,0
339,8,0,0,0,0,0,12,0,10,0
1634,8,76,64,0,0,64,0,0,0,0
14,8,32,84,22,2,8,9,115,172,0
412,8,16,176,32,7,194,0,40,48,0
208,8,66,79,4,98,196,3,45,0,0
51,8,18,39,17,38,30,1,39,208,0
628,8,88,242,40,244,80,124,173,219,0
1760,8,2,198,2,189,2,190,2,192,0
192,8,96,0,0,0,0,0,0,0,0
1694,8,4,64,4,125,31,192,21,66,0
961,8,123,85,31,186,159,70,169,46,0
293,8,144,0,64,223,64,160,1,96,0
705,8,1,243,239,199,202,31,190,52,0
852,8,32,17,0,0,0,1,148,128,0
1505,8,137,51,160,7,10,0,176,128,0
651,8,0,0,0,0,0,0,0,0,0
167,8,0,81,14,37,49,45,128,160,0
61,8,0,1,129,128,0,0,0,0,0
14,8,32,84,22,2,8,9,115,184,0
661,8,0,0,0,0,0,0,24,64,0
208,8,74,79,4,100,195,3,45,0,0
51,8,18,55,9,38,30,65,39,208,0
403,8,0,8,8,3,232,8,0,0,0
526,8,78,32,3,161,152,63,239,255,0
263,8,0,0,0,0,0,0,0,0,0
1314,8,223,127,208,0,123,192,0,28,0
870,8,128,93,200,2,1,71,206,56,0
1408,8,0,0,0,6,220,7,249,208,0
1076,8,1,229,160,175,144,189,146,192,0
1760,8,2,196,2,196,2,193,2,192,0
186,8,6,152,42,196,16,0,6,140,0
293,8,144,0,64,223,64,191,227,96,0
663,8,17,0,0,32,0,2,81,16,0
1307,8,41,9,24,63,1,6,8,1,0
1176,8,132,0,32,0,198,128,203,70,0
813,8,128,0,4,32,172,1,0,32,0
1277,8,17,69,10,84,93,13,74,8,0
560,8,247,0,0,2,212,0,16,0,0
737,8,0,0,0,0,0,0,0,4,0
852,8,32,17,0,0,0,1,133,128,0
1505,8,137,51,160,7,10,0,180,128,0
354,8,36,72,2,4,64,18,31,201,0
167,8,0,81,16,165,49,45,128,160,0
1372,8,16,27,0,0,65,130,48,0,0
339,8,0,0,0,0,0,12,0,10,0
1634,8,76,64,0,0,64,0,0,0,0
14,8,32,84,22,2,8,9,115,172,0
412,8,20,174,32,7,130,0,40,48,0
208,8,82,79,4,100,195,3,44,0,0
51,8,18,55,1,30,94,129,39,208,0
628,8,88,242,42,242,80,124,173,219,0
1760,8,2,195,2,196,2,193,2,191,0
1413,8,0,64,0,0,0,2,0,24,0
192,8,96,0,0,0,0,0,0,0,0
1694,8,4,64,4,125,31,192,21,66,0
293,8,144,0,64,223,64,191,197,96,0
852,8,32,17,0,0,0,1,133,128,0
1505,8,137,51,160,7,10,0,176,128,0
651,8,0,0,0,0,0,0,0,0,0
167,8,0,81,17,165,49,45,128,160,0
458,8,63,249,255,128,0,0,12,48,0
961,8,123,85,31,186,158,199,41,46,0
208,8,90,79,4,100,194,3,44,0,0
51,8,18,54,249,38,30,193,39,208,0
1399,8,0,0,8,0,0,0,1,70,0
14,8,32,84,22,2,8,9,115,152,0
403,8,0,8,8,3,232,8,0,0,0
263,8,0,0,0,0,0,0,0,0,0
526,8,78,32,3,161,152,191,239,247,0
1314,8,223,127,208,0,123,72,0,28,0
870,8,128,93,200,2,1,71,206,56,0
1408,8,0,0,0,6,212,135,249,208,0
1076,8,2,8,32,175,176,237,194,240,0
1760,8,2,196,2,191,2,192,2,191,0
778,8,64,45,112,1,212,12,50,0,0
1459,8,4,0,0,0,0,0,4,0,0
1176,8,132,0,32,0,197,128,203,71,0
293,8,144,0,64,223,64,191,167,96,0
560,8,246,0,0,2,212,0,18,0,0
737,8,0,0,0,0,0,0,0,4,0
852,8,32,17,0,0,0,1,126,0,0
1505,8,137,51,128,7,10,0,176,128,0
354,8,36,72,2,4,62,18,30,201,0
167,8,0,81,17,165,49,45,128,160,0
675,8,16,0,2,132,118,128,60,8,0
339,8,0,0,0,0,0,12,0,10,0
661,8,0,0,0,0,0,0,24,64,0
1634,8,76,64,0,0,64,0,0,0,0
14,8,32,84,22,2,8,9,115,172,0
412,8,24,170,32,7,130,0,40,48,0
208,8,98,79,4,102,193,3,44,0,0
51,8,18,54,241,38,31,1,39,208,0
628,8,88,242,44,240,80,124,173,219,0
1760,8,2,194,2,192,2,194,2,192,0
192,8,96,0,0,0,0,0,0,0,0
1694,8,4,64,4,125,31,192,21,66,0
293,8,144,0,64,223,64,191,137,96,0
852,8,32,17,0,0,0,1,126,0,0
1505,8,137,51,128,7,10,0,180,128,0
651,8,0,0,0,0,0,0,0,0,0
1788,8,0,0,7,58,114,186,112,0,0
167,8,0,81,19,165,49,45,128,160,0
569,8,0,0,0,98,64,0,58,32,0
208,8,106,79,4,102,192,3,44,0,0
51,8,18,54,233,31,175,65,39,208,0
215,8,0,0,2,0,128,0,0,0,0
14,8,32,84,22,2,8,9,115,158,0
403,8,0,8,8,3,232,8,0,0,0
263,8,0,0,0,0,0,0,0,0,0
526,8,78,32,3,161,152,63,239,247,0
1314,8,223,127,208,0,122,208,0,28,0
870,8,128,93,200,2,1,71,206,56,0
1408,8,0,0,0,6,205,7,249,208,0
1076,8,2,40,32,175,225,29,243,32,0
1760,8,2,196,2,190,2,194,2,193,0
186,8,6,152,42,196,16,0,6,140,0
293,8,144,0,64,223,64,191,107,96,0
1176,8,132,0,32,0,194,128,203,200,0
961,8,123,85,31,187,157,7,233,46,0
560,8,245,0,0,2,212,0,20,0,0
737,8,0,0,0,0,0,0,0,4,0
852,8,32,17,0,0,0,1,111,0,0
1505,8,137,51,128,7,10,0,180,128,0
354,8,36,72,2,4,62,18,30,201,0
167,8,0,81,15,165,49,45,128,160,0
1175,8,0,0,0,0,0,0,0,0,0
339,8,0,0,0,0,0,12,0,10,0
1634,8,76,64,0,0,64,0,0,0,0
14,8,32,84,22,2,8,9,115,152,0
412,8,28,166,32,7,130,0,40,48,0
208,8,114,79,4,102,189,3,46,0,0
51,8,18,54,225,36,111,129,39,208,0
628,8,88,242,46,238,80,124,173,219,0
1760,8,2,201,2,192,2,193,2,195,0
192,8,96,0,0,0,0,0,0,0,0
738,8,24,8,13,64,64,0,1,24,0
837,8,5,2,2,194,60,119,64,129,0
1072,8,0,63,68,140,94,128,17,160,0
304,8,0,1,96,0,0,0,0,0,0
813,8,128,0,4,32,172,1,0,32,0
1277,8,17,68,10,83,91,13,74,8,0
1694,8,4,64,4,125,31,192,21,66,0
293,8,144,0,64,223,64,191,77,96,0
692,8,20,234,6,0,0,0,88,0,0
852,8,32,17,0,0,0,1,216,0,0
1505,8,137,51,128,7,10,0,180,128,0
651,8,0,0,0,0,0,0,0,0,0
167,8,0,81,15,37,49,45,128,160,0
1644,8,0,128,16,0,24,0,0,32,0
722,8,0,0,32,0,0,0,0,0,0
661,8,0,0,0,0,0,0,24,64,0
208,8,122,79,4,96,188,3,46,0,0
14,8,32,84,22,2,8,9,115,164,0
51,8,18,38,217,36,111,193,39,208,0
263,8,0,0,0,0,0,0,0,0,0
403,8,0,8,8,3,232,8,0,0,0
526,8,78,32,7,161,153,191,239,255,0
1314,8,223,127,208,0,122,88,0,28,0
870,8,128,157,200,2,1,71,206,56,0
1408,8,0,0,0,6,205,135,249,192,0
1076,8,2,64,0,160,17,78,35,80,0
1760,8,2,198,2,196,2,192,2,195,0
1176,8,132,0,32,0,193,128,203,201,0
293,8,144,0,64,223,64,191,47,96,0
248,8,126,223,244,253,73,251,167,184,0
1331,8,237,127,207,126,255,248,239,127,0
560,8,244,0,0,2,212,0,22,0,0
737,8,0,0,0,0,0,0,0,4,0
244,8,154,12,1,2,4,177,2,64,0
852,8,32,17,0,0,0,1,216,0,0
1505,8,137,51,128,7,10,0,184,128,0
354,8,36,72,2,4,62,18,30,201,0
167,8,0,81,13,165,49,45,128,160,0
961,8,123,85,31,188,91,200,105,46,0
1255,8,0,0,0,20,3,109,0,0,0
339,8,0,0,0,0,0,12,0,10,0
14,8,32,84,22,2,8,9,115,172,0
1634,8,76,64,0,0,64,0,0,0,0
1668,8,76,212,127,89,65,95,80,30,0
1590,8,36,156,55,1,12,139,48,0,0
727,8,16,0,96,216,0,0,0,8,0
412,8,0,194,32,7,130,0,40,48,0
208,8,2,79,4,96,203,3,46,0,0
51,8,18,39,81,35,108,1,39,208,0
628,8,88,242,32,252,80,124,173,219,0
1760,8,2,200,2,197,2,192,2,194,0
192,8,96,0,0,0,0,0,0,0,0
996,8,0,208,0,0,132,0,0,0,0
1628,8,64,8,18,165,154,48,0,0,0
1694,8,4,64,4,125,31,192,21,66,0
293,8,144,0,64,223,64,191,17,96,0
1399,8,0,0,8,0,0,0,1,70,0
622,8,1,6,64,130,137,18,10,4,0
852,8,32,16,192,0,0,1,216,128,0
1505,8,137,51,128,7,10,0,180,128,0
651,8,0,0,0,0,0,0,0,0,0
167,8,0,81,13,165,49,45,128,160,0
1031,8,56,146,95,240,0,1,151,160,0
208,8,10,79,4,98,202,3,46,0,0
51,8,18,47,73,33,12,65,39,208,0
14,8,32,84,22,2,8,9,115,172,0
37,8,0,0,2,136,64,64,14,1,0
403,8,0,8,8,3,232,8,0,0,0
263,8,0,0,0,0,0,0,0,0,0
526,8,78,32,7,161,154,63,207,247,0
1314,8,223,127,208,0,121,224,0,28,0
870,8,128,157,200,2,1,71,206,56,0
1408,8,0,0,0,6,198,7,249,192,0
1076,8,2,96,0,160,65,126,83,128,0
1760,8,2,198,2,197,2,193,2,194,0
186,8,6,152,43,4,16,0,6,140,0
1176,8,132,0,32,0,192,128,203,202,0
1124,8,0,2,64,0,0,144,26,84,0
293,8,144,0,64,223,64,190,243,96,0
60,8,0,0,4,0,51,0,0,0,0
519,8,4,4,96,72,42,222,213,24,0
1225,8,1,249,21,130,13,2,246,75,0
470,8,2,15,130,128,48,36,5,128,0
692,8,20,234,6,0,0,0,88,0,0
737,8,0,0,0,0,0,0,0,4,0
852,8,32,16,192,0,0,1,201,128,0
1505,8,137,51,96,7,10,0,180,128,0
354,8,36,72,2,4,62,18,30,201,0
167,8,0,81,16,165,49,45,128,160,0
560,8,243,0,0,2,212,0,24,0,0
339,8,0,0,0,0,0,12,0,10,0
14,8,32,84,22,2,8,9,115,172,0
661,8,0,0,0,0,0,0,24,64,0
1634,8,76,64,0,0,64,0,0,0,0
412,8,4,190,32,7,130,0,40,48,0
208,8,18,79,4,98,201,3,46,0,0
51,8,18,47,65,33,12,129,39,208,0
628,8,88,242,34,250,80,124,173,219,0
1760,8,2,196,2,197,2,193,2,192,0
192,8,96,0,0,0,0,0,0,0,0
1694,8,4,64,4,125,31,192,21,66,0
961,8,123,85,31,187,219,137,41,46,0
293,8,144,0,64,223,64,190,213,96,0
852,8,32,16,192,0,0,1,201,128,0
1505,8,137,51,96,7,10,0,176,128,0
651,8,0,0,0,0,0,0,0,0,0
167,8,0,81,16,165,49,45,128,160,0
61,8,0,1,129,128,0,0,0,0,0
705,8,1,243,47,199,203,159,176,72,0
208,8,26,79,4,98,200,3,46,0,0
51,8,18,47,57,37,204,193,39,208,0
14,8,32,84,22,2,8,9,115,158,0
403,8,0,8,8,3,232,8,0,0,0
263,8,0,0,0,0,0,0,0,0,0
526,8,78,32,3,161,153,63,207,255,0
1314,8,223,127,208,0,121,104,0,28,0
870,8,128,93,200,2,1,71,206,56,0
1408,8,0,0,0,6,190,135,249,192,0
1076,8,2,138,128,160,113,158,115,160,0
1760,8,2,204,2,196,2,194,2,194,0
1176,8,132,0,32,0,191,128,203,203,0
293,8,144,0,64,223,64,190,183,96,0
813,8,128,0,4,32,172,1,0,32,0
1277,8,17,68,10,83,91,13,74,8,0
560,8,242,0,0,2,212,0,26,0,0
737,8,0,0,0,0,0,0,0,4,0
852,8,32,17,0,0,0,1,186,0,0
1505,8,137,51,96,7,10,0,172,128,0
354,8,36,72,2,4,62,18,30,201,0
167,8,0,81,17,37,49,45,128,160,0
339,8,0,0,0,0,0,12,0,10,0
1634,8,76,64,0,0,64,0,0,0,0
14,8,32,84,22,2,8,9,115,164,0
412,8,8,184,32,7,194,0,40,48,0
208,8,34,79,4,100,199,3,46,0,0
51,8,18,47,49,28,189,1,39,208,0
628,8,88,242,36,248,80,124,173,219,0
1760,8,2,202,2,193,2,195,2,198,0
1413,8,0,64,0,0,0,2,0,24,0
192,8,96,0,0,0,0,0,0,0,0
1694,8,4,64,4,125,31,192,21,66,0
293,8,144,0,64,223,64,190,153,96,0
852,8,32,17,0,0,0,1,186,0,0
1505,8,137,51,96,7,10,0,172,128,0
651,8,0,0,0,0,0,0,0,0,0
167,8,0,81,17,165,49,45,128,160,0
458,8,63,249,255,128,0,0,12,48,0
961,8,123,85,31,187,155,73,169,46,0
661,8,0,0,0,0,0,0,24,64,0
208,8,42,79,4,100,198,3,46,0,0
14,8,32,84,22,2,8,9,115,164,0
51,8,18,47,41,28,189,65,39,208,0
1399,8,0,0,8,0,0,0,1,70,0
403,8,0,8,8,3,232,8,0,0,0
526,8,78,32,3,161,155,191,239,255,0
263,8,0,0,0,0,0,0,0,0,0
1314,8,223,127,208,0,120,240,0,28,0
870,8,128,157,200,2,1,71,206,56,0
1408,8,0,0,0,6,191,7,249,176,0
1076,8,2,170,32,160,161,206,163,208,0
1760,8,2,200,2,198,2,196,2,198,0
186,8,6,152,43,4,16,0,6,140,0
293,8,144,0,64,223,64,190,123,96,0
1459,8,4,0,0,0,0,0,4,0,0
1176,8,132,0,32,0,186,128,204,204,0
560,8,241,0,0,2,212,0,28,0,0
737,8,0,0,0,0,0,0,0,4,0
852,8,32,17,0,0,0,1,171,0,0
1505,8,137,51,96,7,10,0,172,128,0
354,8,36,72,2,4,62,18,30,201,0
167,8,0,81,14,165,49,45,128,160,0
675,8,16,0,2,132,118,128,60,8,0
339,8,0,0,0,0,0,12,0,10,0
1634,8,76,64,0,0,64,0,0,0,0
14,8,32,84,22,2,8,9,115,164,0
412,8,12,182,32,7,130,0,40,48,0
208,8,50,79,4,102,193,3,50,0,0
51,8,18,31,33,36,189,129,39,208,0
628,8,88,242,38,246,80,124,173,219,0
1760,8,2,199,2,198,2,197,2,198,0
192,8,96,0,0,0,0,0,0,0,0
1694,8,4,64,4,125,31,192,21,66,0
293,8,144,0,64,223,64,190,93,96,0
852,8,32,17,0,0,0,1,156,0,0
1505,8,137,51,96,7,10,0,172,128,0
651,8,0,0,0,0,0,0,0,0,0
1788,8,0,0,7,59,82,186,112,0,0
167,8,0,81,15,165,49,45,128,160,0
569,8,0,0,0,97,192,0,58,0,0
208,8,58,79,4,102,192,3,50,0,0
51,8,18,31,25,33,13,193,39,208,0
215,8,0,0,2,0,128,0,0,0,0
14,8,32,84,22,2,8,9,115,184,0
403,8,0,8,8,3,232,8,0,0,0
526,8,78,32,3,161,155,63,239,255,0
263,8,0,0,0,0,0,0,0,0,0
1314,8,223,127,208,0,120,120,0,28,0
870,8,128,157,200,2,1,71,206,56,0
1408,8,0,0,0,6,183,135,249,176,0
1076,8,2,202,160,160,209,254,212,0,0
1760,8,2,198,2,198,2,196,2,197,0
1176,8,132,0,32,0,185,128,204,205,0
293,8,144,0,64,223,64,190,63,96,0
961,8,123,85,31,187,90,202,105,46,0
560,8,240,0,0,2,212,0,30,0,0
737,8,0,0,0,0,0,0,0,4,0
852,8,32,17,0,0,0,1,156,0,0
1505,8,137,51,64,7,10,0,172,128,0
354,8,36,72,1,244,62,18,30,201,0
167,8,0,81,15,37,49,45,128,160,0
1175,8,0,0,0,0,0,0,0,0,0
339,8,0,0,0,0,0,12,0,10,0
661,8,0,0,0,0,0,0,24,64,0
14,8,32,84,22,2,8,9,115,172,0
1634,8,76,64,0,0,64,0,0,0,0
412,8,16,178,32,7,130,0,40,64,0
208,8,66,79,4,102,191,3,50,0,0
51,8,18,31,17,33,14,1,39,208,0
628,8,88,242,40,244,80,124,173,219,0
1760,8,2,204,2,198,2,197,2,198,0
192,8,96,0,0,0,0,0,0,0,0
738,8,24,8,13,64,64,0,1,24,0
837,8,5,2,2,194,60,119,64,129,0
1072,8,0,63,68,140,94,128,17,160,0
304,8,0,1,96,0,0,0,0,0,0
1227,8,128,0,0,0,0,0,0,0,0
452,8,0,2,2,0,0,192,0,0,0
1694,8,4,64,4,125,31,192,21,66,0
293,8,144,0,64,223,64,160,1,96,0
640,8,24,224,2,112,0,0,0,0,0
676,8,46,140,2,28,4,8,152,208,0
813,8,128,0,4,32,172,1,0,32,0
1277,8,17,69,10,84,93,13,74,8,0
852,8,32,17,0,0,0,1,148,128,0
1505,8,137,51,64,7,10,0,172,128,0
651,8,0,0,0,0,0,0,0,0,0
167,8,0,81,14,165,49,45,128,160,0
1644,8,0,128,16,0,32,0,0,32,0
722,8,0,0,40,0,0,0,0,0,0
1372,8,16,27,0,0,65,130,48,0,0
208,8,74,79,4,96,190,3,50,0,0
51,8,18,39,9,35,190,65,39,208,0
14,8,32,84,22,2,8,9,115,184,0
403,8,0,8,8,3,232,8,0,0,0
526,8,78,32,3,161,155,63,239,255,0
263,8,0,0,0,0,0,0,0,0,0
1314,8,223,127,208,0,127,128,0,28,0
870,8,128,93,200,2,1,71,206,56,0
1408,8,0,0,0,7,40,7,249,176,0
1076,8,2,234,160,160,242,47,4,48,0
1760,8,2,201,2,195,2,198,2,198,0
186,8,6,152,43,4,16,0,6,140,0
1176,8,132,0,32,0,184,128,204,206,0
293,8,144,0,64,223,64,191,227,96,0
560,8,255,0,0,2,212,0,0,0,0
737,8,0,0,0,0,0,0,0,4,0
244,8,154,12,1,2,4,177,2,64,0
852,8,32,17,0,0,0,1,133,128,0
1505,8,137,51,64,7,10,0,172,128,0
354,8,36,72,1,244,62,18,30,201,0
167,8,0,81,17,37,49,45,144,160,0
961,8,123,85,31,186,218,202,233,46,0
1255,8,0,0,0,20,3,109,0,0,0
339,8,0,0,0,0,0,12,0,10,0
14,8,32,84,22,2,8,9,115,164,0
1634,8,76,64,0,0,64,0,0,0,0
1668,8,76,212,128,153,65,95,80,30,0
1590,8,36,156,55,193,12,11,64,0,0
727,8,16,0,96,216,0,0,0,8,0
412,8,20,174,32,7,130,0,40,64,0
208,8,82,79,4,96,189,3,50,0,0
51,8,18,39,1,35,190,129,39,208,0
628,8,88,242,42,242,80,124,173,219,0
1760,8,2,203,2,198,2,198,2,198,0
192,8,96,0,0,0,0,0,0,0,0
622,8,1,6,64,130,137,18,10,4,0
1694,8,4,64,4,125,31,192,21,66,0
293,8,144,0,64,223,64,191,197,96,0
996,8,0,212,0,0,132,0,0,0,0
1628,8,64,8,18,165,154,32,0,0,0
1399,8,0,0,8,0,0,0,1,70,0
852,8,32,17,0,0,0,1,133,128,0
1505,8,137,51,64,7,10,0,176,128,0
651,8,0,0,0,0,0,0,0,0,0
167,8,0,81,15,165,49,45,144,160,0
1031,8,56,148,95,240,0,1,151,160,0
14,8,32,84,22,2,8,9,115,172,0
661,8,0,0,0,0,0,0,24,64,0
208,8,90,79,4,98,188,3,50,0,0
51,8,18,38,249,35,190,193,39,208,0
403,8,0,8,8,3,232,8,0,0,0
526,8,78,31,255,161,156,63,239,255,0
1314,8,223,127,208,0,127,8,0,28,0
263,8,0,0,0,0,0,0,0,0,0
1621,8,96,3,252,0,16,0,0,0,0
870,8,128,157,200,2,1,71,206,56,0
1408,8,0,0,0,7,32,135,249,176,0
1076,8,3,10,128,161,34,95,52,96,0
1760,8,2,205,2,198,2,198,2,198,0
293,8,144,0,64,223,64,191,167,96,0
60,8,0,0,4,0,51,0,0,0,0
1176,8,132,0,32,0,182,128,205,15,0
519,8,4,4,224,88,42,222,213,24,0
1124,8,0,2,64,0,0,144,25,85,0
1225,8,1,249,21,130,13,2,246,75,0
470,8,2,11,128,128,48,36,5,128,0
560,8,254,0,0,2,212,0,2,0,0
737,8,0,0,0,0,0,0,0,4,0
852,8,32,17,0,0,0,1,126,0,0
1505,8,137,51,64,7,10,0,172,128,0
354,8,36,72,1,244,62,18,30,201,0
167,8,0,81,18,37,49,45,144,160,0
692,8,20,234,6,0,0,0,88,0,0
339,8,0,0,0,0,0,12,0,10,0
1634,8,76,64,0,0,64,0,0,0,0
14,8,32,84,22,2,8,9,115,184,0
412,8,24,170,32,7,130,0,40,64,0
208,8,98,79,4,98,186,3,51,0,0
51,8,18,38,241,30,191,1,39,208,0
628,8,88,242,44,240,80,124,173,219,0
1760,8,2,202,2,198,2,198,2,199,0
192,8,96,0,0,0,0,0,0,0,0
1694,8,4,64,4,125,31,192,21,66,0
961,8,123,85,31,186,90,139,169,46,0
293,8,144,0,64,223,64,191,137,96,0
852,8,32,17,0,0,0,1,126,0,0
1505,8,137,51,64,7,10,0,180,128,0
651,8,0,0,0,0,0,0,0,0,0
167,8,0,81,17,37,49,45,144,160,0
61,8,0,1,129,128,0,0,0,0,0
208,8,106,79,4,98,185,3,51,0,0
51,8,18,38,233,37,111,65,39,208,0
14,8,32,84,22,2,8,9,115,172,0
403,8,0,8,8,3,232,8,0,0,0
263,8,0,0,0,0,0,0,0,0,0
526,8,78,31,255,161,156,191,239,247,0
1314,8,223,127,208,0,126,144,0,28,0
870,8,128,157,200,2,1,71,206,56,0
1408,8,0,0,0,7,25,7,249,176,0
1076,8,3,42,0,161,82,143,100,144,0
1760,8,2,200,2,199,2,198,2,200,0
186,8,6,152,43,4,16,0,6,140,0
293,8,144,0,64,223,64,191,107,96,0
1307,8,40,12,65,1,40,0,1,33,0
705,8,1,243,239,199,201,159,150,94,0
1176,8,132,0,32,0,196,128,205,64,0
813,8,128,0,4,32,172,1,0,32,0
1277,8,17,66,10,83,89,12,202,8,0
560,8,253,0,0,2,212,0,4,0,0
737,8,0,0,0,0,0,0,0,4,0
852,8,32,17,0,0,0,1,111,0,0
1505,8,137,51,64,7,10,0,180,128,0
354,8,36,72,1,244,62,18,30,201,0
167,8,0,81,16,37,49,45,144,160,0
339,8,0,0,0,0,0,12,0,10,0
661,8,0,0,0,0,0,0,24,64,0
14,8,32,84,22,2,8,9,115,184,0
1634,8,76,64,0,0,64,0,0,0,0
412,8,28,166,32,7,130,0,40,64,0
208,8,114,79,4,100,183,3,52,0,0
51,8,18,38,225,37,111,129,39,208,0
1413,8,0,64,0,0,0,2,0,24,0
628,8,88,242,46,238,80,124,173,219,0
1760,8,2,201,2,198,2,198,2,199,0
192,8,96,0,0,0,0,0,0,0,0
1694,8,4,64,4,125,31,192,21,66,0
293,8,144,0,64,223,64,191,77,96,0
852,8,32,17,0,0,0,1,216,0,0
1505,8,137,51,64,7,10,0,180,128,0
651,8,0,0,0,0,0,0,0,0,0
167,8,0,81,17,37,49,45,144,160,0
458,8,63,249,255,128,0,0,12,48,0
961,8,123,85,31,187,152,204,41,46,0
208,8,122,79,4,100,182,3,52,0,0
51,8,18,38,217,29,31,193,39,208,0
1399,8,0,0,8,0,0,0,1,70,0
14,8,32,84,22,2,8,9,115,164,0
403,8,0,8,8,3,232,8,0,0,0
263,8,0,0,0,0,0,0,0,0,0
526,8,78,32,3,161,155,191,239,255,0
1314,8,223,127,208,0,126,24,0,28,0
870,8,128,93,200,2,1,71,206,56,0
1408,8,0,0,0,7,17,135,249,176,0
1076,8,3,74,160,161,130,191,148,192,0
1760,8,2,203,2,197,2,198,2,199,0
1459,8,4,0,0,0,0,0,4,0,0
1176,8,132,0,32,0,195,128,205,65,0
293,8,144,0,64,223,64,191,47,96,0
560,8,252,0,0,2,212,0,6,0,0
737,8,0,0,0,0,0,0,0,4,0
852,8,32,17,0,0,0,1,216,0,0
1505,8,137,51,64,7,10,0,180,128,0
354,8,36,72,1,244,62,18,30,201,0
167,8,0,81,15,37,49,45,144,160,0
675,8,16,0,2,132,118,128,60,8,0
339,8,0,0,0,0,0,12,0,10,0
1634,8,76,64,0,0,64,0,0,0,0
14,8,32,84,22,2,8,9,115,172,0
412,8,0,194,32,7,130,0,40,64,0
208,8,2,79,4,100,197,3,52,0,0
51,8,18,39,81,36,188,1,39,208,0
628,8,88,242,32,252,80,124,173,219,0
1760,8,2,204,2,199,2,199,2,199,0
192,8,96,0,0,0,0,0,0,0,0
1694,8,4,64,4,125,31,192,21,66,0
293,8,144,0,64,223,64,191,17,96,0
852,8,32,17,0,0,0,1,208,128,0
1505,8,137,51,64,7,10,0,180,128,0
651,8,0,0,0,0,0,0,0,0,0
1788,8,0,0,7,59,50,186,112,0,0
167,8,0,81,15,165,49,45,144,160,0
569,8,0,0,0,97,64,0,58,0,0
661,8,0,0,0,0,0,0,24,64,0
208,8,10,80,4,102,196,3,52,0,0
14,8,32,84,22,2,8,9,115,196,0
51,8,18,39,73,36,188,65,39,208,0
215,8,0,0,2,0,128,0,0,0,0
403,8,0,8,8,3,232,8,0,0,0
263,8,0,0,0,0,0,0,0,0,0
526,8,78,32,7,161,156,191,207,255,0
1314,8,223,127,208,0,125,160,0,28,0
870,8,128,93,200,2,1,71,206,56,0
1408,8,0,0,0,7,10,7,249,176,0
1076,8,3,106,160,161,178,239,180,224,0
1760,8,2,204,2,198,2,199,2,199,0
186,8,6,152,43,4,16,0,6,140,0
293,8,144,0,64,223,64,190,243,96,0
1176,8,132,0,32,0,193,128,205,130,0
961,8,123,85,31,188,23,140,233,46,0
560,8,251,0,0,2,212,0,8,0,0
737,8,0,0,0,0,0,0,0,4,0
852,8,32,17,0,0,0,1,193,128,0
1505,8,137,51,64,7,10,0,176,128,0
354,8,36,72,1,244,62,18,30,201,0
167,8,0,81,16,165,49,45,144,160,0
1175,8,0,0,0,0,0,0,0,0,0
339,8,0,0,0,0,0,12,0,10,0
1634,8,76,96,0,0,64,0,0,0,0
14,8,32,84,22,2,8,9,115,172,0
412,8,4,190,32,7,130,0,40,64,0
208,8,18,80,4,102,194,3,53,0,0
51,8,18,39,65,33,12,129,39,208,0
628,8,88,242,34,250,80,124,173,219,0
1760,8,2,205,2,197,2,199,2,199,0
192,8,96,0,0,0,0,0,0,0,0
738,8,24,8,13,64,64,0,1,24,0
837,8,5,2,2,194,60,119,64,129,0
1072,8,0,63,68,140,94,128,17,160,0
304,8,0,1,96,0,0,0,0,0,0
813,8,128,0,4,32,172,1,0,32,0
1277,8,17,66,10,83,89,12,202,8,0
1694,8,4,64,4,125,31,192,21,66,0
293,8,144,0,64,223,64,190,213,96,0
852,8,32,17,0,0,0,1,193,128,0
1505,8,137,51,64,7,10,0,176,128,0
651,8,0,0,0,0,0,0,0,0,0
167,8,0,81,14,37,49,45,144,160,0
1644,8,0,128,16,0,24,0,0,32,0
722,8,0,0,48,0,0,0,0,0,0
208,8,26,80,4,96,193,3,53,0,0
51,8,18,31,57,33,12,193,39,208,0
14,8,32,84,22,2,8,9,115,184,0
403,8,0,8,8,3,232,8,0,0,0
263,8,0,0,0,0,0,0,0,0,0
526,8,78,32,3,161,156,191,143,255,0
1314,8,223,127,208,0,125,40,0,28,0
870,8,128,93,200,2,1,71,206,56,0
1408,8,0,0,0,7,2,135,249,176,0
1076,8,3,128,0,161,227,15,229,16,0
1760,8,2,203,2,198,2,200,2,200,0
1176,8,132,0,32,0,192,128,205,131,0
293,8,144,0,64,223,64,190,183,96,0
560,8,250,0,0,2,212,0,10,0,0
737,8,0,0,0,0,0,0,0,4,0
852,8,32,17,0,0,0,1,186,0,0
244,8,154,12,1,2,4,177,2,64,0
1505,8,137,51,64,7,10,0,176,128,0
354,8,36,72,1,244,62,18,30,201,0
167,8,0,81,15,37,49,45,144,160,0
961,8,123,85,31,187,151,141,105,46,0
1255,8,0,0,0,20,3,109,0,0,0
339,8,0,0,0,0,0,12,0,10,0
14,8,32,84,22,2,8,9,115,196,0
661,8,0,0,0,0,0,0,24,64,0
1634,8,76,96,0,0,64,0,0,0,0
1668,8,76,212,127,153,65,95,80,30,0
1590,8,36,156,56,65,12,11,80,0,0
727,8,16,0,96,216,0,0,0,8,0
412,8,8,186,32,7,130,0,40,64,0
208,8,34,80,4,96,192,3,53,0,0
51,8,18,31,49,33,13,1,39,208,0
628,8,88,242,36,248,80,124,173,219,0
1760,8,2,198,2,198,2,200,2,201,0
192,8,96,0,0,0,0,0,0,0,0
996,8,0,212,0,0,132,0,0,0,0
1694,8,4,64,4,125,31,192,21,66,0
293,8,144,0,64,223,64,190,153,96,0
1628,8,64,8,18,165,154,0,0,0,0
622,8,1,6,64,130,137,18,10,4,0
1399,8,0,0,8,0,0,0,1,70,0
852,8,32,17,0,0,0,1,186,0,0
1505,8,137,51,64,7,10,0,176,128,0
651,8,0,0,0,0,0,0,0,0,0
167,8,0,81,13,37,49,45,144,160,0
1031,8,56,148,95,240,0,1,151,160,0
117,8,15,50,0,15,174,30,224,0,0
208,8,42,80,4,96,191,3,53,0,0
51,8,18,31,41,34,93,65,39,208,0
14,8,32,84,22,2,8,9,115,184,0
403,8,0,8,8,3,232,8,0,0,0
263,8,0,0,0,0,0,0,0,0,0
526,8,78,32,3,161,155,191,175,247,0
1314,8,223,127,208,0,124,176,0,28,0
870,8,128,29,200,2,1,71,206,56,0
1408,8,0,0,0,7,3,7,249,160,0
1076,8,3,162,160,162,19,48,21,64,0
1760,8,2,201,2,200,2,201,2,202,0
186,8,6,152,43,4,16,0,6,140,0
1176,8,132,0,32,0,189,128,206,4,0
1124,8,0,2,64,0,0,144,24,86,0
293,8,144,0,64,223,64,190,123,96,0
60,8,0,0,4,0,51,0,0,0,0
519,8,4,4,96,72,42,222,213,24,0
1225,8,1,249,21,130,13,2,246,75,0
470,8,2,15,130,128,48,36,5,128,0
692,8,20,234,6,0,0,0,88,0,0
737,8,0,0,0,0,0,0,0,4,0
852,8,32,17,0,0,0,1,171,0,0
1505,8,137,51,64,7,10,0,172,128,0
354,8,36,72,1,244,62,18,30,201,0
167,8,0,81,11,165,49,45,144,160,0
58,8,0,0,0,0,0,29,8,0,0
560,8,249,0,0,2,212,0,12,0,0
339,8,0,0,0,0,0,12,0,10,0
1634,8,76,96,0,0,64,0,0,0,0
14,8,32,84,22,2,8,9,115,208,0
412,8,12,182,32,7,130,0,40,64,0
208,8,50,80,4,98,188,3,55,0,0
51,8,18,7,33,28,109,129,39,208,0
628,8,88,242,38,246,80,124,173,219,0
1760,8,2,206,2,200,2,200,2,201,0
192,8,96,0,0,0,0,0,0,0,0
1694,8,4,64,4,125,31,192,21,66,0
961,8,123,85,31,187,150,206,41,46,0
293,8,144,0,64,223,64,190,93,96,0
852,8,32,17,0,0,0,1,156,0,0
1505,8,137,51,64,7,10,0,172,128,0
651,8,0,0,0,0,0,0,0,0,0
167,8,0,81,13,37,49,45,144,160,0
61,8,0,1,129,0,0,0,0,0,0
661,8,0,0,0,0,0,0,24,64,0
208,8,58,80,4,98,187,3,55,0,0
51,8,18,7,25,28,109,193,39,208,0
14,8,32,84,22,2,8,9,115,208,0
403,8,0,8,8,3,232,8,0,0,0
263,8,0,0,0,0,0,0,0,0,0
526,8,78,32,3,161,156,191,207,239,0
1314,8,223,127,208,0,124,56,0,28,0
870,8,128,93,200,2,1,71,206,56,0
1408,8,0,0,0,6,251,135,249,160,0
1076,8,3,202,160,162,67,96,69,112,0
1760,8,2,203,2,200,2,200,2,200,0
1176,8,132,0,32,0,189,128,205,197,0
293,8,144,0,64,223,64,190,63,96,0
813,8,128,0,4,32,172,1,0,32,0
1277,8,17,72,10,83,97,13,202,8,0
560,8,248,0,0,2,212,0,14,0,0
737,8,0,0,0,0,0,0,0,4,0
852,8,32,17,0,0,0,1,156,0,0
1505,8,137,51,32,7,10,0,168,128,0
354,8,36,72,1,244,62,18,30,201,0
167,8,0,81,11,165,49,45,144,160,0
1372,8,16,27,0,0,65,130,48,0,0
705,8,1,243,15,199,200,31,150,114,0
14,8,32,84,22,2,8,9,115,208,0
339,8,0,0,0,0,0,12,0,10,0
1634,8,76,96,0,0,64,0,0,0,0
412,8,16,178,32,7,130,0,40,64,0
208,8,66,80,4,100,187,3,54,0,0
1413,8,0,64,0,0,0,2,0,24,0
51,8,18,23,17,37,30,1,39,208,0
628,8,88,242,40,244,80,124,173,219,0
1760,8,2,206,2,200,2,201,2,200,0
192,8,96,0,0,0,0,0,0,0,0
1694,8,4,64,4,125,31,192,21,66,0
293,8,144,0,64,223,64,160,1,96,0
852,8,32,17,0,0,0,1,148,128,0
1505,8,137,51,32,7,10,0,164,128,0
651,8,0,0,0,0,0,0,0,0,0
167,8,0,81,15,37,49,45,144,160,0
458,8,63,249,255,128,0,0,12,48,0
961,8,123,85,31,187,150,78,169,46,0
208,8,74,80,4,100,186,3,54,0,0
51,8,18,23,9,28,190,65,39,208,0
1399,8,0,0,8,0,0,0,1,70,0
14,8,32,84,22,2,8,9,115,220,0
403,8,0,8,8,3,232,8,0,0,0
263,8,0,0,0,0,0,0,0,0,0
526,8,78,32,3,161,157,63,207,247,0
1314,8,223,127,208,0,123,192,0,28,0
870,8,128,93,200,2,1,71,206,56,0
1408,8,0,0,0,6,244,7,249,160,0
1076,8,3,226,32,162,99,144,117,160,0
1760,8,2,206,2,199,2,201,2,200,0
186,8,6,152,43,4,16,0,6,140,0
293,8,144,0,64,223,64,191,227,96,0
1459,8,4,0,0,0,0,0,4,0,0
1176,8,132,0,32,0,188,128,205,198,0
560,8,247,0,0,2,212,0,16,0,0
737,8,0,0,0,0,0,0,0,4,0
852,8,32,17,0,0,0,1,133,128,0
1505,8,137,51,32,7,10,0,164,128,0
354,8,36,72,1,244,62,18,30,201,0
167,8,0,81,16,165,49,45,144,160,0
675,8,16,0,2,132,116,128,60,8,0
339,8,0,0,0,0,0,12,0,10,0
661,8,0,0,0,0,0,0,24,64,0
14,8,32,84,22,2,8,9,115,208,0
1634,8,76,96,0,0,64,0,0,0,0
412,8,20,174,32,7,130,0,40,64,0
208,8,82,80,4,100,185,3,54,0,0
51,8,18,23,1,28,190,129,39,208,0
628,8,88,242,42,242,80,124,173,219,0
1760,8,2,203,2,198,2,204,2,202,0
192,8,96,0,0,0,0,0,0,0,0
1049,8,10,155,70,77,4,95,194,47,0
1694,8,4,64,4,125,31,192,21,66,0
293,8,144,0,64,223,64,191,197,96,0
852,8,32,17,0,0,0,1,133,128,0
1505,8,137,51,32,7,10,0,164,128,0
651,8,0,0,0,0,0,0,0,0,0
1788,8,0,0,7,61,242,186,120,0,0
167,8,0,81,16,165,49,45,144,160,0
569,8,0,0,0,96,160,0,58,0,0
208,8,90,80,4,102,184,3,54,0,0
51,8,18,14,249,34,190,193,39,208,0
215,8,0,0,2,0,128,0,0,0,0
14,8,32,84,22,2,8,9,115,214,0
403,8,0,8,8,3,232,8,0,0,0
526,8,78,32,3,161,157,191,207,247,0
263,8,0,0,0,0,0,0,0,0,0
1314,8,223,127,208,0,123,72,0,28,0
870,8,128,93,200,2,1,71,206,56,0
1408,8,0,0,0,6,236,135,249,160,0
1076,8,4,10,32,162,147,192,165,208,0
1760,8,2,202,2,200,2,206,2,204,0
1176,8,132,0,32,0,183,128,206,199,0
293,8,144,0,64,223,64,191,167,96,0
961,8,123,85,31,187,213,79,105,46,0
560,8,246,0,0,2,212,0,18,0,0
737,8,0,0,0,0,0,0,0,4,0
852,8,32,17,64,0,0,1,118,0,0
1505,8,137,51,32,7,10,0,168,128,0
354,8,36,72,1,244,62,18,30,201,0
167,8,0,81,18,37,49,45,144,160,0
1175,8,0,0,0,0,0,0,0,0,0
339,8,0,0,0,0,0,12,0,10,0
1634,8,76,96,0,0,64,0,0,0,0
14,8,32,84,22,2,8,9,115,226,0
412,8,24,170,32,7,130,0,40,80,0
208,8,98,80,4,102,179,3,58,0,0
51,8,18,14,241,31,95,1,39,208,0
628,8,88,242,44,240,80,124,173,219,0
1760,8,2,201,2,203,2,206,2,205,0
192,8,96,0,0,0,0,0,0,0,0
738,8,24,8,13,64,64,0,1,24,0
837,8,5,2,2,194,60,119,64,129,0
1072,8,0,64,68,140,94,128,17,160,0
304,8,0,1,96,0,0,0,0,0,0
813,8,128,0,4,32,172,1,0,32,0
1227,8,128,0,0,0,0,0,0,0,0
1694,8,4,64,4,125,31,192,21,66,0
293,8,144,0,64,223,64,191,137,96,0
640,8,24,224,2,112,0,0,0,0,0
1277,8,17,74,10,82,99,14,74,8,0
852,8,32,17,64,0,0,1,118,0,0
1505,8,137,51,32,7,10,0,168,128,0
651,8,0,0,0,0,0,0,0,0,0
167,8,0,81,14,165,49,45,144,160,0
1644,8,0,128,16,0,24,0,0,32,0
722,8,0,0,56,0,0,0,0,0,0
683,8,164,208,201,215,226,215,202,255,0
1751,8,65,3,143,0,208,7,34,60,0
661,8,0,0,0,0,0,0,24,64,0
208,8,106,80,4,102,178,3,58,0,0
14,8,32,84,22,2,8,9,115,214,0
51,8,18,14,233,31,95,65,39,208,0
403,8,0,8,8,3,232,8,0,0,0
263,8,0,0,0,0,0,0,0,0,0
526,8,78,32,3,161,156,63,239,255,0
1314,8,223,127,208,0,122,208,0,28,0
870,8,128,29,200,2,1,71,206,56,0
1408,8,0,0,0,6,237,7,249,144,0
1076,8,4,34,160,162,195,240,214,0,0
1760,8,2,204,2,203,2,206,2,206,0
186,8,6,152,43,4,16,0,6,140,0
293,8,144,0,64,223,64,191,107,96,0
1176,8,132,0,32,0,180,128,207,72,0
560,8,245,0,0,2,212,0,20,0,0
737,8,0,0,0,0,0,0,0,4,0
852,8,32,17,64,0,0,1,103,0,0
1505,8,137,51,32,7,10,0,172,128,0
244,8,154,12,1,2,4,177,2,64,0
354,8,36,72,1,244,62,18,30,201,0
167,8,0,81,12,165,49,45,160,160,0
300,8,121,6,224,0,0,1,253,208,0
961,8,123,85,31,187,21,143,233,46,0
1255,8,0,0,0,20,3,109,0,0,0
339,8,0,0,0,0,0,12,0,10,0
14,8,32,84,22,2,8,9,115,232,0
1634,8,76,96,0,0,64,0,0,0,0
1668,8,76,212,127,89,65,95,80,30,0
1590,8,36,156,57,1,11,139,96,0,0
727,8,16,0,96,216,0,0,0,8,0
412,8,28,166,32,7,130,0,40,80,0
208,8,114,80,4,96,175,3,60,0,0
51,8,18,6,225,30,191,129,39,208,0
628,8,88,242,46,238,80,124,173,219,0
1760,8,2,208,2,204,2,206,2,206,0
192,8,96,0,0,0,0,0,0,0,0
622,8,1,6,64,130,137,18,10,4,0
1694,8,4,64,4,125,31,192,21,66,0
293,8,144,0,64,223,64,191,77,96,0
996,8,0,212,0,0,132,0,0,0,0
1628,8,64,8,18,165,153,240,0,0,0
1399,8,0,0,8,0,0,0,1,70,0
1533,8,189,221,253,255,254,255,237,218,0
852,8,32,17,64,0,0,1,208,0,0
1505,8,137,51,32,7,10,0,176,128,0
651,8,0,0,0,0,0,0,0,0,0
167,8,0,81,12,37,49,45,160,160,0
1031,8,56,148,95,240,0,1,151,96,0
208,8,122,80,4,96,174,3,60,0,0
51,8,18,6,217,34,95,193,39,208,0
14,8,32,84,22,2,8,9,115,226,0
403,8,0,8,8,3,232,8,0,0,0
263,8,0,0,0,0,0,0,0,0,0
526,8,78,32,3,161,157,63,239,255,0
1314,8,223,127,208,0,122,88,0,28,0
870,8,128,93,200,2,1,71,206,56,0
1408,8,0,0,0,6,237,135,249,128,0
1076,8,4,66,160,162,244,32,246,48,0
1760,8,2,209,2,203,2,204,2,206,0
1176,8,132,0,32,0,179,128,207,73,0
1124,8,0,2,64,0,0,144,23,87,0
293,8,144,0,64,223,64,191,47,96,0
253,8,0,0,1,0,128,16,0,0,0
60,8,0,0,4,0,50,0,0,0,0
519,8,4,4,96,72,42,222,213,24,0
1225,8,1,249,21,130,13,2,246,75,0
470,8,2,11,128,128,48,36,5,128,0
737,8,0,0,0,0,0,0,0,4,0
852,8,32,17,64,0,0,1,208,0,0
1505,8,137,51,0,7,10,0,176,128,0
354,8,36,72,1,244,62,18,30,201,0
167,8,0,81,9,165,49,45,160,160,0
692,8,20,234,6,0,0,0,88,0,0
420,8,0,0,0,2,236,204,0,0,0
560,8,244,0,0,2,212,0,22,0,0
339,8,0,0,0,0,0,12,0,10,0
14,8,32,84,22,2,8,9,115,232,0
661,8,0,0,0,0,0,0,24,64,0
1634,8,76,96,0,0,64,0,0,0,0
412,8,0,194,32,7,130,0,40,80,0
208,8,2,80,4,98,189,3,60,0,0
51,8,17,255,81,34,92,1,39,208,0
628,8,88,242,32,252,80,124,173,219,0
1760,8,2,207,2,200,2,205,2,205,0
192,8,96,0,0,0,0,0,0,0,0
1694,8,4,64,4,125,31,192,21,66,0
961,8,123,85,31,187,20,208,169,46,0
293,8,144,0,64,223,64,191,17,96,0
852,8,32,17,0,0,0,1,208,128,0
1505,8,137,51,0,7,10,0,172,128,0
651,8,0,0,0,0,0,0,0,0,0
167,8,0,81,13,165,49,45,160,160,0
61,8,0,1,129,0,0,0,0,0,0
208,8,10,80,4,98,188,3,60,0,0
51,8,17,255,73,27,124,65,39,208,0
14,8,32,84,22,2,8,9,115,214,0
403,8,0,8,8,3,232,8,0,0,0
263,8,0,0,0,0,0,0,0,0,0
526,8,78,32,3,161,159,63,207,255,0
1314,8,223,127,208,0,121,224,0,28,0
870,8,128,157,200,2,1,71,206,56,0
1408,8,0,0,0,6,230,7,249,128,0
1076,8,4,104,0,163,36,65,38,80,0
1760,8,2,207,2,203,2,206,2,204,0
186,8,6,152,43,4,16,0,6,140,0
293,8,144,0,64,223,64,190,243,96,0
627,8,0,0,0,8,0,0,0,0,0
452,8,0,2,2,0,1,0,0,0,0
676,8,32,32,3,28,4,8,152,208,0
881,8,1,6,0,0,0,0,8,128,0
1661,8,0,24,96,2,8,0,2,32,0
1307,8,8,2,135,77,139,240,0,1,0
737,8,0,0,0,0,0,0,0,4,0
852,8,32,17,0,0,0,1,193,128,0
1505,8,137,50,224,7,10,0,172,128,0
354,8,36,72,1,244,64,18,31,201,0
167,8,0,81,13,165,49,45,160,160,0
1176,8,132,0,32,0,179,128,207,10,0
813,8,128,0,4,32,172,1,0,32,0
204,8,67,65,25,50,56,175,162,22,0
1277,8,17,63,10,83,85,12,74,8,0
560,8,243,0,0,2,212,0,24,0,0
339,8,0,0,0,0,0,12,0,10,0
1634,8,76,96,0,0,64,0,0,0,0
14,8,32,84,22,2,8,9,115,226,0
412,8,4,190,32,7,130,0,40,80,0
208,8,18,80,4,98,188,3,59,0,0
51,8,17,255,65,34,188,129,39,208,0
628,8,88,242,34,250,80,124,173,219,0
1413,8,0,64,0,0,0,2,0,24,0
192,8,96,0,0,0,0,0,0,0,0
1760,8,2,205,2,206,2,207,2,206,0
1694,8,4,64,4,125,31,192,21,66,0
705,8,1,243,111,199,205,159,100,136,0
293,8,144,0,64,223,64,190,213,96,0
852,8,32,17,0,0,0,1,193,128,0
1505,8,137,50,224,7,10,0,168,128,0
651,8,0,0,0,0,0,0,0,0,0
167,8,0,81,15,165,49,45,160,160,0
458,8,63,249,255,128,0,0,12,48,0
961,8,123,85,31,187,147,209,41,46,0
661,8,0,0,0,0,0,0,24,64,0
208,8,26,80,4,100,187,3,59,0,0
14,8,32,84,22,2,8,9,115,244,0
51,8,17,255,57,34,188,193,39,208,0
1399,8,0,0,8,0,0,0,1,70,0
403,8,0,8,8,3,232,8,0,0,0
263,8,0,0,0,0,0,0,0,0,0
526,8,78,32,3,161,158,191,208,7,0
1314,8,223,127,208,0,121,104,0,28,0
870,8,128,93,200,2,1,71,206,56,0
1408,8,0,0,0,6,222,135,249,128,0
1076,8,0,0,0,163,84,113,86,128,0
1760,8,2,203,2,203,2,207,2,206,0
1459,8,4,0,0,0,0,0,4,0,0
293,8,144,0,64,223,64,190,183,96,0
1176,8,132,0,32,0,176,128,207,139,0
560,8,242,0,0,2,212,0,26,0,0
737,8,0,0,0,0,0,0,0,4,0
852,8,32,17,64,0,0,1,178,0,0
1505,8,137,50,224,7,10,0,164,128,0
354,8,36,72,1,244,64,18,31,201,0
167,8,0,81,17,37,49,45,160,160,0
675,8,16,0,2,132,114,128,60,8,0
339,8,0,0,0,0,0,12,0,10,0
1634,8,76,96,0,0,64,0,0,0,0
412,8,8,186,32,7,130,0,40,80,0
14,8,32,83,214,2,8,9,115,244,0
208,8,34,80,4,100,184,3,61,0,0
51,8,17,255,49,29,189,1,39,208,0
628,8,88,242,36,248,80,124,173,219,0
1760,8,2,211,2,205,2,208,2,206,0
192,8,96,0,0,0,0,0,0,0,0
1694,8,4,64,4,125,31,192,21,66,0
293,8,144,0,64,223,64,190,153,96,0
852,8,32,17,64,0,0,1,178,0,0
1505,8,137,50,224,7,10,0,164,128,0
651,8,0,0,0,0,0,0,0,0,0
1788,8,0,0,7,63,18,186,120,0,0
167,8,0,81,15,37,49,45,160,160,0
569,8,0,0,0,96,64,0,58,32,0
215,8,0,0,2,0,128,0,0,0,0
14,8,32,83,214,2,8,9,115,238,0
208,8,42,81,4,102,183,3,61,0,0
51,8,18,7,41,32,173,65,39,208,0
403,8,0,8,8,3,232,8,0,0,0
263,8,0,0,0,0,0,0,0,0,0
526,8,78,32,7,161,158,63,207,255,0
1314,8,223,127,208,0,120,240,0,28,0
870,8,128,93,200,2,1,71,206,56,0
1408,8,0,0,0,6,215,7,249,128,0
1076,8,0,32,0,163,132,161,134,176,0
1760,8,2,211,2,204,2,209,2,207,0
186,8,6,152,43,4,16,0,6,140,0
961,8,123,85,31,188,18,145,233,46,0
1176,8,132,0,32,0,174,128,207,204,0
293,8,144,0,64,223,64,190,123,96,0
560,8,241,0,0,2,212,0,28,0,0
737,8,0,0,0,0,0,0,0,4,0
852,8,32,17,64,0,0,1,163,0,0
1505,8,137,50,224,7,10,0,164,128,0
354,8,36,72,1,244,64,18,31,201,0
167,8,0,81,16,37,49,45,160,160,0
1175,8,0,0,0,0,0,0,0,0,0
339,8,0,0,0,0,0,12,0,10,0
661,8,0,0,0,0,0,0,24,64,0
14,8,32,83,214,2,8,9,115,250,0
1634,8,76,128,0,0,64,0,0,0,0
412,8,12,182,32,7,130,0,40,80,0
208,8,50,81,4,102,181,3,62,0,0
51,8,18,7,33,32,173,129,39,208,0
628,8,88,242,38,246,80,124,173,219,0
1760,8,2,207,2,200,2,209,2,206,0
192,8,96,0,0,0,0,0,0,0,0
738,8,24,8,13,64,64,0,1,24,0
837,8,5,2,2,194,60,119,64,129,0
1072,8,0,64,68,140,94,128,17,160,0
304,8,0,1,96,0,0,0,0,0,0
485,8,1,70,4,5,168,65,163,224,0
1694,8,4,64,4,125,31,192,21,66,0
293,8,144,0,64,223,64,190,93,96,0
813,8,128,0,4,32,172,1,0,32,0
1277,8,17,66,10,83,89,12,202,8,0
852,8,32,17,64,0,0,1,148,0,0
1505,8,137,50,224,7,10,0,164,128,0
651,8,0,0,0,0,0,0,0,0,0
167,8,0,81,15,37,49,45,160,160,0
1644,8,0,128,16,0,24,0,0,32,0
722,8,0,0,64,0,0,0,0,0,0
1372,8,16,27,0,0,65,130,48,0,0
208,8,58,81,4,102,180,3,62,0,0
51,8,18,7,25,34,93,193,39,208,0
14,8,32,83,214,2,8,9,115,238,0
403,8,0,8,8,3,232,8,0,0,0
263,8,0,0,0,0,0,0,0,0,0
526,8,78,32,3,161,160,63,239,239,0
1314,8,223,127,208,0,120,120,0,28,0
870,8,128,157,200,2,1,71,206,56,0
1408,8,0,0,0,6,207,135,249,128,0
1076,8,0,86,128,163,164,209,182,224,0
1760,8,2,205,2,204,2,209,2,206,0
241,8,62,16,28,192,3,89,204,0,0
293,8,144,0,64,223,64,190,63,96,0
1176,8,132,0,32,0,173,128,207,205,0
560,8,240,0,0,2,212,0,30,0,0
737,8,0,0,0,0,0,0,0,4,0
852,8,32,17,64,0,0,1,148,0,0
1505,8,137,50,224,7,10,0,164,128,0
354,8,36,72,1,244,64,18,31,201,0
244,8,154,12,1,2,4,177,2,64,0
167,8,0,81,13,37,49,45,160,160,0
961,8,123,85,31,187,146,146,105,46,0
1255,8,0,0,0,20,3,109,0,0,0
339,8,0,0,0,0,0,12,0,10,0
14,8,32,83,214,2,8,9,115,232,0
1634,8,76,128,0,0,64,0,0,0,0
1668,8,76,212,128,153,65,95,80,30,0
1590,8,36,156,57,193,12,11,112,0,0
727,8,16,0,96,216,0,0,0,8,0
412,8,16,178,32,7,130,0,40,80,0
208,8,66,81,4,96,179,3,62,0,0
51,8,18,23,17,30,190,1,39,208,0
628,8,88,242,40,244,80,124,173,219,0
1760,8,2,204,2,205,2,209,2,207,0
192,8,96,0,0,0,0,0,0,0,0
996,8,0,212,0,0,132,0,0,0,0
1694,8,4,64,4,125,31,192,21,66,0
293,8,144,0,64,223,64,160,1,96,0
622,8,1,6,64,130,137,18,10,4,0
1628,8,64,8,18,165,153,176,0,0,0
1399,8,0,0,8,0,0,0,1,70,0
852,8,32,17,64,0,0,1,140,128,0
1505,8,137,50,224,7,10,0,168,128,0
651,8,0,0,0,0,0,0,0,0,0
167,8,0,81,15,37,49,45,160,160,0
1031,8,56,146,95,240,0,1,151,96,0
953,8,32,4,114,1,36,120,156,66,0
661,8,0,0,0,0,0,0,24,64,0
208,8,74,81,4,96,178,3,62,0,0
51,8,18,23,9,30,190,65,39,208,0
14,8,32,83,214,2,8,9,115,226,0
403,8,0,8,8,3,232,8,0,0,0
263,8,0,0,0,0,0,0,0,0,0
526,8,78,32,3,161,157,63,239,247,0
1314,8,223,127,208,0,127,128,0,28,0
870,8,128,29,200,2,1,71,206,56,0
1408,8,0,0,0,7,64,7,249,128,0
1076,8,0,119,128,163,213,1,231,16,0
1760,8,2,208,2,205,2,210,2,208,0
186,8,6,152,43,4,16,0,6,140,0
293,8,144,0,64,223,64,191,227,96,0
65,8,128,34,0,32,1,0,0,0,0
60,8,0,0,0,0,50,0,0,0,0
541,8,0,0,0,0,0,1,0,0,0
1176,8,132,0,32,0,171,128,208,14,0
1124,8,0,2,64,0,0,144,22,88,0
692,8,20,234,6,0,0,0,88,0,0
519,8,4,0,32,64,42,222,193,24,0
737,8,0,0,0,0,0,0,0,4,0
852,8,32,17,64,0,0,1,125,128,0
1505,8,137,50,224,7,10,0,172,128,0
354,8,36,72,1,244,64,18,31,201,0
167,8,0,81,12,165,49,45,160,160,0
1225,8,1,249,21,130,13,2,246,11,0
470,8,2,13,130,128,48,36,5,0,0
560,8,255,0,0,2,212,0,0,0,0
339,8,0,0,0,0,0,12,0,10,0
1634,8,76,128,0,0,64,0,0,0,0
14,8,32,83,214,2,8,9,115,226,0
412,8,20,174,32,7,130,0,40,96,0
208,8,82,81,4,96,176,3,63,0,0
51,8,18,23,1,34,190,129,39,208,0
628,8,88,242,42,242,80,124,173,219,0
1760,8,2,206,2,204,2,210,2,207,0
192,8,96,0,0,0,0,0,0,0,0
1694,8,4,64,4,125,31,192,21,66,0
961,8,123,85,31,187,18,83,41,46,0
293,8,144,0,64,223,64,191,197,96,0
852,8,32,17,64,0,0,1,125,128,0
1505,8,137,50,224,7,10,0,172,128,0
651,8,0,0,0,0,0,0,0,0,0
167,8,0,81,13,37,49,45,160,160,0
61,8,0,1,129,0,0,0,0,0,0
208,8,90,81,4,98,175,3,63,0,0
51,8,18,6,249,28,110,193,39,208,0
14,8,32,83,214,2,8,9,115,244,0
403,8,0,8,8,3,232,8,0,0,0
263,8,0,0,0,0,0,0,0,0,0
526,8,78,32,3,161,158,191,239,255,0
1314,8,223,127,208,0,127,8,0,28,0
870,8,128,93,200,2,1,71,206,56,0
1408,8,0,0,0,7,56,135,249,128,0
1076,8,0,136,224,164,5,50,23,64,0
1760,8,2,209,2,203,2,209,2,206,0
663,8,17,0,0,32,0,2,81,16,0
293,8,144,0,64,223,64,191,167,96,0
1455,8,32,192,0,0,0,32,0,0,0
1176,8,132,0,32,0,171,128,207,207,0
813,8,128,0,4,32,172,1,0,32,0
1277,8,17,68,10,83,91,13,74,8,0
560,8,254,0,0,2,212,0,2,0,0
737,8,0,0,0,0,0,0,0,4,0
852,8,32,17,64,0,0,1,118,0,0
1505,8,137,50,224,7,10,0,176,128,0
354,8,36,72,1,244,64,18,31,201,0
167,8,0,81,13,37,49,45,160,160,0
339,8,0,0,0,0,0,12,0,10,0
661,8,0,0,0,0,0,0,24,64,0
14,8,32,84,22,2,8,9,115,226,0
1634,8,76,128,0,0,64,0,0,0,0
412,8,24,170,32,7,130,0,40,96,0
208,8,98,81,4,98,175,3,62,0,0
1413,8,0,64,0,0,0,2,0,24,0
51,8,18,6,241,28,111,1,39,208,0
628,8,88,242,44,240,80,124,173,219,0
1760,8,2,216,2,202,2,208,2,207,0
192,8,96,0,0,0,0,0,0,0,0
1694,8,4,64,4,125,31,192,21,66,0
293,8,144,0,64,223,64,191,137,96,0
852,8,32,17,64,0,0,1,118,0,0
1505,8,137,50,224,7,10,0,176,128,0
651,8,0,0,0,0,0,0,0,0,0
167,8,0,81,12,37,49,45,160,160,0
458,8,63,249,255,128,0,0,12,48,0
961,8,123,85,31,186,210,19,169,46,0
705,8,1,243,239,199,201,159,88,156,0
208,8,106,81,4,100,174,3,62,0,0
51,8,18,14,233,35,191,65,39,208,0
14,8,32,83,214,2,8,9,115,238,0
1399,8,0,0,8,0,0,0,1,72,0
403,8,0,8,8,3,232,8,0,0,0
263,8,0,0,0,0,0,0,0,0,0
526,8,78,32,3,161,161,63,239,255,0
1314,8,223,127,208,0,126,144,0,28,0
870,8,128,157,200,2,1,71,206,56,0
1408,8,0,0,0,7,49,7,249,128,0
1076,8,0,168,224,164,53,98,71,112,0
1760,8,2,209,2,204,2,208,2,207,0
186,8,6,152,42,196,16,0,6,140,0
293,8,144,0,64,223,64,191,107,96,0
1459,8,4,0,0,0,0,0,4,0,0
1176,8,132,0,32,0,186,128,207,192,0
560,8,253,0,0,2,212,0,4,0,0
737,8,0,0,0,0,0,0,0,4,0
852,8,32,17,64,0,0,1,103,0,0
1505,8,137,50,224,7,10,0,172,128,0
354,8,36,72,1,244,64,18,31,201,0
167,8,0,81,15,165,49,45,160,160,0
675,8,16,0,2,132,112,128,60,8,0
339,8,0,0,0,0,0,12,0,10,0
1634,8,76,128,0,0,64,0,0,0,0
14,8,32,84,22,2,8,9,115,238,0
412,8,28,166,32,7,130,0,40,96,0
208,8,114,81,4,100,173,3,62,0,0
51,8,18,14,225,30,95,129,39,208,0
628,8,88,242,46,238,80,124,173,219,0
1760,8,2,206,2,209,2,207,2,206,0
192,8,96,0,0,0,0,0,0,0,0
1694,8,4,64,4,125,31,192,21,66,0
293,8,144,0,64,223,64,191,77,96,0
852,8,32,17,64,0,0,1,208,0,0
1505,8,137,50,224,7,10,0,172,128,0
651,8,0,0,0,0,0,0,0,0,0
1788,8,0,0,7,62,146,186,128,0,0
167,8,0,81,14,165,49,45,160,160,0
569,8,0,0,0,95,128,0,58,64,0
661,8,0,0,0,0,0,0,24,64,0
208,8,122,81,4,100,172,3,62,0,0
14,8,32,84,22,2,8,9,115,232,0
51,8,18,14,217,30,95,193,39,208,0
215,8,0,0,2,0,128,0,0,0,0
403,8,0,8,8,3,232,8,0,0,0
263,8,0,0,0,0,0,0,0,0,0
526,8,78,32,3,161,159,191,207,255,0
1314,8,223,127,208,0,126,24,0,28,0
870,8,128,29,200,2,1,71,206,56,0
1408,8,0,0,0,7,41,135,249,128,0
1076,8,0,199,32,164,101,130,103,144,0
1760,8,2,206,2,209,2,208,2,206,0
1176,8,132,0,32,0,186,128,207,129,0
293,8,144,0,64,223,64,191,47,96,0
961,8,123,85,31,187,144,148,105,46,0
560,8,252,0,0,2,212,0,6,0,0
737,8,0,0,0,0,0,0,0,4,0
852,8,32,17,64,0,0,1,208,0,0
1505,8,137,50,224,7,10,0,168,128,0
354,8,36,72,1,244,64,18,31,201,0
167,8,0,81,15,37,49,45,160,160,0
1175,8,0,0,0,0,0,0,0,0,0
339,8,0,0,0,0,0,12,0,10,0
1634,8,76,128,0,0,64,0,0,0,0
14,8,32,83,214,2,8,9,115,244,0
412,8,0,194,32,7,130,0,40,96,0
208,8,2,81,4,102,188,3,61,0,0
51,8,18,7,81,33,92,1,39,208,0
628,8,88,242,32,252,80,124,173,219,0
1760,8,2,206,2,206,2,210,2,206,0
192,8,96,0,0,0,0,0,0,0,0
738,8,24,8,13,64,64,0,1,24,0
837,8,5,2,2,194,60,119,64,129,0
1072,8,0,64,68,140,94,128,17,160,0
304,8,0,1,96,0,0,0,0,0,0
1227,8,128,0,0,0,0,0,0,0,0
813,8,128,0,4,32,172,1,0,32,0
640,8,24,224,2,112,0,0,0,0,0
1694,8,4,64,4,125,31,192,21,66,0
293,8,144,0,64,223,64,191,17,96,0
1277,8,17,70,10,83,93,13,202,8,0
852,8,32,17,64,0,0,1,200,128,0
1505,8,137,50,224,7,10,0,164,128,0
651,8,0,0,0,0,0,0,0,0,0
167,8,0,81,16,37,49,45,160,160,0
1644,8,0,128,16,0,24,0,0,32,0
722,8,0,0,72,0,0,0,0,0,0
208,8,10,81,4,102,187,3,61,0,0
51,8,18,7,73,36,108,65,39,208,0
14,8,32,84,22,2,8,9,115,214,0
403,8,0,8,8,3,232,8,0,0,0
263,8,0,0,0,0,0,0,0,0,0
526,8,78,32,3,161,159,63,239,255,0
1314,8,223,127,208,0,125,160,0,28,0
870,8,128,29,200,2,1,71,206,56,0
1408,8,0,0,0,7,34,7,249,128,0
1076,8,0,231,0,164,149,178,151,192,0
1760,8,2,209,2,206,2,210,2,207,0
186,8,6,152,42,196,16,0,6,140,0
293,8,144,0,64,223,64,190,243,96,0
1176,8,132,0,32,0,183,128,208,2,0
560,8,251,0,0,2,212,0,8,0,0
737,8,0,0,0,0,0,0,0,4,0
852,8,32,17,64,0,0,1,185,128,0
1505,8,137,50,224,7,10,0,164,128,0
354,8,36,72,1,244,64,18,31,201,0
244,8,154,12,1,2,4,177,2,64,0
167,8,0,81,14,37,49,45,160,160,0
961,8,123,85,31,187,16,148,233,46,0
14,8,32,83,214,2,8,9,115,232,0
1255,8,0,0,0,20,3,109,0,0,0
339,8,0,0,0,0,0,12,0,10,0
661,8,0,0,0,0,0,0,24,64,0
1634,8,76,128,0,0,64,0,0,0,0
1668,8,76,212,128,217,65,95,80,30,0
1590,8,36,156,58,65,12,11,144,0,0
727,8,16,0,96,216,0,0,0,8,0
412,8,4,190,32,7,130,0,40,96,0
208,8,18,81,4,96,184,3,63,0,0
51,8,18,23,65,36,108,129,39,208,0
628,8,88,242,34,250,80,124,173,219,0
1760,8,2,213,2,202,2,211,2,208,0
1694,8,4,64,4,125,31,192,21,66,0
293,8,144,0,64,223,64,190,213,96,0
192,8,96,0,0,0,0,0,0,0,0
622,8,1,6,64,130,137,18,10,4,0
996,8,0,212,0,0,132,0,0,0,0
1628,8,64,8,18,165,153,144,0,0,0
1399,8,0,0,8,0,0,0,1,72,0
1331,8,237,127,207,126,255,249,239,127,0
852,8,32,17,64,0,0,1,185,128,0
1505,8,137,50,224,7,10,0,164,128,0
651,8,0,0,0,0,0,0,0,0,0
167,8,0,81,15,165,49,45,160,160,0
1031,8,56,144,95,240,0,1,151,96,0
208,8,26,81,4,96,183,3,63,0,0
51,8,18,23,57,30,188,193,39,208,0
14,8,32,83,214,2,8,9,115,238,0
403,8,0,8,8,3,232,8,0,0,0
263,8,0,0,0,0,0,0,0,0,0
526,8,78,32,3,161,160,191,239,255,0
1314,8,223,127,208,0,125,40,0,28,0
870,8,128,93,200,2,1,71,206,56,0
1408,8,0,0,0,7,26,135,249,128,0
1076,8,1,5,160,164,197,226,199,240,0
1760,8,2,215,2,205,2,211,2,208,0
1176,8,132,0,32,0,181,128,208,67,0
1124,8,0,2,64,0,0,144,21,89,0
293,8,144,0,64,223,64,190,183,96,0
60,8,0,0,4,0,50,0,0,0,0
519,8,4,4,96,72,42,222,213,24,0
1225,8,1,249,21,130,13,3,246,75,0
470,8,2,139,192,128,52,116,5,144,0
560,8,250,0,0,2,212,0,10,0,0
692,8,20,234,6,0,0,0,88,0,0
737,8,0,0,0,0,0,0,0,4,0
852,8,32,17,128,0,0,1,170,0,0
1505,8,137,50,224,7,10,0,164,128,0
354,8,36,72,1,244,64,18,31,201,0
167,8,0,81,15,165,49,45,160,160,0
339,8,0,0,0,0,0,12,0,10,0
1634,8,76,160,0,0,64,0,0,0,0
14,8,32,84,22,2,8,9,115,220,0
412,8,8,186,32,7,130,0,40,96,0
208,8,34,81,4,96,181,3,64,0,0
51,8,18,23,49,36,109,1,39,208,0
628,8,88,242,36,248,80,124,173,219,0
1760,8,2,215,2,210,2,212,2,210,0
192,8,96,0,0,0,0,0,0,0,0
1694,8,4,64,4,125,31,192,21,66,0
961,8,123,85,31,188,78,149,169,46,0
293,8,144,0,64,223,64,190,153,96,0
852,8,32,17,128,0,0,1,170,0,0
1505,8,137,50,224,7,10,0,168,128,0
651,8,0,0,0,0,0,0,0,0,0
167,8,0,81,14,37,49,45,160,160,0
61,8,0,1,128,128,0,0,0,0,0
661,8,0,0,0,0,0,0,24,64,0
208,8,42,81,4,98,180,3,64,0,0
51,8,18,23,41,36,109,65,39,208,0
14,8,32,83,214,2,8,9,115,232,0
403,8,0,8,8,3,232,8,0,0,0
526,8,78,32,7,161,163,191,207,255,0
1314,8,223,127,208,0,124,176,0,28,0
263,8,0,0,0,0,0,0,0,0,0
870,8,128,221,200,2,1,71,206,56,0
1408,8,0,0,0,7,27,7,249,112,0
1076,8,1,38,32,164,230,18,248,32,0
1760,8,2,214,2,210,2,213,2,210,0
186,8,6,152,42,196,16,0,6,140,0
293,8,144,0,64,223,64,190,123,96,0
1307,8,40,26,50,9,178,129,128,193,0
1176,8,132,0,32,0,178,128,208,196,0
813,8,128,0,4,32,172,1,0,32,0
1277,8,17,74,10,83,99,14,74,8,0
560,8,249,0,0,2,212,0,12,0,0
737,8,0,0,0,0,0,0,0,4,0
852,8,32,17,128,0,0,1,155,0,0
1505,8,137,50,224,7,10,0,168,128,0
354,8,36,72,1,244,64,18,31,201,0
167,8,0,81,15,165,49,45,160,160,0
1372,8,16,27,0,0,65,130,48,0,0
339,8,0,0,0,0,0,12,0,10,0
1634,8,76,160,0,0,64,0,0,0,0
14,8,32,84,22,2,8,9,115,220,0
412,8,12,182,32,7,130,0,40,96,0
208,8,50,81,4,98,177,3,66,0,0
51,8,18,23,33,29,109,129,39,208,0
628,8,88,242,38,246,80,124,173,219,0
192,8,96,0,0,0,0,0,0,0,0
1413,8,0,64,0,0,0,2,0,24,0
1760,8,2,207,2,212,2,213,2,208,0
1694,8,4,64,4,125,31,192,21,98,0
293,8,144,0,64,223,64,190,93,96,0
852,8,32,17,128,0,0,1,140,0,0
1505,8,137,50,224,7,10,0,172,128,0
651,8,0,0,0,0,0,0,0,0,0
167,8,0,81,12,165,49,45,160,160,0
458,8,63,249,255,128,0,0,12,48,0
961,8,123,85,31,187,142,214,41,46,0
208,8,58,81,4,98,176,3,66,0,0
51,8,18,23,25,35,109,193,39,208,0
14,8,32,84,22,2,8,9,115,220,0
1399,8,0,0,8,0,0,0,1,72,0
403,8,0,8,8,3,232,8,0,0,0
263,8,0,0,0,0,0,0,0,0,0
526,8,78,32,3,161,161,191,175,255,0
1314,8,223,127,208,0,124,56,0,28,0
870,8,128,93,200,2,1,71,206,56,0
1408,8,0,0,0,7,19,135,249,112,0
1076,8,1,70,128,165,22,67,40,80,0
1760,8,2,211,2,206,2,213,2,209,0
1459,8,4,0,0,0,0,0,4,0,0
293,8,144,0,64,223,64,190,63,96,0
705,8,1,242,239,199,204,159,70,178,0
1176,8,132,0,32,0,178,128,208,133,0
560,8,248,0,0,2,212,0,14,0,0
737,8,0,0,0,0,0,0,0,4,0
852,8,32,17,128,0,0,1,140,0,0
1505,8,137,50,192,7,10,0,172,128,0
354,8,36,72,1,244,64,18,31,201,0
167,8,0,81,13,37,49,45,160,160,0
675,8,16,0,2,132,110,128,60,8,0
339,8,0,0,0,0,0,12,0,10,0
661,8,0,0,0,0,0,0,24,64,0
1634,8,76,160,0,0,64,0,0,0,0
14,8,32,83,214,2,8,9,115,232,0
412,8,16,178,32,7,130,0,40,96,0
208,8,66,81,4,100,176,3,65,0,0
51,8,18,23,17,35,110,1,39,208,0
628,8,88,242,40,244,80,124,173,219,0
1760,8,2,218,2,205,2,212,2,210,0
192,8,96,0,0,0,0,0,0,0,0
1694,8,4,64,4,125,31,192,21,98,0
293,8,144,0,64,223,64,160,1,96,0
852,8,32,17,64,0,0,1,140,128,0
1505,8,137,50,192,7,10,0,176,128,0
651,8,0,0,0,0,0,0,0,0,0
1788,8,0,0,7,62,82,186,128,0,0
167,8,0,81,14,37,49,45,160,160,0
569,8,0,0,0,95,0,0,58,96,0
208,8,74,81,4,100,175,3,65,0,0
51,8,18,23,9,35,14,65,39,208,0
215,8,0,0,2,0,128,0,0,0,0
14,8,32,84,22,2,8,9,115,196,0
403,8,0,8,8,3,232,8,0,0,0
263,8,0,0,0,0,0,0,0,0,0
526,8,78,32,3,161,162,63,176,7,0
1314,8,223,127,208,0,123,192,0,28,0
870,8,128,93,200,2,1,71,206,56,0
1408,8,0,0,0,7,20,7,249,96,0
1076,8,1,104,96,165,102,115,88,128,0
1760,8,2,215,2,208,2,212,2,212,0
186,8,6,152,42,196,16,0,6,140,0
293,8,144,0,64,223,64,191,227,96,0
1176,8,132,0,32,0,176,128,208,198,0
961,8,123,85,31,187,14,150,233,46,0
560,8,247,0,0,2,212,0,16,0,0
737,8,0,0,0,0,0,0,0,4,0
852,8,32,17,64,0,0,1,125,128,0
1505,8,137,50,192,7,10,0,176,128,0
354,8,36,72,1,244,64,18,31,201,0
167,8,0,81,14,37,49,45,160,160,0
1175,8,0,0,0,0,0,0,0,0,0
339,8,0,0,0,0,0,12,0,10,0
1634,8,76,160,0,0,64,0,0,0,0
14,8,32,84,22,2,8,9,115,226,0
412,8,20,174,32,7,130,0,40,96,0
208,8,82,81,4,102,173,3,66,0,0
51,8,18,23,1,32,174,129,39,208,0
628,8,88,242,42,242,80,124,173,219,0
1760,8,2,214,2,212,2,213,2,210,0
192,8,96,0,0,0,0,0,0,0,0
738,8,24,8,13,64,64,0,1,24,0
837,8,5,2,2,194,60,119,64,129,0
1072,8,0,64,68,140,94,128,17,160,0
304,8,0,1,96,0,0,0,0,0,0
778,8,64,45,112,1,212,12,50,0,0
452,8,0,2,2,0,1,64,0,0,0
1694,8,4,64,4,125,31,192,21,66,0
293,8,144,0,64,223,64,191,197,96,0
676,8,54,220,0,28,4,8,152,208,0
813,8,128,0,4,32,172,1,0,32,0
1277,8,17,70,10,83,93,13,74,8,0
852,8,32,17,64,0,0,1,125,128,0
1505,8,137,50,160,7,10,0,172,128,0
651,8,0,0,0,0,0,0,0,0,0
167,8,0,81,16,165,49,45,160,160,0
1644,8,0,128,16,0,24,0,0,32,0
722,8,0,0,80,0,0,0,0,0,0
661,8,0,0,0,0,0,0,24,64,0
208,8,90,81,4,102,172,3,66,0,0
14,8,32,84,22,2,8,9,115,232,0
51,8,18,22,249,32,174,193,39,208,0
403,8,0,8,8,3,232,8,0,0,0
263,8,0,0,0,0,0,0,0,0,0
526,8,78,32,3,161,163,191,207,255,0
1314,8,223,127,208,0,123,72,0,28,0
870,8,128,157,200,2,1,71,206,56,0
1408,8,0,0,0,7,12,135,249,96,0
1076,8,1,134,192,165,134,163,136,176,0
1760,8,2,214,2,212,2,213,2,210,0
1176,8,132,0,32,0,175,128,208,199,0
293,8,144,0,64,223,64,191,167,96,0
426,8,144,190,189,68,161,99,230,64,0
560,8,246,0,0,2,212,0,18,0,0
737,8,0,0,0,0,0,0,0,4,0
852,8,32,17,64,0,0,1,118,0,0
1505,8,137,50,160,7,10,0,172,128,0
354,8,36,72,1,244,64,18,31,201,0
167,8,0,81,16,37,49,45,160,160,0
244,8,154,12,1,2,4,177,2,64,0
961,8,123,85,31,187,14,23,105,46,0
1255,8,0,0,0,20,3,109,0,0,0
339,8,0,0,0,0,0,12,0,10,0
14,8,32,84,22,2,8,9,115,208,0
1634,8,76,160,0,0,64,0,0,0,0
1668,8,76,212,128,25,65,95,80,30,0
1590,8,36,156,59,1,12,11,160,0,0
727,8,16,0,96,216,0,0,0,8,0
412,8,24,170,32,7,130,0,40,96,0
208,8,98,81,4,102,171,3,66,0,0
51,8,18,22,241,35,15,1,39,208,0
628,8,88,242,44,240,80,124,173,219,0
1760,8,2,214,2,213,2,213,2,211,0
192,8,96,0,0,0,0,0,0,0,0
996,8,0,212,0,0,132,0,0,0,0
1694,8,4,64,4,125,31,192,21,98,0
293,8,144,0,64,223,64,191,137,96,0
1628,8,64,8,18,165,153,128,0,0,0
622,8,1,6,64,130,137,18,10,4,0
1399,8,0,0,8,0,0,0,1,72,0
852,8,32,17,64,0,0,1,118,0,0
1505,8,137,50,160,7,10,0,172,128,0
651,8,0,0,0,0,0,0,0,0,0
167,8,0,81,14,37,49,45,160,160,0
1031,8,56,142,95,240,0,1,151,32,0
208,8,106,81,4,96,170,3,66,0,0
51,8,18,6,233,28,111,65,39,208,0
14,8,32,84,22,2,8,9,115,226,0
403,8,0,8,8,3,232,8,0,0,0
263,8,0,0,0,0,0,0,0,0,0
526,8,78,32,3,161,163,63,207,239,0
1314,8,223,127,208,0,122,208,0,28,0
870,8,128,157,200,2,1,71,206,56,0
1408,8,0,0,0,7,5,7,249,96,0
1076,8,1,166,0,165,182,211,168,208,0
1760,8,2,218,2,211,2,213,2,211,0
186,8,6,152,44,196,16,0,6,140,0
293,8,144,0,64,223,64,191,107,96,0
1176,8,132,0,32,0,173,128,209,8,0
60,8,0,0,4,0,50,0,0,0,0
1124,8,0,2,64,0,0,144,20,90,0
519,8,4,4,96,72,42,222,213,24,0
1225,8,1,249,21,130,13,2,246,75,0
470,8,2,15,130,128,48,36,5,128,0
737,8,0,0,0,0,0,0,0,4,0
852,8,32,17,64,0,0,1,103,0,0
1505,8,137,50,160,7,10,0,172,128,0
354,8,36,72,1,244,64,18,31,201,0
167,8,0,81,14,37,49,45,160,160,0
692,8,20,234,6,0,0,0,88,0,0
560,8,245,0,0,2,212,0,20,0,0
339,8,0,0,0,0,0,12,0,10,0
14,8,32,84,22,2,8,9,115,238,0
661,8,0,0,0,0,0,0,24,64,0
1634,8,76,160,0,0,64,0,0,0,0
412,8,28,166,32,7,130,0,40,96,0
208,8,114,81,4,96,168,3,67,0,0
51,8,18,6,225,28,111,129,39,208,0
628,8,88,242,46,238,80,124,173,219,0
1760,8,2,220,2,208,2,213,2,213,0
192,8,96,0,0,0,0,0,0,0,0
1694,8,4,64,4,125,31,192,21,98,0
961,8,123,85,31,187,140,216,41,46,0
293,8,144,0,64,223,64,191,77,96,0
852,8,32,17,64,0,0,1,208,0,0
1505,8,137,50,160,7,10,0,172,128,0
651,8,0,0,0,0,0,0,0,0,0
167,8,0,81,11,165,49,45,160,160,0
61,8,0,1,128,128,0,0,0,0,0
14,8,32,84,22,2,8,9,115,226,0
208,8,122,81,4,98,167,3,67,0,0
51,8,18,22,217,37,31,193,39,208,0
403,8,0,8,8,3,232,8,0,0,0
263,8,0,0,0,0,0,0,0,0,0
526,8,78,32,3,161,165,63,207,247,0
1314,8,223,127,208,0,122,88,0,28,0
870,8,128,157,200,2,1,71,206,56,0
1408,8,0,0,0,6,253,135,249,96,0
1076,8,1,198,64,165,230,243,217,0,0
1760,8,2,217,2,211,2,213,2,212,0
1176,8,132,0,32,0,172,128,209,9,0
293,8,144,0,64,223,64,191,47,96,0
813,8,128,0,4,32,172,1,0,32,0
1277,8,17,75,10,83,101,14,74,8,0
560,8,244,0,0,2,212,0,22,0,0
695,8,0,32,40,64,0,0,128,64,0
737,8,0,0,0,0,0,0,0,4,0
852,8,32,17,64,0,0,1,208,0,0
1505,8,137,50,160,7,10,0,168,128,0
354,8,36,72,1,244,64,18,31,201,0
167,8,0,81,14,165,49,45,160,160,0
339,8,0,0,0,0,0,12,0,10,0
1634,8,76,160,0,0,64,0,0,0,0
14,8,32,83,214,2,8,9,115,238,0
412,8,0,194,32,7,130,0,40,96,0
208,8,2,81,4,98,182,3,67,0,0
1413,8,0,64,0,0,0,2,0,24,0
51,8,18,23,81,32,12,1,39,208,0
628,8,88,242,32,252,80,124,173,219,0
1760,8,2,217,2,213,2,212,2,211,0
192,8,96,0,0,0,0,0,0,0,0
1694,8,4,64,4,125,31,192,21,66,0
293,8,144,0,64,223,64,191,17,96,0
852,8,32,17,64,0,0,1,200,128,0
1505,8,137,50,160,7,10,0,168,128,0
651,8,0,0,0,0,0,0,0,0,0
167,8,0,81,16,37,49,45,160,160,0
458,8,63,249,255,128,0,0,12,48,0
961,8,123,85,31,188,11,216,169,46,0
661,8,0,0,0,0,0,0,24,64,0
208,8,10,81,4,98,181,3,67,0,0
51,8,18,23,73,32,12,65,39,208,0
14,8,32,84,22,2,8,9,115,214,0
1399,8,0,0,8,0,0,0,1,72,0
403,8,0,8,8,3,232,8,0,0,0
526,8,78,32,7,161,165,63,239,255,0
263,8,0,0,0,0,0,0,0,0,0
1314,8,223,127,208,0,121,224,0,28,0
870,8,128,157,200,2,1,71,206,56,0
1408,8,0,0,0,6,246,7,249,96,0
1076,8,1,229,160,166,23,68,9,48,0
1760,8,2,217,2,212,2,213,2,212,0
186,8,6,168,44,132,16,0,6,140,0
293,8,144,0,64,223,64,190,243,96,0
1459,8,4,0,0,0,0,0,4,0,0
1176,8,132,0,32,0,171,128,209,10,0
560,8,243,0,0,2,212,0,24,0,0
737,8,0,0,0,0,0,0,0,4,0
852,8,32,17,128,0,0,1,177,128,0
1505,8,137,50,160,7,10,0,168,128,0
354,8,36,72,1,244,62,18,30,201,0
167,8,0,81,16,165,49,45,160,160,0
675,8,16,0,2,132,110,128,60,8,0
705,8,1,243,47,199,202,159,54,198,0
339,8,0,0,0,0,0,12,0,10,0
1634,8,76,160,0,0,64,0,0,0,0
14,8,32,84,22,2,8,9,115,232,0
412,8,4,190,32,7,130,0,40,96,0
208,8,18,81,4,100,180,3,67,0,0
51,8,18,39,65,35,108,129,39,208,0
628,8,88,242,34,250,80,124,173,219,0
1760,8,2,213,2,213,2,215,2,213,0
192,8,96,0,0,0,0,0,0,0,0
1694,8,4,64,4,125,31,192,21,98,0
293,8,144,0,64,223,64,190,213,96,0
852,8,32,17,128,0,0,1,177,128,0
1505,8,137,50,160,7,10,0,168,128,0
651,8,0,0,0,0,0,0,0,0,0
1788,8,0,0,7,62,18,186,128,0,0
167,8,0,81,18,37,49,45,160,160,0
569,8,0,0,0,94,96,0,58,96,0
208,8,26,81,4,100,179,3,67,0,0
51,8,18,39,57,37,204,193,39,208,0
215,8,0,0,2,0,128,0,0,0,0
14,8,32,84,22,2,8,9,115,220,0
403,8,0,8,8,3,232,8,0,0,0
526,8,78,32,3,161,164,63,175,255,0
263,8,0,0,0,0,0,0,0,0,0
1314,8,223,127,208,0,121,104,0,28,0
870,8,128,93,200,2,1,71,206,56,0
1408,8,0,0,0,6,238,135,249,96,0
1076,8,2,8,32,166,71,116,57,96,0
1760,8,2,213,2,212,2,215,2,213,0
1176,8,132,0,32,0,168,128,209,139,0
293,8,144,0,64,223,64,190,183,96,0
961,8,123,85,31,187,12,25,105,46,0
560,8,242,0,0,2,212,0,26,0,0
737,8,0,0,0,0,0,0,0,4,0
852,8,32,17,128,0,0,1,170,0,0
1505,8,137,50,160,7,10,0,168,128,0
354,8,36,72,1,244,62,18,30,201,0
167,8,0,81,16,37,49,45,160,160,0
1175,8,0,0,0,0,0,0,0,0,0
339,8,0,0,0,0,0,12,0,10,0
661,8,0,0,0,0,0,0,24,64,0
14,8,32,84,22,2,8,9,115,226,0
1634,8,76,160,0,0,64,0,0,0,0
412,8,8,186,32,7,130,0,40,96,0
208,8,34,81,4,100,176,3,69,0,0
51,8,18,39,49,37,205,1,39,208,0
628,8,88,242,36,248,80,124,173,219,0
1760,8,2,219,2,210,2,214,2,213,0
192,8,96,0,0,0,0,0,0,0,0
738,8,24,8,13,64,64,0,1,24,0
837,8,5,2,2,194,60,119,64,129,0
1072,8,0,64,68,140,94,128,17,160,0
304,8,0,1,96,0,0,0,0,0,0
1227,8,128,0,0,0,0,0,0,0,0
1694,8,4,64,4,125,31,192,21,98,0
293,8,144,0,64,223,64,190,153,96,0
640,8,24,224,2,112,0,0,0,0,0
813,8,128,0,4,32,172,1,0,32,0
1277,8,17,71,10,83,95,13,202,8,0
852,8,32,17,128,0,0,1,170,0,0
1505,8,137,50,160,7,10,0,172,128,0
651,8,0,0,0,0,0,0,0,0,0
167,8,0,81,17,37,49,45,160,160,0
1644,8,0,128,16,0,32,0,0,32,0
722,8,0,0,8,0,0,0,0,0,0
1372,8,16,27,0,0,65,130,48,0,0
208,8,42,81,4,102,175,3,69,0,0
51,8,18,47,41,33,13,65,39,208,0
14,8,32,84,22,2,8,9,115,220,0
403,8,0,8,8,3,232,8,0,0,0
526,8,78,32,3,161,164,63,207,255,0
263,8,0,0,0,0,0,0,0,0,0
1314,8,223,127,208,0,120,240,0,28,0
870,8,128,93,200,2,1,71,206,56,0
1408,8,0,0,0,6,231,7,249,96,0
1076,8,2,40,32,166,119,148,105,144,0
1760,8,2,221,2,213,2,213,2,213,0
186,8,6,168,44,4,16,0,6,140,0
293,8,144,0,64,223,64,190,123,96,0
1176,8,132,0,32,0,167,128,209,140,0
6,8,8,0,0,100,0,0,0,0,0
560,8,241,0,0,2,212,0,28,0,0
737,8,0,0,0,0,0,0,0,4,0
852,8,32,17,128,0,0,1,155,0,0
1505,8,137,50,160,7,10,0,176,128,0
354,8,36,72,1,244,62,18,30,201,0
167,8,0,81,17,37,49,45,160,160,0
244,8,154,12,1,2,4,177,2,64,0
961,8,123,85,31,187,202,217,233,46,0
1255,8,0,0,0,20,3,109,0,0,0
339,8,0,0,0,0,0,12,0,10,0
14,8,32,84,22,2,8,9,115,208,0
1634,8,76,160,0,0,64,0,0,0,0
1668,8,76,212,128,153,65,95,80,30,0
1590,8,36,156,59,65,12,11,176,0,0
727,8,16,0,96,216,0,0,0,8,0
412,8,12,182,32,7,130,0,40,96,0
208,8,50,81,4,102,174,3,69,0,0
51,8,18,47,33,38,205,129,39,208,0
628,8,88,242,38,246,80,124,173,219,0
1760,8,2,216,2,214,2,214,2,214,0
192,8,96,0,0,0,0,0,0,0,0
996,8,0,212,0,0,132,0,0,0,0
1694,8,4,64,4,125,31,192,21,66,0
293,8,144,0,64,223,64,190,93,96,0
1628,8,64,8,18,165,153,128,0,0,0
1399,8,0,0,8,0,0,0,1,72,0
622,8,1,6,64,130,137,18,10,4,0
852,8,32,17,128,0,0,1,140,0,0
1505,8,137,50,160,7,10,0,180,128,0
651,8,0,0,0,0,0,0,0,0,0
167,8,0,81,16,37,49,45,160,160,0
1031,8,56,140,95,240,0,1,151,32,0
117,8,15,50,0,15,174,30,224,0,0
661,8,0,0,0,0,0,0,24,64,0
208,8,58,81,4,96,173,3,69,0,0
14,8,32,84,22,2,8,9,115,202,0
51,8,18,55,25,38,205,193,39,208,0
403,8,0,8,8,3,232,8,0,0,0
526,8,78,32,7,161,165,191,207,255,0
263,8,0,0,0,0,0,0,0,0,0
1314,8,223,127,208,0,120,120,0,28,0
870,8,128,157,200,2,1,71,206,56,0
1408,8,0,0,0,6,231,135,249,80,0
1076,8,2,64,0,166,167,196,153,208,0
1760,8,2,213,2,213,2,215,2,213,0
1176,8,132,0,32,0,165,128,209,205,0
1124,8,0,2,64,0,0,144,19,91,0
293,8,144,0,64,223,64,190,63,96,0
60,8,0,0,4,0,50,0,0,0,0
519,8,4,4,96,72,42,222,213,24,0
692,8,20,234,6,0,0,0,88,0,0
1225,8,1,249,21,130,13,2,246,75,0
470,8,2,11,128,128,48,36,5,128,0
560,8,240,0,0,2,212,0,30,0,0
737,8,0,0,0,0,0,0,0,4,0
852,8,32,17,128,0,0,1,140,0,0
1505,8,137,50,160,7,10,0,184,128,0
354,8,36,72,1,228,62,18,30,201,0
167,8,0,81,17,165,49,45,160,160,0
58,8,0,0,0,0,0,29,8,0,0
339,8,0,0,0,0,0,12,0,10,0
14,8,32,84,22,2,8,9,115,202,0
1634,8,76,128,0,0,64,0,0,0,0
412,8,16,178,32,7,130,0,40,96,0
208,8,66,80,4,96,171,3,70,0,0
51,8,18,55,17,30,190,1,39,208,0
628,8,88,242,40,244,80,124,173,219,0
1760,8,2,218,2,213,2,215,2,214,0
192,8,96,0,0,0,0,0,0,0,0
961,8,123,85,31,187,74,154,169,46,0
1694,8,4,64,4,125,31,192,21,98,0
293,8,144,0,64,223,64,160,1,96,0
852,8,32,17,128,0,0,1,132,128,0
1505,8,137,50,160,7,10,0,184,128,0
651,8,0,0,0,0,0,0,0,0,0
167,8,0,81,15,165,49,45,160,160,0
61,8,0,1,128,128,0,0,0,0,0
1262,8,160,0,13,8,240,76,64,8,0
208,8,74,80,4,96,170,3,70,0,0
51,8,18,55,9,37,30,65,39,208,0
14,8,32,84,22,2,8,9,115,184,0
403,8,0,8,8,3,232,8,0,0,0
263,8,0,0,0,0,0,0,0,0,0
526,8,78,32,3,161,163,191,176,7,0
1314,8,223,127,208,0,127,128,0,28,0
870,8,128,29,200,2,1,71,206,56,0
1408,8,0,0,0,7,88,7,249,80,0
1076,8,2,96,0,166,215,244,202,0,0
1760,8,2,225,2,213,2,215,2,215,0
186,8,6,168,44,4,16,0,6,140,0
293,8,144,0,64,223,64,191,227,96,0
1307,8,40,66,169,202,58,145,137,65,0
1176,8,132,0,32,0,164,128,209,206,0
813,8,128,0,4,32,172,1,0,32,0
1277,8,17,67,10,83,91,13,74,8,0
560,8,255,0,0,2,212,0,0,0,0
737,8,0,0,0,0,0,0,0,4,0
852,8,32,17,64,0,0,1,125,128,0
1505,8,137,50,128,7,10,0,184,128,0
354,8,36,72,1,228,62,18,30,201,0
167,8,0,81,15,37,49,45,160,160,0
1693,8,128,141,207,176,79,193,252,177,0
339,8,0,0,0,0,0,12,0,10,0
661,8,0,0,0,0,0,0,24,64,0
14,8,32,84,22,2,8,9,115,196,0
1634,8,76,128,0,0,64,0,0,0,0
412,8,20,174,32,7,130,0,40,96,0
1413,8,0,64,0,0,0,2,0,24,0
208,8,82,80,4,98,169,3,70,0,0
51,8,18,47,1,37,30,129,39,208,0
628,8,88,242,42,242,80,124,173,219,0
1760,8,2,216,2,213,2,214,2,214,0
192,8,96,0,0,0,0,0,0,0,0
1694,8,4,64,4,125,31,192,21,98,0
293,8,144,0,64,223,64,191,197,96,0
852,8,32,17,64,0,0,1,125,128,0
1505,8,137,50,128,7,10,0,180,128,0
651,8,0,0,0,0,0,0,0,0,0
167,8,0,81,15,165,49,45,160,160,0
458,8,63,249,255,128,0,0,12,48,0
1512,8,0,0,2,4,0,57,176,0,0
961,8,123,85,31,187,10,91,41,46,0
208,8,90,80,4,98,168,3,70,0,0
51,8,18,46,249,35,190,193,39,208,0
1399,8,0,0,8,0,0,0,1,72,0
14,8,32,84,22,2,8,9,115,190,0
403,8,0,8,8,3,232,8,0,0,0
263,8,0,0,0,0,0,0,0,0,0
526,8,78,32,3,161,166,191,176,7,0
1314,8,223,127,208,0,127,8,0,28,0
870,8,128,157,200,2,1,71,206,56,0
1408,8,0,0,0,7,80,135,249,80,0
1076,8,2,138,128,166,248,36,234,48,0
1760,8,2,216,2,214,2,213,2,215,0
1459,8,4,0,0,0,0,0,4,0,0
293,8,144,0,64,223,64,191,167,96,0
1176,8,132,0,32,0,164,128,209,143,0
560,8,254,0,0,2,212,0,2,0,0
737,8,0,0,0,0,0,0,0,4,0
852,8,32,17,64,0,0,1,118,0,0
1505,8,137,50,128,7,10,0,180,128,0
354,8,36,72,1,228,62,18,30,201,0
167,8,0,81,13,165,49,45,160,160,0
675,8,16,0,2,132,110,128,60,8,0
339,8,0,0,0,0,0,12,0,10,0
1634,8,76,128,0,0,64,0,0,0,0
14,8,32,84,22,2,8,9,115,190,0
412,8,24,170,32,7,130,0,40,96,0
208,8,98,80,4,100,168,3,69,0,0
51,8,18,54,241,35,15,1,39,208,0
628,8,88,242,44,240,80,124,173,219,0
1760,8,2,221,2,218,2,215,2,214,0
192,8,96,0,0,0,0,0,0,0,0
705,8,1,243,79,199,202,31,32,220,0
1694,8,4,64,4,125,31,192,21,66,0
293,8,144,0,64,223,64,191,137,96,0
852,8,32,17,64,0,0,1,118,0,0
1505,8,137,50,128,7,10,0,172,128,0
651,8,0,0,0,0,0,0,0,0,0
1788,8,0,0,7,59,242,186,136,0,0
167,8,0,81,16,165,49,45,160,160,0
569,8,0,0,0,93,224,0,58,128,0
661,8,0,0,0,0,0,0,24,64,0
208,8,106,80,4,100,167,3,69,0,0
51,8,18,54,233,35,15,65,39,208,0
14,8,32,84,22,2,8,9,115,196,0
215,8,0,0,2,0,128,0,0,0,0
403,8,0,8,8,3,232,8,0,0,0
263,8,0,0,0,0,0,0,0,0,0
526,8,78,32,7,161,165,63,208,7,0
1314,8,223,127,208,0,126,144,0,28,0
870,8,128,29,200,2,1,71,206,56,0
1408,8,0,0,0,7,73,7,249,80,0
1076,8,2,170,32,167,40,85,26,96,0
1760,8,2,218,2,214,2,217,2,213,0
186,8,6,168,43,196,16,0,6,140,0
293,8,144,0,64,223,64,191,107,96,0
1176,8,132,0,32,0,178,128,209,192,0
961,8,123,85,31,188,8,155,233,46,0
560,8,253,0,0,2,212,0,4,0,0
737,8,0,0,0,0,0,0,0,4,0
852,8,32,17,64,0,0,1,103,0,0
1505,8,137,50,128,7,10,0,168,128,0
354,8,36,72,1,228,62,18,30,201,0
167,8,0,81,15,165,49,45,160,160,0
1175,8,0,0,0,0,0,0,0,0,0
339,8,0,0,0,0,0,12,0,10,0
1634,8,76,128,0,0,64,0,0,0,0
14,8,32,84,22,2,8,9,115,190,0
412,8,28,166,32,7,130,0,40,80,0
208,8,114,80,4,100,165,3,70,0,0
51,8,18,54,225,38,127,129,39,208,0
628,8,88,242,46,238,80,124,173,219,0
1760,8,2,217,2,214,2,213,2,215,0
192,8,96,0,0,0,0,0,0,0,0
738,8,24,8,13,64,64,0,1,24,0
837,8,5,2,2,194,60,119,64,129,0
1072,8,0,64,68,140,94,128,17,160,0
304,8,0,1,96,0,0,0,0,0,0
813,8,128,0,4,32,172,1,0,32,0
1277,8,17,60,10,83,81,11,202,8,0
1694,8,4,64,4,125,31,192,21,98,0
293,8,144,0,64,223,64,191,77,96,0
852,8,32,17,128,0,0,1,200,0,0
1505,8,137,50,128,7,10,0,164,128,0
651,8,0,0,0,0,0,0,0,0,0
167,8,0,81,16,37,49,45,160,160,0
1644,8,0,128,16,0,32,0,0,32,0
722,8,0,0,16,0,0,0,0,0,0
631,8,30,1,128,0,0,0,1,0,0
1560,8,251,125,190,255,247,119,191,221,0
208,8,122,80,4,102,164,3,70,0,0
51,8,18,46,217,31,95,193,39,208,0
14,8,32,84,22,2,8,9,115,190,0
403,8,0,8,8,3,232,8,0,0,0
263,8,0,0,0,0,0,0,0,0,0
526,8,78,32,3,161,165,63,239,247,0
1314,8,223,127,208,0,126,24,0,28,0
870,8,128,29,200,2,1,71,206,56,0
1408,8,0,0,0,7,65,135,249,80,0
1076,8,2,202,160,167,88,133,74,144,0
1760,8,2,220,2,212,2,213,2,215,0
1176,8,132,0,32,0,177,128,209,193,0
293,8,144,0,64,223,64,191,47,96,0
1398,8,127,248,0,0,63,252,31,192,0
560,8,252,0,0,2,212,0,6,0,0
737,8,0,0,0,0,0,0,0,4,0
852,8,32,17,128,0,0,1,200,0,0
1505,8,137,50,128,7,10,0,164,128,0
354,8,36,72,1,228,62,18,30,201,0
167,8,0,81,16,165,49,45,160,160,0
930,8,0,0,0,0,8,1,224,0,0
244,8,154,12,1,2,4,177,2,64,0
961,8,123,85,31,187,72,220,105,46,0
1255,8,0,0,0,21,3,109,0,0,0
339,8,0,0,0,0,0,12,0,10,0
14,8,32,84,22,2,8,9,115,196,0
661,8,0,0,0,0,0,0,24,64,0
1634,8,76,128,0,0,64,0,0,0,0
1668,8,76,212,127,217,65,95,80,30,0
1590,8,36,156,60,1,11,139,192,0,0
727,8,16,0,96,216,0,0,0,8,0
412,8,0,194,32,7,130,0,40,80,0
208,8,2,80,4,102,179,3,70,0,0
51,8,18,47,81,31,92,1,39,208,0
628,8,88,242,32,252,80,124,173,219,0
1760,8,2,219,2,211,2,217,2,216,0
192,8,96,0,0,0,0,0,0,0,0
1694,8,4,64,4,125,31,192,21,98,0
293,8,144,0,64,223,64,191,17,96,0
996,8,0,212,0,0,132,0,0,0,0
1628,8,64,8,18,165,153,112,0,0,0
1399,8,0,0,8,0,0,0,1,72,0
622,8,1,6,64,130,137,18,10,4,0
852,8,32,17,128,0,0,1,192,128,0
1505,8,137,50,128,7,10,0,164,128,0
651,8,0,0,0,0,0,0,0,0,0
167,8,0,81,13,165,49,45,160,160,0
1031,8,56,140,95,240,0,1,151,32,0
14,8,32,84,22,2,8,9,115,196,0
208,8,10,80,4,96,178,3,70,0,0
51,8,18,47,73,37,108,65,39,208,0
403,8,0,8,8,3,232,8,0,0,0
263,8,0,0,0,0,0,0,0,0,0
526,8,78,32,3,161,166,63,239,231,0
1314,8,223,127,208,0,125,160,0,28,0
870,8,128,29,200,2,1,71,206,56,0
1408,8,0,0,0,7,66,7,249,64,0
1076,8,2,234,160,167,136,181,122,192,0
1760,8,2,220,2,218,2,218,2,216,0
186,8,6,168,43,132,16,0,6,140,0
60,8,0,0,4,0,50,0,0,0,0
1176,8,132,0,32,0,174,128,210,66,0
293,8,144,0,64,223,64,190,243,96,0
1124,8,0,2,64,0,0,144,18,92,0
519,8,4,4,96,72,42,222,213,24,0
692,8,20,234,6,0,0,0,88,0,0
1225,8,1,249,21,130,13,2,246,75,0
470,8,6,15,130,128,48,36,5,128,0
737,8,0,0,0,0,0,0,0,4,0
852,8,32,17,128,0,0,1,177,128,0
1505,8,137,50,128,7,10,0,168,128,0
354,8,36,72,1,228,62,18,30,201,0
167,8,0,81,13,165,49,45,160,160,0
560,8,251,0,0,2,212,0,8,0,0
339,8,0,0,0,0,0,12,0,10,0
14,8,32,84,22,2,8,9,115,208,0
1634,8,76,128,0,0,64,0,0,0,0
412,8,4,190,32,7,130,0,40,80,0
208,8,18,80,4,96,175,3,72,0,0
51,8,18,47,65,31,92,129,39,208,0
628,8,88,242,34,250,80,124,173,219,0
1760,8,2,221,2,219,2,217,2,215,0
192,8,96,0,0,0,0,0,0,0,0
961,8,123,85,31,187,8,93,41,46,0
1694,8,4,64,4,125,31,192,21,98,0
293,8,144,0,64,223,64,190,213,96,0
852,8,32,17,128,0,0,1,177,128,0
1505,8,137,50,128,7,10,0,168,128,0
651,8,0,0,0,0,0,0,0,0,0
167,8,0,81,13,37,49,45,160,160,0
61,8,0,1,128,0,0,0,0,0,0
661,8,0,0,0,0,0,0,24,64,0
208,8,26,80,4,96,174,3,72,0,0
51,8,18,47,57,31,92,193,39,208,0
14,8,32,84,22,2,8,9,115,208,0
403,8,0,8,8,3,232,8,0,0,0
263,8,0,0,0,0,0,0,0,0,0
526,8,78,32,3,161,166,191,239,223,0
1314,8,223,127,208,0,125,40,0,28,0
870,8,128,29,200,2,1,71,206,56,0
1408,8,0,0,0,7,50,135,249,80,0
1076,8,3,10,128,167,184,213,170,224,0
1760,8,2,216,2,216,2,217,2,216,0
452,8,0,2,2,0,1,128,0,0,0
293,8,144,0,64,223,64,190,183,96,0
676,8,78,30,1,28,4,8,152,208,0
1176,8,132,0,32,0,173,128,210,67,0
813,8,128,0,4,32,172,1,0,32,0
1277,8,17,63,10,83,85,12,74,8,0
560,8,250,0,0,2,212,0,10,0,0
737,8,0,0,0,0,0,0,0,4,0
852,8,32,17,128,0,0,1,170,0,0
1505,8,137,50,96,7,10,0,172,128,0
354,8,36,72,1,228,62,18,30,201,0
167,8,0,81,12,165,49,45,160,160,0
1372,8,16,27,0,0,65,130,48,0,0
339,8,0,0,0,0,0,12,0,10,0
1634,8,76,128,0,0,64,0,0,0,0
14,8,32,84,22,2,8,9,115,214,0
412,8,8,186,32,7,130,0,40,80,0
208,8,34,80,4,98,173,3,72,0,0
1413,8,0,64,0,0,0,2,0,24,0
51,8,18,47,49,37,29,1,39,208,0
628,8,88,242,36,248,80,124,173,219,0
192,8,96,0,0,0,0,0,0,0,0
1760,8,2,218,2,217,2,217,2,216,0
1694,8,4,64,4,125,31,192,21,98,0
293,8,144,0,64,223,64,190,153,96,0
852,8,32,17,128,0,0,1,170,0,0
1505,8,137,50,128,7,10,0,172,128,0
651,8,0,0,0,0,0,0,0,0,0
167,8,0,81,16,165,49,45,160,160,0
458,8,63,249,255,128,0,0,12,48,0
961,8,123,85,31,187,71,157,169,46,0
208,8,42,80,4,98,172,3,72,0,0
51,8,18,47,41,35,189,65,39,208,0
1399,8,0,0,8,0,0,0,1,70,0
14,8,32,84,22,2,8,9,115,226,0
403,8,0,8,8,3,232,8,0,0,0
263,8,0,0,0,0,0,0,0,0,0
526,8,78,32,3,161,164,191,239,255,0
1314,8,223,127,208,0,124,176,0,28,0
870,8,127,221,200,2,1,71,206,56,0
1408,8,0,0,0,7,43,7,249,80,0
1076,8,3,42,0,167,233,5,219,16,0
1760,8,2,222,2,214,2,216,2,217,0
186,8,6,168,43,68,16,0,6,140,0
293,8,144,0,64,223,64,190,123,96,0
1459,8,4,0,0,0,0,0,4,0,0
1176,8,132,0,32,0,172,128,210,68,0
1049,8,10,155,70,77,4,95,194,79,0
560,8,249,0,0,2,212,0,12,0,0
737,8,0,0,0,0,0,0,0,4,0
852,8,32,17,128,0,0,1,155,0,0
1505,8,137,50,128,7,10,0,172,128,0
354,8,36,72,1,228,62,18,30,201,0
167,8,0,81,15,165,49,45,160,160,0
675,8,16,0,2,132,112,128,60,8,0
339,8,0,0,0,0,0,12,0,10,0
14,8,32,84,22,2,8,9,115,238,0
661,8,0,0,0,0,0,0,24,64,0
1634,8,76,128,0,0,64,0,0,0,0
412,8,12,182,32,7,130,0,40,80,0
208,8,50,80,4,98,171,3,72,0,0
51,8,18,47,33,35,189,129,39,208,0
628,8,88,242,38,246,80,124,173,219,0
1760,8,2,221,2,214,2,217,2,220,0
192,8,96,0,0,0,0,0,0,0,0
1694,8,4,64,4,125,31,192,21,66,0
293,8,144,0,64,223,64,190,93,96,0
852,8,32,17,128,0,0,1,140,0,0
1505,8,137,50,128,7,10,0,172,128,0
651,8,0,0,0,0,0,0,0,0,0
1788,8,0,0,7,60,178,186,136,0,0
167,8,0,81,17,165,49,45,160,160,0
569,8,0,0,0,93,64,0,58,96,0
705,8,1,244,111,199,204,30,242,240,0
208,8,58,80,4,100,170,3,72,0,0
51,8,18,47,25,32,173,193,39,208,0
215,8,0,0,2,0,128,0,0,0,0
14,8,32,84,22,2,8,9,115,220,0
403,8,0,8,8,3,232,8,0,0,0
263,8,0,0,0,0,0,0,0,0,0
526,8,78,32,3,161,166,191,240,7,0
1314,8,223,127,208,0,124,56,0,28,0
870,8,128,29,200,2,1,71,206,56,0
1408,8,0,0,0,7,43,135,249,64,0
1076,8,3,74,160,168,25,54,11,64,0
1760,8,2,225,2,219,2,218,2,220,0
293,8,144,0,64,223,64,190,63,96,0
1176,8,132,0,32,0,169,128,210,197,0
961,8,123,85,31,187,198,94,105,46,0
560,8,248,0,0,2,212,0,14,0,0
737,8,0,0,0,0,0,0,0,4,0
852,8,32,17,128,0,0,1,140,0,0
1505,8,137,50,128,7,10,0,176,128,0
354,8,36,72,1,228,62,18,30,201,0
167,8,0,81,16,165,49,45,160,160,0
1175,8,0,0,0,0,0,0,0,0,0
339,8,0,0,0,0,0,12,0,10,0
1634,8,76,96,0,0,64,0,0,0,0
14,8,32,84,22,2,8,9,115,196,0
412,8,16,178,32,7,130,0,40,80,0
208,8,66,80,4,100,167,3,74,0,0
51,8,18,47,17,38,126,1,39,208,0
628,8,88,242,40,244,80,124,173,219,0
1760,8,2,222,2,220,2,220,2,220,0
192,8,96,0,0,0,0,0,0,0,0
738,8,24,8,13,64,64,0,1,24,0
837,8,5,2,2,194,60,119,64,129,0
1072,8,0,64,68,140,96,128,17,160,0
304,8,0,1,96,0,0,0,0,0,0
1227,8,128,0,0,0,0,0,0,0,0
813,8,128,0,4,32,172,1,0,32,0
1694,8,4,64,4,125,31,192,21,66,0
293,8,144,0,64,223,64,160,1,96,0
640,8,24,224,2,112,0,0,0,0,0
1277,8,17,66,10,83,89,12,202,8,0
852,8,32,17,128,0,0,1,132,128,0
1505,8,137,50,128,7,10,0,176,128,0
651,8,0,0,0,0,0,0,0,0,0
167,8,0,81,15,37,49,45,160,160,0
1644,8,0,128,16,0,32,0,0,32,0
722,8,0,0,24,0,0,0,0,0,0
661,8,0,0,0,0,0,0,24,64,0
208,8,74,80,4,102,166,3,74,0,0
51,8,18,47,9,38,126,65,39,208,0
14,8,32,84,22,2,8,9,115,220,0
403,8,0,8,8,3,232,8,0,0,0
263,8,0,0,0,0,0,0,0,0,0
526,8,78,32,7,161,168,63,239,255,0
1314,8,223,127,208,0,123,192,0,28,0
870,8,128,29,200,2,1,71,206,56,0
1408,8,0,0,0,7,36,7,249,64,0
1076,8,3,106,160,168,57,102,59,112,0
1760,8,2,219,2,221,2,220,2,219,0
186,8,6,168,43,68,16,0,6,140,0
293,8,144,0,64,223,64,191,227,96,0
241,8,62,16,28,192,3,89,204,0,0
1176,8,132,0,32,0,167,128,211,6,0
560,8,247,0,0,2,212,0,16,0,0
737,8,0,0,0,0,0,0,0,4,0
852,8,32,17,128,0,0,1,117,128,0
1505,8,137,50,96,7,10,0,176,128,0
354,8,36,72,1,228,62,18,30,201,0
167,8,0,81,16,165,49,45,160,160,0
244,8,154,12,1,2,4,177,2,64,0
961,8,123,85,31,188,5,158,233,46,0
1255,8,0,0,0,21,3,109,0,0,0
339,8,0,0,0,0,0,12,0,10,0
14,8,32,84,22,2,8,9,115,208,0
1634,8,76,96,0,0,64,0,0,0,0
1668,8,76,212,128,25,65,95,80,30,0
1590,8,36,156,60,129,11,139,208,0,0
727,8,16,0,96,216,0,0,0,8,0
412,8,20,174,32,7,130,0,40,80,0
208,8,82,80,4,102,164,3,75,0,0
51,8,18,47,1,30,190,129,39,208,0
1760,8,2,225,2,221,2,219,2,218,0
628,8,88,242,42,242,80,124,173,219,0
192,8,96,0,0,0,0,0,0,0,0
996,8,0,212,0,0,132,0,0,0,0
1694,8,4,64,4,125,31,192,21,66,0
293,8,144,0,64,223,64,191,197,96,0
1628,8,64,8,18,165,153,112,0,0,0
1399,8,0,0,8,0,0,0,1,70,0
622,8,1,6,64,130,137,18,10,4,0
852,8,32,17,128,0,0,1,117,128,0
1505,8,137,50,96,7,10,0,176,128,0
651,8,0,0,0,0,0,0,0,0,0
167,8,0,81,15,165,49,45,160,160,0
1031,8,56,142,95,240,0,1,150,224,0
208,8,90,80,4,102,163,3,75,0,0
51,8,18,46,249,38,126,193,39,208,0
14,8,32,84,22,2,8,9,115,202,0
403,8,0,8,8,3,232,8,0,0,0
263,8,0,0,0,0,0,0,0,0,0
526,8,78,32,7,161,167,191,239,255,0
1314,8,223,127,208,0,123,72,0,28,0
870,8,128,29,200,2,1,71,206,56,0
1408,8,0,0,0,7,28,135,249,64,0
1076,8,3,128,0,168,105,150,91,160,0
1760,8,2,222,2,219,2,219,2,223,0
1176,8,132,0,32,0,165,128,211,71,0
1124,8,0,2,64,0,0,144,17,93,0
293,8,144,0,64,223,64,191,167,96,0
60,8,0,0,4,0,50,0,0,0,0
519,8,4,4,96,72,42,222,213,24,0
1225,8,1,249,21,130,13,2,246,75,0
470,8,2,11,128,128,48,36,5,128,0
560,8,246,0,0,2,212,0,18,0,0
692,8,20,234,6,0,0,0,88,0,0
737,8,0,0,0,0,0,0,0,4,0
852,8,32,17,128,0,0,1,110,0,0
1505,8,137,50,96,7,10,0,176,128,0
354,8,36,72,1,228,62,18,30,201,0
167,8,0,81,15,165,49,45,160,160,0
339,8,0,0,0,0,0,12,0,10,0
661,8,0,0,0,0,0,0,24,64,0
14,8,32,84,22,2,8,9,115,202,0
1634,8,76,96,0,0,64,0,0,0,0
412,8,24,170,32,7,130,0,40,80,0
208,8,98,80,4,96,161,3,76,0,0
51,8,18,62,241,38,127,1,39,208,0
628,8,88,242,44,240,80,124,173,219,0
1760,8,2,223,2,216,2,220,2,223,0
192,8,96,0,0,0,0,0,0,0,0
961,8,123,85,31,188,68,159,169,46,0
1694,8,4,64,4,125,31,192,21,66,0
293,8,144,0,64,223,64,191,137,96,0
852,8,32,17,128,0,0,1,110,0,0
1505,8,137,50,96,7,10,0,172,128,0
651,8,0,0,0,0,0,0,0,0,0
167,8,0,81,17,37,49,45,160,160,0
61,8,0,1,128,0,0,0,0,0,0
208,8,106,80,4,96,160,3,76,0,0
51,8,18,62,233,33,95,65,39,208,0
14,8,32,84,22,2,8,9,115,196,0
403,8,0,8,8,3,232,8,0,0,0
263,8,0,0,0,0,0,0,0,0,0
526,8,78,32,7,161,168,63,240,7,0
1314,8,223,127,208,0,122,208,0,28,0
870,8,128,29,200,2,1,71,206,56,0
1408,8,0,0,0,7,29,7,249,48,0
1076,8,3,162,160,168,153,198,139,208,0
1760,8,2,225,2,221,2,221,2,221,0
186,8,6,168,43,68,16,0,6,140,0
293,8,144,0,64,223,64,191,107,96,0
663,8,17,0,0,32,0,2,81,16,0
1307,8,40,177,129,177,137,199,248,193,0
1176,8,132,0,32,0,163,128,211,136,0
813,8,128,0,4,32,172,1,0,32,0
1277,8,17,66,10,83,89,12,202,8,0
560,8,245,0,0,2,212,0,20,0,0
737,8,0,0,0,0,0,0,0,4,0
852,8,32,17,128,0,0,1,95,0,0
1505,8,137,50,96,7,10,0,172,128,0
354,8,36,72,1,228,62,18,30,201,0
167,8,0,81,14,37,49,45,160,160,0
339,8,0,0,0,0,0,12,0,10,0
14,8,32,84,22,2,8,9,115,196,0
1634,8,76,96,0,0,64,0,0,0,0
412,8,28,166,32,7,130,0,40,80,0
1413,8,0,64,0,0,0,2,0,24,0
208,8,114,80,4,98,158,3,77,0,0
51,8,18,46,225,35,15,129,39,208,0
628,8,88,242,46,238,80,124,173,219,0
1760,8,2,224,2,221,2,221,2,222,0
192,8,96,0,0,0,0,0,0,0,0
1694,8,4,64,4,125,31,192,21,66,0
293,8,144,0,64,223,64,191,77,96,0
852,8,32,17,128,0,0,1,200,0,0
1505,8,137,50,64,7,10,0,172,128,0
651,8,0,0,0,0,0,0,0,0,0
167,8,0,81,14,165,49,45,160,160,0
458,8,63,249,255,128,0,0,12,48,0
961,8,123,85,31,187,132,224,41,46,0
661,8,0,0,0,0,0,0,24,64,0
208,8,122,80,4,98,157,3,77,0,0
51,8,18,46,217,35,15,193,39,208,0
14,8,32,84,22,2,8,9,115,196,0
1399,8,0,0,8,0,0,0,1,70,0
403,8,0,8,8,3,232,8,0,0,0
1459,8,4,0,0,0,0,0,4,0,0
526,8,78,32,3,161,168,191,239,255,0
1314,8,223,127,208,0,122,88,0,28,0
263,8,0,0,0,0,0,0,0,0,0
870,8,128,29,200,2,1,71,206,56,0
1408,8,0,0,0,7,29,135,249,32,0
1076,8,3,202,160,168,201,246,220,0,0
1760,8,2,227,2,222,2,221,2,222,0
293,8,144,0,64,223,64,191,47,96,0
778,8,64,45,112,1,212,14,50,0,0
1176,8,132,0,32,0,161,128,211,201,0
560,8,244,0,0,2,212,0,22,0,0
737,8,0,0,0,0,0,0,0,4,0
852,8,32,17,128,0,0,1,200,0,0
1505,8,137,50,64,7,10,0,168,128,0
354,8,36,72,1,228,62,18,30,201,0
675,8,16,0,2,132,112,128,60,8,0
167,8,0,81,13,37,49,45,160,160,0
339,8,0,0,0,0,0,12,0,10,0
1634,8,76,96,0,0,64,0,0,0,0
14,8,32,84,22,2,8,9,115,190,0
412,8,0,194,32,7,130,0,40,80,0
208,8,2,80,4,98,171,3,78,0,0
51,8,18,47,81,39,44,1,39,208,0
628,8,88,242,32,252,80,124,173,219,0
1760,8,2,222,2,218,2,222,2,222,0
192,8,96,0,0,0,0,0,0,0,0
1694,8,4,64,4,125,31,192,21,66,0
293,8,144,0,64,223,64,191,17,96,0
852,8,32,17,128,0,0,1,192,128,0
1505,8,137,50,64,7,10,0,168,128,0
651,8,0,0,0,0,0,0,0,0,0
1788,8,0,0,7,60,146,186,136,0,0
167,8,0,81,14,37,49,45,160,160,0
569,8,0,0,0,92,224,0,58,96,0
208,8,10,80,4,100,170,3,78,0,0
51,8,18,71,73,30,188,65,39,208,0
215,8,0,0,2,0,128,0,0,0,0
14,8,32,84,22,2,8,9,115,208,0
403,8,0,8,8,3,232,8,0,0,0
263,8,0,0,0,0,0,0,0,0,0
526,8,78,32,3,161,169,63,239,247,0
1314,8,223,127,208,0,121,224,0,28,0
870,8,128,29,200,2,1,71,206,56,0
1408,8,0,0,0,7,22,7,249,32,0
1076,8,3,226,32,168,250,38,252,32,0
1760,8,2,224,2,221,2,222,2,221,0
186,8,6,168,42,132,16,0,6,140,0
961,8,123,85,31,187,4,160,233,46,0
1176,8,132,0,32,0,160,128,211,202,0
293,8,144,0,64,223,64,190,243,96,0
705,8,1,243,239,199,200,30,245,6,0
560,8,243,0,0,2,212,0,24,0,0
737,8,0,0,0,0,0,0,0,4,0
852,8,32,17,128,0,0,1,177,128,0
1505,8,137,50,32,7,10,0,164,128,0
354,8,36,72,1,228,62,18,30,201,0
167,8,0,81,17,37,49,45,160,160,0
1175,8,0,0,0,0,0,0,0,0,0
339,8,0,0,0,0,0,12,0,10,0
661,8,0,0,0,0,0,0,24,64,0
14,8,32,84,22,2,8,9,115,202,0
412,8,4,190,32,7,130,0,40,80,0
1634,8,76,96,0,0,64,0,0,0,0
208,8,18,80,4,100,169,3,78,0,0
51,8,18,71,65,30,188,129,39,208,0
628,8,88,242,34,250,80,124,173,219,0
1760,8,2,228,2,221,2,221,2,221,0
192,8,96,0,0,0,0,0,0,0,0
738,8,24,8,13,64,64,0,1,24,0
837,8,5,2,2,194,60,119,64,129,0
1072,8,0,64,68,140,96,128,17,160,0
304,8,0,1,96,0,0,0,0,0,0
813,8,128,0,4,32,172,1,0,32,0
1694,8,4,64,4,125,31,192,21,66,0
293,8,144,0,64,223,64,190,213,96,0
1277,8,17,75,10,83,101,14,74,8,0
692,8,20,234,7,0,0,0,88,0,0
852,8,32,17,128,0,0,1,177,128,0
1505,8,137,50,32,7,10,0,164,128,0
651,8,0,0,0,0,0,0,0,0,0
167,8,0,81,16,165,49,45,160,160,0
722,8,0,0,32,0,0,0,0,0,0
1644,8,0,128,16,0,24,0,0,32,0
1372,8,16,27,0,0,65,130,48,0,0
208,8,26,80,4,100,168,3,78,0,0
51,8,18,71,57,38,28,193,39,208,0
14,8,32,84,22,2,8,9,115,172,0
403,8,0,8,8,3,232,8,0,0,0
263,8,0,0,0,0,0,0,0,0,0
526,8,78,32,3,161,169,63,239,247,0
1314,8,223,127,208,0,121,104,0,28,0
870,8,128,29,200,2,1,71,206,56,0
1408,8,0,0,0,7,14,135,249,32,0
1076,8,4,10,32,169,42,71,44,80,0
1760,8,2,226,2,220,2,222,2,223,0
1176,8,132,0,32,0,159,128,211,203,0
293,8,144,0,64,223,64,190,183,96,0
248,8,126,223,244,253,73,251,167,184,0
560,8,242,0,0,2,212,0,26,0,0
737,8,0,0,0,0,0,0,0,4,0
852,8,32,17,192,0,0,1,162,0,0
1505,8,137,50,32,7,10,0,164,128,0
354,8,36,72,1,228,62,18,30,201,0
167,8,0,81,17,165,49,45,160,160,0
244,8,154,12,1,2,4,177,2,64,0
961,8,123,85,31,187,4,33,105,46,0
1255,8,0,0,0,21,3,109,0,0,0
339,8,0,0,0,0,0,12,0,10,0
14,8,32,84,22,2,8,9,115,196,0
1634,8,76,96,0,0,64,0,0,0,0
1668,8,76,212,127,153,65,95,80,30,0
1590,8,36,156,61,65,11,139,224,0,0
727,8,16,0,96,216,0,0,0,8,0
412,8,8,186,32,7,130,0,40,80,0
208,8,34,80,4,102,167,3,78,0,0
51,8,18,55,49,33,173,1,39,208,0
628,8,88,242,36,248,80,124,173,219,0
1760,8,2,223,2,221,2,223,2,224,0
192,8,96,0,0,0,0,0,0,0,0
996,8,0,212,0,0,132,0,0,0,0
1694,8,4,64,4,125,31,192,21,66,0
293,8,144,0,64,223,64,190,153,96,0
1628,8,64,8,18,165,153,128,0,0,0
1399,8,0,0,8,0,0,0,1,70,0
852,8,32,17,192,0,0,1,162,0,0
1505,8,137,50,32,7,10,0,168,128,0
651,8,0,0,0,0,0,0,0,0,0
167,8,0,81,15,165,49,45,160,160,0
1031,8,56,142,95,240,0,1,150,224,0
622,8,1,6,64,130,137,18,10,4,0
661,8,0,0,0,0,0,0,24,64,0
208,8,42,80,4,102,166,3,78,0,0
51,8,18,55,41,33,173,65,39,208,0
14,8,32,84,22,2,8,9,115,190,0
403,8,0,8,8,3,232,8,0,0,0
263,8,0,0,0,0,0,0,0,0,0
526,8,78,32,3,161,169,63,239,247,0
1314,8,223,127,208,0,120,240,0,28,0
870,8,128,29,200,2,1,71,206,56,0
1408,8,0,0,0,7,7,7,249,32,0
1076,8,4,34,160,169,90,119,92,128,0
1760,8,2,223,2,220,2,224,2,224,0
186,8,6,168,41,68,16,0,6,140,0
1176,8,132,0,32,0,156,128,212,76,0
1124,8,0,2,64,0,0,144,16,94,0
293,8,144,0,64,223,64,190,123,96,0
60,8,0,0,4,0,50,0,0,0,0
519,8,4,4,96,72,42,222,213,24,0
692,8,20,234,7,0,0,0,88,0,0
1225,8,1,249,21,130,13,2,246,75,0
470,8,2,15,130,128,48,36,5,128,0
737,8,0,0,0,0,0,0,0,4,0
852,8,32,17,192,0,0,1,147,0,0
1505,8,137,50,32,7,10,0,172,128,0
354,8,36,72,1,228,62,18,30,201,0
167,8,0,81,13,165,49,45,160,160,0
37,8,0,0,2,136,64,64,14,1,0
1331,8,237,127,207,126,255,249,239,127,0
560,8,241,0,0,2,212,0,28,0,0
339,8,0,0,0,0,0,12,0,10,0
1634,8,76,96,0,0,64,0,0,0,0
14,8,32,84,22,2,8,9,115,196,0
412,8,12,182,32,7,130,0,40,80,0
208,8,50,80,4,96,163,3,80,0,0
51,8,18,55,33,37,29,129,39,208,0
628,8,88,242,38,246,80,124,173,219,0
1760,8,2,223,2,219,2,224,2,224,0
192,8,96,0,0,0,0,0,0,0,0
961,8,123,85,31,187,3,98,41,46,0
1694,8,4,64,4,125,31,192,21,66,0
293,8,144,0,64,223,64,190,93,96,0
852,8,32,17,192,0,0,1,132,0,0
1505,8,137,50,32,7,10,0,176,128,0
651,8,0,0,0,0,0,0,0,0,0
167,8,0,81,15,37,49,45,160,160,0
61,8,0,1,128,0,0,0,0,0,0
208,8,58,80,4,96,162,3,80,0,0
51,8,18,55,25,36,13,193,39,208,0
14,8,32,84,22,2,8,9,115,202,0
403,8,0,8,8,3,232,8,0,0,0
263,8,0,0,0,0,0,0,0,0,0
526,8,78,32,3,161,168,191,207,247,0
1314,8,223,127,208,0,120,120,0,28,0
870,8,128,29,200,2,1,71,206,56,0
1408,8,0,0,0,6,255,135,249,32,0
1076,8,4,66,160,169,154,167,140,176,0
1760,8,2,225,2,221,2,224,2,224,0
1176,8,132,0,32,0,154,128,212,141,0
293,8,144,0,64,223,64,190,63,96,0
813,8,128,0,4,32,172,1,0,32,0
1277,8,17,72,10,83,97,13,202,8,0
560,8,240,0,0,2,212,0,30,0,0
737,8,0,0,0,0,0,0,0,4,0
852,8,32,17,192,0,0,1,132,0,0
1505,8,137,50,32,7,10,0,176,128,0
354,8,36,72,1,228,62,18,30,201,0
167,8,0,81,13,165,49,45,160,160,0
339,8,0,0,0,0,0,12,0,10,0
661,8,0,0,0,0,0,0,24,64,0
14,8,32,84,22,2,8,9,115,196,0
1634,8,76,96,0,0,64,0,0,0,0
1413,8,0,64,0,0,0,2,0,24,0
412,8,16,178,32,7,130,0,40,80,0
208,8,66,80,4,96,160,3,81,0,0
51,8,18,55,17,36,14,1,39,208,0
628,8,88,242,40,244,80,124,173,219,0
1760,8,2,229,2,221,2,223,2,223,0
192,8,96,0,0,0,0,0,0,0,0
1694,8,4,64,4,125,31,192,21,66,0
293,8,144,0,64,223,64,160,1,96,0
852,8,32,17,192,0,0,1,124,128,0
1505,8,137,50,32,7,10,0,180,128,0
651,8,0,0,0,0,0,0,0,0,0
458,8,63,249,255,128,0,0,12,48,0
167,8,0,81,14,37,49,45,160,160,0
961,8,123,85,31,187,130,98,169,46,0
208,8,74,80,4,98,159,3,81,0,0
51,8,18,39,9,32,94,65,39,208,0
1399,8,0,0,8,0,0,0,1,70,0
14,8,32,84,22,2,8,9,115,196,0
403,8,0,8,8,3,232,8,0,0,0
263,8,0,0,0,0,0,0,0,0,0
526,8,78,32,3,161,169,63,175,255,0
1314,8,223,127,208,0,127,128,0,28,0
870,8,128,29,200,2,1,71,206,56,0
1408,8,0,0,0,7,112,7,249,32,0
1076,8,4,104,0,169,202,215,188,240,0
1760,8,2,229,2,221,2,222,2,223,0
186,8,6,152,41,132,16,0,6,140,0
293,8,144,0,64,223,64,191,227,96,0
1459,8,4,0,0,0,0,0,4,0,0
1176,8,132,0,32,0,155,128,212,14,0
1165,8,255,255,255,255,255,255,255,255,1
560,8,255,0,0,2,212,0,0,0,0
737,8,0,0,0,0,0,0,0,4,0
852,8,32,17,128,0,0,1,117,128,0
1505,8,137,50,32,7,10,0,176,128,0
354,8,36,72,1,228,64,18,31,201,0
167,8,0,81,14,37,49,45,160,160,0
675,8,16,0,2,132,114,128,60,8,0
202,8,255,255,255,255,255,255,255,255,1
339,8,0,0,0,0,0,12,0,10,0
14,8,32,84,22,2,8,9,115,184,0
1634,8,76,96,0,0,64,0,0,0,0
412,8,20,174,32,7,130,0,40,80,0
208,8,82,80,4,98,160,3,79,0,0
51,8,18,39,1,37,110,129,39,208,0
628,8,88,242,42,242,80,124,173,219,0
1760,8,2,222,2,221,2,224,2,225,0
192,8,96,0,0,0,0,0,0,0,0
1694,8,4,64,4,125,31,192,21,66,0
293,8,144,0,64,223,64,191,197,96,0
1096,8,255,255,255,255,255,255,255,255,1
852,8,32,17,128,0,0,1,117,128,0
1505,8,137,50,32,7,10,0,176,128,0
651,8,0,0,0,0,0,0,0,0,0
1788,8,0,0,7,61,18,186,144,0,0
167,8,0,81,12,37,49,45,160,160,0
569,8,0,0,0,92,224,0,58,96,0
661,8,0,0,0,0,0,0,24,64,0
208,8,90,80,4,100,159,3,79,0,0
14,8,32,84,22,2,8,9,115,184,0
51,8,18,38,249,37,110,193,39,208,0
1002,8,255,255,255,255,255,255,255,255,1
215,8,0,0,2,0,128,0,0,0,0
403,8,0,8,8,3,232,8,0,0,0
263,8,0,0,0,0,0,0,0,0,0
526,8,78,32,3,161,169,63,143,255,0
1314,8,223,127,208,0,127,8,0,28,0
870,8,128,29,200,2,1,71,206,56,0
1408,8,0,0,0,7,104,135,249,32,0
1076,8,0,0,0,169,251,23,237,32,0
1760,8,2,224,2,220,2,225,2,225,0
1176,8,132,0,32,0,152,128,212,143,0
293,8,144,0,64,223,64,191,167,96,0
961,8,123,85,31,186,194,99,105,46,0
560,8,254,0,0,2,212,0,2,0,0
737,8,0,0,0,0,0,0,0,4,0
852,8,32,17,128,0,0,1,110,0,0
709,8,255,255,255,255,255,255,255,255,1
1505,8,137,50,32,7,10,0,172,128,0
354,8,36,72,1,228,64,18,31,201,0
167,8,0,81,15,37,49,45,160,160,0
1175,8,0,0,0,0,0,0,0,0,0
705,8,1,242,79,199,201,158,245,26,0
339,8,0,0,0,0,0,12,0,10,0
1634,8,76,96,0,0,64,0,0,0,0
14,8,32,84,22,2,8,9,115,202,0
412,8,24,170,32,7,130,0,40,80,0
208,8,98,80,4,100,156,3,81,0,0
51,8,18,38,241,28,191,1,39,208,0
628,8,88,242,44,240,80,124,173,219,0
1760,8,2,226,2,223,2,224,2,225,0
192,8,96,0,0,0,0,0,0,0,0
913,8,255,255,255,255,255,255,255,255,1
738,8,24,8,13,64,64,0,1,24,0
837,8,5,2,2,194,60,119,64,129,0
1072,8,0,64,68,140,96,128,17,160,0
304,8,0,1,96,0,0,0,0,0,0
452,8,0,2,2,0,1,192,0,0,0
1694,8,4,64,4,125,31,192,21,66,0
293,8,144,0,64,223,64,191,137,96,0
1227,8,128,0,0,0,0,0,0,0,0
676,8,46,140,2,28,4,8,152,208,0
640,8,24,224,2,112,0,0,0,0,0
813,8,128,0,4,32,172,1,0,32,0
1277,8,17,56,10,83,75,10,202,8,0
852,8,32,17,128,0,0,1,110,0,0
1505,8,137,50,32,7,10,0,168,128,0
651,8,0,0,0,0,0,0,0,0,0
167,8,0,81,13,165,49,45,160,160,0
1644,8,0,128,16,0,24,0,0,32,0
722,8,0,0,40,0,0,0,0,0,0
912,8,255,255,255,255,255,255,255,255,1
208,8,106,80,4,100,155,3,81,0,0
51,8,18,38,233,36,15,65,39,208,0
14,8,32,84,22,2,8,9,115,202,0
403,8,0,8,8,3,232,8,0,0,0
263,8,0,0,0,0,0,0,0,0,0
526,8,78,32,3,161,169,63,143,255,0
1314,8,223,127,208,0,126,144,0,28,0
870,8,127,221,200,2,1,71,206,56,0
1408,8,0,0,0,7,97,7,249,32,0
149,8,255,255,255,255,255,255,255,255,1
1076,8,0,32,0,170,43,72,29,80,0
1760,8,2,224,2,224,2,225,2,225,0
293,8,144,0,64,223,64,191,107,96,0
186,8,6,152,41,196,16,0,6,140,0
1176,8,132,0,32,0,167,128,212,128,0
560,8,253,0,0,2,212,0,4,0,0
737,8,0,0,0,0,0,0,0,4,0
852,8,32,17,128,0,0,1,95,0,0
1505,8,137,50,32,7,10,0,164,128,0
354,8,36,72,1,228,64,18,31,201,0
167,8,0,81,14,165,49,45,160,160,0
244,8,154,12,1,2,4,177,2,64,0
929,8,255,255,255,255,255,255,255,255,1
961,8,123,85,31,187,129,35,233,46,0
1255,8,0,0,0,21,3,109,0,0,0
339,8,0,0,0,0,0,12,0,10,0
14,8,32,84,22,2,8,9,115,220,0
661,8,0,0,0,0,0,0,24,64,0
1634,8,76,96,0,0,64,0,0,0,0
1668,8,76,212,127,153,65,95,144,30,0
1590,8,36,156,61,193,12,12,0,0,0
727,8,16,0,96,216,0,0,0,8,0
412,8,28,166,32,7,130,0,40,80,0
208,8,114,80,4,102,154,3,81,0,0
51,8,18,30,225,36,15,129,39,208,0
628,8,88,242,46,238,80,124,173,219,0
1760,8,2,230,2,223,2,225,2,224,0
192,8,96,0,0,0,0,0,0,0,0
1694,8,4,64,4,125,31,192,21,66,0
293,8,144,0,64,223,64,191,77,96,0
917,8,255,255,255,255,255,255,255,255,1
996,8,0,212,0,0,132,0,0,0,0
1628,8,64,8,18,165,153,144,0,0,0
1399,8,0,0,8,0,0,0,1,70,0
852,8,32,17,192,0,0,1,192,0,0
1505,8,137,50,32,7,10,0,164,128,0
651,8,0,0,0,0,0,0,0,0,0
167,8,0,81,15,165,49,45,160,160,0
1031,8,56,142,95,240,0,1,150,224,0
622,8,1,6,64,130,137,18,10,4,0
179,8,255,255,255,255,255,255,255,255,1
208,8,122,80,4,102,153,3,81,0,0
51,8,18,30,217,31,15,193,39,208,0
14,8,32,84,22,2,8,9,115,208,0
403,8,0,8,8,3,232,8,0,0,0
263,8,0,0,0,0,0,0,0,0,0
526,8,78,32,3,161,169,191,207,255,0
1314,8,223,127,208,0,126,24,0,28,0
1621,8,100,3,252,0,16,0,0,0,0
870,8,128,29,200,2,1,71,206,56,0
1408,8,0,0,0,7,89,135,249,32,0
1076,8,0,86,128,170,75,120,61,128,0
1760,8,2,231,2,224,2,226,2,225,0
1176,8,132,0,32,0,164,128,213,1,0
293,8,144,0,64,223,64,191,47,96,0
60,8,0,0,4,0,50,0,0,0,0
1124,8,0,2,64,0,0,144,15,95,0
519,8,4,4,224,88,42,222,213,24,0
1225,8,1,249,21,130,13,2,246,75,0
470,8,2,11,128,128,48,36,5,128,0
497,8,255,255,255,255,255,255,255,255,1
737,8,0,0,0,0,0,0,0,4,0
852,8,32,17,192,0,0,1,192,0,0
1505,8,137,50,32,7,10,0,160,128,0
354,8,36,72,1,228,64,18,31,201,0
167,8,0,81,13,37,49,45,160,160,0
692,8,20,234,7,0,0,0,88,0,0
560,8,252,0,0,2,212,0,6,0,0
14,8,32,84,22,2,8,9,115,226,0
339,8,0,0,0,0,0,12,0,10,0
1634,8,76,96,0,0,64,0,0,0,0
1466,8,255,255,255,255,255,255,255,255,1
412,8,0,194,32,7,130,0,40,64,0
208,8,2,80,4,96,166,3,83,0,0
51,8,18,15,81,33,172,1,39,208,0
628,8,88,242,32,252,80,124,173,219,0
1760,8,2,227,2,222,2,227,2,226,0
192,8,96,0,0,0,0,0,0,0,0
961,8,123,85,31,187,192,36,169,46,0
1694,8,4,64,4,125,31,192,21,66,0
293,8,144,0,64,223,64,191,17,96,0
852,8,32,17,192,0,0,1,184,128,0
1505,8,137,50,32,7,10,0,164,128,0
651,8,0,0,0,0,0,0,0,0,0
167,8,0,81,13,37,49,45,160,160,0
811,8,255,255,255,255,255,255,255,255,1
61,8,0,1,127,128,0,0,0,0,0
661,8,0,0,0,0,0,0,24,64,0
208,8,10,80,4,96,165,3,83,0,0
51,8,18,15,73,33,172,65,39,208,0
14,8,32,84,22,2,8,9,115,220,0
403,8,0,8,8,3,232,8,0,0,0
263,8,0,0,0,0,0,0,0,0,0
829,8,255,255,255,255,255,255,255,255,1
526,8,78,32,3,161,171,191,239,239,0
1314,8,223,127,208,0,125,160,0,28,0
870,8,128,93,200,2,1,71,206,56,0
1408,8,0,0,0,7,90,7,249,16,0
1076,8,0,119,128,170,123,168,109,176,0
1760,8,2,226,2,221,2,227,2,226,0
293,8,144,0,64,223,64,190,243,96,0
186,8,6,152,41,196,16,0,6,140,0
1307,8,41,9,24,63,1,6,8,1,0
1176,8,132,0,32,0,162,128,213,66,0
813,8,128,0,4,32,172,1,0,32,0
1277,8,17,63,10,83,85,12,74,8,0
560,8,251,0,0,2,212,0,8,0,0
737,8,0,0,0,0,0,0,0,4,0
852,8,32,17,192,0,0,1,169,128,0
1505,8,137,50,32,7,10,0,164,128,0
354,8,36,72,1,228,64,18,31,201,0
167,8,0,81,12,37,49,45,144,160,0
1372,8,16,27,0,0,65,130,48,0,0
365,8,255,255,255,255,255,255,255,255,1
339,8,0,0,0,0,0,12,0,10,0
1634,8,76,96,0,0,64,0,0,0,0
14,8,32,83,214,2,8,9,115,226,0
412,8,4,190,32,7,130,0,40,64,0
1413,8,0,64,0,0,0,2,0,24,0
208,8,18,80,4,96,163,3,84,0,0
51,8,18,15,65,34,188,129,39,208,0
628,8,88,242,34,250,80,124,173,219,0
1760,8,2,224,2,223,2,229,2,228,0
192,8,96,0,0,0,0,0,0,0,0
1258,8,255,255,255,255,255,255,255,255,1
1694,8,4,64,4,125,31,192,21,66,0
293,8,144,0,64,223,64,190,213,96,0
852,8,32,17,192,0,0,1,169,128,0
1505,8,137,50,32,7,10,0,164,128,0
651,8,0,0,0,0,0,0,0,0,0
167,8,0,81,11,37,49,45,144,160,0
458,8,63,249,255,128,0,0,12,48,0
961,8,123,85,31,186,192,165,41,46,0
196,8,255,255,255,255,255,255,255,255,1
208,8,26,80,4,98,162,3,84,0,0
51,8,18,15,57,29,188,193,39,208,0
1399,8,0,0,8,0,0,0,1,70,0
14,8,32,83,214,2,8,9,115,238,0
403,8,0,8,8,3,232,8,0,0,0
263,8,0,0,0,0,0,0,0,0,0
526,8,78,32,3,161,169,63,239,255,0
1314,8,223,127,208,0,125,40,0,28,0
870,8,127,221,200,2,1,71,206,56,0
1408,8,0,0,0,7,82,135,249,16,0
1076,8,0,136,224,170,171,216,157,224,0
1760,8,2,227,2,226,2,228,2,228,0
1459,8,4,0,0,0,0,0,4,0,0
293,8,144,0,64,223,64,190,183,96,0
1176,8,132,0,32,0,159,128,213,195,0
560,8,250,0,0,2,212,0,10,0,0
159,8,255,255,255,255,255,255,255,255,1
737,8,0,0,0,0,0,0,0,4,0
852,8,32,17,192,0,0,1,162,0,0
1505,8,137,50,0,7,10,0,164,128,0
354,8,36,72,1,228,64,18,31,201,0
167,8,0,81,14,165,49,45,144,160,0
675,8,16,0,2,132,112,128,60,8,0
339,8,0,0,0,0,0,12,0,10,0
661,8,0,0,0,0,0,0,24,64,0
762,8,255,255,255,255,255,255,255,255,1
14,8,32,84,22,2,8,9,115,232,0
1634,8,76,96,0,0,64,0,0,0,0
412,8,8,186,32,7,130,0,40,64,0
208,8,34,80,4,98,159,3,86,0,0
51,8,18,15,49,29,189,1,39,208,0
628,8,88,242,36,248,80,124,173,219,0
1760,8,2,231,2,227,2,228,2,229,0
192,8,96,0,0,0,0,0,0,0,0
1694,8,4,64,4,125,31,192,21,66,0
293,8,144,0,64,223,64,190,153,96,0
359,8,255,255,255,255,255,255,255,255,1
852,8,32,17,192,0,0,1,162,0,0
1505,8,137,50,0,7,10,0,168,128,0
651,8,0,0,0,0,0,0,0,0,0
1788,8,0,0,7,62,50,186,144,0,0
167,8,0,81,13,165,49,45,144,160,0
569,8,0,0,0,92,32,0,58,96,0
208,8,42,80,4,98,158,3,86,0,0
51,8,18,15,41,36,189,65,39,208,0
14,8,32,84,22,2,8,9,115,226,0
215,8,0,0,2,0,128,0,0,0,0
403,8,0,8,8,3,232,8,0,0,0
1053,8,255,255,255,255,255,255,255,255,1
263,8,0,0,0,0,0,0,0,0,0
526,8,78,31,255,161,170,191,239,255,0
1314,8,223,127,208,0,124,176,0,28,0
870,8,128,29,200,2,1,71,206,56,0
1408,8,0,0,0,7,75,7,249,16,0
1076,8,0,168,224,170,220,8,206,16,0
1760,8,2,234,2,227,2,227,2,228,0
293,8,144,0,64,223,64,190,123,96,0
961,8,123,85,31,186,255,229,233,46,0
186,8,6,152,42,68,16,0,6,140,0
1176,8,132,0,32,0,158,128,213,196,0
560,8,249,0,0,2,212,0,12,0,0
737,8,0,0,0,0,0,0,0,4,0
852,8,32,17,192,0,0,1,147,0,0
1505,8,137,50,0,7,10,0,164,128,0
354,8,36,72,1,228,64,18,31,201,0
167,8,0,81,17,37,49,45,144,160,0
1175,8,0,0,0,0,0,0,0,0,0
427,8,255,255,255,255,255,255,255,255,1
339,8,0,0,0,0,0,12,0,10,0
1634,8,76,96,0,0,64,0,0,0,0
14,8,32,84,22,2,8,9,115,226,0
412,8,12,182,32,7,130,0,40,64,0
208,8,50,80,4,100,157,3,86,0,0
51,8,18,31,33,28,29,129,39,208,0
628,8,88,242,38,246,80,124,173,219,0
1760,8,2,232,2,226,2,228,2,227,0
192,8,96,0,0,0,0,0,0,0,0
738,8,24,8,13,64,64,0,1,24,0
837,8,5,2,2,194,60,119,64,129,0
1072,8,0,64,68,140,96,128,17,160,0
112,8,255,255,255,255,255,255,255,255,1
304,8,0,1,96,0,0,0,0,0,0
705,8,1,244,15,199,201,158,195,48,0
1694,8,4,64,4,125,31,192,21,66,0
293,8,144,0,64,223,64,190,93,96,0
813,8,128,0,4,32,172,1,0,32,0
1277,8,17,63,10,83,85,12,74,8,0
852,8,32,17,192,0,0,1,132,0,0
1505,8,137,50,0,7,10,0,168,128,0
651,8,0,0,0,0,0,0,0,0,0
167,8,0,81,17,37,49,45,144,160,0
1644,8,0,128,16,0,24,0,0,32,0
722,8,0,0,48,0,0,0,0,0,0
1302,8,255,255,255,255,255,255,255,255,1
661,8,0,0,0,0,0,0,24,64,0
208,8,58,80,4,100,156,3,86,0,0
51,8,18,31,25,28,29,193,39,208,0
14,8,32,84,22,2,8,9,115,226,0
403,8,0,8,8,3,232,8,0,0,0
263,8,0,0,0,0,0,0,0,0,0
526,8,78,32,3,161,173,191,239,255,0
1314,8,223,127,208,0,124,56,0,28,0
870,8,128,157,200,2,1,71,206,56,0
1408,8,0,0,0,7,75,135,249,0,0
1076,8,0,199,32,171,12,40,254,48,0
1760,8,2,231,2,223,2,231,2,229,0
1176,8,132,0,32,0,156,128,214,5,0
74,8,255,255,255,255,255,255,255,255,1
293,8,144,0,64,223,64,190,63,96,0
560,8,248,0,0,2,212,0,14,0,0
737,8,0,0,0,0,0,0,0,4,0
852,8,32,17,192,0,0,1,132,0,0
1505,8,137,50,0,7,10,0,172,128,0
354,8,36,72,1,228,64,18,31,201,0
167,8,0,81,16,37,49,45,144,160,0
244,8,154,12,1,2,4,177,2,64,0
961,8,123,85,31,188,62,38,105,46,0
1683,8,255,255,255,255,255,255,255,255,1
1255,8,0,0,0,20,3,109,0,0,0
339,8,0,0,0,0,0,12,0,10,0
14,8,32,84,22,2,8,9,115,226,0
1634,8,76,96,0,0,64,0,0,0,0
1668,8,76,212,127,217,65,95,144,30,0
1590,8,36,156,62,129,12,140,16,0,0
727,8,16,0,96,216,0,0,0,8,0
412,8,16,178,32,7,130,0,40,64,0
208,8,66,80,4,102,154,3,87,0,0
51,8,18,23,17,35,110,1,39,208,0
628,8,88,242,40,244,80,124,173,219,0
1760,8,2,228,2,226,2,232,2,229,0
192,8,96,0,0,0,0,0,0,0,0
996,8,0,212,0,0,132,0,0,0,0
1694,8,4,64,4,125,31,192,21,66,0
293,8,144,0,64,223,64,160,1,96,0
1628,8,64,8,18,165,153,192,0,0,0
1399,8,0,0,8,0,0,0,1,70,0
397,8,255,255,255,255,255,255,255,255,1
852,8,32,17,192,0,0,1,124,128,0
1505,8,137,50,0,7,10,0,176,128,0
651,8,0,0,0,0,0,0,0,0,0
167,8,0,81,16,165,49,45,144,160,0
1031,8,56,142,95,240,0,1,150,160,0
117,8,15,50,0,15,174,30,224,0,0
208,8,74,80,4,102,153,3,87,0,0
51,8,18,23,9,34,190,65,39,208,0
622,8,1,6,64,130,137,18,10,4,0
456,8,255,255,255,255,255,255,255,255,1
14,8,32,84,22,2,8,9,115,214,0
403,8,0,8,8,3,232,8,0,0,0
263,8,0,0,0,0,0,0,0,0,0
526,8,78,32,7,161,172,63,239,255,0
1314,8,223,127,208,0,123,192,0,28,0
870,8,128,93,200,2,1,71,206,56,0
1408,8,0,0,0,7,68,7,249,0,0
1076,8,0,231,0,171,60,89,46,96,0
1760,8,2,226,2,229,2,230,2,229,0
186,8,6,152,42,68,16,0,6,140,0
1176,8,132,0,32,0,153,128,214,134,0
1124,8,0,2,64,0,0,144,30,80,0
293,8,144,0,64,223,64,191,227,96,0
60,8,0,0,4,0,50,0,0,0,0
692,8,20,234,7,0,0,0,88,0,0
519,8,4,4,96,72,42,222,213,24,0
1225,8,1,249,21,130,13,2,246,75,0
470,8,2,15,130,128,48,36,5,128,0
737,8,0,0,0,0,0,0,0,4,0
852,8,32,17,192,0,0,1,109,128,0
997,8,255,255,255,255,255,255,255,255,1
1505,8,137,49,224,7,10,0,176,128,0
354,8,36,72,1,228,64,18,31,201,0
167,8,0,81,15,37,49,45,144,160,0
58,8,0,0,0,0,0,29,8,0,0
560,8,247,0,0,2,212,0,16,0,0
339,8,0,0,0,0,0,12,0,10,0
661,8,0,0,0,0,0,0,24,64,0
14,8,32,84,22,2,8,9,115,208,0
1634,8,76,96,0,0,64,0,0,0,0
412,8,20,174,32,7,130,0,40,64,0
208,8,82,80,4,102,150,3,89,0,0
51,8,18,23,1,34,190,129,39,208,0
628,8,88,242,42,242,80,124,173,219,0
1484,8,255,255,255,255,255,255,255,255,1
1760,8,2,235,2,228,2,229,2,229,0
192,8,96,0,0,0,0,0,0,0,0
961,8,123,85,31,187,253,167,41,46,0
1694,8,4,64,4,125,31,192,21,66,0
293,8,144,0,64,223,64,191,197,96,0
852,8,32,17,192,0,0,1,109,128,0
1505,8,137,49,224,7,10,0,180,128,0
651,8,0,0,0,0,0,0,0,0,0
167,8,0,81,14,37,49,45,144,160,0
61,8,0,1,127,128,0,0,0,0,0
1740,8,255,255,255,255,255,255,255,255,1
208,8,90,80,4,96,149,3,89,0,0
51,8,18,30,249,33,174,193,39,208,0
14,8,32,84,22,2,8,9,115,208,0
403,8,0,8,8,3,232,8,0,0,0
263,8,0,0,0,0,0,0,0,0,0
526,8,78,32,3,161,171,191,239,255,0
1314,8,223,127,208,0,123,72,0,28,0
870,8,128,29,200,2,1,71,206,56,0
1408,8,0,0,0,7,60,135,249,0,0
1183,8,255,255,255,255,255,255,255,255,1
1076,8,1,5,160,171,108,137,94,144,0
1760,8,2,236,2,231,2,229,2,228,0
293,8,144,0,64,223,64,191,167,96,0
1176,8,132,0,32,0,154,128,214,7,0
813,8,128,0,4,32,172,1,0,32,0
1277,8,17,68,10,82,93,13,74,8,0
560,8,246,0,0,2,212,0,18,0,0
737,8,0,0,0,0,0,0,0,4,0
852,8,32,17,192,0,0,1,102,0,0
1505,8,137,49,224,7,10,0,180,128,0
354,8,36,72,1,228,64,18,31,201,0
167,8,0,81,16,37,49,45,144,160,0
527,8,255,255,255,255,255,255,255,255,1
339,8,0,0,0,0,0,12,0,10,0
1634,8,76,96,0,0,64,0,0,0,0
14,8,32,84,22,2,8,9,115,214,0
412,8,24,170,32,7,130,0,40,64,0
1413,8,0,64,0,0,0,2,0,24,0
208,8,98,80,4,96,150,3,87,0,0
51,8,18,30,241,36,191,1,39,208,0
628,8,88,242,44,240,80,124,173,219,0
1760,8,2,234,2,229,2,230,2,227,0
192,8,96,0,0,0,0,0,0,0,0
1694,8,4,64,4,125,31,192,21,66,0
625,8,255,255,255,255,255,255,255,255,1
293,8,144,0,64,223,64,191,137,96,0
852,8,32,17,192,0,0,1,102,0,0
1505,8,137,49,224,7,10,0,180,128,0
651,8,0,0,0,0,0,0,0,0,0
167,8,0,81,14,37,49,45,144,160,0
458,8,63,249,255,128,0,0,12,48,0
961,8,123,85,31,187,253,39,169,46,0
945,8,255,255,255,255,255,255,255,255,1
661,8,0,0,0,0,0,0,24,64,0
208,8,106,80,4,98,149,3,87,0,0
14,8,32,84,22,2,8,9,115,196,0
51,8,18,30,233,36,191,65,39,208,0
1399,8,0,0,8,0,0,0,1,70,0
1459,8,4,0,0,0,0,0,4,0,0
263,8,0,0,0,0,0,0,0,0,0
403,8,0,8,8,3,232,8,0,0,0
526,8,78,32,3,161,174,191,239,247,0
1314,8,223,127,208,0,122,208,0,28,0
870,8,128,157,200,2,1,71,206,56,0
1408,8,0,0,0,7,53,7,249,0,0
1076,8,1,38,32,171,140,185,126,192,0
1760,8,2,231,2,226,2,231,2,228,0
186,8,6,152,42,68,16,0,6,140,0
293,8,144,0,64,223,64,191,107,96,0
1176,8,132,0,32,0,153,128,214,8,0
1361,8,255,255,255,255,255,255,255,255,1
560,8,245,0,0,2,212,0,20,0,0
737,8,0,0,0,0,0,0,0,4,0
852,8,32,17,192,0,0,1,87,0,0
1505,8,137,49,224,7,10,0,176,128,0
354,8,36,72,1,228,64,18,31,201,0
167,8,0,81,16,37,49,45,144,160,0
675,8,16,0,2,132,112,128,60,8,0
298,8,255,255,255,255,255,255,255,255,1
339,8,0,0,0,0,0,12,0,10,0
1634,8,76,96,0,0,64,0,0,0,0
14,8,32,84,22,2,8,9,115,208,0
412,8,28,166,32,7,130,0,40,64,0
208,8,114,80,4,98,148,3,87,0,0
51,8,18,30,225,29,111,129,39,208,0
628,8,88,242,46,238,80,124,173,219,0
1760,8,2,229,2,230,2,230,2,229,0
192,8,96,0,0,0,0,0,0,0,0
1049,8,10,155,70,77,4,95,194,79,0
1694,8,4,64,4,125,31,192,21,66,0
293,8,144,0,64,223,64,191,77,96,0
1767,8,255,255,255,255,255,255,255,255,1
852,8,32,17,192,0,0,1,192,0,0
1505,8,137,49,224,7,10,0,176,128,0
651,8,0,0,0,0,0,0,0,0,0
1788,8,0,0,7,59,242,186,152,0,0
167,8,0,81,15,37,49,45,144,160,0
569,8,0,0,0,91,160,0,58,128,0
208,8,122,79,4,98,147,3,87,0,0
51,8,18,30,217,36,191,193,39,208,0
215,8,0,0,2,0,128,0,0,0,0
14,8,32,84,22,2,8,9,115,196,0
333,8,255,255,255,255,255,255,255,255,1
403,8,0,8,8,3,232,8,0,0,0
526,8,78,32,3,161,172,191,239,255,0
263,8,0,0,0,0,0,0,0,0,0
1314,8,223,127,208,0,122,88,0,28,0
870,8,128,29,200,2,1,71,206,56,0
1408,8,0,0,0,7,45,135,249,0,0
1076,8,1,70,128,171,188,233,206,240,0
1760,8,2,232,2,231,2,231,2,230,0
1176,8,132,0,32,0,151,128,214,73,0
293,8,144,0,64,223,64,191,47,96,0
961,8,123,85,31,187,188,168,105,46,0
560,8,244,0,0,2,212,0,22,0,0
737,8,0,0,0,0,0,0,0,4,0
852,8,32,17,192,0,0,1,192,0,0
1505,8,137,49,224,7,10,0,172,128,0
354,8,36,72,1,228,64,18,31,201,0
144,8,255,255,255,255,255,255,255,255,1
167,8,0,81,14,165,49,45,144,160,0
1175,8,0,0,0,0,0,0,0,0,0
683,8,164,208,201,215,226,215,202,255,0
1751,8,65,3,143,0,224,7,34,60,0
339,8,0,0,0,0,0,12,0,10,0
661,8,0,0,0,0,0,0,24,64,0
14,8,32,84,22,2,8,9,115,214,0
1634,8,76,64,0,0,64,0,0,0,0
412,8,0,194,32,7,130,0,40,64,0
208,8,2,79,4,100,161,3,88,0,0
51,8,18,31,81,36,188,1,39,208,0
628,8,88,242,32,252,80,124,173,219,0
1760,8,2,230,2,230,2,231,2,229,0
192,8,96,0,0,0,0,0,0,0,0
1539,8,255,255,255,255,255,255,255,255,1
738,8,24,8,13,64,64,0,1,24,0
837,8,5,2,2,194,60,119,64,129,0
1072,8,0,64,68,140,96,128,17,160,0
304,8,0,1,96,0,0,0,0,0,0
1694,8,4,64,4,125,31,192,21,66,0
293,8,144,0,64,223,64,191,17,96,0
1227,8,128,0,0,0,0,0,0,0,0
813,8,128,0,4,32,172,1,0,32,0
640,8,24,224,2,112,0,0,0,0,0
1277,8,17,70,10,83,95,13,202,8,0
300,8,121,6,224,0,0,1,253,208,0
852,8,32,17,192,0,0,1,184,128,0
1505,8,137,49,224,7,10,0,168,128,0
651,8,0,0,0,0,0,0,0,0,0
167,8,0,81,15,165,49,45,144,160,0
1644,8,0,128,16,0,24,0,0,32,0
722,8,0,0,56,0,0,0,0,0,0
1372,8,16,27,0,0,65,130,48,0,0
439,8,255,255,255,255,255,255,255,255,1
705,8,1,244,47,199,200,30,179,68,0
208,8,10,79,4,100,160,3,88,0,0
51,8,18,31,73,29,188,65,39,208,0
14,8,32,84,22,2,8,9,115,196,0
403,8,0,8,8,3,232,8,0,0,0
526,8,78,32,3,161,172,191,239,255,0
263,8,0,0,0,0,0,0,0,0,0
1314,8,223,127,208,0,121,224,0,28,0
870,8,128,29,200,2,1,71,206,56,0
1408,8,0,0,0,7,38,7,249,0,0
1076,8,1,104,96,172,13,25,255,48,0
1760,8,2,242,2,229,2,229,2,229,0
186,8,6,152,42,68,16,0,6,140,0
29,8,255,255,255,255,255,255,255,255,1
293,8,144,0,64,223,64,190,243,96,0
1176,8,132,0,32,0,150,128,214,74,0
560,8,243,0,0,2,212,0,24,0,0
737,8,0,0,0,0,0,0,0,4,0
852,8,32,17,192,0,0,1,169,128,0
1505,8,137,49,224,7,10,0,168,128,0
354,8,36,72,1,228,64,18,31,201,0
167,8,0,81,14,37,49,45,144,160,0
961,8,123,85,31,187,60,168,233,46,0
244,8,154,12,1,2,4,177,2,64,0
440,8,255,255,255,255,255,255,255,255,1
1255,8,0,0,0,20,3,109,0,0,0
339,8,0,0,0,0,0,12,0,10,0
14,8,32,84,22,2,8,9,115,202,0
1634,8,76,64,0,0,64,0,0,0,0
1668,8,76,212,127,217,65,95,144,30,0
1590,8,36,156,63,1,12,140,32,0,0
727,8,16,0,96,216,0,0,0,8,0
412,8,4,190,32,7,130,0,40,64,0
208,8,18,79,4,100,159,3,88,0,0
51,8,18,31,65,36,12,129,39,208,0
628,8,88,242,34,250,80,124,173,219,0
1760,8,2,236,2,227,2,229,2,229,0
192,8,96,0,0,0,0,0,0,0,0
996,8,0,212,0,0,132,0,0,0,0
1694,8,4,64,4,125,31,192,21,66,0
293,8,144,0,64,223,64,190,213,96,0
1628,8,64,8,18,165,153,224,0,0,0
1399,8,0,0,8,0,0,0,1,70,0
1533,8,189,221,253,255,254,255,237,218,0
1141,8,255,255,255,255,255,255,255,255,1
852,8,32,17,192,0,0,1,169,128,0
1505,8,137,49,224,7,10,0,168,128,0
651,8,0,0,0,0,0,0,0,0,0
167,8,0,81,15,37,49,45,144,160,0
1031,8,56,142,95,240,0,1,150,160,0
622,8,1,6,64,130,137,18,10,4,0
661,8,0,0,0,0,0,0,24,64,0
208,8,26,79,4,102,158,3,88,0,0
14,8,32,84,22,2,8,9,115,196,0
465,8,255,255,255,255,255,255,255,255,1
51,8,18,31,57,36,12,193,39,208,0
403,8,0,8,8,3,232,8,0,0,0
526,8,78,32,3,161,176,191,239,239,0
263,8,0,0,0,0,0,0,0,0,0
1314,8,223,127,208,0,121,104,0,28,0
870,8,128,221,200,2,1,71,206,56,0
1408,8,0,0,0,7,30,135,249,0,0
1076,8,1,134,192,172,45,90,47,96,0
1760,8,2,232,2,227,2,230,2,229,0
1176,8,132,0,32,0,149,128,214,75,0
253,8,0,0,1,0,128,16,0,0,0
293,8,144,0,64,223,64,190,183,96,0
60,8,0,0,4,0,51,0,0,0,0
1124,8,0,2,64,0,0,144,29,81,0
692,8,20,234,7,0,0,0,88,0,0
519,8,4,4,96,72,42,222,213,24,0
1225,8,1,249,21,130,13,2,246,75,0
737,8,0,0,0,0,0,0,0,4,0
852,8,32,17,192,0,0,1,162,0,0
1505,8,137,49,224,7,10,0,168,128,0
642,8,255,255,255,255,255,255,255,255,1
354,8,36,72,1,228,64,18,31,201,0
167,8,0,81,16,37,49,45,144,160,0
470,8,2,11,128,128,48,36,5,128,0
420,8,0,0,0,2,236,204,0,0,0
560,8,242,0,0,2,212,0,26,0,0
339,8,0,0,0,0,0,12,0,10,0
1634,8,76,64,0,0,64,0,0,0,0
14,8,32,84,22,2,8,9,115,202,0
412,8,8,186,32,7,130,0,40,48,0
208,8,34,79,4,102,157,3,88,0,0
51,8,18,31,49,34,189,1,39,208,0
628,8,88,242,36,248,80,124,173,219,0
1760,8,2,229,2,232,2,231,2,229,0
1575,8,255,255,255,255,255,255,255,255,1
192,8,96,0,0,0,0,0,0,0,0
961,8,123,85,31,186,188,105,169,46,0
1694,8,4,64,4,125,31,192,21,66,0
293,8,144,0,64,223,64,190,153,96,0
852,8,32,17,192,0,0,1,162,0,0
1505,8,137,49,224,7,10,0,168,128,0
651,8,0,0,0,0,0,0,0,0,0
167,8,0,81,15,37,49,45,144,160,0
61,8,0,1,127,128,0,0,0,0,0
514,8,255,255,255,255,255,255,255,255,1
208,8,42,79,4,96,156,3,88,0,0
51,8,18,39,41,32,13,65,39,208,0
14,8,32,84,22,2,8,9,115,196,0
403,8,0,8,8,3,232,8,0,0,0
263,8,0,0,0,0,0,0,0,0,0
526,8,78,32,3,161,173,191,207,247,0
1314,8,223,127,208,0,120,240,0,28,0
870,8,128,29,200,2,1,71,206,56,0
1408,8,0,0,0,7,23,7,249,0,0
1220,8,255,255,255,255,255,255,255,255,1
1076,8,1,166,0,172,93,138,79,144,0
1760,8,2,229,2,234,2,232,2,228,0
293,8,144,0,64,223,64,190,123,96,0
186,8,6,152,42,68,16,0,6,140,0
627,8,0,0,0,8,0,0,0,0,0
452,8,0,2,2,0,2,0,0,0,0
676,8,32,32,3,28,4,8,152,208,0
881,8,1,6,0,0,0,0,8,128,0
1661,8,0,24,96,2,8,0,2,32,0
737,8,0,0,0,0,0,0,0,4,0
852,8,32,17,192,0,0,1,147,0,0
1505,8,137,49,224,7,10,0,168,128,0
354,8,36,72,1,228,64,18,31,201,0
167,8,0,81,17,165,49,45,128,160,0
1307,8,40,12,65,1,40,0,1,33,0
1176,8,132,0,32,0,148,128,214,76,0
813,8,128,0,4,32,172,1,0,32,0
204,8,67,65,25,50,56,175,162,22,0
1277,8,17,66,10,83,89,12,202,8,0
560,8,241,0,0,2,212,0,28,0,0
1129,8,255,255,255,255,255,255,255,255,1
339,8,0,0,0,0,0,12,0,10,0
14,8,32,84,22,2,8,9,115,190,0
661,8,0,0,0,0,0,0,24,64,0
1413,8,0,64,0,0,0,2,0,24,0
1634,8,76,64,0,0,64,0,0,0,0
412,8,12,182,32,7,130,0,40,48,0
208,8,50,79,4,96,155,3,88,0,0
51,8,18,39,33,32,13,129,39,208,0
628,8,88,242,38,246,80,124,173,219,0
1760,8,2,234,2,232,2,231,2,229,0
192,8,96,0,0,0,0,0,0,0,0
1694,8,4,64,4,125,31,192,21,66,0
293,8,144,0,64,223,64,190,93,96,0
1552,8,255,255,255,255,255,255,255,255,1
852,8,32,18,0,0,0,1,124,0,0
1505,8,137,49,224,7,10,0,172,128,0
651,8,0,0,0,0,0,0,0,0,0
167,8,0,81,15,165,49,45,128,160,0
458,8,63,249,255,128,0,0,12,48,0
961,8,123,85,31,186,60,106,41,46,0
549,8,255,255,255,255,255,255,255,255,1
208,8,58,79,4,96,154,3,88,0,0
51,8,18,39,25,37,29,193,39,208,0
14,8,32,84,22,2,8,9,115,190,0
1399,8,0,0,8,0,0,0,1,70,0
1459,8,4,0,0,0,0,0,4,0,0
403,8,0,8,8,3,232,8,0,0,0
263,8,0,0,0,0,0,0,0,0,0
526,8,78,31,255,161,173,191,239,255,0
1314,8,223,127,208,0,120,120,0,28,0
870,8,128,29,200,2,1,71,206,56,0
1408,8,0,0,0,7,23,135,248,240,0
1076,8,1,198,64,172,141,186,127,192,0
1760,8,2,237,2,232,2,232,2,229,0
1176,8,132,0,32,0,147,128,214,77,0
293,8,144,0,64,223,64,190,63,96,0
560,8,240,0,0,2,212,0,30,0,0
1199,8,255,255,255,255,255,255,255,255,1
737,8,0,0,0,0,0,0,0,4,0
852,8,32,18,0,0,0,1,124,0,0
1505,8,137,49,224,7,10,0,172,128,0
354,8,36,72,1,228,64,18,31,201,0
167,8,0,81,16,37,49,45,128,160,0
675,8,16,0,2,132,112,128,60,8,0
339,8,0,0,0,0,0,12,0,10,0
1634,8,76,64,0,0,64,0,0,0,0
412,8,16,180,32,7,66,0,40,48,0
14,8,32,84,22,2,8,9,115,196,0
208,8,66,79,4,98,153,3,88,0,0
1103,8,255,255,255,255,255,255,255,255,1
51,8,18,31,17,29,110,1,39,208,0
628,8,88,242,40,244,80,124,173,219,0
1760,8,2,240,2,227,2,231,2,229,0
192,8,96,0,0,0,0,0,0,0,0
1694,8,4,64,4,125,31,192,21,66,0
293,8,144,0,64,223,64,160,1,96,0
852,8,32,17,192,0,0,1,124,128,0
1505,8,137,49,224,7,10,0,176,128,0
651,8,0,0,0,0,0,0,0,0,0
1788,8,0,0,7,60,146,186,152,0,0
906,8,255,255,255,255,255,255,255,255,1
167,8,0,81,16,37,49,45,128,160,0
569,8,0,0,0,91,128,0,58,96,0
661,8,0,0,0,0,0,0,24,64,0
208,8,74,79,4,98,152,3,88,0,0
51,8,18,31,9,29,110,65,39,208,0
14,8,32,84,22,2,8,9,115,184,0
215,8,0,0,2,0,128,0,0,0,0
403,8,0,8,8,3,232,8,0,0,0
526,8,78,32,3,161,176,191,239,255,0
1314,8,223,127,208,0,127,128,0,28,0
870,8,128,157,200,2,1,71,206,56,0
543,8,255,255,255,255,255,255,255,255,1
263,8,0,0,0,0,0,0,0,0,0
1408,8,0,0,0,7,136,7,248,240,0
1076,8,1,229,160,172,189,234,175,240,0
1760,8,2,241,2,228,2,232,2,230,0
293,8,144,0,64,223,64,191,227,96,0
961,8,123,85,31,187,186,42,233,46,0
186,8,6,152,42,68,16,0,6,140,0
1176,8,132,0,32,0,145,128,214,142,0
560,8,255,0,0,2,212,0,0,0,0
737,8,0,0,0,0,0,0,0,4,0
852,8,32,17,192,0,0,1,109,128,0
1505,8,137,49,192,7,10,0,176,128,0
354,8,36,72,1,228,64,18,31,201,0
167,8,0,81,15,37,49,45,128,160,0
1175,8,0,0,0,0,0,0,0,0,0
99,8,255,255,255,255,255,255,255,255,1
339,8,0,0,0,0,0,12,0,10,0
14,8,32,84,22,2,8,9,115,196,0
1634,8,76,64,0,0,64,0,0,0,0
412,8,20,174,32,7,130,0,40,48,0
208,8,82,79,4,100,150,3,89,0,0
51,8,18,39,1,37,30,129,39,208,0
628,8,88,242,42,242,80,124,173,219,0
1760,8,2,240,2,233,2,232,2,230,0
192,8,96,0,0,0,0,0,0,0,0
738,8,24,8,13,64,64,0,1,24,0
837,8,5,2,2,194,60,119,64,129,0
1072,8,0,64,68,140,96,128,17,160,0
304,8,0,1,96,0,0,0,0,0,0
485,8,1,70,4,5,168,65,163,224,0
1405,8,255,255,255,255,255,255,255,255,1
1694,8,4,64,4,125,31,192,21,66,0
293,8,144,0,64,223,64,191,197,96,0
813,8,128,0,4,32,172,1,0,32,0
1277,8,17,67,10,83,91,13,74,8,0
852,8,32,17,192,0,0,1,109,128,0
1505,8,137,49,192,7,10,0,176,128,0
651,8,0,0,0,0,0,0,0,0,0
167,8,0,81,17,37,49,45,128,160,0
1644,8,0,128,16,0,24,0,0,32,0
722,8,0,0,64,0,0,0,0,0,0
1526,8,255,255,255,255,255,255,255,255,1
208,8,90,79,4,100,149,3,89,0,0
51,8,18,38,249,33,14,193,39,208,0
14,8,32,84,22,2,8,9,115,190,0
403,8,0,8,8,3,232,8,0,0,0
263,8,0,0,0,0,0,0,0,0,0
526,8,78,32,7,161,178,63,176,7,0
1314,8,223,127,208,0,127,8,0,28,0
870,8,128,221,200,2,1,71,206,56,0
1408,8,0,0,0,7,128,135,248,240,0
1076,8,2,8,32,172,238,26,208,16,0
1760,8,2,230,2,235,2,232,2,229,0
241,8,62,16,28,192,3,89,204,0,0
293,8,144,0,64,223,64,191,167,96,0
1176,8,132,0,32,0,144,128,214,143,0
705,8,1,242,175,199,204,158,163,90,0
560,8,254,0,0,2,212,0,2,0,0
262,8,255,255,255,255,255,255,255,255,1
737,8,0,0,0,0,0,0,0,4,0
852,8,32,17,192,0,0,1,102,0,0
1505,8,137,49,192,7,10,0,176,128,0
354,8,36,72,1,228,64,18,31,201,0
167,8,0,81,16,165,65,45,128,160,0
961,8,123,85,31,188,57,43,105,46,0
244,8,154,12,1,2,4,177,2,64,0
1255,8,0,0,0,20,3,109,0,0,0
389,8,255,255,255,255,255,255,255,255,1
14,8,32,84,22,2,8,9,115,172,0
339,8,0,0,0,0,0,12,0,10,0
661,8,0,0,0,0,0,0,24,64,0
1634,8,76,64,0,0,64,0,0,0,0
1668,8,76,212,128,153,65,95,144,30,0
1590,8,36,156,63,193,12,140,48,0,0
727,8,16,0,96,216,0,0,0,8,0
412,8,24,170,32,7,130,0,40,48,0
208,8,98,79,4,100,148,3,89,0,0
51,8,18,38,241,33,15,1,39,208,0
628,8,88,242,44,240,80,124,173,219,0
1760,8,2,234,2,237,2,233,2,230,0
192,8,96,0,0,0,0,0,0,0,0
1694,8,4,64,4,125,31,192,21,66,0
293,8,144,0,64,223,64,191,137,96,0
996,8,0,212,0,0,132,0,0,0,0
1628,8,64,8,18,165,154,0,0,0,0
1399,8,0,0,8,0,0,0,1,70,0
976,8,255,255,255,255,255,255,255,255,1
852,8,32,17,192,0,0,1,102,0,0
1505,8,137,49,192,7,10,0,172,128,0
651,8,0,0,0,0,0,0,0,0,0
167,8,0,81,15,165,49,45,128,160,0
1031,8,56,142,95,240,0,1,150,160,0
622,8,1,6,64,130,137,18,10,4,0
953,8,32,4,114,1,35,220,28,66,0
208,8,106,79,4,102,147,3,89,0,0
51,8,18,30,233,34,15,65,39,208,0
14,8,32,84,22,2,8,9,115,190,0
403,8,0,8,8,3,232,8,0,0,0
1027,8,255,255,255,255,255,255,255,255,1
263,8,0,0,0,0,0,0,0,0,0
526,8,78,32,3,161,174,191,176,7,0
1314,8,223,127,208,0,126,144,0,28,0
870,8,128,29,200,2,1,71,206,56,0
1408,8,0,0,0,7,121,7,248,240,0
1076,8,2,40,32,173,30,59,0,64,0
1760,8,2,240,2,232,2,233,2,230,0
186,8,6,152,42,68,16,0,6,140,0
293,8,144,0,64,223,64,191,107,96,0
65,8,128,34,0,32,1,0,0,0,0
60,8,0,0,4,0,51,0,0,0,0
541,8,0,0,0,0,0,1,0,0,0
692,8,20,234,7,0,0,0,88,0,0
1176,8,132,0,32,0,158,128,214,192,0
1124,8,0,2,64,0,0,144,28,82,0
737,8,0,0,0,0,0,0,0,4,0
852,8,32,17,192,0,0,1,87,0,0
1505,8,137,49,192,7,10,0,172,128,0
354,8,36,72,1,228,64,18,31,201,0
167,8,0,81,17,37,49,45,128,160,0
519,8,4,0,32,64,42,222,193,24,0
263,8,255,255,255,255,255,255,255,255,1
1225,8,1,249,21,130,13,2,246,11,0
470,8,2,13,130,128,48,36,5,0,0
560,8,253,0,0,2,212,0,4,0,0
339,8,0,0,0,0,0,12,0,10,0
1634,8,76,64,0,0,64,0,0,0,0
14,8,32,84,22,2,8,9,115,172,0
412,8,28,166,32,7,130,0,40,48,0
208,8,114,79,4,102,145,3,90,0,0
51,8,18,30,225,36,191,129,39,208,0
628,8,88,242,46,238,80,124,173,219,0
1760,8,2,237,2,229,2,233,2,231,0
192,8,96,0,0,0,0,0,0,0,0
961,8,123,85,31,187,248,172,41,46,0
1694,8,4,64,4,125,31,192,21,66,0
293,8,144,0,64,223,64,191,77,96,0
852,8,32,17,192,0,0,1,192,0,0
1505,8,137,49,192,7,10,0,172,128,0
651,8,0,0,0,0,0,0,0,0,0
167,8,0,81,14,37,49,45,128,160,0
61,8,0,1,127,0,0,0,0,0,0
9,8,255,255,255,255,255,255,255,255,1
661,8,0,0,0,0,0,0,24,64,0
14,8,32,84,22,2,8,9,115,184,0
208,8,122,79,4,96,144,3,90,0,0
51,8,18,38,217,36,191,193,39,208,0
403,8,0,8,8,3,232,8,0,0,0
263,8,0,0,0,0,0,0,0,0,0
526,8,78,32,3,161,177,63,175,255,0
1314,8,223,127,208,0,126,24,0,28,0
870,8,128,157,200,2,1,71,206,56,0
1408,8,0,0,0,7,113,135,248,240,0
1076,8,2,64,0,173,78,107,48,112,0
1760,8,2,238,2,230,2,233,2,233,0
663,8,17,0,0,32,0,2,81,16,0
421,8,255,255,255,255,255,255,255,255,1
293,8,144,0,64,223,64,191,47,96,0
1455,8,32,192,0,0,0,32,0,0,0
1176,8,132,0,32,0,156,128,215,1,0
813,8,128,0,4,32,172,1,0,32,0
1277,8,17,66,10,83,89,12,202,8,0
560,8,252,0,0,2,212,0,6,0,0
737,8,0,0,0,0,0,0,0,4,0
852,8,32,17,192,0,0,1,192,0,0
1505,8,137,49,192,7,10,0,172,128,0
354,8,36,72,1,228,64,18,31,201,0
167,8,0,81,15,165,49,45,128,160,0
1372,8,16,27,0,0,65,130,48,0,0
614,8,255,255,255,255,255,255,255,255,1
339,8,0,0,0,0,0,12,0,10,0
1634,8,76,64,0,0,64,0,0,0,0
14,8,32,84,22,2,8,9,115,196,0
1413,8,0,64,0,0,0,2,0,24,0
412,8,0,194,32,7,130,0,40,48,0
208,8,2,79,4,96,158,3,91,0,0
51,8,18,39,81,31,12,1,39,208,0
628,8,88,242,32,252,80,124,173,219,0
1760,8,2,240,2,233,2,233,2,231,0
192,8,96,0,0,0,0,0,0,0,0
1694,8,4,64,4,125,31,192,21,66,0
293,8,144,0,64,223,64,191,17,96,0
1087,8,255,255,255,255,255,255,255,255,1
852,8,32,17,192,0,0,1,184,128,0
1505,8,137,49,192,7,10,0,168,128,0
651,8,0,0,0,0,0,0,0,0,0
167,8,0,81,15,165,49,45,128,160,0
458,8,63,249,255,128,0,0,12,48,0
961,8,123,85,31,188,55,236,169,46,0
208,8,10,79,4,96,157,3,91,0,0
51,8,18,39,73,38,28,65,39,208,0
737,8,255,255,255,255,255,255,255,255,1
14,8,32,84,22,2,8,9,115,184,0
1399,8,0,0,8,0,0,0,1,70,0
1459,8,4,0,0,0,0,0,4,0,0
403,8,0,8,8,3,232,8,0,0,0
263,8,0,0,0,0,0,0,0,0,0
526,8,78,32,7,161,177,191,207,255,0
1314,8,223,127,208,0,125,160,0,28,0
870,8,128,157,200,2,1,71,206,56,0
1408,8,0,0,0,7,106,7,248,240,0
1076,8,2,96,0,173,110,155,96,160,0
1760,8,2,239,2,234,2,234,2,232,0
186,8,6,152,42,132,16,0,6,140,0
293,8,144,0,64,223,64,190,243,96,0
1176,8,132,0,32,0,155,128,215,2,0
560,8,251,0,0,2,212,0,8,0,0
737,8,0,0,0,0,0,0,0,4,0
372,8,255,255,255,255,255,255,255,255,1
852,8,32,17,192,0,0,1,169,128,0
1505,8,137,49,192,7,10,0,168,128,0
354,8,36,72,1,228,64,18,31,201,0
167,8,0,81,15,37,49,45,128,160,0
675,8,16,0,2,132,114,128,60,8,0
339,8,0,0,0,0,0,12,0,10,0
661,8,0,0,0,0,0,0,24,64,0
1634,8,76,64,0,0,64,0,0,0,0
14,8,32,84,22,2,8,9,115,190,0
412,8,4,190,32,7,130,0,40,48,0
208,8,18,79,4,98,156,3,91,0,0
51,8,18,47,65,38,28,129,39,208,0
628,8,88,242,34,250,80,124,173,219,0
1064,8,255,255,255,255,255,255,255,255,1
1760,8,2,240,2,236,2,234,2,232,0
192,8,96,0,0,0,0,0,0,0,0
1694,8,4,64,4,125,31,192,21,66,0
293,8,144,0,64,223,64,190,213,96,0
852,8,32,17,192,0,0,1,169,128,0
1505,8,137,49,192,7,10,0,164,128,0
651,8,0,0,0,0,0,0,0,0,0
1788,8,0,0,7,59,178,186,152,0,0
167,8,0,81,17,165,49,45,128,160,0
569,8,0,0,0,91,32,0,58,96,0
208,8,26,79,4,98,155,3,91,0,0
51,8,18,47,57,30,188,193,39,208,0
215,8,0,0,2,0,128,0,0,0,0
14,8,32,84,22,2,8,9,115,190,0
403,8,0,8,8,3,232,8,0,0,0
263,8,0,0,0,0,0,0,0,0,0
526,8,78,32,3,161,177,191,207,247,0
1314,8,223,127,208,0,125,40,0,28,0
870,8,128,157,200,2,1,71,206,56,0
1408,8,0,0,0,7,106,135,248,224,0
1076,8,2,138,128,173,158,203,128,208,0
1760,8,2,241,2,235,2,235,2,232,0
293,8,144,0,64,223,64,190,183,96,0
961,8,123,85,31,187,119,237,105,46,0
1176,8,132,0,32,0,153,128,215,67,0
560,8,250,0,0,2,212,0,10,0,0
737,8,0,0,0,0,0,0,0,4,0
852,8,32,18,0,0,0,1,154,0,0
1505,8,137,49,192,7,10,0,168,128,0
354,8,36,72,1,228,64,18,31,201,0
167,8,0,81,15,165,49,45,128,160,0
1175,8,0,0,0,0,0,0,0,0,0
244,8,255,255,255,255,255,255,255,255,1
339,8,0,0,0,0,0,12,0,10,0
1634,8,76,64,0,0,64,0,0,0,0
14,8,32,84,22,2,8,9,115,184,0
412,8,8,186,32,7,130,0,40,48,0
208,8,34,79,4,98,153,3,92,0,0
51,8,18,47,49,36,189,1,39,208,0
628,8,88,242,36,248,80,124,173,219,0
1760,8,2,238,2,230,2,236,2,234,0
192,8,96,0,0,0,0,0,0,0,0
738,8,24,8,13,64,64,0,1,24,0
837,8,5,2,2,194,60,119,64,129,0
1072,8,0,64,68,140,96,128,17,160,0
304,8,0,1,96,0,0,0,0,0,0
1227,8,128,0,0,0,0,0,0,0,0
813,8,128,0,4,32,172,1,0,32,0
1694,8,4,64,4,125,31,192,21,66,0
502,8,255,255,255,255,255,255,255,255,1
293,8,144,0,64,223,64,190,153,96,0
640,8,24,224,2,112,0,0,0,0,0
1277,8,17,70,10,83,95,13,202,8,0
852,8,32,18,0,0,0,1,154,0,0
1505,8,137,49,192,7,10,0,164,128,0
651,8,0,0,0,0,0,0,0,0,0
167,8,0,81,15,165,49,45,128,160,0
1644,8,0,128,16,0,32,0,0,32,0
722,8,0,0,72,0,0,0,0,0,0
751,8,255,255,255,255,255,255,255,255,1
661,8,0,0,0,0,0,0,24,64,0
208,8,42,79,4,100,152,3,92,0,0
51,8,18,39,41,36,189,65,39,208,0
14,8,32,84,22,2,8,9,115,190,0
403,8,0,8,8,3,232,8,0,0,0
263,8,0,0,0,0,0,0,0,0,0
526,8,78,32,3,161,178,63,207,247,0
1314,8,223,127,208,0,124,176,0,28,0
870,8,128,157,200,2,1,71,206,56,0
1408,8,0,0,0,7,99,7,248,224,0
1076,8,2,170,32,173,206,251,209,16,0
1760,8,2,241,2,232,2,236,2,235,0
186,8,6,152,42,132,16,0,6,140,0
293,8,144,0,64,223,64,190,123,96,0
1176,8,132,0,32,0,150,128,215,196,0
560,8,249,0,0,2,212,0,12,0,0
703,8,255,255,255,255,255,255,255,255,1
737,8,0,0,0,0,0,0,0,4,0
852,8,32,18,0,0,0,1,139,0,0
1505,8,137,49,160,7,10,0,168,128,0
354,8,36,72,1,228,64,18,31,201,0
167,8,0,81,15,37,49,45,128,160,0
961,8,123,85,31,186,247,237,233,46,0
244,8,154,12,1,2,4,177,2,64,0
705,8,1,243,79,199,199,158,153,110,0
726,8,255,255,255,255,255,255,255,255,1
1255,8,0,0,0,20,3,109,0,0,0
339,8,0,0,0,0,0,12,0,10,0
14,8,32,84,22,2,8,9,115,196,0
1634,8,76,64,0,0,64,0,0,0,0
1668,8,76,212,127,217,65,95,144,30,0
1590,8,36,156,64,129,12,140,64,0,0
727,8,16,0,96,216,0,0,0,8,0
412,8,12,184,32,7,66,0,40,48,0
208,8,50,79,4,100,149,3,94,0,0
51,8,18,39,33,37,205,129,39,208,0
628,8,88,242,38,246,80,124,173,219,0
1760,8,2,236,2,233,2,236,2,235,0
192,8,96,0,0,0,0,0,0,0,0
996,8,0,212,0,0,132,0,0,0,0
1694,8,4,64,4,125,31,192,21,66,0
293,8,144,0,64,223,64,190,93,96,0
1628,8,64,8,18,165,154,32,0,0,0
1399,8,0,0,8,0,0,0,1,70,0
897,8,255,255,255,255,255,255,255,255,1
852,8,32,18,0,0,0,1,124,0,0
1505,8,137,49,160,7,10,0,168,128,0
651,8,0,0,0,0,0,0,0,0,0
167,8,0,81,14,165,49,45,128,160,0
1031,8,56,142,95,240,0,1,150,96,0
622,8,1,6,64,130,137,18,10,4,0
208,8,58,79,4,102,148,3,94,0,0
51,8,18,55,25,34,93,193,39,208,0
0,8,255,255,255,255,255,255,255,255,1
14,8,32,84,22,2,8,9,115,184,0
403,8,0,8,8,3,232,8,0,0,0
263,8,0,0,0,0,0,0,0,0,0
526,8,78,32,3,161,177,63,207,247,0
1314,8,223,127,208,0,124,56,0,28,0
870,8,128,93,200,2,1,71,206,56,0
1408,8,0,0,0,7,91,135,248,224,0
1076,8,2,202,160,173,255,44,1,64,0
1760,8,2,235,2,236,2,236,2,235,0
1176,8,132,0,32,0,149,128,215,197,0
1124,8,0,2,64,0,0,144,27,83,0
293,8,144,0,64,223,64,190,63,96,0
60,8,0,0,4,0,50,0,0,0,0
519,8,4,4,96,72,42,222,213,24,0
692,8,20,234,7,0,0,0,88,0,0
1225,8,1,249,21,130,13,3,246,75,0
470,8,2,139,192,128,52,116,5,144,0
560,8,248,0,0,2,212,0,14,0,0
737,8,0,0,0,0,0,0,0,4,0
818,8,255,255,255,255,255,255,255,255,1
852,8,32,18,0,0,0,1,124,0,0
1505,8,137,49,160,7,10,0,172,128,0
354,8,36,72,1,228,64,18,31,201,0
167,8,0,81,18,37,49,45,128,160,0
339,8,0,0,0,0,0,12,0,10,0
661,8,0,0,0,0,0,0,24,64,0
14,8,32,84,22,2,8,9,115,196,0
1634,8,76,64,0,0,64,0,0,0,0
1082,8,255,255,255,255,255,255,255,255,1
412,8,16,180,32,7,66,0,40,48,0
208,8,66,79,4,102,147,3,94,0,0
51,8,18,55,17,34,94,1,39,208,0
628,8,88,242,40,244,80,124,173,219,0
1760,8,2,239,2,236,2,236,2,234,0
192,8,96,0,0,0,0,0,0,0,0
1331,8,237,127,207,126,255,241,239,127,0
961,8,123,85,31,186,119,174,169,46,0
1694,8,4,64,4,125,31,192,21,66,0
293,8,144,0,64,223,64,160,1,96,0
852,8,32,18,0,0,0,1,116,128,0
1505,8,137,49,160,7,10,0,172,128,0
651,8,0,0,0,0,0,0,0,0,0
167,8,0,81,18,165,49,45,128,160,0
649,8,255,255,255,255,255,255,255,255,1
61,8,0,1,127,0,0,0,0,0,0
208,8,74,79,4,102,146,3,94,0,0
51,8,18,55,9,40,62,65,39,208,0
14,8,32,84,22,2,8,9,115,158,0
403,8,0,8,8,3,232,8,0,0,0
263,8,0,0,0,0,0,0,0,0,0
526,8,78,31,255,161,175,191,239,247,0
1267,8,255,255,255,255,255,255,255,255,1
1314,8,223,127,208,0,123,192,0,28,0
870,8,128,29,200,2,1,71,206,56,0
1408,8,0,0,0,7,84,7,248,224,0
1076,8,2,234,160,174,63,108,33,112,0
1760,8,2,241,2,233,2,236,2,235,0
293,8,144,0,64,223,64,191,227,96,0
186,8,6,152,42,132,16,0,6,140,0
1307,8,8,2,135,77,140,80,0,1,0
1176,8,132,0,32,0,148,128,215,198,0
813,8,128,0,4,32,172,1,0,32,0
1277,8,17,61,10,83,83,11,202,8,0
560,8,247,0,0,2,212,0,16,0,0
737,8,0,0,0,0,0,0,0,4,0
852,8,32,18,0,0,0,1,101,128,0
1505,8,137,49,160,7,10,0,176,128,0
354,8,36,72,1,228,64,18,31,201,0
167,8,0,81,20,37,49,45,128,160,0
1626,8,255,255,255,255,255,255,255,255,1
339,8,0,0,0,0,0,12,0,10,0
1634,8,76,64,0,0,64,0,0,0,0
14,8,32,84,22,2,8,9,115,172,0
412,8,20,176,32,7,66,0,40,48,0
208,8,82,79,4,96,145,3,94,0,0
51,8,18,71,1,31,14,129,39,208,0
628,8,88,242,42,242,80,124,173,219,0
1413,8,0,64,0,0,0,2,0,24,0
192,8,96,0,0,0,0,0,0,0,0
1760,8,2,239,2,235,2,236,2,236,0
652,8,255,255,255,255,255,255,255,255,1
1694,8,4,64,4,125,31,192,21,66,0
293,8,144,0,64,223,64,191,197,96,0
852,8,32,18,0,0,0,1,101,128,0
1505,8,137,49,160,7,10,0,176,128,0
651,8,0,0,0,0,0,0,0,0,0
167,8,0,81,20,165,49,45,128,160,0
458,8,63,249,255,128,0,0,12,48,0
961,8,123,85,31,186,182,239,41,46,0
277,8,255,255,255,255,255,255,255,255,1
661,8,0,0,0,0,0,0,24,64,0
208,8,90,79,4,96,144,3,94,0,0
51,8,18,70,249,31,14,193,39,208,0
14,8,32,84,22,2,8,9,115,158,0
1399,8,0,0,8,0,0,0,1,72,0
1459,8,4,0,0,0,0,0,4,0,0
403,8,0,8,8,3,232,8,0,0,0
526,8,78,32,3,161,177,191,239,255,0
263,8,0,0,0,0,0,0,0,0,0
1314,8,223,127,208,0,123,72,0,28,0
870,8,128,29,200,2,1,71,206,56,0
1408,8,0,0,0,7,84,135,248,208,0
1076,8,3,10,128,174,111,156,81,160,0
1760,8,2,239,2,236,2,238,2,238,0
1176,8,132,0,32,0,144,128,216,135,0
293,8,144,0,64,223,64,191,167,96,0
560,8,246,0,0,2,212,0,18,0,0
1687,8,255,255,255,255,255,255,255,255,1
737,8,0,0,0,0,0,0,0,4,0
852,8,32,18,0,0,0,1,94,0,0
1505,8,137,49,160,7,10,0,180,128,0
354,8,36,72,1,228,64,18,31,201,0
167,8,0,81,16,37,49,45,128,160,0
675,8,16,0,2,132,114,128,60,8,0
339,8,0,0,0,0,0,12,0,10,0
11,8,255,255,255,255,255,255,255,255,1
14,8,32,84,22,2,8,9,115,164,0
1634,8,76,64,0,0,64,0,0,0,0
412,8,24,172,32,7,66,0,40,48,0
208,8,98,79,4,98,140,3,97,0,0
51,8,18,38,241,36,191,1,39,208,0
628,8,88,242,44,240,80,124,173,219,0
1760,8,2,236,2,235,2,238,2,237,0
192,8,96,0,0,0,0,0,0,0,0
1694,8,4,64,4,125,31,192,21,66,0
293,8,144,0,64,223,64,191,137,96,0
852,8,32,18,0,0,0,1,94,0,0
1471,8,255,255,255,255,255,255,255,255,1
1505,8,137,49,160,7,10,0,180,128,0
651,8,0,0,0,0,0,0,0,0,0
1788,8,0,0,7,58,114,186,160,0,0
167,8,0,81,14,165,49,45,128,160,0
569,8,0,0,0,90,224,0,58,64,0
208,8,106,79,4,98,139,3,97,0,0
51,8,18,38,233,33,175,65,39,208,0
215,8,0,0,2,0,128,0,0,0,0
14,8,32,84,22,2,8,9,115,184,0
1196,8,255,255,255,255,255,255,255,255,1
263,8,0,0,0,0,0,0,0,0,0
403,8,0,8,8,3,232,8,0,0,0
526,8,78,32,3,161,176,191,207,255,0
1314,8,223,127,208,0,122,208,0,28,0
870,8,128,29,200,2,1,71,206,56,0
1408,8,0,0,0,7,77,7,248,208,0
1076,8,3,42,0,174,159,204,129,208,0
1760,8,2,240,2,236,2,236,2,236,0
293,8,144,0,64,223,64,191,107,96,0
961,8,123,85,31,188,180,47,233,46,0
186,8,6,152,42,68,16,0,6,140,0
1176,8,132,0,32,0,144,128,216,72,0
560,8,245,0,0,2,212,0,20,0,0
737,8,0,0,0,0,0,0,0,4,0
852,8,32,18,0,0,0,1,79,0,0
1505,8,137,49,128,7,10,0,184,128,0
354,8,36,72,1,228,64,18,31,201,0
167,8,0,81,12,165,49,45,128,160,0
1175,8,0,0,0,0,0,0,0,0,0
783,8,255,255,255,255,255,255,255,255,1
339,8,0,0,0,0,0,12,0,10,0
661,8,0,0,0,0,0,0,24,64,0
14,8,32,84,22,2,8,9,115,190,0
1634,8,76,64,0,0,64,0,0,0,0
412,8,28,168,32,7,66,0,40,48,0
208,8,114,79,4,98,139,3,96,0,0
51,8,18,38,225,33,175,129,39,208,0
628,8,88,242,46,238,80,124,173,219,0
1760,8,2,244,2,236,2,236,2,236,0
192,8,96,0,0,0,0,0,0,0,0
738,8,24,8,13,64,64,0,1,24,0
1004,8,255,255,255,255,255,255,255,255,1
837,8,5,2,2,194,60,119,64,129,0
1072,8,0,64,68,140,96,128,17,160,0
304,8,0,1,96,0,0,0,0,0,0
778,8,64,45,112,1,212,14,50,0,0
1694,8,4,64,4,125,31,192,21,66,0
293,8,144,0,64,223,64,191,77,96,0
452,8,0,2,2,0,2,64,0,0,0
676,8,54,220,0,28,4,8,152,208,0
813,8,128,0,4,32,172,1,0,32,0
1277,8,17,74,10,84,99,14,74,8,0
852,8,32,17,192,0,0,1,192,0,0
1505,8,137,49,128,7,10,0,180,128,0
651,8,0,0,0,0,0,0,0,0,0
167,8,0,81,13,37,49,45,128,160,0
1644,8,0,128,16,0,24,0,0,32,0
722,8,0,0,80,0,0,0,0,0,0
1372,8,16,27,0,0,65,130,48,0,0
908,8,255,255,255,255,255,255,255,255,1
208,8,122,79,4,100,138,3,96,0,0
51,8,18,62,217,37,111,193,39,208,0
14,8,32,84,22,2,8,9,115,184,0
403,8,0,8,8,3,232,8,0,0,0
526,8,78,32,11,161,178,191,144,7,0
263,8,0,0,0,0,0,0,0,0,0
1314,8,223,127,208,0,122,88,0,28,0
870,8,128,93,200,2,1,71,206,56,0
1408,8,0,0,0,7,61,135,248,224,0
1076,8,3,74,160,174,207,252,178,0,0
1760,8,2,236,2,235,2,236,2,236,0
1176,8,132,0,32,0,144,128,216,9,0
523,8,255,255,255,255,255,255,255,255,1
293,8,144,0,64,223,64,191,47,96,0
426,8,144,190,189,68,161,99,230,64,0
560,8,244,0,0,2,212,0,22,0,0
737,8,0,0,0,0,0,0,0,4,0
852,8,32,17,192,0,0,1,192,0,0
1505,8,137,49,128,7,10,0,172,128,0
354,8,36,72,1,228,64,18,31,201,0
167,8,0,81,17,165,49,45,128,160,0
961,8,123,85,31,188,243,112,105,46,0
244,8,154,12,1,2,4,177,2,64,0
1112,8,255,255,255,255,255,255,255,255,1
1255,8,0,0,0,20,3,109,0,0,0
339,8,0,0,0,0,0,12,0,10,0
14,8,32,84,22,2,8,9,115,158,0
1634,8,76,64,0,0,64,0,0,0,0
1668,8,76,212,129,89,65,95,144,30,0
1590,8,36,156,65,1,12,140,96,0,0
727,8,16,0,96,216,0,0,0,8,0
412,8,0,194,32,7,130,0,40,48,0
208,8,2,79,4,100,154,3,95,0,0
51,8,18,63,81,36,188,1,39,208,0
628,8,88,242,32,252,80,124,173,219,0
1760,8,2,236,2,236,2,236,2,237,0
192,8,96,0,0,0,0,0,0,0,0
705,8,1,242,175,199,203,158,127,130,0
1694,8,4,64,4,125,31,192,21,66,0
293,8,144,0,64,223,64,191,17,96,0
996,8,0,212,0,0,132,0,0,0,0
1628,8,64,8,18,165,154,48,0,0,0
1399,8,0,0,8,0,0,0,1,72,0
1242,8,255,255,255,255,255,255,255,255,1
852,8,32,18,0,0,0,1,176,128,0
1505,8,137,49,160,7,10,0,164,128,0
651,8,0,0,0,0,0,0,0,0,0
167,8,0,81,17,165,49,45,128,160,0
1031,8,56,142,95,240,0,1,150,96,0
661,8,0,0,0,0,0,0,24,64,0
1244,8,255,255,255,255,255,255,255,255,1
14,8,32,84,22,2,8,9,115,152,0
208,8,10,79,4,100,153,3,95,0,0
51,8,18,63,73,36,188,65,39,208,0
622,8,1,6,64,130,137,18,10,4,0
403,8,0,8,8,3,232,8,0,0,0
263,8,0,0,0,0,0,0,0,0,0
526,8,78,32,7,161,176,191,175,255,0
1314,8,223,127,208,0,121,224,0,28,0
870,8,127,221,200,2,1,71,206,56,0
1408,8,0,0,0,7,62,7,248,208,0
1076,8,3,106,160,174,240,28,226,32,0
1760,8,2,244,2,237,2,240,2,239,0
293,8,144,0,64,223,64,190,243,96,0
186,8,6,152,42,68,16,0,6,140,0
60,8,0,0,4,0,50,0,0,0,0
1176,8,132,0,32,0,141,128,216,138,0
1124,8,0,2,64,0,0,144,26,84,0
692,8,20,234,7,0,0,0,88,0,0
519,8,4,4,96,72,42,222,213,24,0
70,8,255,255,255,255,255,255,255,255,1
737,8,0,0,0,0,0,0,0,4,0
852,8,32,18,0,0,0,1,161,128,0
1505,8,137,49,160,7,10,0,164,128,0
354,8,36,72,1,228,62,18,30,201,0
167,8,0,81,18,165,49,45,128,160,0
1225,8,1,249,21,130,13,2,246,75,0
470,8,2,15,130,128,48,36,5,128,0
560,8,243,0,0,2,212,0,24,0,0
339,8,0,0,0,0,0,12,0,10,0
1634,8,76,64,0,0,64,0,0,0,0
14,8,32,84,22,2,8,9,115,158,0
412,8,4,192,32,7,66,0,40,48,0
1241,8,255,255,255,255,255,255,255,255,1
208,8,18,78,4,102,150,3,97,0,0
51,8,18,47,65,31,92,129,39,208,0
628,8,88,242,34,250,80,124,173,219,0
1760,8,2,240,2,233,2,242,2,239,0
192,8,96,0,0,0,0,0,0,0,0
961,8,123,85,31,187,116,49,41,46,0
1694,8,4,64,4,125,31,192,21,66,0
293,8,144,0,64,223,64,190,213,96,0
852,8,32,18,0,0,0,1,161,128,0
1505,8,137,49,160,7,10,0,164,128,0
728,8,255,255,255,255,255,255,255,255,1
651,8,0,0,0,0,0,0,0,0,0
167,8,0,81,16,165,49,45,128,160,0
61,8,0,1,127,0,0,0,0,0,0
208,8,26,78,4,102,149,3,97,0,0
51,8,18,47,57,36,108,193,39,208,0
695,8,0,32,40,64,0,0,128,64,0
14,8,32,84,22,2,8,9,115,164,0
403,8,0,8,8,3,232,8,0,0,0
263,8,0,0,0,0,0,0,0,0,0
1422,8,255,255,255,255,255,255,255,255,1
526,8,78,32,3,161,178,191,239,255,0
1314,8,223,127,208,0,121,104,0,28,0
870,8,128,29,200,2,1,71,206,56,0
1408,8,0,0,0,7,54,135,248,208,0
1076,8,3,128,0,175,32,77,18,80,0
1760,8,2,238,2,235,2,237,2,240,0
293,8,144,0,64,223,64,190,183,96,0
1176,8,132,0,32,0,138,128,217,11,0
813,8,128,0,4,32,172,1,0,32,0
1277,8,17,68,10,84,91,13,74,8,0
560,8,242,0,0,2,212,0,26,0,0
737,8,0,0,0,0,0,0,0,4,0
852,8,32,18,0,0,0,1,154,0,0
1505,8,137,49,128,7,10,0,168,128,0
354,8,36,72,1,228,62,18,30,201,0
167,8,0,81,12,165,49,45,128,160,0
291,8,255,255,255,255,255,255,255,255,1
339,8,0,0,0,0,0,12,0,10,0
661,8,0,0,0,0,0,0,24,64,0
14,8,32,84,22,2,8,9,115,184,0
1413,8,0,64,0,0,0,2,0,24,0
1634,8,76,64,0,0,64,0,0,0,0
412,8,8,188,32,7,66,0,40,48,0
208,8,34,78,4,96,146,3,99,0,0
51,8,18,31,49,36,109,1,39,208,0
628,8,88,242,36,248,80,124,173,219,0
1760,8,2,240,2,234,2,237,2,239,0
222,8,255,255,255,255,255,255,255,255,1
192,8,96,0,0,0,0,0,0,0,0
1694,8,4,64,4,125,31,192,21,98,0
293,8,144,0,64,223,64,190,153,96,0
852,8,32,18,0,0,0,1,154,0,0
1505,8,137,49,128,7,10,0,172,128,0
651,8,0,0,0,0,0,0,0,0,0
167,8,0,81,13,37,49,45,128,160,0
458,8,63,249,255,128,0,0,12,48,0
1155,8,255,255,255,255,255,255,255,255,1
961,8,123,85,31,186,244,49,169,46,0
208,8,42,78,4,96,145,3,99,0,0
14,8,32,84,22,2,8,9,115,202,0
51,8,18,31,41,29,189,65,39,208,0
1399,8,0,0,8,0,0,0,1,72,0
1459,8,4,0,0,0,0,0,4,0,0
403,8,0,8,8,3,232,8,0,0,0
263,8,0,0,0,0,0,0,0,0,0
526,8,78,32,3,161,178,63,239,247,0
1314,8,223,127,208,0,120,240,0,28,0
870,8,128,29,200,2,1,71,206,56,0
1275,8,255,255,255,255,255,255,255,255,1
1408,8,0,0,0,7,47,7,248,208,0
1076,8,3,162,160,175,80,125,66,128,0
1760,8,2,238,2,233,2,239,2,237,0
293,8,144,0,64,223,64,190,123,96,0
186,8,6,152,42,68,16,0,6,140,0
1176,8,132,0,32,0,138,128,216,204,0
560,8,241,0,0,2,212,0,28,0,0
737,8,0,0,0,0,0,0,0,4,0
852,8,32,18,0,0,0,1,139,0,0
1505,8,137,49,128,7,10,0,172,128,0
354,8,36,72,1,228,62,18,30,201,0
167,8,0,81,11,165,49,45,128,160,0
675,8,16,0,2,132,116,128,60,8,0
4,8,255,255,255,255,255,255,255,255,1
339,8,0,0,0,0,0,12,0,10,0
1634,8,76,64,0,0,64,0,0,0,0
14,8,32,84,22,2,8,9,115,202,0
412,8,12,184,32,7,66,0,40,48,0
208,8,50,78,4,96,145,3,98,0,0
51,8,18,31,33,36,189,129,39,208,0
628,8,88,242,38,246,80,124,173,219,0
1760,8,2,240,2,239,2,239,2,237,0
192,8,96,0,0,0,0,0,0,0,0
1694,8,4,64,4,125,31,192,21,98,0
1771,8,255,255,255,255,255,255,255,255,1
293,8,144,0,64,223,64,190,93,96,0
852,8,32,18,0,0,0,1,124,0,0
1505,8,137,49,128,7,10,0,168,128,0
651,8,0,0,0,0,0,0,0,0,0
1788,8,0,0,7,60,146,186,160,0,0
167,8,0,81,14,37,49,45,128,160,0
569,8,0,0,0,90,192,0,58,64,0
197,8,255,255,255,255,255,255,255,255,1
661,8,0,0,0,0,0,0,24,64,0
208,8,58,78,4,98,144,3,98,0,0
51,8,18,39,25,36,189,193,39,208,0
14,8,32,84,22,2,8,9,115,184,0
215,8,0,0,2,0,128,0,0,0,0
403,8,0,8,8,3,232,8,0,0,0
263,8,0,0,0,0,0,0,0,0,0
526,8,78,32,3,161,178,63,239,255,0
1314,8,223,127,208,0,120,120,0,28,0
870,8,128,29,200,2,1,71,206,56,0
1408,8,0,0,0,7,39,135,248,208,0
1076,8,3,202,160,175,112,173,98,176,0
1760,8,2,244,2,239,2,238,2,237,0
1176,8,132,0,32,0,138,128,216,141,0
293,8,144,0,64,223,64,190,63,96,0
961,8,123,85,31,186,243,114,105,46,0
1251,8,255,255,255,255,255,255,255,255,1
560,8,240,0,0,2,212,0,30,0,0
737,8,0,0,0,0,0,0,0,4,0
852,8,32,18,0,0,0,1,124,0,0
1505,8,137,49,128,7,10,0,168,128,0
354,8,36,72,1,228,62,18,30,201,0
167,8,0,81,17,165,49,45,128,160,0
1175,8,0,0,0,0,0,0,0,0,0
796,8,255,255,255,255,255,255,255,255,1
339,8,0,0,0,0,0,12,0,10,0
1634,8,76,64,0,0,64,0,0,0,0
14,8,32,84,22,2,8,9,115,184,0
412,8,16,180,32,7,66,0,40,48,0
208,8,66,78,4,98,144,3,97,0,0
51,8,18,39,17,33,94,1,39,208,0
628,8,88,242,40,244,80,124,173,219,0
1760,8,2,238,2,236,2,239,2,238,0
192,8,96,0,0,0,0,0,0,0,0
738,8,24,8,13,64,64,0,1,24,0
837,8,5,2,2,194,60,119,64,129,0
1072,8,0,64,68,140,96,128,17,160,0
304,8,0,1,96,0,0,0,0,0,0
813,8,128,0,4,32,172,1,0,32,0
1227,8,128,0,0,0,0,0,0,0,0
1694,8,4,64,4,125,31,192,21,98,0
293,8,144,0,64,223,64,160,1,96,0
640,8,24,224,2,112,0,0,0,0,0
1277,8,17,68,10,83,91,13,74,8,0
1427,8,255,255,255,255,255,255,255,255,1
852,8,32,18,0,0,0,1,116,128,0
1505,8,137,49,128,7,10,0,164,128,0
651,8,0,0,0,0,0,0,0,0,0
167,8,0,81,16,37,49,45,128,160,0
1644,8,0,128,16,0,32,0,0,32,0
722,8,0,0,8,0,0,0,0,0,0
208,8,74,78,4,100,143,3,97,0,0
161,8,255,255,255,255,255,255,255,255,1
14,8,32,84,22,2,8,9,115,184,0
51,8,18,31,9,32,174,65,39,208,0
403,8,0,8,8,3,232,8,0,0,0
263,8,0,0,0,0,0,0,0,0,0
526,8,78,32,3,161,179,63,239,255,0
1314,8,223,127,208,0,127,128,0,28,0
870,8,128,93,200,2,1,71,206,56,0
1408,8,0,0,0,7,160,7,248,192,0
1076,8,3,226,32,175,160,221,146,240,0
1760,8,2,242,2,236,2,242,2,241,0
186,8,6,152,44,4,16,0,6,140,0
293,8,144,0,64,223,64,191,227,96,0
1176,8,132,0,32,0,134,128,217,78,0
6,8,8,0,0,100,0,0,0,0,0
560,8,255,0,0,2,212,0,0,0,0
1381,8,255,255,255,255,255,255,255,255,1
737,8,0,0,0,0,0,0,0,4,0
852,8,32,18,0,0,0,1,101,128,0
1505,8,137,49,128,7,10,0,168,128,0
354,8,36,72,1,228,62,18,30,201,0
167,8,0,81,17,37,49,45,128,160,0
961,8,123,85,31,187,50,178,233,46,0
244,8,154,12,1,2,4,177,2,64,0
1255,8,0,0,0,20,3,109,0,0,0
339,8,0,0,0,0,0,12,0,10,0
14,8,32,84,22,2,8,9,115,196,0
1178,8,255,255,255,255,255,255,255,255,1
661,8,0,0,0,0,0,0,24,64,0
1634,8,76,64,0,0,64,0,0,0,0
1668,8,76,212,127,153,65,95,144,30,0
1590,8,36,156,65,129,12,12,112,0,0
727,8,16,0,96,216,0,0,0,8,0
412,8,20,176,32,7,66,0,40,48,0
208,8,82,78,4,100,139,3,100,0,0
51,8,18,31,1,32,174,129,39,208,0
628,8,88,242,42,242,80,124,173,219,0
1760,8,2,239,2,235,2,241,2,242,0
1694,8,4,64,4,125,31,192,21,98,0
293,8,144,0,64,223,64,191,197,96,0
192,8,96,0,0,0,0,0,0,0,0
996,8,0,212,0,0,132,0,0,0,0
1628,8,64,8,18,165,154,64,0,0,0
1399,8,0,0,8,0,0,0,1,72,0
852,8,32,18,0,0,0,1,101,128,0
1505,8,137,49,128,7,10,0,172,128,0
651,8,0,0,0,0,0,0,0,0,0
403,8,255,255,255,255,255,255,255,255,1
167,8,0,81,16,37,49,45,128,160,0
1031,8,56,144,95,240,0,1,150,96,0
117,8,15,50,0,15,174,30,224,0,0
705,8,1,244,15,199,202,158,87,152,0
622,8,1,6,64,130,137,18,10,4,0
208,8,90,78,4,100,138,3,100,0,0
51,8,18,30,249,37,206,193,39,208,0
14,8,32,84,22,2,8,9,115,196,0
403,8,0,8,8,3,232,8,0,0,0
263,8,0,0,0,0,0,0,0,0,0
1455,8,32,192,0,0,0,32,8,0,0
